participant_id	lesion_volume	1_R1	2_R2	3_R3	4_R4	5_R5	6_R6	7_R7	8_R8	9_R9	10_R10	11_R11	12_R12	13_R13	14_R14	15_R15	16_R16	17_R17	18_R18	19_R19	20_R20	21_R21	22_R22	23_R23	24_R24	25_R25	26_R26	27_R27	28_R28	29_R29	30_R30	31_R31	32_R32	33_R33	34_R34	35_R35	36_R36	37_R37	38_R38	39_R39	40_R40	41_R41	42_R42	43_R43	44_R44	45_R45	46_R46	47_R47	48_R48	49_R49	50_R50	51_R51	52_R52	53_R53	54_R54	55_R55	56_R56	57_R57	58_R58	59_R59	60_R60	61_R61	62_R62	63_R63	64_R64	65_R65	66_R66	67_R67	68_R68	69_R69	70_R70	71_R71	72_R72	73_R73	74_R74	75_R75	76_R76	77_R77	78_R78	79_R79	80_R80	81_R81	82_R82	83_R83	84_R84	85_R85	86_R86	87_R87	88_R88	89_R89	90_R90	91_R91	92_R92	93_R93	94_R94	95_R95	96_R96	97_R97	98_R98	99_R99	100_R100	101_R101	102_R102	103_R103	104_R104	105_R105	106_R106	107_R107	108_R108	109_R109	110_R110	111_R111	112_R112	113_R113	114_R114	115_R115	116_R116	117_R117	118_R118	119_R119	120_R120	121_R121	122_R122	123_R123	124_R124	125_R125	126_R126	127_R127	128_R128	129_R129	130_R130	131_R131	132_R132	133_R133	134_R134	135_R135	136_R136	137_R137	138_R138	139_R139	140_R140	141_R141	142_R142	143_R143	144_R144	145_R145	146_R146	147_R147	148_R148	149_R149	150_R150	151_R151	152_R152	153_R153	154_R154	155_R155	156_R156	157_R157	158_R158	159_R159	160_R160	161_R161	162_R162	163_R163	164_R164	165_R165	166_R166	167_R167	168_R168	169_R169	170_R170	171_R171	172_R172	173_R173	174_R174	175_R175	176_R176	177_R177	178_R178	179_R179	180_R180	181_R181	182_R182	183_R183	184_R184	185_R185	186_R186	187_R187	188_R188	189_R189	190_R190	191_R191	192_R192	193_R193	194_R194	195_R195	196_R196	197_R197	198_R198	199_R199	200_R200	201_R201	202_R202	203_R203	204_R204	205_R205	206_R206	207_R207	208_R208	209_R209	210_R210	211_R211	212_R212	213_R213	214_R214	215_R215	216_R216	217_R217	218_R218	219_R219	220_R220	221_R221	222_R222	223_R223	224_R224	225_R225	226_R226	227_R227	228_R228	229_R229	230_R230	231_R231	232_R232	233_R233	234_R234	235_R235	236_R236	237_R237	238_R238	239_R239	240_R240	241_R241	242_R242	243_R243	244_R244	245_R245	246_R246	247_R247	248_R248	249_R249	250_R250	251_R251	252_R252	253_R253	254_R254	255_R255	256_R256	257_R257	258_R258	259_R259	260_R260	261_R261	262_R262	263_R263	264_R264	265_R265	266_R266	267_R267	268_R268	269_R269	270_R270	271_R271	272_R272	273_R273	274_R274	275_R275	276_R276	277_R277	278_R278	279_R279	280_R280	281_R281	282_R282	283_R283	284_R284	285_R285	286_R286	287_R287	288_R288	289_R289	290_R290	291_R291	292_R292	293_R293	294_R294	295_R295	296_R296	297_R297	298_R298	299_R299	300_R300	301_R301	302_R302	303_R303	304_R304	305_R305	306_R306	307_R307	308_R308	309_R309	310_R310	311_R311	312_R312	313_R313	314_R314	315_R315	316_R316	317_R317	318_R318	319_R319	320_R320	321_R321	322_R322	323_R323	324_R324	325_R325	326_R326	327_R327	328_R328	329_R329	330_R330	331_R331	332_R332	333_R333	334_R334	335_R335	336_R336	337_R337	338_R338	339_R339	340_R340	341_R341	342_R342	343_R343	344_R344	345_R345	346_R346	347_R347	348_R348	349_R349	350_R350	351_R351	352_R352	353_R353	354_R354	355_R355	356_R356	357_R357	358_R358	359_R359	360_R360	361_R361	362_R362	363_R363	364_R364	365_R365	366_R366	367_R367	368_R368	369_R369	370_R370	371_R371	372_R372	373_R373	374_R374	375_R375	376_R376	377_R377	378_R378	379_R379	380_R380	381_R381	382_R382	383_R383	384_R384	age_at_stroke	wab_aq
sub-M2001	201832	0.0	0.0	0.0	0.0	0.0	0.0	0.0	0.0	0.0	0.0	0.20334645669291337	0.0	0.11648995535714286	0.0	0.03804347826086957	0.0	0.19130824372759855	0.0	0.0	0.0	0.002635046113306983	0.0	0.007142857142857143	0.0	0.0017535070140280561	0.0	0.01683673469387755	0.0	0.0	0.0	0.36066308243727596	0.0	0.022595034910783553	0.0	0.0	0.0	0.0	0.0	0.0	0.0	0.0	0.0	0.0	0.0	0.0	0.0	0.0	0.0	0.0	0.0	0.8075	0.0	0.15431596091205213	0.0	0.06902985074626866	0.0	0.5380665722379604	0.0	0.5924657534246576	0.0	0.0	0.0	0.8223007712082262	0.0	0.8390992167101827	0.0	0.6300872093023255	0.0	0.42939121756487025	0.0	0.8601804123711341	0.0	0.8612428842504743	0.0	0.9882950530035336	0.0	0.6987704918032787	0.0	0.1765873015873016	0.0	0.39278656126482214	0.0	0.4702669902912621	0.0	0.03045977011494253	0.0	0.9354838709677419	0.0	0.8029835390946503	0.0	0.825	0.0	0.7410436137071651	0.0	0.8317757009345794	0.0	0.905373831775701	0.0	0.8032178217821783	0.0	0.7539279112754159	0.0	0.713265306122449	0.0	0.705762987012987	0.0	0.8424479166666666	0.0	0.9212724935732648	0.0	0.8600525624178712	0.0	0.5711756373937678	0.0	0.23469387755102042	0.0	0.0	0.0	0.0	0.0	0.0	0.0	0.0	0.0	0.0	0.0	0.022715605749486653	0.0	0.0	0.0	0.01628256513026052	0.0	0.4453125	0.0	0.17722222222222223	0.0	0.8112623762376238	0.0	0.5365013774104683	0.0	0.0	0.0	0.0	0.0	0.004464285714285714	0.0	0.007832080200501253	0.0	0.0026652452025586353	0.0	0.323058583106267	0.0	0.3996627318718381	0.0	1.0	0.0	0.8578846153846154	0.0	0.8486363636363636	0.0	0.8011904761904762	0.0	0.9667207792207793	0.0	0.9217767295597484	0.0	0.5159254807692307	0.0	0.0	0.0	0.3163771712158809	0.0	0.4793322734499205	0.0	0.7926401869158879	0.0	0.8920534458509142	0.0	0.004120879120879121	0.0	0.0	0.0	0.012218045112781954	0.0	0.5236895161290323	0.0	0.0	0.0	0.0	0.0	0.0	0.0	0.0	0.0	0.4181985294117647	0.0	0.002066115702479339	0.0	0.024253731343283583	0.0	0.0	0.0	0.0	0.0	0.0	0.0	0.0	0.0	0.0	0.0	0.0	0.0	0.0	0.0	0.0	0.0	0.0	0.0	0.0	0.0	0.0	0.0	0.0	0.0	0.0	0.0	0.0	0.0	0.0	0.0	0.0	0.0	0.06891025641025642	0.0	0.0	0.0	0.012953367875647668	0.0	0.006809338521400778	0.0	0.0	0.0	0.0	0.0	0.0	0.0	0.0	0.0	0.0	0.0	0.0	0.0	0.0	0.0	0.0	0.0	0.0	0.0	0.10652173913043478	0.0	0.08673469387755102	0.0	0.030837004405286344	0.0	0.001756440281030445	0.0	0.0	0.0	0.0020161290322580645	0.0	0.0	0.0	0.0	0.0	0.0	0.0	0.0	0.0	0.0	0.0	0.0	0.0	0.0005330490405117271	0.0	0.0	0.0	0.0	0.0	0.15325077399380804	0.0	0.007352941176470588	0.0	0.0	0.0	0.0	0.0	0.0	0.0	0.15069444444444444	0.0	0.048314606741573035	0.0	0.0	0.0	0.10570987654320987	0.0	0.0	0.0	0.0198744769874477	0.0	0.0	0.0	0.0	0.0	0.0	0.0	0.011339092872570195	0.0	0.14244851258581237	0.0	0.0	0.0	0.00037993920972644377	0.0	0.0	0.0	0.0	0.0	0.09786821705426356	0.0	0.0	0.0	0.0	0.0	0.0	0.0	0.0	0.0	0.0	0.0	0.0	0.0	0.0	0.0	0.12735849056603774	0.0	0.0	0.0	0.0	0.0	0.0	0.0	0.0	0.0	0.0	0.0	0.0	0.0	0.05818965517241379	0.0	0.0	0.0	0.13828125	0.0	0.5543323863636364	0.0	0.0	0.0	0.0	0.0	0.0	0.0	0.0	0.0	0.0	0.0	0.0	0.0	0.0	0.0	0.0	0.0	0.0	0.0	38	87.1
sub-M2002	161289	0.0	0.0	0.0	0.0	0.0	0.0	0.0	0.0	0.0	0.0	0.001968503937007874	0.0	0.0009765625	0.0	0.00022644927536231884	0.0	0.0	0.0	0.001838235294117647	0.0	0.0	0.0	0.20267857142857143	0.0	0.4466432865731463	0.0	0.9270408163265306	0.0	0.021367521367521368	0.0	0.8757840501792115	0.0	0.8493987587276959	0.0	0.0	0.0	0.0	0.0	0.032673267326732675	0.0	0.7138888888888889	0.0	0.28276481149012567	0.0	0.14838129496402877	0.0	0.8111111111111111	0.0	0.0	0.0	0.755	0.0	0.0	0.0	0.0	0.0	0.07542492917847025	0.0	0.22945205479452055	0.0	0.0	0.0	0.32047986289631536	0.0	0.0	0.0	0.0	0.0	0.0	0.0	0.5889175257731959	0.0	0.0011859582542694497	0.0	0.1331713780918728	0.0	0.0	0.0	0.0	0.0	0.0	0.0	0.0	0.0	0.0	0.0	0.9946236559139785	0.0	0.9475308641975309	0.0	0.5720833333333334	0.0	0.0397196261682243	0.0	0.2780373831775701	0.0	0.0	0.0	0.0	0.0	0.0	0.0	0.0	0.0	0.0	0.0	0.0	0.0	0.004498714652956298	0.0	0.0	0.0	0.0	0.0	0.0	0.0	0.0	0.0	0.0	0.0	0.0	0.0	0.0	0.0	0.0	0.0	0.0	0.0	0.0	0.0	0.0	0.0	0.0	0.0	0.0	0.0	0.0	0.0	0.0	0.0	0.0	0.0	0.0	0.0	0.2544642857142857	0.0	0.974624060150376	0.0	1.0	0.0	1.0	0.0	0.9964165261382799	0.0	0.9872697724810401	0.0	0.9996153846153846	0.0	1.0	0.0	1.0	0.0	0.9151785714285714	0.0	0.6181865828092243	0.0	0.31189903846153844	0.0	0.973159509202454	0.0	0.793424317617866	0.0	0.0001987281399046105	0.0	0.010708722741433021	0.0	0.0	0.0	0.47561813186813184	0.0	0.01632462686567164	0.0	0.0	0.0	0.0	0.0	0.1125	0.0	0.10115262321144675	0.0	0.0	0.0	0.0	0.0	0.0	0.0	0.8622589531680441	0.0	1.0	0.0	0.5126306620209059	0.0	0.7092391304347826	0.0	0.04161931818181818	0.0	0.0	0.0	0.0	0.0	0.0	0.0	0.0	0.0	0.0	0.0	0.0	0.0	0.0	0.0	0.0	0.0	0.0	0.0	0.0	0.0	0.0	0.0	0.0	0.0	0.0	0.0	0.0	0.0	0.0	0.0	0.0	0.0	0.0	0.0	0.0	0.0	0.0	0.0	0.0	0.0	0.0	0.0	0.0	0.0	0.0	0.0	0.0	0.0	0.0	0.0	0.0	0.0	0.0	0.0	0.0	0.0	0.0	0.0	0.0	0.0	0.0	0.0	0.0	0.0	0.0	0.0	0.0	0.0	0.0	0.0	0.0	0.0	0.0	0.0	0.0	0.0	0.0	0.0	0.0	0.0	0.0	0.0	0.0	0.0	0.0	0.0	0.0	0.0	0.0	0.0	0.0	0.0	0.0	0.0	0.0	0.0	0.0	0.0	0.0	0.0	0.0	0.0	0.0	0.0	0.0	0.0	0.0	0.0	0.0	0.0	0.22624190064794816	0.0	0.0	0.0	0.0	0.0	0.0	0.0	0.0	0.0	0.0	0.0	0.0	0.0	0.007403751233958539	0.0	0.0	0.0	0.0	0.0	0.0	0.0	0.0	0.0	0.0	0.0	0.0	0.0	0.11910377358490566	0.0	0.24375	0.0	0.14166666666666666	0.0	0.14317507418397626	0.0	0.36079545454545453	0.0	0.4456214689265537	0.0	0.2069672131147541	0.0	0.4396551724137931	0.0	0.17234848484848486	0.0	0.8150390625	0.0	0.7974076704545454	0.0	0.0	0.0	0.42545871559633025	0.0	0.0	0.0	0.0	0.0	0.12956349206349208	0.0	0.0	0.0	0.0	0.0	0.0	0.0	0.0	0.0	55	72.6
sub-M2005	60278	0.0	0.0	0.0	0.0	0.0	0.0	0.0	0.0	0.0	0.0	0.0	0.0	0.0	0.0	0.0	0.0	0.0	0.0	0.0	0.0	0.0	0.0	0.0	0.0	0.0	0.0	0.0035714285714285713	0.0	0.0	0.0	0.11335125448028674	0.0	0.0003878975950349108	0.0	0.0	0.0	0.0	0.0	0.0	0.0	0.0	0.0	0.0	0.0	0.0	0.0	0.0	0.0	0.0	0.0	0.021	0.0	0.0	0.0	0.0	0.0	0.011154390934844192	0.0	0.004280821917808219	0.0	0.0	0.0	0.2814910025706941	0.0	0.1272845953002611	0.0	0.0037548449612403102	0.0	0.0007485029940119761	0.0	0.12048969072164949	0.0	0.06878557874762808	0.0	0.2252650176678445	0.0	0.0	0.0	0.0	0.0	0.0	0.0	0.0	0.0	0.0	0.0	0.03181003584229391	0.0	0.0051440329218107	0.0	0.02666666666666667	0.0	0.0	0.0	0.0	0.0	0.0	0.0	0.0	0.0	0.0	0.0	0.0	0.0	0.0	0.0	0.0	0.0	0.08997429305912596	0.0	0.0008212877792378449	0.0	0.029745042492917848	0.0	0.0	0.0	0.0	0.0	0.0	0.0	0.0	0.0	0.0	0.0	0.0	0.0	0.0	0.0	0.0	0.0	0.0	0.0	0.0	0.0	0.0	0.0	0.0	0.0	0.0	0.0	0.0	0.0	0.0	0.0	0.0	0.0	0.0018796992481203006	0.0	0.02638592750533049	0.0	0.1875	0.0	0.3016441821247892	0.0	0.4463705308775731	0.0	0.32846153846153847	0.0	0.49636363636363634	0.0	0.14761904761904762	0.0	0.5856331168831169	0.0	0.06092767295597484	0.0	0.21213942307692307	0.0	0.0	0.0	0.11662531017369727	0.0	0.10015898251192369	0.0	0.0	0.0	0.0	0.0	0.001717032967032967	0.0	0.0	0.0	0.0014097744360902255	0.0	0.0	0.0	0.0	0.0	0.0	0.0	0.0	0.0	0.0	0.0	0.0	0.0	0.0	0.0	0.0	0.0	0.0	0.0	0.0	0.0	0.0	0.0	0.0	0.0	0.0	0.0	0.0	0.0	0.0	0.0	0.0	0.0	0.0	0.0	0.0	0.0	0.0	0.0	0.0	0.0	0.0	0.0	0.0	0.0	0.0	0.0	0.0	0.0	0.0	0.0	0.012593283582089552	0.0	0.003562176165803109	0.0	0.0	0.0	0.0	0.0	0.0	0.0	0.0	0.0	0.0	0.0	0.0	0.0	0.0	0.0	0.0	0.0	0.0	0.0	0.0	0.0	0.0	0.0	0.0	0.0	0.0	0.0	0.0	0.0	0.0	0.0	0.0	0.0	0.0	0.0	0.0	0.0	0.0	0.0	0.0	0.0	0.0	0.0	0.0	0.0	0.0	0.0	0.0	0.0	0.0	0.0	0.0	0.0	0.0	0.0	0.0	0.0	0.0	0.0	0.0	0.0	0.0	0.0	0.0	0.0	0.0	0.0	0.0	0.0	0.0	0.0	0.0	0.0	0.0	0.0	0.0	0.0	0.0	0.0	0.0	0.0	0.006578947368421052	0.0	0.0	0.0	0.0	0.0	0.0	0.0	0.0	0.0	0.0	0.0	0.0	0.0	0.0	0.0	0.0	0.0	0.0	0.0	0.0	0.0	0.0	0.0	0.0	0.0	0.00589622641509434	0.0	0.0	0.0	0.0	0.0	0.0	0.0	0.003787878787878788	0.0	0.0	0.0	0.0	0.0	0.017241379310344827	0.0	0.2509469696969697	0.0	0.3685546875	0.0	0.7887073863636364	0.0	0.0	0.0	0.0022935779816513763	0.0	0.0	0.0	0.004310344827586207	0.0	0.22063492063492063	0.0	0.040625	0.0	0.05	0.0	0.0	0.0	0.0022644927536231885	0.0	31	54.8
sub-M2006	111404	0.0	0.0	0.0	0.0	0.0	0.0	0.0	0.0	0.0	0.0	0.09291338582677165	0.0	0.1220703125	0.0	0.13383152173913043	0.0	0.27419354838709675	0.0	0.0055147058823529415	0.0	0.09848484848484848	0.0	0.21339285714285713	0.0	0.001503006012024048	0.0	0.007653061224489796	0.0	0.00021367521367521368	0.0	0.05936379928315412	0.0	0.0	0.0	0.0	0.0	0.0	0.0	0.0	0.0	0.0	0.0	0.0	0.0	0.0	0.0	0.0	0.0	0.0	0.0	0.0025	0.0	0.255700325732899	0.0	0.0	0.0	0.07932011331444759	0.0	0.0	0.0	0.058712121212121215	0.0	0.06908740359897173	0.0	0.17526109660574413	0.0	0.485828488372093	0.0	0.40805888223552894	0.0	0.6140463917525774	0.0	0.9753320683111955	0.0	0.9854240282685512	0.0	0.9180327868852459	0.0	0.4226190476190476	0.0	0.724308300395257	0.0	0.3604368932038835	0.0	0.03218390804597701	0.0	0.8118279569892473	0.0	0.7808641975308642	0.0	0.7216666666666667	0.0	0.6947040498442367	0.0	0.7768691588785047	0.0	0.8271028037383178	0.0	0.37706270627062705	0.0	0.5187153419593346	0.0	0.03010204081632653	0.0	0.0	0.0	0.6022135416666666	0.0	0.9209511568123393	0.0	0.43840341655716164	0.0	0.25690509915014165	0.0	0.0	0.0	0.0	0.0	0.0	0.0	0.0	0.0	0.0	0.0	0.0	0.0	0.0	0.0	0.0	0.0	0.0	0.0	0.0	0.0	0.0	0.0	0.0	0.0	0.0	0.0	0.0	0.0	0.0	0.0	0.0	0.0	0.0	0.0	0.02478678038379531	0.0	0.09911444141689374	0.0	0.0	0.0	0.70761105092091	0.0	0.18076923076923077	0.0	0.3427272727272727	0.0	0.0	0.0	0.0	0.0	0.13508909853249476	0.0	0.022385817307692308	0.0	0.0	0.0	0.0	0.0	0.0	0.0	0.06814641744548286	0.0	0.18582981715893107	0.0	0.0	0.0	0.0	0.0	0.0	0.0	0.0	0.0	0.0	0.0	0.0	0.0	0.0	0.0	0.0	0.0	0.0	0.0	0.0	0.0	0.0	0.0	0.0	0.0	0.0	0.0	0.0	0.0	0.000984251968503937	0.0	0.0	0.0	0.005363036303630363	0.0	0.0	0.0	0.0	0.0	0.0	0.0	0.0	0.0	0.0673076923076923	0.0	0.0	0.0	0.011341698841698842	0.0	0.10978618421052631	0.0	0.19398148148148148	0.0	0.18410326086956522	0.0	0.12614468864468864	0.0	0.010261194029850746	0.0	0.0391839378238342	0.0	0.008268482490272374	0.0	0.0	0.0	0.06747787610619468	0.0	0.0	0.0	0.0	0.0	0.0	0.0	0.0	0.0	0.0	0.0	0.0	0.0	0.0058016877637130804	0.0	0.02690217391304348	0.0	0.007653061224489796	0.0	0.0	0.0	0.0	0.0	0.0	0.0	0.0	0.0	0.0	0.0	0.0	0.0	0.0	0.0	0.0	0.0	0.0	0.0	0.0	0.0	0.0	0.0	0.0	0.0	0.0	0.0	0.0	0.0	0.0	0.0	0.0	0.0	0.0	0.0	0.0	0.0	0.0	0.0	0.0	0.0	0.0	0.0	0.0	0.0	0.0	0.0	0.0	0.0	0.0	0.0	0.0	0.0	0.0	0.0	0.0	0.0	0.0	0.0	0.0	0.0	0.0	0.0	0.0	0.0	0.0	0.0	0.0	0.0	0.0	0.0	0.0	0.0	0.0	0.0	0.0	0.0	0.0	0.0	0.0	0.0	0.0	0.0	0.0	0.0	0.06875	0.0	0.03333333333333333	0.0	0.0	0.0	0.14772727272727273	0.0	0.02577683615819209	0.0	0.035860655737704916	0.0	0.08189655172413793	0.0	0.0	0.0	0.0044921875	0.0	0.020951704545454544	0.0	0.0	0.0	0.0	0.0	0.0	0.0	0.0	0.0	0.0	0.0	0.0	0.0	0.0	0.0	0.0	0.0	0.0	0.0	46	85.8
sub-M2007	308748	0.0	0.0	0.0	0.0	0.0	0.0	0.0032771535580524347	0.0	0.4129948914431673	0.0	0.11043307086614174	0.0	0.047572544642857144	0.0	0.024682971014492752	0.0	0.2421594982078853	0.0	0.9866727941176471	0.0	0.3977272727272727	0.0	0.7482142857142857	0.0	0.3875250501002004	0.0	0.9877551020408163	0.0	1.0	0.0	1.0	0.0	1.0	0.0	0.05285035629453682	0.0	0.04047619047619048	0.0	0.8138613861386138	0.0	1.0	0.0	0.7223967684021544	0.0	0.9312050359712231	0.0	1.0	0.0	0.0005319148936170213	0.0	1.0	0.0	0.373371335504886	0.0	0.0	0.0	0.8480878186968839	0.0	1.0	0.0	0.12215909090909091	0.0	0.9985004284490145	0.0	0.9928198433420365	0.0	0.6746608527131783	0.0	0.14471057884231536	0.0	1.0	0.0	0.9411764705882353	0.0	0.9867491166077739	0.0	0.08196721311475409	0.0	0.1832010582010582	0.0	0.4026679841897233	0.0	0.07584951456310679	0.0	0.0066091954022988505	0.0	1.0	0.0	1.0	0.0	1.0	0.0	0.9910436137071651	0.0	0.9742990654205608	0.0	1.0	0.0	0.2706270627062706	0.0	0.2712569316081331	0.0	0.01020408163265306	0.0	0.012581168831168832	0.0	0.4244791666666667	0.0	0.8823907455012854	0.0	0.3459264126149803	0.0	0.25902974504249293	0.0	0.0	0.0	0.0	0.0	0.0	0.0	0.0	0.0	0.0	0.0	0.0	0.0	0.0	0.0	0.0	0.0	0.0	0.0	0.0	0.0	0.0	0.0	0.003094059405940594	0.0	0.0	0.0	0.0	0.0	0.0	0.0	0.6240079365079365	0.0	1.0	0.0	1.0	0.0	1.0	0.0	1.0	0.0	1.0	0.0	1.0	0.0	1.0	0.0	1.0	0.0	1.0	0.0	0.9996069182389937	0.0	0.8563701923076923	0.0	0.8301380368098159	0.0	0.6625310173697271	0.0	0.2748410174880763	0.0	0.12032710280373832	0.0	0.1849507735583685	0.0	0.15178571428571427	0.0	0.0	0.0	0.10667293233082707	0.0	0.008820564516129033	0.0	0.02943548387096774	0.0	0.0	0.0	0.0	0.0	0.0	0.0	0.0	0.0	0.971763085399449	0.0	0.9987562189054726	0.0	0.14706736353077818	0.0	0.328804347826087	0.0	0.11434659090909091	0.0	0.0	0.0	0.0	0.0	0.0	0.0	0.0	0.0	0.0	0.0	0.0	0.0	0.0025614754098360654	0.0	0.0	0.0	0.0	0.0	0.0	0.0	0.0	0.0	0.0032407407407407406	0.0	0.04008152173913043	0.0	0.05563186813186813	0.0	0.05037313432835821	0.0	0.16547927461139897	0.0	0.003404669260700389	0.0	0.0	0.0	0.0	0.0	0.0	0.0	0.0	0.0	0.0	0.0	0.0	0.0	0.0	0.0	0.0	0.0	0.060126582278481014	0.0	0.0	0.0	0.0	0.0	0.0	0.0	0.0	0.0	0.0	0.0	0.034722222222222224	0.0	0.014405204460966542	0.0	0.0	0.0	0.0	0.0	0.0	0.0	0.0	0.0	0.0	0.0	0.0	0.0	0.0	0.0	0.0	0.0	0.0	0.0	0.0	0.0	0.0	0.0	0.0	0.0	0.0	0.0	0.0	0.0	0.0	0.0	0.0	0.0	0.0	0.0	0.0	0.0	0.0	0.0	0.0	0.0	0.0	0.0	0.0	0.0	0.8196544276457883	0.0	0.08466819221967964	0.0	0.45725108225108224	0.0	0.022036474164133738	0.0	0.0	0.0	0.007722007722007722	0.0	0.0	0.0	0.1580700888450148	0.0	0.0	0.0	0.0	0.0	0.0	0.0	0.0	0.0	0.0	0.0	0.0	0.0	0.9033018867924528	0.0	0.0	0.0	0.0	0.0	0.12833827893175073	0.0	0.013257575757575758	0.0	0.009533898305084746	0.0	0.020491803278688523	0.0	0.06896551724137931	0.0	0.9744318181818182	0.0	0.9466796875	0.0	0.9927201704545454	0.0	0.0	0.0	0.01548165137614679	0.0	0.0	0.0	0.0	0.0	0.24345238095238095	0.0	0.00625	0.0	0.0	0.0	0.0	0.0	0.0004528985507246377	0.0	52	26.1
sub-M2009	69024	0.0	0.0	0.0	0.0	0.0	0.0	0.0	0.0	0.0	0.0	0.00531496062992126	0.0	0.002232142857142857	0.0	0.04076086956521739	0.0	0.30667562724014336	0.0	0.22472426470588236	0.0	0.04331357048748353	0.0	0.09910714285714285	0.0	0.2655310621242485	0.0	0.7020408163265306	0.0	0.14252136752136751	0.0	0.7124775985663082	0.0	0.07534910783553142	0.0	0.0	0.0	0.0	0.0	0.0	0.0	0.0	0.0	0.0	0.0	0.0	0.0	0.0	0.0	0.0	0.0	0.8085	0.0	0.34364820846905536	0.0	0.0	0.0	0.6635977337110481	0.0	0.3741438356164384	0.0	0.06723484848484848	0.0	0.21293916023993145	0.0	0.08942558746736293	0.0	0.04469476744186047	0.0	0.033557884231536925	0.0	0.0006443298969072165	0.0	0.028462998102466792	0.0	0.10534452296819788	0.0	0.12704918032786885	0.0	0.0	0.0	0.0	0.0	0.11286407766990292	0.0	0.0	0.0	0.002240143369175627	0.0	0.0	0.0	0.0	0.0	0.0	0.0	0.02102803738317757	0.0	0.02453271028037383	0.0	0.0008250825082508251	0.0	0.024722735674676526	0.0	0.0	0.0	0.0	0.0	0.09309895833333333	0.0	0.1153598971722365	0.0	0.04188567674113009	0.0	0.1703257790368272	0.0	0.0	0.0	0.0	0.0	0.0	0.0	0.0	0.0	0.0	0.0	0.0	0.0	0.0	0.0	0.0	0.0	0.0	0.0	0.0	0.0	0.0	0.0	0.0	0.0	0.0	0.0	0.0	0.0	0.0	0.0	0.0	0.0	0.0	0.0	0.0021321961620469083	0.0	0.2239441416893733	0.0	0.01496627318718381	0.0	0.0710996749729144	0.0	0.614423076923077	0.0	0.33204545454545453	0.0	0.4523809523809524	0.0	0.010146103896103896	0.0	0.0002620545073375262	0.0	0.0021033653846153845	0.0	0.0	0.0	0.0	0.0	0.0	0.0	0.0003894080996884735	0.0	0.005274261603375527	0.0	0.0	0.0	0.0	0.0	0.0	0.0	0.0	0.0	0.0	0.0	0.0	0.0	0.0	0.0	0.0	0.0	0.0	0.0	0.0	0.0	0.0	0.0	0.0	0.0	0.0	0.0	0.0	0.0	0.0	0.0	0.0	0.0	0.0	0.0	0.0	0.0	0.0	0.0	0.0	0.0	0.0	0.0	0.0	0.0	0.0004664179104477612	0.0	0.0074806949806949805	0.0	0.0	0.0	0.011111111111111112	0.0	0.0016983695652173913	0.0	0.0	0.0	0.0	0.0	0.0019430051813471502	0.0	0.00048638132295719845	0.0	0.0	0.0	0.0	0.0	0.0	0.0	0.0	0.0	0.0	0.0	0.0	0.0	0.0	0.0	0.0	0.0	0.0	0.0	0.0	0.0	0.0	0.0	0.0	0.0	0.03629976580796253	0.0	0.0	0.0	0.0006720430107526882	0.0	0.0	0.0	0.0	0.0	0.0	0.0	0.0	0.0	0.0	0.0	0.0	0.0	0.0	0.0	0.013461538461538462	0.0	0.0	0.0	0.0	0.0	0.0	0.0	0.0	0.0	0.0	0.0	0.0	0.0	0.0	0.0	0.0	0.0	0.0	0.0	0.0	0.0	0.0	0.0	0.0	0.0	0.0	0.0	0.0	0.0	0.0	0.0	0.0	0.0	0.0	0.0	0.0	0.0	0.0	0.0	0.0	0.0	0.0	0.0	0.0	0.0	0.0	0.0	0.0	0.0	0.0	0.0	0.0	0.0	0.0	0.0	0.0	0.0	0.0	0.0	0.0	0.0	0.0	0.0	0.0	0.0	0.0	0.0	0.0	0.0	0.0	0.0	0.0	0.0	0.0	0.0	0.002840909090909091	0.0	0.0537109375	0.0	0.06587357954545454	0.0	0.0	0.0	0.0	0.0	0.0	0.0	0.0	0.0	0.0	0.0	0.0	0.0	0.0	0.0	0.0	0.0	0.0	0.0	55	21.3
sub-M2011	82753	0.0	0.0	0.0	0.0	0.0	0.0	0.0	0.0	0.0	0.0	0.0	0.0	0.0	0.0	0.0	0.0	0.0	0.0	0.0	0.0	0.0	0.0	0.0	0.0	0.0	0.0	0.0	0.0	0.0	0.0	0.0	0.0	0.0	0.0	0.0	0.0	0.0	0.0	0.0	0.0	0.0	0.0	0.0	0.0	0.0	0.0	0.0	0.0	0.0	0.0	0.0	0.0	0.0	0.0	0.0	0.0	0.0	0.0	0.0	0.0	0.0	0.0	0.028384747215081406	0.0	0.0	0.0	0.0	0.0	0.0	0.0	0.3853092783505155	0.0	0.016603415559772294	0.0	0.32773851590106007	0.0	0.0	0.0	0.0	0.0	0.0	0.0	0.0	0.0	0.0	0.0	0.6550179211469535	0.0	0.5411522633744856	0.0	0.75625	0.0	0.6740654205607477	0.0	0.8773364485981309	0.0	0.308411214953271	0.0	0.8358085808580858	0.0	0.25346580406654345	0.0	0.27040816326530615	0.0	0.7467532467532467	0.0	0.20703125	0.0	0.3380462724935733	0.0	0.1266425755584757	0.0	0.1053470254957507	0.0	0.42857142857142855	0.0	0.0	0.0	0.0	0.0	0.0	0.0	0.0	0.0	0.0005154639175257732	0.0	0.07109856262833676	0.0	0.13519021739130435	0.0	0.11998997995991983	0.0	0.19153225806451613	0.0	0.24888888888888888	0.0	0.7252475247524752	0.0	0.10296143250688705	0.0	0.6438848920863309	0.0	0.21040575916230367	0.0	0.0	0.0	0.0	0.0	0.0	0.0	0.0	0.0	0.026770657672849914	0.0	0.3836673889490791	0.0	0.0	0.0	0.005	0.0	0.0	0.0	0.1010551948051948	0.0	0.7763364779874213	0.0	0.4547776442307692	0.0	0.0	0.0	0.0	0.0	0.4407790143084261	0.0	0.9521028037383178	0.0	0.9542897327707455	0.0	0.0	0.0	0.14505597014925373	0.0	0.2640977443609023	0.0	0.913054435483871	0.0	0.0	0.0	0.0	0.0	0.3753822629969419	0.0	0.5966463414634147	0.0	0.6544117647058824	0.0	0.0	0.0	0.0	0.0	0.0	0.0	0.0	0.0	0.0	0.0	0.0	0.0	0.0	0.0	0.0	0.0	0.0	0.0	0.0	0.0	0.0	0.0	0.0	0.0	0.0	0.0	0.0	0.0	0.0	0.0	0.0	0.0	0.0	0.0	0.0	0.0	0.0	0.0	0.0	0.0	0.0	0.0	0.0	0.0	0.0	0.0	0.0	0.0	0.0	0.0	0.0	0.0	0.0	0.0	0.0	0.0	0.0	0.0	0.0	0.0	0.0	0.0	0.0	0.0	0.0	0.0	0.0	0.0	0.0026346604215456673	0.0	0.0	0.0	0.0	0.0	0.0	0.0	0.0	0.0	0.0	0.0	0.008647798742138365	0.0	0.0011160714285714285	0.0	0.0	0.0	0.002398720682302772	0.0	0.004807692307692308	0.0	0.059322033898305086	0.0	0.03173374613003096	0.0	0.3272058823529412	0.0	0.2966101694915254	0.0	0.1689453125	0.0	0.0	0.0	0.05	0.0	0.0348314606741573	0.0	0.00040496760259179265	0.0	0.0	0.0	0.0	0.0	0.0	0.0	0.0	0.0	0.0	0.0	0.0	0.0	0.0	0.0	0.0	0.0	0.0	0.0	0.0	0.0	0.0	0.0	0.0	0.0	0.0	0.0	0.0	0.0	0.0	0.0	0.0	0.0	0.007368995633187773	0.0	0.0013020833333333333	0.0	0.0008465011286681715	0.0	0.0	0.0	0.0	0.0	0.0	0.0	0.0	0.0	0.0	0.0	0.0	0.0	0.0	0.0	0.0	0.0	0.0	0.0	0.0	0.0	0.0	0.0	0.07652698863636363	0.0	0.0	0.0	0.0	0.0	0.0	0.0	0.0	0.0	0.0	0.0	0.0	0.0	0.0	0.0	0.0	0.0	0.0	0.0	58	16.5
sub-M2013	13901	0.0	0.0	0.0	0.0	0.0	0.0	0.0	0.0	0.0	0.0	0.0	0.0	0.0	0.0	0.0	0.0	0.0	0.0	0.0	0.0	0.0	0.0	0.0	0.0	0.0	0.0	0.0	0.0	0.0	0.0	0.0	0.0	0.0	0.0	0.0	0.0	0.0	0.0	0.0	0.0	0.0	0.0	0.0	0.0	0.0	0.0	0.0	0.0	0.0	0.0	0.0	0.0	0.0	0.0	0.0	0.0	0.0	0.0	0.0	0.0	0.0	0.0	0.0	0.0	0.0	0.0	0.0	0.0	0.0	0.0	0.06894329896907217	0.0	0.0	0.0	0.05499116607773852	0.0	0.0	0.0	0.0	0.0	0.0	0.0	0.0	0.0	0.0	0.0	0.7352150537634409	0.0	0.8626543209876543	0.0	0.30875	0.0	0.27920560747663553	0.0	0.10981308411214953	0.0	0.0	0.0	0.0	0.0	0.0	0.0	0.0	0.0	0.0	0.0	0.0	0.0	0.02924164524421594	0.0	0.0	0.0	0.0	0.0	0.0	0.0	0.0	0.0	0.0	0.0	0.0	0.0	0.0	0.0	0.0	0.0	0.0	0.0	0.0	0.0	0.0	0.0	0.0	0.0	0.0	0.0	0.0	0.0	0.0	0.0	0.0	0.0	0.0	0.0	0.0	0.0	0.0	0.0	0.0	0.0	0.0	0.0	0.0	0.0	0.38420910075839654	0.0	0.0	0.0	0.0029545454545454545	0.0	0.0	0.0	0.0	0.0	0.1985062893081761	0.0	0.008413461538461538	0.0	0.0	0.0	0.0	0.0	0.0	0.0	0.000778816199376947	0.0	0.0	0.0	0.0	0.0	0.0	0.0	0.0	0.0	0.0	0.0	0.0	0.0	0.0	0.0	0.0	0.0	0.0	0.0	0.0	0.0	0.0	0.0	0.0	0.0	0.0	0.0	0.0	0.0	0.0	0.0	0.0	0.0	0.0	0.0	0.0	0.0	0.0	0.0	0.0	0.0	0.0	0.0	0.0	0.0	0.0	0.0	0.0	0.0	0.0	0.0	0.0	0.0	0.0	0.0	0.0	0.0	0.0	0.0	0.0	0.0	0.0	0.0	0.0	0.0	0.0	0.0	0.0	0.0	0.0	0.0	0.0	0.0	0.0	0.0	0.0	0.0	0.0	0.0	0.0	0.0	0.0	0.0	0.0	0.0	0.0	0.0	0.0	0.0	0.0	0.0	0.0	0.0	0.0	0.0	0.0	0.0	0.0	0.0	0.0	0.0	0.0	0.0	0.0	0.0	0.0	0.0	0.0	0.0	0.0	0.0	0.0	0.0	0.0	0.0	0.0	0.0	0.0	0.0	0.0	0.0	0.0	0.0	0.0	0.0	0.0	0.0	0.0	0.0	0.0	0.0	0.0	0.0	0.0	0.0	0.0	0.0	0.0	0.0	0.0	0.0	0.0	0.0	0.0	0.0	0.0	0.0	0.0	0.0	0.0	0.0	0.0	0.0	0.0	0.0	0.0	0.0	0.0	0.0	0.0	0.0	0.0	0.0	0.0	0.0	0.0	0.0	0.0	0.0	0.0	0.0	0.0	0.0	0.0	0.0	0.0	0.0	0.0	0.0	0.0	0.0	0.0	0.0	0.0	0.0	0.0	0.0	0.0	0.0	0.0	0.0	0.0	0.0	0.0	0.0	0.0	0.0	0.0	0.0	0.0	0.0	0.0	0.0	0.0	0.0	0.0	0.0	0.0	0.0	74	93.3
sub-M2014	73641	0.0	0.0	0.0	0.0	0.0	0.0	0.0	0.0	0.0	0.0	0.0	0.0	0.0	0.0	0.0	0.0	0.0	0.0	0.04136029411764706	0.0	0.003129117259552042	0.0	0.0	0.0	0.0	0.0	0.0	0.0	0.3111111111111111	0.0	0.07414874551971326	0.0	0.810512024825446	0.0	0.0	0.0	0.0	0.0	0.023267326732673267	0.0	0.2361111111111111	0.0	0.018850987432675045	0.0	0.0004496402877697842	0.0	0.25333333333333335	0.0	0.0	0.0	0.2085	0.0	0.0	0.0	0.0	0.0	0.0	0.0	0.05051369863013699	0.0	0.0	0.0	0.1629177377892031	0.0	0.0	0.0	0.0	0.0	0.0	0.0	0.0	0.0	0.0	0.0	0.0	0.0	0.0	0.0	0.0	0.0	0.0	0.0	0.0	0.0	0.0	0.0	0.0	0.0	0.0	0.0	0.0	0.0	0.0	0.0	0.0	0.0	0.0	0.0	0.0	0.0	0.0	0.0	0.0	0.0	0.0	0.0	0.0	0.0	0.0	0.0	0.0	0.0	0.0	0.0	0.0	0.0	0.0	0.0	0.0	0.0	0.0	0.0	0.0	0.0	0.0	0.0	0.0	0.0	0.0	0.0	0.0	0.0	0.0	0.0	0.0	0.0	0.0	0.0	0.0	0.0	0.0	0.0	0.0	0.0	0.008432539682539682	0.0	0.8709273182957393	0.0	1.0	0.0	0.9776907356948229	0.0	0.5354131534569984	0.0	0.5230227518959913	0.0	0.9128846153846154	0.0	0.7397727272727272	0.0	0.11904761904761904	0.0	0.3003246753246753	0.0	0.010875262054507338	0.0	0.0	0.0	0.05674846625766871	0.0	0.0	0.0	0.0	0.0	0.0	0.0	0.0	0.0	0.0	0.0	0.0	0.0	0.0	0.0	0.0	0.0	0.0	0.0	0.0	0.0	0.0	0.0	0.0	0.0	0.0	0.0	0.0	0.0	0.1480099502487562	0.0	0.0	0.0	0.0	0.0	0.0	0.0	0.0	0.0	0.0	0.0	0.0	0.0	0.0	0.0	0.0	0.0	0.0	0.0	0.0	0.0	0.0	0.0	0.0	0.0	0.0	0.0	0.0	0.0	0.0	0.0	0.0	0.0	0.0	0.0	0.0	0.0	0.0	0.0	0.0	0.0	0.0	0.0	0.0	0.0	0.0	0.0	0.0	0.0	0.0	0.0	0.0	0.0	0.0	0.0	0.0	0.0	0.0	0.0	0.0	0.0	0.0	0.0	0.0	0.0	0.0	0.0	0.0	0.0	0.0	0.0	0.0	0.0	0.0	0.0	0.0	0.0	0.0	0.0	0.0	0.0	0.0	0.0	0.0	0.0	0.0	0.0	0.0	0.0	0.0	0.0	0.0	0.0	0.0	0.0	0.0	0.0	0.0	0.0	0.0	0.0	0.0	0.0	0.0	0.0	0.0	0.0	0.0	0.0	0.0	0.0	0.0	0.0	0.0	0.0	0.0	0.0	0.0	0.0	0.0	0.0	0.0	0.0	0.0	0.0	0.0	0.0	0.0	0.0	0.0	0.0	0.0	0.0	0.0	0.0	0.0	0.0	0.0	0.0	0.0	0.0	0.0	0.0	0.0	0.0	0.049528301886792456	0.0	0.071875	0.0	0.004166666666666667	0.0	0.035979228486646884	0.0	0.3314393939393939	0.0	0.2009180790960452	0.0	0.5993852459016393	0.0	0.3900862068965517	0.0	0.0	0.0	0.49296875	0.0	0.5740411931818182	0.0	0.0	0.0	0.0	0.0	0.0	0.0	0.0	0.0	0.0	0.0	0.0	0.0	0.0	0.0	0.0	0.0	0.0	0.0	56	94.0
sub-M2015	51337	0.0	0.0	0.0	0.0	0.0	0.0	0.0	0.0	0.0	0.0	0.0	0.0	0.0	0.0	0.0	0.0	0.0	0.0	0.0	0.0	0.0	0.0	0.0	0.0	0.0	0.0	0.0	0.0	0.0	0.0	0.0	0.0	0.0015515903801396431	0.0	0.0	0.0	0.0	0.0	0.0	0.0	0.0	0.0	0.0	0.0	0.0	0.0	0.0	0.0	0.0	0.0	0.0	0.0	0.0	0.0	0.0	0.0	0.0	0.0	0.0	0.0	0.0	0.0	0.01703084832904884	0.0	0.0	0.0	0.0	0.0	0.0	0.0	0.0	0.0	0.0	0.0	0.0	0.0	0.0	0.0	0.0	0.0	0.0	0.0	0.0	0.0	0.0	0.0	0.35125448028673834	0.0	0.11265432098765432	0.0	0.0	0.0	0.028037383177570093	0.0	0.4848130841121495	0.0	0.053738317757009345	0.0	0.8485973597359736	0.0	0.2710258780036969	0.0	0.3864795918367347	0.0	0.8356331168831169	0.0	0.03125	0.0	0.0	0.0	0.049770039421813406	0.0	0.06427053824362607	0.0	0.09183673469387756	0.0	0.0	0.0	0.0	0.0	0.0	0.0	0.0	0.0	0.01958762886597938	0.0	0.09509753593429159	0.0	0.0	0.0	0.04634268537074148	0.0	0.38432459677419356	0.0	0.23	0.0	0.5204207920792079	0.0	0.6460055096418733	0.0	0.0	0.0	0.0	0.0	0.0	0.0	0.3405388471177945	0.0	0.09754797441364606	0.0	0.17830381471389645	0.0	0.7105817875210793	0.0	0.5803087757313109	0.0	0.14423076923076922	0.0	0.43522727272727274	0.0	0.0	0.0	0.635551948051948	0.0	0.5568658280922432	0.0	0.1271033653846154	0.0	0.004217791411042945	0.0	0.0	0.0	0.001987281399046105	0.0	0.4137461059190031	0.0	0.954817158931083	0.0	0.0	0.0	0.0	0.0	0.0	0.0	0.1045866935483871	0.0	0.0	0.0	0.0	0.0	0.0	0.0	0.0	0.0	0.0	0.0	0.0	0.0	0.347636815920398	0.0	0.0	0.0	0.0	0.0	0.0	0.0	0.0	0.0	0.0	0.0	0.0	0.0	0.0	0.0	0.0	0.0	0.0	0.0	0.0	0.0	0.0	0.0	0.0	0.0	0.0	0.0	0.0	0.0	0.0	0.0	0.0	0.0	0.0	0.0	0.0	0.0	0.0	0.0	0.0	0.0	0.0	0.0	0.0	0.0	0.0	0.0	0.0	0.0	0.0	0.0	0.0	0.0	0.0	0.0	0.0	0.0	0.0	0.0	0.0	0.0	0.0	0.0	0.0	0.0	0.0	0.0	0.0	0.0	0.0	0.0	0.0	0.0	0.0	0.0	0.0	0.0	0.0	0.0	0.0	0.0	0.0	0.0	0.0	0.0	0.0	0.0	0.0	0.0	0.0	0.0	0.0	0.0	0.0	0.0	0.0	0.0	0.0	0.0	0.0	0.0	0.0	0.0	0.0	0.0	0.0	0.0	0.0	0.0	0.0	0.0	0.0	0.0	0.0	0.0	0.0	0.0	0.0	0.0	0.0	0.0	0.0	0.0	0.0	0.0	0.0	0.0	0.0	0.0	0.0	0.0	0.0	0.0	0.0	0.0	0.0	0.0	0.0	0.0	0.0	0.0	0.0	0.0	0.0	0.0	0.0	0.0	0.0	0.0	0.0	0.0	0.0	0.0	0.0	0.0	0.0	0.0	0.0	0.0	0.0	0.0	0.0	0.0	0.0	0.0	0.11754261363636363	0.0	0.0	0.0	0.0	0.0	0.0	0.0	0.0	0.0	0.0	0.0	0.0	0.0	0.0	0.0	0.0	0.0	0.0	0.0	62	57.4
sub-M2016	367778	0.0	0.0	0.25303171641791045	0.0	0.9890350877192983	0.0	0.14840823970037453	0.0	0.5127713920817369	0.0	0.6677165354330709	0.0	0.9008091517857143	0.0	0.9551630434782609	0.0	0.9771505376344086	0.0	0.7794117647058824	0.0	0.5668642951251647	0.0	0.9991071428571429	0.0	0.904559118236473	0.0	0.9979591836734694	0.0	0.994017094017094	0.0	1.0	0.0	0.9582040341349883	0.0	0.0002969121140142518	0.0	0.15714285714285714	0.0	0.7849009900990099	0.0	0.5416666666666666	0.0	0.07293536804308798	0.0	0.2886690647482014	0.0	0.44	0.0	0.0	0.0	1.0	0.0	1.0	0.0	0.9888059701492538	0.0	0.9297096317280453	0.0	0.990582191780822	0.0	0.9545454545454546	0.0	0.989502999143102	0.0	0.9676892950391645	0.0	0.8565891472868217	0.0	0.8633982035928144	0.0	0.9954896907216495	0.0	0.9385673624288425	0.0	1.0	0.0	0.9426229508196722	0.0	0.5502645502645502	0.0	0.7055335968379447	0.0	0.7906553398058253	0.0	0.3057471264367816	0.0	1.0	0.0	1.0	0.0	1.0	0.0	0.9980529595015576	0.0	1.0	0.0	0.9964953271028038	0.0	0.9702970297029703	0.0	0.9623382624768947	0.0	0.7183673469387755	0.0	0.8778409090909091	0.0	0.9524739583333334	0.0	0.9861825192802056	0.0	0.8579172141918529	0.0	0.8472025495750708	0.0	0.8928571428571429	0.0	0.0	0.0	0.0	0.0	0.008897569444444444	0.0	0.0	0.0	0.19072164948453607	0.0	0.188911704312115	0.0	0.38315217391304346	0.0	0.2151803607214429	0.0	0.7011088709677419	0.0	0.7738888888888888	0.0	0.9535891089108911	0.0	0.6012396694214877	0.0	0.015287769784172662	0.0	0.04842931937172775	0.0	0.16071428571428573	0.0	0.8975563909774437	0.0	0.9754797441364605	0.0	0.944141689373297	0.0	1.0	0.0	0.7208829902491874	0.0	0.9961538461538462	0.0	0.9561363636363637	0.0	0.9976190476190476	0.0	1.0	0.0	0.8385744234800838	0.0	0.9610877403846154	0.0	0.7737730061349694	0.0	0.9820099255583127	0.0	0.9968203497615262	0.0	0.9458722741433022	0.0	0.9773206751054853	0.0	0.6696428571428571	0.0	0.2523320895522388	0.0	0.7424812030075187	0.0	0.717741935483871	0.0	0.12271505376344086	0.0	0.24701907790143085	0.0	0.040328746177370034	0.0	0.07195121951219512	0.0	0.5505514705882353	0.0	0.7696280991735537	0.0	1.0	0.0	0.3977932636469222	0.0	0.9592391304347826	0.0	0.11178977272727272	0.0	0.023293963254593177	0.0	0.05628803245436106	0.0	0.02599009900990099	0.0	0.0	0.0	0.0	0.0	0.0	0.0	0.0	0.0	0.0	0.0	0.24580223880597016	0.0	0.2606177606177606	0.0	0.0069901315789473685	0.0	0.005555555555555556	0.0	0.13722826086956522	0.0	0.309981684981685	0.0	0.0046641791044776115	0.0	0.2778497409326425	0.0	0.17801556420233464	0.0	0.001160092807424594	0.0	0.02064896755162242	0.0	0.0	0.0	0.0	0.0	0.0	0.0	0.0	0.0	0.0	0.0	0.0	0.0	0.0580168776371308	0.0	0.44483695652173916	0.0	0.3635204081632653	0.0	0.11013215859030837	0.0	0.0032201405152224825	0.0	0.0	0.0	0.023969534050179212	0.0	0.026022304832713755	0.0	0.251929012345679	0.0	0.06886792452830189	0.0	0.0440251572327044	0.0	0.025669642857142856	0.0	0.15548780487804878	0.0	0.0	0.0	0.09807692307692308	0.0	0.12341101694915255	0.0	0.0	0.0	0.0	0.0	0.2810734463276836	0.0	0.00048828125	0.0	0.0	0.0	0.0	0.0	0.0	0.0	0.0	0.0	0.0030864197530864196	0.0	0.0030918727915194345	0.0	0.0	0.0	0.0	0.0	0.0	0.0	0.0	0.0	0.33990280777537796	0.0	0.1232837528604119	0.0	0.0	0.0	0.0	0.0	0.0	0.0	0.0	0.0	0.030684754521963824	0.0	0.03640177690029615	0.0	0.013422818791946308	0.0	0.05475504322766571	0.0	0.08542576419213974	0.0	0.03125	0.0	0.02341986455981941	0.0	0.0	0.0	0.46875	0.0	0.0	0.0	0.008333333333333333	0.0	0.08716617210682492	0.0	0.0	0.0	0.0	0.0	0.0	0.0	0.0	0.0	0.10416666666666667	0.0	0.550390625	0.0	0.77734375	0.0	0.0	0.0	0.0	0.0	0.0	0.0	0.0	0.0	0.0	0.0	0.0	0.0	0.0	0.0	0.0	0.0	0.0	0.0	55	30.9
sub-M2017	196696	0.002697841726618705	0.0	0.21525186567164178	0.0	0.0	0.0	0.0	0.0	0.03735632183908046	0.0	0.3437007874015748	0.0	0.06794084821428571	0.0	0.0912590579710145	0.0	0.0006720430107526882	0.0	0.45128676470588236	0.0	0.24851778656126483	0.0	0.6410714285714286	0.0	0.6159819639278558	0.0	0.9551020408163265	0.0	0.3252136752136752	0.0	0.9968637992831542	0.0	0.6439100077579519	0.0	0.0	0.0	0.0	0.0	0.0	0.0	0.0006944444444444445	0.0	0.0008976660682226212	0.0	0.0	0.0	0.0	0.0	0.0	0.0	1.0	0.0	0.0	0.0	0.0	0.0	0.36455382436260625	0.0	0.896404109589041	0.0	0.0	0.0	0.18455441302485004	0.0	0.022193211488250653	0.0	0.011627906976744186	0.0	0.024575848303393214	0.0	0.34600515463917525	0.0	0.325426944971537	0.0	0.30918727915194344	0.0	0.0020491803278688526	0.0	0.0	0.0	0.1976284584980237	0.0	0.06674757281553398	0.0	0.011206896551724138	0.0	0.9139784946236559	0.0	0.904835390946502	0.0	0.83875	0.0	0.9887071651090342	0.0	0.9953271028037384	0.0	1.0	0.0	0.9962871287128713	0.0	0.9891404805914972	0.0	0.8813775510204082	0.0	0.4955357142857143	0.0	0.994140625	0.0	0.6021850899742931	0.0	0.5836070959264126	0.0	0.442457507082153	0.0	0.3086734693877551	0.0	0.0	0.0	0.0	0.0	0.0	0.0	0.0	0.0	0.0	0.0	0.0	0.0	0.0	0.0	0.0	0.0	0.09148185483870967	0.0	0.0	0.0	0.42698019801980197	0.0	0.07644628099173553	0.0	0.0	0.0	0.0	0.0	0.00248015873015873	0.0	0.6528822055137845	0.0	0.8699360341151386	0.0	0.9277929155313351	0.0	0.967327150084317	0.0	0.9864572047670639	0.0	0.9861538461538462	0.0	0.7052272727272727	0.0	0.9428571428571428	0.0	0.9748376623376623	0.0	0.8611111111111112	0.0	0.49624399038461536	0.0	0.20743865030674846	0.0	0.20068238213399503	0.0	0.3185612082670906	0.0	0.831386292834891	0.0	0.9727496483825597	0.0	0.061126373626373624	0.0	0.0	0.0	0.09257518796992481	0.0	0.4644657258064516	0.0	0.0	0.0	0.0	0.0	0.0	0.0	0.0	0.0	0.23621323529411764	0.0	0.16460055096418733	0.0	0.9085820895522388	0.0	0.0	0.0	0.0	0.0	0.0	0.0	0.0	0.0	0.010649087221095335	0.0	0.0	0.0	0.0	0.0	0.0	0.0	0.0	0.0	0.0	0.0	0.0	0.0	0.0	0.0	0.0	0.0	0.0	0.0	0.0	0.0	0.0	0.0	0.0	0.0	0.0	0.0	0.0	0.0	0.0	0.0	0.0	0.0	0.0	0.0	0.0	0.0	0.0	0.0	0.0	0.0	0.0	0.0	0.0	0.0	0.0	0.0	0.0	0.0	0.0	0.0	0.0	0.0	0.0	0.0	0.06557377049180328	0.0	0.0	0.0	0.012544802867383513	0.0	0.008364312267657992	0.0	0.021604938271604937	0.0	0.0	0.0	0.060534591194968554	0.0	0.03273809523809524	0.0	0.013414634146341463	0.0	0.00906183368869936	0.0	0.24807692307692308	0.0	0.018008474576271187	0.0	0.01044891640866873	0.0	0.08088235294117647	0.0	0.0	0.0	0.0	0.0	0.0	0.0	0.013657407407407408	0.0	0.0	0.0	0.0	0.0	0.0	0.0	0.0	0.0	0.0	0.0	0.0	0.0	0.0	0.0	0.0	0.0	0.0032397408207343412	0.0	0.0	0.0	0.0	0.0	0.0	0.0	0.0	0.0	0.0	0.0	0.0	0.0	0.0	0.0	0.0	0.0	0.0	0.0	0.0	0.0	0.0	0.0	0.0	0.0	0.0	0.0	0.027712264150943397	0.0	0.05625	0.0	0.0	0.0	0.013724035608308606	0.0	0.05113636363636364	0.0	0.00035310734463276836	0.0	0.0010245901639344263	0.0	0.0	0.0	0.0	0.0	0.13203125	0.0	0.31392045454545453	0.0	0.0	0.0	0.0	0.0	0.0	0.0	0.0	0.0	0.0	0.0	0.0	0.0	0.0	0.0	0.0	0.0	0.0	0.0	39	55.6
sub-M2018	56665	0.0	0.0	0.0	0.0	0.0	0.0	0.0	0.0	0.0	0.0	0.0	0.0	0.0	0.0	0.0	0.0	0.0	0.0	0.0	0.0	0.0	0.0	0.0	0.0	0.0	0.0	0.0	0.0	0.0	0.0	0.0	0.0	0.0	0.0	0.0	0.0	0.0	0.0	0.0	0.0	0.0	0.0	0.0	0.0	0.0	0.0	0.0	0.0	0.0	0.0	0.0	0.0	0.0	0.0	0.0	0.0	0.0	0.0	0.0	0.0	0.0	0.0	0.0	0.0	0.0	0.0	0.0	0.0	0.0	0.0	0.0	0.0	0.0	0.0	0.0	0.0	0.0	0.0	0.0	0.0	0.0	0.0	0.0	0.0	0.0	0.0	0.0	0.0	0.0	0.0	0.0	0.0	0.010124610591900311	0.0	0.2651869158878505	0.0	0.0	0.0	0.7033828382838284	0.0	0.0004621072088724584	0.0	0.044897959183673466	0.0	0.5016233766233766	0.0	0.0	0.0	0.0	0.0	0.0	0.0	0.003186968838526912	0.0	0.007653061224489796	0.0	0.0	0.0	0.0	0.0	0.0026041666666666665	0.0	0.0	0.0	0.05180412371134021	0.0	0.23190451745379878	0.0	0.0033967391304347825	0.0	0.13051102204408818	0.0	0.48185483870967744	0.0	0.7272222222222222	0.0	0.9492574257425742	0.0	0.2775482093663912	0.0	0.4316546762589928	0.0	0.28992146596858637	0.0	0.0	0.0	0.0	0.0	0.0	0.0	0.0	0.0	0.0	0.0	0.0005417118093174431	0.0	0.0001923076923076923	0.0	0.0125	0.0	0.0	0.0	0.0	0.0	0.0355083857442348	0.0	0.45552884615384615	0.0	0.0	0.0	0.0	0.0	0.5705484896661367	0.0	0.9513239875389408	0.0	0.5288326300984529	0.0	0.0	0.0	0.18959888059701493	0.0	0.30968045112781956	0.0	0.9919354838709677	0.0	0.0	0.0	0.013910969793322734	0.0	0.38990825688073394	0.0	0.5317073170731708	0.0	1.0	0.0	0.0	0.0	0.0	0.0	0.0	0.0	0.0	0.0	0.0	0.0	0.0	0.0	0.0	0.0	0.0	0.0	0.0	0.0	0.0	0.0	0.0	0.0	0.0	0.0	0.0	0.0	0.0	0.0	0.0	0.0	0.0	0.0	0.0	0.0	0.0	0.0	0.0	0.0	0.0	0.0	0.0	0.0	0.0	0.0	0.0	0.0	0.0	0.0	0.0	0.0	0.0	0.0	0.0	0.0	0.0	0.0	0.0	0.0	0.0	0.0	0.0	0.0	0.0	0.0	0.0	0.0	0.0	0.0	0.006147540983606557	0.0	0.0	0.0	0.0	0.0	0.0	0.0	0.0	0.0	0.0	0.0	0.0	0.0	0.0	0.0	0.0	0.0	0.0013326226012793177	0.0	0.0	0.0	0.0	0.0	0.046052631578947366	0.0	0.01838235294117647	0.0	0.0007062146892655367	0.0	0.23681640625	0.0	0.4417808219178082	0.0	0.2916666666666667	0.0	0.1457865168539326	0.0	0.0	0.0	0.0	0.0	0.0	0.0	0.0	0.0	0.0	0.0	0.0	0.0	0.0	0.0	0.0	0.0	0.0	0.0	0.0	0.0	0.0	0.0	0.0	0.0	0.0	0.0	0.0	0.0	0.0	0.0	0.0	0.0	0.03422190201729106	0.0	0.10398471615720524	0.0	0.024739583333333332	0.0	0.0008465011286681715	0.0	0.0	0.0	0.0	0.0	0.0	0.0	0.0	0.0	0.0	0.0	0.0	0.0	0.0	0.0	0.0	0.0	0.0	0.0	0.0	0.0	0.1580078125	0.0	0.07350852272727272	0.0	0.0	0.0	0.0	0.0	0.0	0.0	0.0	0.0	0.0	0.0	0.0	0.0	0.0	0.0	0.0	0.0	0.0	0.0	80	68.7
sub-M2020	91112	0.0	0.0	0.0	0.0	0.13157894736842105	0.0	0.0	0.0	0.0	0.0	0.40039370078740155	0.0	0.3720703125	0.0	0.5953351449275363	0.0	0.6798835125448028	0.0	0.06755514705882353	0.0	0.1721014492753623	0.0	0.3196428571428571	0.0	0.46968937875751504	0.0	0.34285714285714286	0.0	0.00021367521367521368	0.0	0.2729614695340502	0.0	0.0	0.0	0.0	0.0	0.0	0.0	0.0	0.0	0.0	0.0	0.0	0.0	0.0	0.0	0.0	0.0	0.0	0.0	0.0175	0.0	0.7149837133550488	0.0	0.041044776119402986	0.0	0.32453966005665724	0.0	0.0	0.0	0.22253787878787878	0.0	0.14406598114824337	0.0	0.4592036553524804	0.0	0.1721172480620155	0.0	0.28605289421157687	0.0	0.030283505154639175	0.0	0.22319734345351044	0.0	0.42380742049469966	0.0	0.5409836065573771	0.0	0.03042328042328042	0.0	0.001976284584980237	0.0	0.6092233009708737	0.0	0.18591954022988505	0.0	0.03942652329749104	0.0	0.00205761316872428	0.0	0.005416666666666667	0.0	0.008177570093457943	0.0	0.0455607476635514	0.0	0.09228971962616822	0.0	0.03259075907590759	0.0	0.07093345656192236	0.0	0.13341836734693877	0.0	0.018668831168831168	0.0	0.0625	0.0	0.3267994858611825	0.0	0.32424441524310116	0.0	0.5325779036827195	0.0	0.002551020408163265	0.0	0.0	0.0	0.0	0.0	0.0	0.0	0.0	0.0	0.0	0.0	0.0	0.0	0.0	0.0	0.0	0.0	0.0	0.0	0.0	0.0	0.0	0.0	0.0	0.0	0.0	0.0	0.0	0.0	0.0	0.0	0.0	0.0	0.0	0.0	0.0	0.0	0.0	0.0	0.08125677139761647	0.0	0.000576923076923077	0.0	0.0075	0.0	0.0	0.0	0.0	0.0	0.026074423480083857	0.0	0.005258413461538462	0.0	0.0	0.0	0.0	0.0	0.0	0.0	0.0019470404984423676	0.0	0.17071026722925456	0.0	0.0	0.0	0.0	0.0	0.0	0.0	0.0	0.0	0.0	0.0	0.0	0.0	0.0	0.0	0.0	0.0	0.0	0.0	0.0	0.0	0.0	0.0	0.0	0.0	0.0	0.0	0.0	0.0	0.0	0.0	0.0	0.0	0.0	0.0	0.0	0.0	0.0	0.0	0.0	0.0	0.0	0.0	0.0	0.0	0.005130597014925373	0.0	0.0	0.0	0.03453947368421053	0.0	0.04027777777777778	0.0	0.08627717391304347	0.0	0.09546703296703296	0.0	0.11847014925373134	0.0	0.1405440414507772	0.0	0.0024319066147859923	0.0	0.0	0.0	0.03982300884955752	0.0	0.0	0.0	0.0	0.0	0.0	0.0	0.0	0.0	0.0	0.0	0.0	0.0	0.23575949367088608	0.0	0.0	0.0	0.0	0.0	0.0	0.0	0.0	0.0	0.0	0.0	0.03808243727598566	0.0	0.00046468401486988845	0.0	0.008487654320987654	0.0	0.01650943396226415	0.0	0.0	0.0	0.0003720238095238095	0.0	0.11890243902439024	0.0	0.0	0.0	0.0009615384615384616	0.0	0.0026483050847457626	0.0	0.0	0.0	0.0	0.0	0.0	0.0	0.0	0.0	0.0	0.0	0.0	0.0	0.0	0.0	0.0	0.0	0.0	0.0	0.0	0.0	0.0	0.0	0.0	0.0	0.0	0.0	0.0	0.0	0.0	0.0	0.0	0.0	0.0	0.0	0.0	0.0	0.0	0.0	0.0	0.0	0.0	0.0	0.0	0.0	0.0	0.0	0.0	0.0	0.0	0.0	0.0	0.0	0.0	0.0	0.0	0.0	0.0	0.0	0.0	0.0	0.0	0.0	0.0	0.0	0.32765151515151514	0.0	0.006709039548022599	0.0	0.3452868852459016	0.0	0.665948275862069	0.0	0.0	0.0	0.0	0.0	0.0	0.0	0.0	0.0	0.0	0.0	0.0	0.0	0.0	0.0	0.0	0.0	0.0	0.0	0.0	0.0	0.0	0.0	0.0	0.0	54	86.2
sub-M2021	18092	0.0	0.0	0.0	0.0	0.0	0.0	0.0	0.0	0.0	0.0	0.0007874015748031496	0.0	0.0	0.0	0.001585144927536232	0.0	0.0	0.0	0.0	0.0	0.00032938076416337287	0.0	0.0	0.0	0.0	0.0	0.0020408163265306124	0.0	0.0	0.0	0.0007840501792114696	0.0	0.0	0.0	0.0	0.0	0.0	0.0	0.0	0.0	0.0	0.0	0.0	0.0	0.0	0.0	0.0	0.0	0.0	0.0	0.0	0.0	0.0492671009771987	0.0	0.0	0.0	0.0	0.0	0.0	0.0	0.008522727272727272	0.0	0.0	0.0	0.0006527415143603133	0.0	0.0	0.0	0.0	0.0	0.0	0.0	0.0	0.0	0.0	0.0	0.0	0.0	0.0	0.0	0.0	0.0	0.0	0.0	0.0	0.0	0.0	0.0	0.0	0.0	0.0	0.0	0.0	0.0	0.0	0.0	0.0	0.0	0.0	0.0	0.0	0.0	0.0	0.0	0.0	0.0	0.0	0.0	0.0	0.0	0.0	0.0	0.0	0.0	0.0	0.0	0.0	0.0	0.0	0.0	0.0	0.0	0.0	0.0	0.0	0.0	0.0	0.0	0.0	0.0	0.0	0.0	0.0	0.0	0.0	0.0	0.0	0.0	0.0	0.0	0.0	0.0	0.0	0.0	0.0	0.0	0.0	0.0	0.0	0.0	0.0	0.0	0.0	0.0	0.0	0.0	0.0	0.0	0.0	0.0	0.0	0.0	0.0	0.0	0.0	0.0	0.0	0.0	0.0	0.0	0.0	0.0	0.0	0.0	0.0	0.0	0.0	0.0	0.0	0.0	0.0	0.0	0.0	0.0	0.0	0.0	0.0	0.0	0.0	0.0	0.0	0.0	0.0	0.0	0.0	0.0	0.0	0.0	0.0	0.0	0.0	0.0	0.0	0.0	0.0	0.0	0.0	0.0	0.0	0.0	0.0	0.0	0.0	0.0	0.0	0.0	0.0	0.0	0.0	0.0	0.0	0.0	0.0	0.0	0.0	0.0	0.0	0.0	0.0	0.0	0.0	0.0	0.0	0.0	0.0	0.0	0.0	0.0	0.0	0.0	0.0	0.0	0.0	0.0	0.0	0.0	0.0	0.0	0.0	0.0	0.0	0.0	0.0	0.0	0.0	0.0	0.0	0.0	0.0	0.0	0.0	0.0	0.0	0.0	0.0	0.0	0.0	0.0	0.0	0.0	0.0	0.0	0.0	0.0	0.0	0.0	0.0	0.0	0.0	0.0	0.0	0.0	0.0	0.0	0.0	0.0	0.0	0.0	0.0	0.0	0.0	0.0	0.0	0.0	0.0	0.0	0.0	0.0	0.0	0.0	0.0	0.0	0.0	0.0	0.0	0.0	0.0	0.0	0.0	0.0	0.0	0.0	0.0	0.0	0.0	0.0	0.0	0.0	0.0	0.0	0.0	0.0	0.0	0.0	0.0	0.0	0.0	0.0	0.0	0.0	0.0	0.0	0.0	0.0	0.0	0.0	0.0	0.0	0.0	0.0	0.0	0.0	0.0	0.0	0.0	0.0	0.025	0.0	0.0	0.0	0.0	0.0	0.048295454545454544	0.0	0.03742937853107345	0.0	0.06659836065573771	0.0	0.0	0.0	0.001893939393939394	0.0	0.2880859375	0.0	0.09303977272727272	0.0	0.0	0.0	0.0011467889908256881	0.0	0.0	0.0	0.0	0.0	0.0	0.0	0.0	0.0	0.0	0.0	0.0	0.0	0.0	0.0	66	95.2
sub-M2022	37491	0.0	0.0	0.0	0.0	0.0	0.0	0.0	0.0	0.0	0.0	0.0	0.0	0.0023716517857142855	0.0	0.0004528985507246377	0.0	0.0	0.0	0.0	0.0	0.0	0.0	0.0	0.0	0.21668336673346694	0.0	0.2795918367346939	0.0	0.0	0.0	0.1273521505376344	0.0	0.08941039565554694	0.0	0.0	0.0	0.0	0.0	0.0	0.0	0.02361111111111111	0.0	0.0	0.0	0.0	0.0	0.0	0.0	0.0	0.0	0.001	0.0	0.0	0.0	0.0	0.0	0.12092776203966006	0.0	0.0	0.0	0.0	0.0	0.005891173950299915	0.0	0.0	0.0	0.0	0.0	0.0	0.0	0.0	0.0	0.0	0.0	0.0	0.0	0.0	0.0	0.0	0.0	0.0	0.0	0.0	0.0	0.0	0.0	0.4435483870967742	0.0	0.006687242798353909	0.0	0.0	0.0	0.0	0.0	0.0	0.0	0.0	0.0	0.0	0.0	0.0	0.0	0.0	0.0	0.0	0.0	0.0	0.0	0.0	0.0	0.0	0.0	0.0	0.0	0.0	0.0	0.0	0.0	0.0	0.0	0.0	0.0	0.0	0.0	0.0	0.0	0.0	0.0	0.0	0.0	0.0	0.0	0.0	0.0	0.0	0.0	0.0	0.0	0.0	0.0	0.0	0.0	0.0	0.0	0.021825396825396824	0.0	0.6513157894736842	0.0	0.1900319829424307	0.0	0.5308242506811989	0.0	0.8195615514333895	0.0	0.8622697724810401	0.0	0.5223076923076924	0.0	0.5713636363636364	0.0	0.8547619047619047	0.0	0.859577922077922	0.0	0.12840670859538783	0.0	0.002403846153846154	0.0	0.03987730061349693	0.0	0.0	0.0	0.0	0.0	0.0	0.0	0.0	0.0	0.0	0.0	0.0	0.0	0.0	0.0	0.0	0.0	0.0	0.0	0.0	0.0	0.0	0.0	0.0	0.0	0.0	0.0	0.08230027548209366	0.0	0.6865671641791045	0.0	0.0	0.0	0.0	0.0	0.0	0.0	0.0	0.0	0.0	0.0	0.0	0.0	0.0	0.0	0.0	0.0	0.0	0.0	0.0	0.0	0.0	0.0	0.0	0.0	0.0	0.0	0.0	0.0	0.0	0.0	0.0	0.0	0.0	0.0	0.0	0.0	0.0	0.0	0.0	0.0	0.0	0.0	0.0	0.0	0.0	0.0	0.0	0.0	0.0	0.0	0.0	0.0	0.0	0.0	0.0	0.0	0.0	0.0	0.0	0.0	0.0	0.0	0.0	0.0	0.0	0.0	0.0	0.0	0.0	0.0	0.0	0.0	0.0	0.0	0.0	0.0	0.0	0.0	0.0	0.0	0.0	0.0	0.0	0.0	0.0	0.0	0.0	0.0	0.0	0.0	0.0	0.0	0.0	0.0	0.0	0.0	0.0	0.0	0.0	0.0	0.0	0.0	0.0	0.0	0.0	0.0	0.0	0.0	0.0	0.0	0.0	0.0	0.0	0.0	0.0	0.0	0.0	0.0	0.0	0.0	0.0	0.0	0.0	0.0	0.0	0.0	0.0	0.0	0.0	0.0	0.0	0.0	0.0	0.0	0.0	0.0	0.0	0.0	0.0	0.0	0.0	0.0	0.0	0.0	0.0	0.0	0.0	0.0	0.0	0.0	0.0	0.0	0.0	0.0	0.0	0.0	0.0	0.0	0.0	0.0	0.0	0.0	0.0	0.0	0.15678267045454544	0.0	0.0	0.0	0.0	0.0	0.0	0.0	0.0	0.0	0.0	0.0	0.0	0.0	0.0	0.0	0.0	0.0	0.0	0.0	56	91.3
sub-M2023	239305	0.0	0.0	0.0	0.0	0.0	0.0	0.0	0.0	0.0	0.0	0.10393700787401575	0.0	0.17926897321428573	0.0	0.2896286231884058	0.0	0.3888888888888889	0.0	0.5142463235294118	0.0	0.09057971014492754	0.0	0.36428571428571427	0.0	0.8815130260521042	0.0	0.9198979591836735	0.0	0.5444444444444444	0.0	0.9831989247311828	0.0	0.5674941815360744	0.0	0.0	0.0	0.0	0.0	0.0	0.0	0.0	0.0	0.0	0.0	0.0	0.0	0.0	0.0	0.0	0.0	1.0	0.0	0.506514657980456	0.0	0.0	0.0	0.9530807365439093	0.0	0.9597602739726028	0.0	0.23200757575757575	0.0	0.8892459297343616	0.0	0.956266318537859	0.0	0.47238372093023256	0.0	0.32385229540918165	0.0	0.9394329896907216	0.0	0.8009962049335864	0.0	0.9799028268551236	0.0	0.6086065573770492	0.0	0.23743386243386244	0.0	0.14624505928853754	0.0	0.15109223300970873	0.0	0.045402298850574715	0.0	0.9811827956989247	0.0	0.9758230452674898	0.0	0.92625	0.0	0.9532710280373832	0.0	0.9766355140186916	0.0	0.9614485981308412	0.0	0.9055280528052805	0.0	0.7929759704251387	0.0	0.9188775510204081	0.0	0.84375	0.0	0.3919270833333333	0.0	0.7429305912596401	0.0	0.6598226018396847	0.0	0.6827195467422096	0.0	0.7882653061224489	0.0	0.0	0.0	0.0	0.0	0.0	0.0	0.0	0.0	0.0	0.0	0.010010266940451745	0.0	0.0	0.0	0.00876753507014028	0.0	0.3787802419354839	0.0	0.11666666666666667	0.0	0.3254950495049505	0.0	0.7486225895316805	0.0	0.0	0.0	0.0	0.0	0.0	0.0	0.06735588972431078	0.0	0.5924840085287847	0.0	0.8383855585831063	0.0	0.5645025295109612	0.0	1.0	0.0	0.9796153846153847	0.0	0.925	0.0	0.925	0.0	0.7767857142857143	0.0	0.8841719077568134	0.0	0.25540865384615385	0.0	0.0	0.0	0.0	0.0	0.15500794912559618	0.0	0.6434968847352025	0.0	0.9368846694796061	0.0	0.0	0.0	0.24603544776119404	0.0	0.31296992481203006	0.0	0.32888104838709675	0.0	0.0004032258064516129	0.0	0.006756756756756757	0.0	0.31670489296636084	0.0	0.16859756097560977	0.0	0.10110294117647059	0.0	0.0	0.0	0.005597014925373134	0.0	0.0	0.0	0.0	0.0	0.0	0.0	0.0	0.0	0.0	0.0	0.0	0.0	0.0	0.0	0.0	0.0	0.0	0.0	0.0	0.0	0.0	0.0	0.0	0.0	0.0	0.0	0.0	0.0	0.0	0.0	0.0	0.0	0.0013736263736263737	0.0	0.15111940298507462	0.0	0.39993523316062174	0.0	0.13375486381322957	0.0	0.0	0.0	0.0	0.0	0.0	0.0	0.0	0.0	0.0011737089201877935	0.0	0.0	0.0	0.0	0.0	0.0	0.0	0.007383966244725738	0.0	0.011141304347826087	0.0	0.0	0.0	0.0	0.0	0.024004683840749413	0.0	0.0	0.0	0.15546594982078854	0.0	0.18587360594795538	0.0	0.022376543209876542	0.0	0.0	0.0	0.036163522012578615	0.0	0.004464285714285714	0.0	0.03841463414634146	0.0	0.0018656716417910447	0.0	0.06442307692307692	0.0	0.0	0.0	0.0015479876160990713	0.0	0.0	0.0	0.0	0.0	0.0	0.0	0.0	0.0	0.0	0.0	0.0	0.0	0.0	0.0	0.0	0.0	0.0	0.0	0.0	0.0	0.0	0.0	0.0	0.0	0.0	0.0	0.0	0.0	0.0	0.0	0.0	0.0	0.0	0.0	0.0	0.0	0.0	0.0	0.0	0.0	0.0	0.0	0.0016778523489932886	0.0	0.01260806916426513	0.0	0.00955240174672489	0.0	0.0	0.0	0.0	0.0	0.0	0.0	0.00884433962264151	0.0	0.003125	0.0	0.0	0.0	0.0	0.0	0.050189393939393936	0.0	0.0017655367231638418	0.0	0.015368852459016393	0.0	0.11422413793103449	0.0	0.0	0.0	0.2236328125	0.0	0.5537997159090909	0.0	0.0	0.0	0.0	0.0	0.0	0.0	0.0	0.0	0.0	0.0	0.0	0.0	0.0	0.0	0.0	0.0	0.0	0.0	54	22.9
sub-M2024	125709	0.0	0.0	0.0	0.0	0.0	0.0	0.0	0.0	0.0	0.0	0.0	0.0	0.0	0.0	0.0	0.0	0.0	0.0	0.0	0.0	0.0	0.0	0.0	0.0	0.0	0.0	0.0010204081632653062	0.0	0.03675213675213675	0.0	0.3165322580645161	0.0	0.7051978277734678	0.0	0.0	0.0	0.07738095238095238	0.0	0.3527227722772277	0.0	0.7770833333333333	0.0	0.24663375224416517	0.0	0.1906474820143885	0.0	0.8272222222222222	0.0	0.0	0.0	0.665	0.0	0.0	0.0	0.0	0.0	0.0	0.0	0.2970890410958904	0.0	0.0	0.0	0.046808054841473865	0.0	0.007832898172323759	0.0	0.00024224806201550387	0.0	0.0	0.0	0.4368556701030928	0.0	0.04055977229601518	0.0	0.25198763250883394	0.0	0.0	0.0	0.0	0.0	0.0	0.0	0.0	0.0	0.0	0.0	0.921594982078853	0.0	0.7921810699588477	0.0	0.32916666666666666	0.0	0.1795171339563863	0.0	0.6939252336448598	0.0	0.09813084112149532	0.0	0.3226072607260726	0.0	0.14440850277264325	0.0	0.11581632653061225	0.0	0.002840909090909091	0.0	0.06510416666666667	0.0	0.14460154241645246	0.0	0.06274638633377136	0.0	0.02726628895184136	0.0	0.0	0.0	0.0	0.0	0.0	0.0	0.0	0.0	0.0	0.0	0.0	0.0	0.0	0.0	0.0	0.0	0.0	0.0	0.0	0.0	0.0	0.0	0.0	0.0	0.0	0.0	0.0	0.0	0.0	0.0	0.02976190476190476	0.0	0.993421052631579	0.0	1.0	0.0	0.9764986376021798	0.0	0.7843591905564924	0.0	0.9978331527627302	0.0	0.941923076923077	0.0	0.6888636363636363	0.0	0.8035714285714286	0.0	0.8551136363636364	0.0	0.688024109014675	0.0	0.19561298076923078	0.0	0.11924846625766872	0.0	0.0	0.0	0.0	0.0	0.21884735202492211	0.0	0.44637834036568214	0.0	0.0	0.0	0.0	0.0	0.0	0.0	0.002772177419354839	0.0	0.0	0.0	0.0	0.0	0.0	0.0	0.0	0.0	0.0	0.0	0.07128099173553719	0.0	0.30783582089552236	0.0	0.0	0.0	0.0	0.0	0.0	0.0	0.0	0.0	0.0	0.0	0.0	0.0	0.0	0.0	0.0	0.0	0.0	0.0	0.0	0.0	0.0	0.0	0.0	0.0	0.0	0.0	0.0	0.0	0.0	0.0	0.0	0.0	0.0	0.0	0.0	0.0	0.0	0.0	0.0	0.0	0.0	0.0	0.0	0.0	0.0	0.0	0.0	0.0	0.0	0.0	0.0	0.0	0.0	0.0	0.0	0.0	0.0	0.0	0.0	0.0	0.0	0.0	0.0	0.0	0.0	0.0	0.0	0.0	0.0	0.0	0.0	0.0	0.0	0.0	0.0	0.0	0.0	0.0	0.0	0.0	0.0	0.0	0.0	0.0	0.0	0.0	0.0	0.0	0.0	0.0	0.0	0.0	0.0	0.0	0.0	0.0	0.0	0.0	0.0	0.0	0.0	0.0	0.0	0.0	0.0	0.0	0.0	0.0	0.0	0.0	0.0	0.0	0.0	0.0	0.0	0.0	0.0	0.0	0.0	0.0	0.0	0.0	0.0	0.0	0.0	0.0	0.0	0.0	0.0	0.0	0.0	0.0	0.0	0.0	0.0	0.0	0.0	0.0	0.0	0.0	0.0	0.0	0.0	0.0	0.2759433962264151	0.0	0.146875	0.0	0.2375	0.0	0.025222551928783383	0.0	0.32670454545454547	0.0	0.10204802259887005	0.0	0.3411885245901639	0.0	0.08405172413793104	0.0	0.000946969696969697	0.0	0.71171875	0.0	0.8213778409090909	0.0	0.0	0.0	0.006880733944954129	0.0	0.0	0.0	0.0	0.0	0.0	0.0	0.0	0.0	0.0	0.0	0.0	0.0	0.0	0.0	47	44.5
sub-M2025	162989	0.0	0.0	0.0	0.0	0.0	0.0	0.012640449438202247	0.0	0.29837164750957856	0.0	0.000984251968503937	0.0	0.0	0.0	0.0	0.0	0.0	0.0	0.03170955882352941	0.0	0.0	0.0	0.017857142857142856	0.0	0.03557114228456914	0.0	0.5693877551020409	0.0	0.39166666666666666	0.0	0.8668234767025089	0.0	0.8679208688906129	0.0	0.005047505938242281	0.0	0.6571428571428571	0.0	0.8633663366336634	0.0	0.8118055555555556	0.0	0.30789946140035906	0.0	0.7846223021582733	0.0	0.9955555555555555	0.0	0.0	0.0	0.9985	0.0	0.0	0.0	0.0	0.0	0.06869688385269122	0.0	0.9092465753424658	0.0	0.0	0.0	0.28170522707797774	0.0	0.0	0.0	0.0	0.0	0.0	0.0	0.0	0.0	0.0	0.0	0.0	0.0	0.0	0.0	0.0	0.0	0.0	0.0	0.0	0.0	0.0	0.0	0.5703405017921147	0.0	0.1337448559670782	0.0	0.0	0.0	0.0	0.0	0.0794392523364486	0.0	0.0	0.0	0.6988448844884488	0.0	0.0	0.0	0.09489795918367347	0.0	0.6696428571428571	0.0	0.0	0.0	0.0	0.0	0.0	0.0	0.0	0.0	0.0	0.0	0.01283112582781457	0.0	0.23174157303370788	0.0	0.50390625	0.0	0.2672413793103448	0.0	0.7592783505154639	0.0	0.37705338809034905	0.0	0.2269021739130435	0.0	0.43612224448897796	0.0	0.3371975806451613	0.0	0.6261111111111111	0.0	0.8360148514851485	0.0	0.35192837465564736	0.0	0.4226618705035971	0.0	0.3606020942408377	0.0	0.003472222222222222	0.0	0.9774436090225563	0.0	0.7582622601279317	0.0	0.8079019073569482	0.0	0.6688448566610455	0.0	0.6315005417118094	0.0	0.8678846153846154	0.0	0.7665909090909091	0.0	1.0	0.0	0.8060064935064936	0.0	0.7216981132075472	0.0	0.8787560096153846	0.0	0.5318251533742331	0.0	0.8691066997518611	0.0	0.8326709062003179	0.0	0.897196261682243	0.0	0.694268635724332	0.0	0.9010989010989011	0.0	0.8493470149253731	0.0	0.9741541353383458	0.0	0.9221270161290323	0.0	0.09475806451612903	0.0	0.2649046104928458	0.0	0.32626146788990823	0.0	0.40213414634146344	0.0	0.9568014705882353	0.0	0.0	0.0	0.7605721393034826	0.0	0.2302555168408827	0.0	0.0	0.0	0.0	0.0	0.0	0.0	0.0	0.0	0.0	0.0	0.0	0.0	0.0	0.0	0.0	0.0	0.0	0.0	0.0	0.0	0.0	0.0	0.0	0.0	0.0	0.0	0.0	0.0	0.0	0.0	0.0	0.0	0.0	0.0	0.0	0.0	0.0	0.0	0.0	0.0	0.0	0.0	0.0	0.0	0.0	0.0	0.0	0.0	0.0	0.0	0.0	0.0	0.0	0.0	0.0	0.0	0.0	0.0	0.0	0.0	0.0	0.0	0.0	0.0	0.0	0.0	0.0	0.0	0.0	0.0	0.0	0.0	0.0	0.0	0.0	0.0	0.0	0.0	0.0	0.0	0.0	0.0	0.0	0.0	0.029661016949152543	0.0	0.0003869969040247678	0.0	0.0	0.0	0.2669491525423729	0.0	0.5458984375	0.0	0.4606164383561644	0.0	0.028703703703703703	0.0	0.01544943820224719	0.0	0.031182505399568034	0.0	0.0	0.0	0.0	0.0	0.0	0.0	0.0	0.0	0.0	0.0	0.0	0.0	0.0	0.0	0.0	0.0	0.0	0.0	0.0	0.0	0.0	0.0	0.0	0.0	0.0	0.0	0.0006169792694965449	0.0	0.0	0.0	0.0	0.0	0.008460698689956333	0.0	0.01171875	0.0	0.025677200902934537	0.0	0.20300751879699247	0.0	0.012382075471698114	0.0	0.0	0.0	0.0	0.0	0.02336795252225519	0.0	0.0	0.0	0.0	0.0	0.0	0.0	0.0	0.0	0.0	0.0	0.0376953125	0.0	0.023082386363636364	0.0	0.0	0.0	0.0	0.0	0.0	0.0	0.0	0.0	0.0	0.0	0.0	0.0	0.0	0.0	0.0	0.0	0.0	0.0	50	64.6
sub-M2026	8483	0.0	0.0	0.0	0.0	0.0	0.0	0.0	0.0	0.0	0.0	0.0	0.0	0.0	0.0	0.0	0.0	0.0	0.0	0.0	0.0	0.0	0.0	0.0	0.0	0.0	0.0	0.0	0.0	0.0	0.0	0.0	0.0	0.0	0.0	0.0	0.0	0.0	0.0	0.0	0.0	0.0	0.0	0.0	0.0	0.0	0.0	0.0	0.0	0.0	0.0	0.0	0.0	0.0	0.0	0.0	0.0	0.0	0.0	0.0	0.0	0.0	0.0	0.0	0.0	0.0	0.0	0.0	0.0	0.0	0.0	0.0	0.0	0.0	0.0	0.0	0.0	0.0	0.0	0.0	0.0	0.0	0.0	0.0	0.0	0.0	0.0	0.0	0.0	0.0	0.0	0.0	0.0	0.0	0.0	0.0	0.0	0.0	0.0	0.014026402640264026	0.0	0.0	0.0	0.0	0.0	0.14488636363636365	0.0	0.0	0.0	0.0	0.0	0.0	0.0	0.0	0.0	0.0	0.0	0.0	0.0	0.0	0.0	0.0	0.0	0.0	0.0	0.0	0.0	0.0	0.0	0.0	0.0	0.0	0.0	0.017389112903225805	0.0	0.0	0.0	0.35457920792079206	0.0	0.0371900826446281	0.0	0.0	0.0	0.0029450261780104713	0.0	0.0	0.0	0.0	0.0	0.0	0.0	0.0	0.0	0.0	0.0	0.0	0.0	0.0	0.0	0.0	0.0	0.0	0.0	0.0	0.0	0.0	0.0	0.004657451923076923	0.0	0.0	0.0	0.0	0.0	0.23032591414944356	0.0	0.16608255451713397	0.0	0.05643459915611814	0.0	0.0	0.0	0.0006996268656716418	0.0	0.15789473684210525	0.0	0.5972782258064516	0.0	0.0	0.0	0.0	0.0	0.003249235474006116	0.0	0.0009146341463414635	0.0	0.3786764705882353	0.0	0.0	0.0	0.0	0.0	0.0	0.0	0.0	0.0	0.0	0.0	0.0	0.0	0.0	0.0	0.0	0.0	0.0	0.0	0.0	0.0	0.0	0.0	0.0	0.0	0.0	0.0	0.0	0.0	0.0	0.0	0.0	0.0	0.0	0.0	0.0	0.0	0.0	0.0	0.0	0.0	0.0	0.0	0.0	0.0	0.0	0.0	0.0	0.0	0.0	0.0	0.0	0.0	0.0	0.0	0.0	0.0	0.0	0.0	0.0	0.0	0.0	0.0	0.0	0.0	0.0	0.0	0.0	0.0	0.0	0.0	0.0	0.0	0.0	0.0	0.0	0.0	0.0	0.0	0.0	0.0	0.0	0.0	0.0	0.0	0.0	0.0	0.0	0.0	0.0	0.0	0.0	0.0	0.0	0.0	0.0	0.0	0.0	0.0	0.0	0.0	0.0	0.0	0.0	0.0	0.0	0.0	0.0	0.0	0.0	0.0	0.0	0.0	0.0	0.0	0.0	0.0	0.0	0.0	0.0	0.0	0.0	0.0	0.0	0.0	0.0	0.0	0.0	0.0	0.0	0.0	0.0	0.0	0.0	0.0	0.0	0.0	0.0	0.0	0.0	0.0	0.0	0.0	0.0	0.0	0.0	0.0	0.0	0.0	0.0	0.0	0.0	0.0	0.0	0.0	0.0	0.0	0.0	0.0	0.0	0.0	0.0	0.0	0.0	0.0	0.0	0.0	0.0	0.0	0.0	0.0	0.0	0.0	0.0	0.0	0.0	0.0	0.0	0.0	0.0	0.0	0.0	0.0	0.0	0.0	0.0	0.0	0.0	0.0	52	96.4
sub-M2027	94818	0.0	0.0	0.0	0.0	0.0	0.0	0.0	0.0	0.0	0.0	0.0	0.0	0.0	0.0	0.0	0.0	0.0	0.0	0.0	0.0	0.0	0.0	0.0	0.0	0.0	0.0	0.0	0.0	0.0	0.0	0.0	0.0	0.0	0.0	0.0	0.0	0.0	0.0	0.0	0.0	0.0	0.0	0.0	0.0	0.0	0.0	0.0	0.0	0.0	0.0	0.0	0.0	0.0	0.0	0.0	0.0	0.0	0.0	0.0	0.0	0.0	0.0	0.0	0.0	0.0	0.0	0.0	0.0	0.0	0.0	0.05605670103092784	0.0	0.038662239089184064	0.0	0.48144876325088337	0.0	0.09221311475409837	0.0	0.0	0.0	0.0	0.0	0.12135922330097088	0.0	0.0	0.0	0.7217741935483871	0.0	0.6728395061728395	0.0	0.6325	0.0	0.6335669781931464	0.0	0.5735981308411215	0.0	0.544392523364486	0.0	0.5985973597359736	0.0	0.09727356746765249	0.0	0.2897959183673469	0.0	0.5775162337662337	0.0	0.17122395833333334	0.0	0.44794344473007713	0.0	0.1976018396846255	0.0	0.20697592067988668	0.0	0.21173469387755103	0.0	0.0	0.0	0.0	0.0	0.0	0.0	0.0	0.0	0.0	0.0	0.010651950718685832	0.0	0.0	0.0	0.0	0.0	0.3046875	0.0	0.24444444444444444	0.0	0.7048267326732673	0.0	0.12327823691460055	0.0	0.11780575539568346	0.0	0.08344240837696335	0.0	0.0	0.0	0.1600877192982456	0.0	0.0	0.0	0.0	0.0	0.43043844856661045	0.0	0.2444474539544962	0.0	0.012307692307692308	0.0	0.02909090909090909	0.0	0.02976190476190476	0.0	0.7321428571428571	0.0	0.747248427672956	0.0	0.7261117788461539	0.0	0.0	0.0	0.3880272952853598	0.0	0.9958267090620032	0.0	0.7959501557632399	0.0	0.6710618846694796	0.0	0.16552197802197802	0.0	0.31669776119402987	0.0	0.9036654135338346	0.0	0.8747479838709677	0.0	0.009811827956989247	0.0	0.06021462639109698	0.0	0.2129204892966361	0.0	0.24390243902439024	0.0	0.9632352941176471	0.0	0.0	0.0	0.009950248756218905	0.0	0.0	0.0	0.0	0.0	0.0	0.0	0.0	0.0	0.0	0.0	0.0	0.0	0.0	0.0	0.0	0.0	0.0	0.0	0.0	0.0	0.0	0.0	0.0	0.0	0.0	0.0	0.0	0.0	0.0	0.0	0.0	0.0	0.0	0.0	0.0	0.0	0.0	0.0	0.0	0.0	0.0	0.0	0.0	0.0	0.0	0.0	0.0	0.0	0.0	0.0	0.0	0.0	0.0	0.0	0.0	0.0	0.0	0.0	0.0	0.0	0.0	0.0	0.0	0.0	0.007611241217798595	0.0	0.0	0.0	0.0	0.0	0.0	0.0	0.0	0.0	0.0	0.0	0.0	0.0	0.0	0.0	0.0	0.0	0.0018656716417910447	0.0	0.0	0.0	0.0	0.0	0.05417956656346749	0.0	0.0	0.0	0.0	0.0	0.0	0.0	0.0	0.0	0.0032407407407407406	0.0	0.0	0.0	0.0	0.0	0.0	0.0	0.0	0.0	0.0	0.0	0.0	0.0	0.0	0.0	0.0	0.0	0.002429805615550756	0.0	0.021739130434782608	0.0	0.0	0.0	0.0	0.0	0.0	0.0	0.0	0.0	0.0	0.0	0.0	0.0	0.015939597315436243	0.0	0.07564841498559077	0.0	0.06331877729257641	0.0	0.0	0.0	0.0	0.0	0.0	0.0	0.0	0.0	0.0	0.0	0.0	0.0	0.0	0.0	0.0	0.0	0.0	0.0	0.0	0.0	0.0	0.0	0.0	0.0	0.0	0.0	0.11061789772727272	0.0	0.0	0.0	0.0	0.0	0.0	0.0	0.0	0.0	0.0	0.0	0.0	0.0	0.0	0.0	0.0	0.0	0.0	0.0	78	69.5
sub-M2029	194681	0.0	0.0	0.0	0.0	0.0	0.0	0.0	0.0	0.0	0.0	0.014763779527559055	0.0	0.0	0.0	0.0	0.0	0.0	0.0	0.029411764705882353	0.0	0.0018115942028985507	0.0	0.075	0.0	0.0	0.0	0.07806122448979592	0.0	0.018162393162393164	0.0	0.21202956989247312	0.0	0.03791698991466253	0.0	0.0	0.0	0.0	0.0	0.0	0.0	0.0	0.0	0.0	0.0	0.0	0.0	0.0	0.0	0.0	0.0	0.0625	0.0	0.0	0.0	0.0	0.0	0.008321529745042492	0.0	0.0	0.0	0.0	0.0	0.05462724935732648	0.0	0.012075718015665796	0.0	0.0	0.0	0.0	0.0	0.360180412371134	0.0	0.0009487666034155598	0.0	0.06669611307420495	0.0	0.0	0.0	0.0	0.0	0.0	0.0	0.0	0.0	0.0	0.0	1.0	0.0	0.9994855967078189	0.0	0.7245833333333334	0.0	0.9587227414330218	0.0	1.0	0.0	0.7313084112149533	0.0	1.0	0.0	0.6143715341959335	0.0	0.6841836734693878	0.0	0.9983766233766234	0.0	0.11393229166666667	0.0	0.014138817480719794	0.0	0.01757555847568988	0.0	0.010977337110481586	0.0	0.0	0.0	0.0	0.0	0.23735955056179775	0.0	0.517578125	0.0	0.007758620689655172	0.0	0.9015463917525773	0.0	0.4629106776180698	0.0	0.171875	0.0	0.7622745490981964	0.0	0.6282762096774194	0.0	0.9361111111111111	0.0	0.9616336633663366	0.0	0.9101239669421488	0.0	0.3318345323741007	0.0	0.18979057591623036	0.0	0.0	0.0	0.2424812030075188	0.0	0.09541577825159915	0.0	0.3978201634877384	0.0	0.6781197301854974	0.0	0.8643011917659805	0.0	0.4426923076923077	0.0	0.7472727272727273	0.0	0.986904761904762	0.0	0.971185064935065	0.0	0.9840146750524109	0.0	0.9830228365384616	0.0	0.8470092024539877	0.0	0.8976426799007444	0.0	0.9179252782193958	0.0	1.0	0.0	0.9936708860759493	0.0	0.990728021978022	0.0	0.9909048507462687	0.0	1.0	0.0	0.9959677419354839	0.0	0.20201612903225807	0.0	0.608704292527822	0.0	0.481651376146789	0.0	0.25426829268292683	0.0	0.7996323529411765	0.0	0.3261019283746556	0.0	0.8526119402985075	0.0	0.8299941927990708	0.0	0.16847826086956522	0.0	0.025852272727272727	0.0	0.0	0.0	0.0	0.0	0.0	0.0	0.0	0.0	0.0	0.0	0.0	0.0	0.0	0.0	0.0	0.0	0.0	0.0	0.0	0.0	0.0	0.0	0.0	0.0	0.0	0.0	0.0	0.0	0.0	0.0	0.0	0.0	0.0	0.0	0.0	0.0	0.0	0.0	0.0	0.0	0.0	0.0	0.0	0.0	0.0	0.0	0.0	0.0	0.0	0.0	0.0	0.0	0.0	0.0	0.0	0.0	0.0	0.0	0.0	0.0	0.0	0.0	0.0	0.0	0.0	0.0	0.0	0.0	0.0	0.0	0.0	0.0	0.0	0.0	0.0	0.0	0.0	0.0	0.0	0.0	0.0	0.0	0.0	0.0	0.0	0.0	0.0	0.0	0.00146484375	0.0	0.03595890410958904	0.0	0.0	0.0	0.0	0.0	0.0010799136069114472	0.0	0.0	0.0	0.0	0.0	0.0	0.0	0.0	0.0	0.0	0.0	0.0	0.0	0.04913606911447084	0.0	0.0	0.0	0.0	0.0	0.0	0.0	0.0	0.0	0.0	0.0	0.0	0.0	0.0	0.0	0.0	0.0	0.0	0.0	0.0	0.0	0.0	0.0	0.0	0.0	0.0	0.0	0.0	0.0	0.0	0.0	0.0	0.0	0.0	0.0	0.0	0.0	0.0	0.0	0.0	0.0	0.0	0.0	0.0	0.0	0.0	0.0	0.003728693181818182	0.0	0.0	0.0	0.0	0.0	0.0	0.0	0.0	0.0	0.0	0.0	0.0	0.0	0.0	0.0	0.0	0.0	0.0	0.0	43	40.6
sub-M2030	209785	0.0	0.0	0.0	0.0	0.0	0.0	0.0	0.0	0.0	0.0	0.0	0.0	0.0	0.0	0.0	0.0	0.0	0.0	0.0	0.0	0.0	0.0	0.0	0.0	0.0	0.0	0.0	0.0	0.08461538461538462	0.0	0.2559363799283154	0.0	0.534522885958107	0.0	0.0	0.0	0.0	0.0	0.0	0.0	0.05277777777777778	0.0	0.0008976660682226212	0.0	0.0	0.0	0.0	0.0	0.0	0.0	0.6415	0.0	0.0	0.0	0.0	0.0	0.003718130311614731	0.0	0.1797945205479452	0.0	0.0	0.0	0.6079691516709511	0.0	0.06788511749347259	0.0	0.02446705426356589	0.0	0.00124750499001996	0.0	0.9896907216494846	0.0	0.5464895635673624	0.0	0.8416519434628975	0.0	0.055327868852459015	0.0	0.0	0.0	0.0029644268774703555	0.0	0.0048543689320388345	0.0	0.0	0.0	1.0	0.0	0.9994855967078189	0.0	0.99375	0.0	0.9832554517133957	0.0	1.0	0.0	1.0	0.0	0.9913366336633663	0.0	0.7188077634011091	0.0	0.599234693877551	0.0	0.41314935064935066	0.0	0.6041666666666666	0.0	0.647172236503856	0.0	0.35611038107752957	0.0	0.20856940509915015	0.0	0.06887755102040816	0.0	0.0	0.0	0.0	0.0	0.0	0.0	0.0	0.0	0.0	0.0	0.0	0.0	0.0	0.0	0.0	0.0	0.01688508064516129	0.0	0.0	0.0	0.09962871287128713	0.0	0.0027548209366391185	0.0	0.0	0.0	0.0	0.0	0.28075396825396826	0.0	0.50031328320802	0.0	0.8536780383795309	0.0	0.9749659400544959	0.0	1.0	0.0	0.9952600216684724	0.0	0.9253846153846154	0.0	0.9577272727272728	0.0	0.986904761904762	0.0	1.0	0.0	0.9992138364779874	0.0	0.9822716346153846	0.0	0.9409509202453987	0.0	0.9968982630272953	0.0	0.9994038155802861	0.0	0.985202492211838	0.0	0.9465541490857946	0.0	0.9790521978021978	0.0	0.7161847014925373	0.0	0.9783834586466166	0.0	0.5390625	0.0	0.1685483870967742	0.0	0.2933227344992051	0.0	0.15233180428134557	0.0	0.0826219512195122	0.0	0.04411764705882353	0.0	0.8422865013774105	0.0	0.9993781094527363	0.0	0.9782229965156795	0.0	1.0	0.0	0.3566761363636364	0.0	0.0	0.0	0.0	0.0	0.0	0.0	0.0	0.0	0.0	0.0	0.0	0.0	0.0	0.0	0.0	0.0	0.0	0.0	0.0	0.0	0.0	0.0	0.0	0.0	0.0	0.0	0.0	0.0	0.0	0.0	0.055375647668393785	0.0	0.0	0.0	0.0	0.0	0.0	0.0	0.0	0.0	0.0	0.0	0.0	0.0	0.0	0.0	0.0	0.0	0.0	0.0	0.0	0.0	0.0	0.0	0.0	0.0	0.0	0.0	0.00819672131147541	0.0	0.0	0.0	0.0	0.0	0.0	0.0	0.0	0.0	0.0	0.0	0.0	0.0	0.0	0.0	0.0	0.0	0.0	0.0	0.008653846153846154	0.0	0.0	0.0	0.0	0.0	0.0	0.0	0.0	0.0	0.0	0.0	0.0	0.0	0.0	0.0	0.0	0.0	0.0	0.0	0.0	0.0	0.0	0.0	0.0	0.0	0.0	0.0	0.0	0.0	0.0	0.0	0.3212742980561555	0.0	0.0	0.0	0.0	0.0	0.0	0.0	0.0	0.0	0.0	0.0	0.0	0.0	0.09230009871668311	0.0	0.0	0.0	0.015129682997118156	0.0	0.012281659388646287	0.0	0.0	0.0	0.0	0.0	0.0	0.0	0.23643867924528303	0.0	0.0	0.0	0.0	0.0	0.00370919881305638	0.0	0.0	0.0	0.0	0.0	0.0	0.0	0.0	0.0	0.014204545454545454	0.0	0.4767578125	0.0	0.755859375	0.0	0.0	0.0	0.0	0.0	0.0	0.0	0.0	0.0	0.0	0.0	0.0	0.0	0.0	0.0	0.0	0.0	0.0	0.0	54	51.5
sub-M2031	152559	0.0	0.0	0.0	0.0	0.0	0.0	0.0	0.0	0.008620689655172414	0.0	0.0	0.0	0.0	0.0	0.0	0.0	0.0	0.0	0.03722426470588235	0.0	0.0	0.0	0.0	0.0	0.0	0.0	0.026020408163265306	0.0	0.23012820512820512	0.0	0.18671594982078854	0.0	0.7956749418153607	0.0	0.0	0.0	0.10714285714285714	0.0	0.26534653465346536	0.0	0.8923611111111112	0.0	0.18649012567324955	0.0	0.2383093525179856	0.0	0.5827777777777777	0.0	0.0	0.0	0.142	0.0	0.0	0.0	0.0	0.0	0.0	0.0	0.0	0.0	0.0	0.0	0.005569837189374464	0.0	0.0	0.0	0.0	0.0	0.0	0.0	0.028350515463917526	0.0	0.0	0.0	0.024734982332155476	0.0	0.0	0.0	0.0	0.0	0.0	0.0	0.0	0.0	0.0	0.0	0.839605734767025	0.0	0.6676954732510288	0.0	0.13333333333333333	0.0	0.3901869158878505	0.0	0.9544392523364486	0.0	0.14369158878504673	0.0	0.9315181518151815	0.0	0.17421441774491683	0.0	0.03775510204081633	0.0	0.5527597402597403	0.0	0.14973958333333334	0.0	0.04627249357326478	0.0	0.07325886990801576	0.0	0.018944759206798868	0.0	0.0	0.0	0.0	0.0	0.0	0.0	0.0	0.0	0.0	0.0	0.0	0.0	0.10664784394250514	0.0	0.0	0.0	0.0	0.0	0.24571572580645162	0.0	0.5444444444444444	0.0	0.8607673267326733	0.0	0.10399449035812672	0.0	0.053057553956834536	0.0	0.12532722513089006	0.0	0.06299603174603174	0.0	0.9843358395989975	0.0	1.0	0.0	0.9916553133514986	0.0	0.9163153456998314	0.0	0.8672806067172264	0.0	0.8430769230769231	0.0	0.5438636363636363	0.0	0.544047619047619	0.0	0.9448051948051948	0.0	0.9854559748427673	0.0	0.8311298076923077	0.0	0.32783742331288346	0.0	0.2720223325062035	0.0	0.9409777424483307	0.0	0.9927959501557633	0.0	0.7776019690576652	0.0	0.015453296703296704	0.0	0.07019589552238806	0.0	0.6602443609022557	0.0	0.8949092741935484	0.0	0.002688172043010753	0.0	0.00794912559618442	0.0	0.04319571865443425	0.0	0.1448170731707317	0.0	0.8115808823529411	0.0	0.5399449035812672	0.0	0.7705223880597015	0.0	0.02221254355400697	0.0	0.0	0.0	0.00014204545454545454	0.0	0.0	0.0	0.0	0.0	0.0	0.0	0.0	0.0	0.0	0.0	0.0	0.0	0.0	0.0	0.0	0.0	0.0	0.0	0.0	0.0	0.0	0.0	0.0	0.0	0.0	0.0	0.0	0.0	0.0	0.0	0.0	0.0	0.0	0.0	0.0	0.0	0.0	0.0	0.0	0.0	0.0	0.0	0.0	0.0	0.0	0.0	0.0	0.0	0.0	0.0	0.0	0.0	0.0	0.0	0.0	0.0	0.0	0.0	0.0	0.0	0.0	0.0	0.0	0.0	0.0	0.0	0.0	0.0	0.0	0.0	0.0	0.0	0.0	0.0	0.0	0.0	0.0	0.0	0.0	0.0	0.0	0.0	0.0	0.0	0.0	0.0	0.0	0.0	0.0	0.0	0.0	0.0	0.0	0.0	0.0	0.0	0.0	0.0	0.0	0.0	0.0	0.0	0.0	0.0	0.0	0.0	0.0	0.0	0.0	0.0	0.033207343412527	0.0	0.0	0.0	0.0	0.0	0.0	0.0	0.0	0.0	0.0	0.0	0.0	0.0	0.0	0.0	0.007550335570469799	0.0	0.03134005763688761	0.0	0.015010917030567686	0.0	0.0	0.0	0.0	0.0	0.0	0.0	0.07606132075471699	0.0	0.05	0.0	0.09166666666666666	0.0	0.03857566765578635	0.0	0.03787878787878788	0.0	0.0	0.0	0.02663934426229508	0.0	0.0	0.0	0.007575757575757576	0.0	0.1888671875	0.0	0.3524502840909091	0.0	0.0	0.0	0.0	0.0	0.0	0.0	0.0	0.0	0.0	0.0	0.0	0.0	0.0	0.0	0.0	0.0	0.0	0.0	56	33.9
sub-M2032	200301	0.0	0.0	0.0	0.0	0.0	0.0	0.03089887640449438	0.0	0.06976372924648787	0.0	0.006496062992125984	0.0	0.027064732142857144	0.0	0.21693840579710144	0.0	0.21079749103942652	0.0	0.5330882352941176	0.0	0.05517127799736495	0.0	0.09375	0.0	0.5490981963927856	0.0	0.688265306122449	0.0	0.9053418803418803	0.0	0.9786066308243727	0.0	0.9324088440651668	0.0	0.0023752969121140144	0.0	0.5916666666666667	0.0	0.7866336633663367	0.0	0.6361111111111111	0.0	0.07091561938958707	0.0	0.4442446043165468	0.0	0.7461111111111111	0.0	0.0	0.0	0.999	0.0	0.13232899022801303	0.0	0.0	0.0	0.7089235127478754	0.0	0.8647260273972602	0.0	0.0634469696969697	0.0	0.8753213367609255	0.0	0.7193211488250653	0.0	0.42829457364341084	0.0	0.15518962075848303	0.0	0.9690721649484536	0.0	0.6278462998102466	0.0	0.9562720848056537	0.0	0.14754098360655737	0.0	0.0	0.0	0.0	0.0	0.03519417475728155	0.0	0.0	0.0	0.9717741935483871	0.0	0.926440329218107	0.0	0.9625	0.0	0.8422897196261683	0.0	0.6927570093457944	0.0	0.6507009345794392	0.0	0.05858085808580858	0.0	0.0006931608133086876	0.0	0.0	0.0	0.0	0.0	0.0078125	0.0	0.6491002570694088	0.0	0.05584756898817345	0.0	0.13013456090651557	0.0	0.0	0.0	0.0	0.0	0.0	0.0	0.0	0.0	0.0	0.0	0.0	0.0	0.0	0.0	0.0	0.0	0.0	0.0	0.0	0.0	0.0	0.0	0.0	0.0	0.0	0.0	0.0	0.0	0.0	0.0	0.06994047619047619	0.0	0.8020050125313283	0.0	0.9642857142857143	0.0	0.9771798365122616	0.0	0.9983136593591906	0.0	0.9976977248104009	0.0	0.9884615384615385	0.0	0.975909090909091	0.0	0.9928571428571429	0.0	0.9983766233766234	0.0	0.6964098532494759	0.0	0.46033653846153844	0.0	0.7465490797546013	0.0	0.9826302729528535	0.0	0.08267090620031796	0.0	0.06113707165109034	0.0	0.00017580872011251758	0.0	0.907967032967033	0.0	0.020755597014925374	0.0	0.043233082706766915	0.0	0.0	0.0	0.054838709677419356	0.0	0.06418918918918919	0.0	0.0	0.0	0.0	0.0	0.0	0.0	0.6422176308539945	0.0	0.8675373134328358	0.0	0.8551103368176539	0.0	1.0	0.0	0.5338068181818182	0.0	0.0	0.0	0.0	0.0	0.0	0.0	0.0	0.0	0.0	0.0	0.0	0.0	0.0	0.0	0.0	0.0	0.0	0.0	0.0	0.0	0.0	0.0	0.0	0.0	0.0	0.0	0.0	0.0	0.0	0.0	0.0	0.0	0.0	0.0	0.0	0.0	0.0	0.0	0.0	0.0	0.0	0.0	0.0	0.0	0.0	0.0	0.0	0.0	0.0	0.0	0.0	0.0	0.0	0.0	0.0	0.0	0.0	0.0	0.0	0.0	0.0	0.0	0.0	0.0	0.0	0.0	0.0	0.0	0.0	0.0	0.0	0.0	0.0	0.0	0.0	0.0	0.0	0.0	0.0	0.0	0.0	0.0	0.0	0.0	0.0	0.0	0.0	0.0	0.0	0.0	0.0	0.0	0.0	0.0	0.0	0.0	0.0	0.0	0.0	0.0	0.0	0.0	0.0	0.0	0.0	0.0	0.0	0.0	0.0	0.0	0.30831533477321815	0.0	0.0	0.0	0.0010822510822510823	0.0	0.0	0.0	0.0	0.0	0.0	0.0	0.0	0.0	0.09230009871668311	0.0	0.0	0.0	0.0	0.0	0.0	0.0	0.0	0.0	0.0	0.0	0.0	0.0	0.19103773584905662	0.0	0.0	0.0	0.0	0.0	0.002225519287833828	0.0	0.0	0.0	0.0	0.0	0.0	0.0	0.0	0.0	0.004734848484848485	0.0	0.2369140625	0.0	0.6038707386363636	0.0	0.0	0.0	0.0	0.0	0.0	0.0	0.0	0.0	0.0	0.0	0.0	0.0	0.0	0.0	0.0	0.0	0.0	0.0	59	26.1
sub-M2034	277009	0.0	0.0	0.0	0.0	0.0	0.0	0.0	0.0	0.0	0.0	0.0	0.0	0.0	0.0	0.0	0.0	0.00044802867383512545	0.0	0.0	0.0	0.0	0.0	0.0	0.0	0.0	0.0	0.0	0.0	0.0	0.0	0.0008960573476702509	0.0	0.12926687354538402	0.0	0.0	0.0	0.0	0.0	0.0	0.0	0.15625	0.0	0.03209156193895871	0.0	0.0	0.0	0.07388888888888889	0.0	0.0	0.0	0.0	0.0	0.007328990228013029	0.0	0.0	0.0	0.0	0.0	0.0	0.0	0.0	0.0	0.4282347900599829	0.0	0.2901436031331593	0.0	0.5254360465116279	0.0	0.3290918163672655	0.0	1.0	0.0	0.9686907020872866	0.0	1.0	0.0	0.930327868852459	0.0	0.2156084656084656	0.0	0.9871541501976284	0.0	0.995752427184466	0.0	0.6298850574712643	0.0	1.0	0.0	1.0	0.0	1.0	0.0	1.0	0.0	1.0	0.0	1.0	0.0	1.0	0.0	0.9990757855822551	0.0	0.9813775510204081	0.0	0.9728084415584416	0.0	0.998046875	0.0	1.0	0.0	0.9891590013140604	0.0	0.9962818696883853	0.0	0.9846938775510204	0.0	0.0	0.0	0.4508426966292135	0.0	0.2087673611111111	0.0	0.0	0.0	0.4262886597938144	0.0	0.17890143737166325	0.0	0.9925271739130435	0.0	0.9000501002004008	0.0	0.6940524193548387	0.0	0.5361111111111111	0.0	0.8186881188118812	0.0	0.9297520661157025	0.0	0.16276978417266186	0.0	0.225130890052356	0.0	0.020337301587301588	0.0	0.15946115288220553	0.0	0.1505863539445629	0.0	0.20946866485013624	0.0	0.7242833052276559	0.0	0.969257854821235	0.0	0.14461538461538462	0.0	0.7038636363636364	0.0	0.24523809523809523	0.0	0.9594155844155844	0.0	1.0	0.0	0.9329927884615384	0.0	0.5034509202453987	0.0	0.5530397022332506	0.0	0.9998012718600954	0.0	1.0	0.0	0.9985935302390999	0.0	0.44608516483516486	0.0	0.659981343283582	0.0	1.0	0.0	0.9211189516129032	0.0	0.032526881720430105	0.0	0.09757551669316375	0.0	0.07090978593272171	0.0	0.18109756097560975	0.0	0.7316176470588235	0.0	0.44696969696969696	0.0	0.8103233830845771	0.0	0.03208478513356562	0.0	0.0	0.0	0.0	0.0	0.0	0.0	0.0	0.0	0.0	0.0	0.0	0.0	0.0	0.0	0.0	0.0	0.0	0.0	0.0	0.0	0.0	0.0	0.0	0.0	0.0	0.0	0.0	0.0	0.0	0.0	0.0	0.0	0.0	0.0	0.08063471502590673	0.0	0.00048638132295719845	0.0	0.0	0.0	0.0	0.0	0.0	0.0	0.0	0.0	0.0	0.0	0.0	0.0	0.0	0.0	0.0	0.0	0.0	0.0	0.00625	0.0	0.0	0.0	0.0	0.0	0.5058548009367682	0.0	0.09321120689655173	0.0	0.07840501792114696	0.0	0.11384758364312268	0.0	0.19444444444444445	0.0	0.07688679245283019	0.0	0.36477987421383645	0.0	0.47061011904761907	0.0	0.5841463414634146	0.0	0.386727078891258	0.0	0.9692307692307692	0.0	0.885593220338983	0.0	0.47678018575851394	0.0	1.0	0.0	0.9498587570621468	0.0	0.677734375	0.0	0.3159246575342466	0.0	0.7530092592592592	0.0	0.7825842696629214	0.0	0.36123110151187904	0.0	0.008487654320987654	0.0	0.6930212014134276	0.0	0.5313807531380753	0.0	0.5098684210526315	0.0	0.6821428571428572	0.0	0.5737577639751553	0.0	0.0550755939524838	0.0	0.0002860411899313501	0.0	0.0	0.0	0.001519756838905775	0.0	0.0	0.0	0.0	0.0	0.021640826873385012	0.0	0.0	0.0	0.0008389261744966443	0.0	0.025936599423631124	0.0	0.15611353711790393	0.0	0.16536458333333334	0.0	0.6283860045146726	0.0	0.29464285714285715	0.0	0.0	0.0	0.0	0.0	0.0	0.0	0.0	0.0	0.0	0.0	0.0	0.0	0.0	0.0	0.0	0.0	0.0	0.0	0.0	0.0	0.12642045454545456	0.0	0.0	0.0	0.0	0.0	0.0	0.0	0.0	0.0	0.0	0.0	0.0	0.0	0.0	0.0	0.0	0.0	0.0	0.0	68	31.0
sub-M2035	189618	0.2670863309352518	0.0	0.17059235074626866	0.0	0.08991228070175439	0.0	0.004213483146067416	0.0	0.1894955300127714	0.0	0.4730314960629921	0.0	0.15680803571428573	0.0	0.47101449275362317	0.0	0.42562724014336917	0.0	0.7132352941176471	0.0	0.39476284584980237	0.0	0.7598214285714285	0.0	0.3965430861723447	0.0	0.8285714285714286	0.0	0.9596153846153846	0.0	0.9930555555555556	0.0	0.987878200155159	0.0	0.003859857482185273	0.0	0.0035714285714285713	0.0	0.4	0.0	0.6666666666666666	0.0	0.18761220825852784	0.0	0.3430755395683453	0.0	0.6938888888888889	0.0	0.0	0.0	1.0	0.0	0.21783387622149838	0.0	0.005597014925373134	0.0	0.830028328611898	0.0	0.9417808219178082	0.0	0.10700757575757576	0.0	0.6580976863753213	0.0	0.17199738903394257	0.0	0.03125	0.0	0.0155938123752495	0.0	0.3853092783505155	0.0	0.12215370018975331	0.0	0.4012809187279152	0.0	0.0020491803278688526	0.0	0.0	0.0	0.0	0.0	0.0	0.0	0.0	0.0	0.15725806451612903	0.0	0.0411522633744856	0.0	0.13333333333333333	0.0	0.0	0.0	0.17523364485981308	0.0	0.0	0.0	0.03712871287128713	0.0	0.0	0.0	0.0	0.0	0.0	0.0	0.0	0.0	0.0	0.0	0.0	0.0	0.0	0.0	0.0	0.0	0.0	0.0	0.0	0.0	0.0	0.0	0.0	0.0	0.0	0.0	0.0	0.0	0.0	0.0	0.0	0.0	0.0	0.0	0.0	0.0	0.0	0.0	0.0	0.0	0.0	0.0	0.0	0.0	0.22023809523809523	0.0	0.9736842105263158	0.0	1.0	0.0	0.9998297002724795	0.0	0.8178752107925801	0.0	0.5782773564463706	0.0	0.9940384615384615	0.0	0.9597727272727272	0.0	0.7797619047619048	0.0	0.8892045454545454	0.0	0.4690775681341719	0.0	0.0868389423076923	0.0	0.4072085889570552	0.0	0.011166253101736972	0.0	0.0	0.0	0.041082554517133954	0.0	0.0	0.0	0.0	0.0	0.0	0.0	0.0	0.0	0.0	0.0	0.00510752688172043	0.0	0.0011923688394276629	0.0	0.0	0.0	0.0	0.0	0.0	0.0	0.6652892561983471	0.0	0.9645522388059702	0.0	0.2775842044134727	0.0	0.12771739130434784	0.0	0.15426136363636364	0.0	0.07152230971128609	0.0	0.23275862068965517	0.0	0.1377887788778878	0.0	0.036312849162011177	0.0	0.018867924528301886	0.0	0.0	0.0	0.0020491803278688526	0.0	0.1423076923076923	0.0	0.18889925373134328	0.0	0.19425675675675674	0.0	0.23314144736842105	0.0	0.19444444444444445	0.0	0.06521739130434782	0.0	0.12706043956043955	0.0	0.012593283582089552	0.0	0.0	0.0	0.0	0.0	0.05974477958236659	0.0	0.21349557522123894	0.0	0.0	0.0	0.0	0.0	0.0	0.0	0.0	0.0	0.0	0.0	0.0	0.0	0.15981012658227847	0.0	0.014945652173913044	0.0	0.0009566326530612245	0.0	0.0	0.0	0.0	0.0	0.0	0.0	0.0	0.0	0.0	0.0	0.0	0.0	0.0	0.0	0.0	0.0	0.0	0.0	0.0	0.0	0.0	0.0	0.0	0.0	0.0	0.0	0.0	0.0	0.0	0.0	0.0	0.0	0.0	0.0	0.0	0.0	0.0	0.0	0.0	0.0	0.0	0.0	0.0	0.0	0.0	0.0	0.0	0.0	0.0	0.0	0.0	0.0	0.0	0.0	0.16468682505399568	0.0	0.0	0.0	0.0010822510822510823	0.0	0.0	0.0	0.0	0.0	0.0	0.0	0.0	0.0	0.0012339585389930898	0.0	0.0	0.0	0.0	0.0	0.0	0.0	0.0	0.0	0.0	0.0	0.0	0.0	0.06367924528301887	0.0	0.0	0.0	0.0	0.0	0.11313056379821959	0.0	0.0	0.0	0.0	0.0	0.0	0.0	0.0	0.0	0.000946969696969697	0.0	0.3763671875	0.0	0.3758877840909091	0.0	0.0	0.0	0.0	0.0	0.0	0.0	0.0	0.0	0.0	0.0	0.0	0.0	0.0	0.0	0.0	0.0	0.0	0.0	65	25.1
sub-M2036	151413	0.0	0.0	0.0	0.0	0.0	0.0	0.0	0.0	0.0	0.0	0.005905511811023622	0.0	0.0068359375	0.0	0.020153985507246376	0.0	0.04726702508960574	0.0	0.08869485294117647	0.0	0.004776021080368906	0.0	0.11160714285714286	0.0	0.060871743486973946	0.0	0.6316326530612245	0.0	0.5585470085470086	0.0	0.9344758064516129	0.0	0.709755624515128	0.0	0.0	0.0	0.0	0.0	0.0004950495049504951	0.0	0.0	0.0	0.0	0.0	0.0	0.0	0.0	0.0	0.0	0.0	0.976	0.0	0.005293159609120521	0.0	0.0	0.0	0.19812322946175637	0.0	0.8467465753424658	0.0	0.0	0.0	0.6450299914310197	0.0	0.070822454308094	0.0	0.009205426356589148	0.0	0.001122754491017964	0.0	0.9935567010309279	0.0	0.1461100569259962	0.0	0.5772968197879859	0.0	0.0	0.0	0.0	0.0	0.0	0.0	0.0	0.0	0.0	0.0	0.9995519713261649	0.0	1.0	0.0	0.9933333333333333	0.0	0.9879283489096573	0.0	0.9941588785046729	0.0	0.7885514018691588	0.0	0.7607260726072608	0.0	0.22758780036968576	0.0	0.0	0.0	0.0	0.0	0.24674479166666666	0.0	0.2731362467866324	0.0	0.14635348226018396	0.0	0.051699716713881017	0.0	0.0	0.0	0.0	0.0	0.0	0.0	0.0	0.0	0.0	0.0	0.0	0.0	0.0	0.0	0.0	0.0	0.0	0.0	0.0	0.0	0.0	0.0	0.0	0.0	0.0	0.0	0.0	0.0	0.0	0.0	0.0	0.0	0.22525062656641603	0.0	0.6553837953091685	0.0	0.9080381471389646	0.0	0.9293844856661045	0.0	0.9963434452871073	0.0	0.9984615384615385	0.0	0.9972727272727273	0.0	1.0	0.0	0.9987824675324676	0.0	0.8997641509433962	0.0	0.6613581730769231	0.0	0.02262269938650307	0.0	0.8774813895781638	0.0	0.32829888712241656	0.0	0.3516355140186916	0.0	0.39433895921237694	0.0	0.42342032967032966	0.0	0.004197761194029851	0.0	0.045112781954887216	0.0	0.0	0.0	0.0	0.0	0.009737678855325914	0.0	0.0	0.0	0.0	0.0	0.0	0.0	0.09366391184573003	0.0	0.48756218905472637	0.0	0.018583042973286876	0.0	0.0	0.0	0.0	0.0	0.0	0.0	0.0	0.0	0.0	0.0	0.0	0.0	0.0	0.0	0.0	0.0	0.0	0.0	0.0	0.0	0.0	0.0	0.0	0.0	0.0	0.0	0.0	0.0	0.0	0.0	0.0	0.0	0.0	0.0	0.0	0.0	0.0	0.0	0.0	0.0	0.0	0.0	0.0	0.0	0.0	0.0	0.0	0.0	0.0	0.0	0.0	0.0	0.0	0.0	0.0	0.0	0.0	0.0	0.0	0.0	0.0	0.0	0.0	0.0	0.0	0.0	0.0	0.0	0.0	0.0	0.0	0.0	0.0	0.0	0.0	0.0	0.0	0.0	0.0	0.0	0.0	0.0	0.0	0.0	0.0	0.0	0.0	0.0	0.0	0.0	0.0	0.0	0.0	0.0	0.0	0.0	0.0	0.0	0.0	0.0	0.0	0.0	0.0	0.0	0.0	0.0	0.0	0.0	0.0	0.0	0.0	0.0	0.0	0.0	0.0005399568034557236	0.0	0.0	0.0	0.0	0.0	0.0	0.0	0.0	0.0	0.0	0.0	0.0	0.0	0.0	0.0	0.0	0.0	0.0	0.0	0.0	0.0	0.0	0.0	0.0	0.0	0.0	0.0	0.02830188679245283	0.0	0.0	0.0	0.0	0.0	0.0	0.0	0.0	0.0	0.0	0.0	0.0	0.0	0.0	0.0	0.030303030303030304	0.0	0.2396484375	0.0	0.5715553977272727	0.0	0.0	0.0	0.0	0.0	0.0	0.0	0.0	0.0	0.0	0.0	0.0	0.0	0.0	0.0	0.0	0.0	0.0	0.0	50	72.2
sub-M2037	55300	0.0	0.0	0.0	0.0	0.0	0.0	0.0	0.0	0.0	0.0	0.0	0.0	0.0	0.0	0.0	0.0	0.0	0.0	0.0	0.0	0.0	0.0	0.0	0.0	0.0	0.0	0.0	0.0	0.0	0.0	0.0	0.0	0.0001939487975174554	0.0	0.0	0.0	0.0	0.0	0.0	0.0	0.03888888888888889	0.0	0.0	0.0	0.0	0.0	0.0	0.0	0.0	0.0	0.0	0.0	0.0	0.0	0.0	0.0	0.0	0.0	0.0	0.0	0.0	0.0	0.0	0.0	0.0	0.0	0.0	0.0	0.0	0.0	0.0	0.0	0.0	0.0	0.0	0.0	0.0	0.0	0.0	0.0	0.0	0.0	0.0	0.0	0.0	0.0	0.0	0.0	0.0	0.0	0.0	0.0	0.0	0.0	0.0	0.0	0.0	0.0	0.0	0.0	0.0	0.0	0.0	0.0	0.0	0.0	0.0	0.0	0.0	0.0	0.0	0.0	0.0	0.0	0.0	0.0	0.0	0.0	0.0	0.0	0.0	0.0	0.0	0.0	0.0	0.0	0.0	0.0	0.0	0.0	0.0	0.0	0.0	0.0	0.0	0.0	0.0	0.0	0.0	0.0	0.0	0.0	0.0	0.0	0.046130952380952384	0.0	0.41040100250626566	0.0	0.055170575692963755	0.0	0.20776566757493187	0.0	0.9131534569983136	0.0	0.19989165763813652	0.0	0.2728846153846154	0.0	0.3525	0.0	0.02142857142857143	0.0	0.546672077922078	0.0	0.0	0.0	0.26156850961538464	0.0	0.8470092024539877	0.0	0.9996898263027295	0.0	0.3267090620031797	0.0	0.0	0.0	0.0	0.0	0.9934752747252747	0.0	0.43260261194029853	0.0	0.44783834586466165	0.0	0.0	0.0	0.007123655913978495	0.0	0.12440381558028617	0.0	0.0	0.0	0.0	0.0	0.0	0.0	0.7816804407713499	0.0	0.9670398009950248	0.0	0.4298780487804878	0.0	0.266304347826087	0.0	0.044602272727272727	0.0	0.0	0.0	0.0	0.0	0.0	0.0	0.0	0.0	0.0	0.0	0.0	0.0	0.0	0.0	0.0	0.0	0.0	0.0	0.0	0.0	0.0	0.0	0.0	0.0	0.0	0.0	0.0	0.0	0.0	0.0	0.0	0.0	0.0	0.0	0.0	0.0	0.0	0.0	0.0	0.0	0.0	0.0	0.0	0.0	0.0	0.0	0.0	0.0	0.0	0.0	0.0	0.0	0.0	0.0	0.0	0.0	0.0	0.0	0.0	0.0	0.0	0.0	0.0	0.0	0.0	0.0	0.0	0.0	0.0	0.0	0.0	0.0	0.0	0.0	0.0	0.0	0.0	0.0	0.0	0.0	0.0	0.0	0.0	0.0	0.0	0.0	0.0	0.0	0.0	0.0	0.0	0.0	0.0	0.0	0.0	0.0	0.0	0.0	0.0	0.0	0.0	0.0	0.0	0.0	0.0	0.0	0.0	0.0	0.0	0.0	0.23002159827213822	0.0	0.0	0.0	0.0	0.0	0.0	0.0	0.0	0.0	0.0	0.0	0.0	0.0	0.0	0.0	0.0	0.0	0.0	0.0	0.0	0.0	0.0	0.0	0.0	0.0	0.0	0.0	0.1733490566037736	0.0	0.0	0.0	0.0	0.0	0.0	0.0	0.0	0.0	0.0	0.0	0.0	0.0	0.0	0.0	0.0	0.0	0.405078125	0.0	0.6042258522727273	0.0	0.0	0.0	0.0	0.0	0.0	0.0	0.0	0.0	0.0	0.0	0.0	0.0	0.0	0.0	0.0	0.0	0.0	0.0	40	85.3
sub-M2040	243711	0.0	0.0	0.0	0.0	0.0	0.0	0.0	0.0	0.0603448275862069	0.0	0.06948818897637796	0.0	0.10323660714285714	0.0	0.09669384057971014	0.0	0.009632616487455198	0.0	1.0	0.0	0.5820158102766798	0.0	0.9455357142857143	0.0	0.8336673346693386	0.0	1.0	0.0	1.0	0.0	0.9184587813620072	0.0	0.9994181536074477	0.0	0.0	0.0	0.0	0.0	0.6688118811881189	0.0	0.9229166666666667	0.0	0.22508976660682226	0.0	0.13129496402877697	0.0	0.8494444444444444	0.0	0.0	0.0	0.9285	0.0	0.0	0.0	0.0	0.0	0.11402266288951841	0.0	0.7731164383561644	0.0	0.0	0.0	0.5119965724078834	0.0	0.4030678851174935	0.0	0.32521802325581395	0.0	0.17277944111776447	0.0	1.0	0.0	0.75426944971537	0.0	1.0	0.0	0.8709016393442623	0.0	0.3835978835978836	0.0	0.4955533596837945	0.0	0.38288834951456313	0.0	0.021839080459770115	0.0	1.0	0.0	1.0	0.0	1.0	0.0	1.0	0.0	1.0	0.0	1.0	0.0	0.9034653465346535	0.0	0.7615526802218114	0.0	0.04642857142857143	0.0	0.005681818181818182	0.0	0.8125	0.0	0.9421593830334191	0.0	0.32457293035479634	0.0	0.2785056657223796	0.0	0.0	0.0	0.0	0.0	0.0	0.0	0.0	0.0	0.0	0.0	0.0	0.0	0.0	0.0	0.0	0.0	0.0	0.0	0.0	0.0	0.0	0.0	0.0	0.0	0.0	0.0	0.0	0.0	0.0	0.0	0.03869047619047619	0.0	0.9906015037593985	0.0	1.0	0.0	1.0	0.0	0.9734401349072512	0.0	1.0	0.0	0.9915384615384616	0.0	0.9220454545454545	0.0	1.0	0.0	1.0	0.0	1.0	0.0	0.9690504807692307	0.0	0.928680981595092	0.0	0.9029156327543424	0.0	0.6124801271860095	0.0	0.839563862928349	0.0	0.6691279887482419	0.0	0.6878434065934066	0.0	0.01142723880597015	0.0	0.03477443609022556	0.0	0.023689516129032258	0.0	0.0	0.0	0.009538950715421303	0.0	0.0	0.0	0.0	0.0	0.0	0.0	0.4521349862258953	0.0	0.9906716417910447	0.0	0.1566492450638792	0.0	0.0	0.0	0.0	0.0	0.0	0.0	0.0	0.0	0.0	0.0	0.0	0.0	0.0	0.0	0.0	0.0	0.0	0.0	0.0	0.0	0.0	0.0	0.0	0.0	0.0	0.0	0.0	0.0	0.0	0.0	0.0	0.0	0.0	0.0	0.07577720207253887	0.0	0.09824902723735408	0.0	0.0	0.0	0.0	0.0	0.0	0.0	0.0	0.0	0.0	0.0	0.0	0.0	0.0	0.0	0.0	0.0	0.0	0.0	0.002173913043478261	0.0	0.0	0.0	0.0	0.0	0.0	0.0	0.0	0.0	0.003360215053763441	0.0	0.010687732342007435	0.0	0.0030864197530864196	0.0	0.0	0.0	0.0	0.0	0.0	0.0	0.0	0.0	0.0	0.0	0.0	0.0	0.0	0.0	0.0	0.0	0.0	0.0	0.0	0.0	0.0	0.0	0.0	0.0	0.0	0.0	0.0	0.0	0.0	0.0	0.0	0.0	0.0	0.0	0.0	0.0	0.0	0.0	0.0	0.0	0.0	0.0	0.019168466522678184	0.0	0.0	0.0	0.0	0.0	0.0	0.0	0.0	0.0	0.0	0.0	0.0	0.0	0.0	0.0	0.0	0.0	0.0	0.0	0.0	0.0	0.0	0.0	0.0	0.0	0.0	0.0	0.0902122641509434	0.0	0.05	0.0	0.029166666666666667	0.0	0.011498516320474777	0.0	0.030303030303030304	0.0	0.00035310734463276836	0.0	0.0	0.0	0.0	0.0	0.0	0.0	0.286328125	0.0	0.45472301136363635	0.0	0.0	0.0	0.0	0.0	0.0	0.0	0.0	0.0	0.0	0.0	0.0	0.0	0.0	0.0	0.0	0.0	0.0	0.0	49	52.9
sub-M2041	116156	0.0	0.0	0.0	0.0	0.05043859649122807	0.0	0.0	0.0	0.0	0.0	0.20826771653543308	0.0	0.4736328125	0.0	0.5672554347826086	0.0	0.34206989247311825	0.0	0.2734375	0.0	0.08646245059288538	0.0	0.3026785714285714	0.0	0.9468937875751503	0.0	0.8704081632653061	0.0	0.49893162393162394	0.0	0.9388440860215054	0.0	0.7360356865787432	0.0	0.0	0.0	0.0	0.0	0.0	0.0	0.0	0.0	0.0	0.0	0.0	0.0	0.0	0.0	0.0	0.0	0.962	0.0	0.028501628664495113	0.0	0.0	0.0	0.7402620396600567	0.0	0.7962328767123288	0.0	0.0	0.0	0.541452442159383	0.0	0.26370757180156656	0.0	0.007388565891472868	0.0	0.000499001996007984	0.0	0.8060567010309279	0.0	0.048861480075901326	0.0	0.1523851590106007	0.0	0.0	0.0	0.0	0.0	0.0	0.0	0.0	0.0	0.0	0.0	0.5	0.0	0.7412551440329218	0.0	0.55625	0.0	0.4696261682242991	0.0	0.07710280373831775	0.0	0.0455607476635514	0.0	0.005363036303630363	0.0	0.0	0.0	0.0	0.0	0.0	0.0	0.0	0.0	0.16131105398457585	0.0	0.000657030223390276	0.0	0.02638101983002833	0.0	0.0	0.0	0.0	0.0	0.0	0.0	0.0	0.0	0.0	0.0	0.0	0.0	0.0	0.0	0.0	0.0	0.0	0.0	0.0	0.0	0.0	0.0	0.0	0.0	0.0	0.0	0.0	0.0	0.0	0.0	0.0	0.0	0.12719298245614036	0.0	0.4621535181236674	0.0	0.7133855585831063	0.0	0.4458263069139966	0.0	0.4589653304442037	0.0	0.7228846153846153	0.0	0.7465909090909091	0.0	0.7952380952380952	0.0	0.22727272727272727	0.0	0.11189727463312368	0.0	0.047926682692307696	0.0	0.062116564417177916	0.0	0.0	0.0	0.0	0.0	0.000778816199376947	0.0	0.0	0.0	0.0	0.0	0.0	0.0	0.0	0.0	0.0	0.0	0.0	0.0	0.0	0.0	0.0	0.0	0.0	0.0	0.0	0.0	0.0	0.0	0.03482587064676617	0.0	0.0	0.0	0.0	0.0	0.0	0.0	0.0	0.0	0.0	0.0	0.0	0.0	0.0	0.0	0.0	0.0	0.0	0.0	0.0	0.0	0.0375	0.0	0.041044776119402986	0.0	0.016891891891891893	0.0	0.008223684210526315	0.0	0.11018518518518519	0.0	0.04110054347826087	0.0	0.0020604395604395605	0.0	0.0	0.0	0.0	0.0	0.0	0.0	0.0	0.0	0.0	0.0	0.0	0.0	0.0	0.0	0.0	0.0	0.0	0.0	0.0	0.0	0.0	0.0	0.0	0.0	0.0	0.0	0.0	0.0	0.0	0.0	0.0	0.0	0.0	0.0	0.0	0.0	0.0	0.0	0.0	0.0	0.0	0.0	0.0	0.0	0.0	0.0	0.0	0.0	0.0	0.0	0.0	0.0	0.0	0.0	0.0	0.0	0.0	0.0	0.0	0.0	0.0	0.0	0.0	0.0	0.0	0.0	0.0	0.0	0.0	0.0	0.0	0.0	0.0	0.0	0.0	0.0	0.0	0.0	0.0	0.0	0.0	0.0	0.0	0.0	0.0	0.0	0.0	0.0	0.0	0.0	0.0	0.0	0.0	0.0	0.0	0.0	0.0	0.0	0.0	0.0	0.0	0.0	0.0	0.0	0.0	0.0	0.0	0.0	0.0	0.0	0.018278301886792452	0.0	0.0	0.0	0.0	0.0	0.0	0.0	0.0	0.0	0.0	0.0	0.0	0.0	0.0	0.0	0.0	0.0	0.0203125	0.0	0.2705965909090909	0.0	0.0	0.0	0.0	0.0	0.0	0.0	0.0	0.0	0.0	0.0	0.0	0.0	0.0	0.0	0.0	0.0	0.0	0.0	66	16.32
sub-M2042	221135	0.0	0.0	0.0	0.0	0.0	0.0	0.0	0.0	0.0	0.0	0.0	0.0	0.03599330357142857	0.0	0.38790760869565216	0.0	0.605510752688172	0.0	0.0	0.0	0.0	0.0	0.0	0.0	0.44889779559118237	0.0	0.27653061224489794	0.0	0.0	0.0	0.4668458781362007	0.0	0.082622187742436	0.0	0.0	0.0	0.0	0.0	0.0	0.0	0.0	0.0	0.0	0.0	0.0	0.0	0.0	0.0	0.0	0.0	1.0	0.0	0.997557003257329	0.0	0.6455223880597015	0.0	0.9996458923512748	0.0	1.0	0.0	0.9479166666666666	0.0	0.9009211653813196	0.0	0.8182114882506527	0.0	0.8094718992248062	0.0	0.6621756487025948	0.0	0.8827319587628866	0.0	1.0	0.0	1.0	0.0	0.9713114754098361	0.0	0.9821428571428571	0.0	1.0	0.0	0.9963592233009708	0.0	0.6649425287356322	0.0	0.996415770609319	0.0	0.977880658436214	0.0	0.97375	0.0	1.0	0.0	0.9824766355140186	0.0	1.0	0.0	0.8193069306930693	0.0	0.758086876155268	0.0	0.06658163265306122	0.0	0.06939935064935066	0.0	0.9055989583333334	0.0	1.0	0.0	0.7756241787122208	0.0	0.6104815864022662	0.0	0.0	0.0	0.0	0.0	0.0	0.0	0.0	0.0	0.0	0.0	0.0	0.0	0.0	0.0	0.0	0.0	0.0	0.0	0.04057459677419355	0.0	0.0	0.0	0.1051980198019802	0.0	0.17183195592286502	0.0	0.0	0.0	0.0	0.0	0.0	0.0	0.05169172932330827	0.0	0.023720682302771856	0.0	0.6364100817438693	0.0	0.7322934232715008	0.0	0.9842903575297941	0.0	0.9986538461538461	0.0	0.9056818181818181	0.0	0.7464285714285714	0.0	0.75	0.0	0.6340408805031447	0.0	0.20973557692307693	0.0	0.003834355828220859	0.0	0.0018610421836228288	0.0	0.0208664546899841	0.0	0.5196651090342679	0.0	0.7009493670886076	0.0	0.0	0.0	0.0	0.0	0.0	0.0	0.03528225806451613	0.0	0.0	0.0	0.0	0.0	0.0	0.0	0.0	0.0	0.0	0.0	0.0	0.0	0.14427860696517414	0.0	0.0	0.0	0.0	0.0	0.0	0.0	0.0	0.0	0.0	0.0	0.0	0.0	0.0	0.0	0.0	0.0	0.0	0.0	0.0	0.0	0.0	0.0	0.0	0.0	0.0111003861003861	0.0	0.0	0.0	0.0	0.0	0.04653532608695652	0.0	0.037545787545787544	0.0	0.16744402985074627	0.0	0.4067357512953368	0.0	0.6381322957198443	0.0	0.0	0.0	0.0	0.0	0.0	0.0	0.0	0.0	0.01232394366197183	0.0	0.0	0.0	0.0012254901960784314	0.0	0.0	0.0	0.15822784810126583	0.0	0.3690217391304348	0.0	0.14795918367346939	0.0	0.13491189427312775	0.0	0.0	0.0	0.0	0.0	0.08422939068100359	0.0	0.22676579925650558	0.0	0.49537037037037035	0.0	0.18396226415094338	0.0	0.04716981132075472	0.0	0.014136904761904762	0.0	0.03536585365853658	0.0	0.0	0.0	0.0028846153846153848	0.0	0.0	0.0	0.0	0.0	0.0	0.0	0.0	0.0	0.0	0.0	0.0	0.0	0.0	0.0	0.0	0.0	0.0	0.0	0.0	0.0	0.0	0.0	0.0	0.0	0.0	0.0	0.0	0.0	0.0	0.0	0.0	0.0	0.0	0.0	0.0	0.0	0.0	0.0	0.0	0.0	0.0	0.0	0.0	0.0	0.0	0.0	0.0	0.0	0.0	0.0	0.0	0.0	0.0	0.0	0.0	0.0	0.0	0.0	0.0	0.0	0.0	0.0	0.0	0.0	0.0	0.0	0.0	0.0	0.0	0.0	0.0	0.0	0.01293103448275862	0.0	0.0	0.0	0.1126953125	0.0	0.5836292613636364	0.0	0.0	0.0	0.0	0.0	0.0	0.0	0.0	0.0	0.0011904761904761906	0.0	0.0	0.0	0.0	0.0	0.0	0.0	0.0	0.0	60	61.6
sub-M2043	4001	0.0	0.0	0.0	0.0	0.0	0.0	0.0	0.0	0.0	0.0	0.0001968503937007874	0.0	0.0	0.0	0.0	0.0	0.01881720430107527	0.0	0.0	0.0	0.0	0.0	0.0	0.0	0.0	0.0	0.0	0.0	0.0	0.0	0.04536290322580645	0.0	0.0	0.0	0.0	0.0	0.0	0.0	0.0	0.0	0.0	0.0	0.0	0.0	0.0	0.0	0.0	0.0	0.0	0.0	0.0	0.0	0.0	0.0	0.0	0.0	0.0	0.0	0.0	0.0	0.0	0.0	0.020458440445586975	0.0	0.0	0.0	0.0	0.0	0.0	0.0	0.0	0.0	0.0	0.0	0.0	0.0	0.0	0.0	0.0	0.0	0.0	0.0	0.0	0.0	0.0	0.0	0.0	0.0	0.0	0.0	0.0	0.0	0.0	0.0	0.0	0.0	0.0	0.0	0.0	0.0	0.0	0.0	0.0	0.0	0.0	0.0	0.0	0.0	0.0	0.0	0.0	0.0	0.0	0.0	0.0	0.0	0.0	0.0	0.0	0.0	0.0	0.0	0.0	0.0	0.0	0.0	0.0	0.0	0.0	0.0	0.0	0.0	0.0	0.0	0.0	0.0	0.0	0.0	0.0	0.0	0.0	0.0	0.0	0.0	0.0	0.0	0.0	0.0	0.0	0.0	0.0	0.0	0.0	0.0	0.0	0.0	0.0	0.0	0.0	0.0	0.0	0.0	0.0	0.0	0.0	0.0	0.0	0.0	0.0	0.0	0.0	0.0	0.0	0.0	0.0	0.0	0.0	0.0	0.0	0.0	0.0	0.0	0.0	0.0	0.0	0.0	0.0	0.0	0.0	0.0	0.0	0.0	0.0	0.0	0.0	0.0	0.0	0.0	0.0	0.0	0.0	0.0	0.0	0.0	0.0	0.0	0.0	0.0	0.0	0.0	0.0	0.0	0.0	0.0	0.0	0.0	0.0	0.0	0.0	0.0	0.0	0.0	0.0	0.0	0.0	0.0	0.0	0.0	0.0	0.0	0.0	0.0	0.0	0.0	0.0	0.0	0.0	0.0	0.0	0.0	0.0	0.0	0.0	0.0	0.0	0.0	0.0	0.0	0.0	0.0	0.0	0.0	0.0	0.0	0.0	0.0	0.0	0.0	0.0	0.0	0.0	0.0	0.0	0.0	0.0	0.0	0.0	0.0	0.0	0.0	0.0	0.0	0.0	0.0	0.0	0.0	0.0	0.0	0.0	0.0	0.0	0.0	0.0	0.0	0.0	0.0	0.0	0.0	0.0	0.0	0.0	0.0	0.0	0.0	0.0	0.0	0.0	0.0	0.0	0.0	0.0	0.0	0.0	0.0	0.0	0.0	0.0	0.0	0.0	0.0	0.0	0.0	0.0	0.0	0.0	0.0	0.0	0.0	0.0	0.0	0.0	0.0	0.0	0.0	0.0	0.0	0.0	0.0	0.0	0.0	0.0	0.0	0.0	0.0	0.0	0.0	0.0	0.0	0.0	0.0	0.0	0.0	0.0	0.0	0.0	0.0	0.0	0.0	0.0	0.0	0.0	0.0	0.0	0.0	0.0	0.0	0.0	0.0	0.0	0.0	0.0	0.0	0.0	0.0	0.0	0.0	0.0	0.0	0.0	0.0	0.0	0.0	0.0	0.0	0.0	0.0	0.0	0.0	0.0	0.0	0.0	0.0	0.0	0.0	74	95.0
sub-M2044	161007	0.0	0.0	0.0	0.0	0.0	0.0	0.0	0.0	0.0	0.0	0.0015748031496062992	0.0	0.0037667410714285715	0.0	0.007472826086956522	0.0	0.05510752688172043	0.0	0.0	0.0	0.0	0.0	0.0008928571428571428	0.0	0.02905811623246493	0.0	0.11632653061224489	0.0	0.07564102564102564	0.0	0.38429659498207885	0.0	0.11084173778122576	0.0	0.0	0.0	0.0	0.0	0.0	0.0	0.0	0.0	0.0	0.0	0.0	0.0	0.0	0.0	0.0	0.0	0.579	0.0	0.0989413680781759	0.0	0.0	0.0	0.1049929178470255	0.0	0.052226027397260275	0.0	0.0	0.0	0.7124035989717223	0.0	0.5678851174934726	0.0	0.13396317829457363	0.0	0.06487025948103792	0.0	0.9375	0.0	0.47224857685009486	0.0	0.7716431095406361	0.0	0.0	0.0	0.0	0.0	0.011363636363636364	0.0	0.0	0.0	0.0	0.0	1.0	0.0	1.0	0.0	0.8891666666666667	0.0	0.7231308411214953	0.0	0.7009345794392523	0.0	0.4427570093457944	0.0	0.31518151815181517	0.0	0.09288354898336414	0.0	0.0	0.0	0.011363636363636364	0.0	0.041666666666666664	0.0	0.605719794344473	0.0	0.2071287779237845	0.0	0.11880311614730878	0.0	0.002551020408163265	0.0	0.0	0.0	0.0	0.0	0.0	0.0	0.0	0.0	0.0	0.0	0.0017967145790554414	0.0	0.0	0.0	0.0	0.0	0.0637600806451613	0.0	0.006666666666666667	0.0	0.19554455445544555	0.0	0.0013774104683195593	0.0	0.5107913669064749	0.0	0.1469240837696335	0.0	0.0	0.0	0.0	0.0	0.003997867803837953	0.0	0.051771117166212535	0.0	0.2177487352445194	0.0	0.9813109425785482	0.0	0.3498076923076923	0.0	0.8495454545454545	0.0	0.5059523809523809	0.0	0.7309253246753247	0.0	0.9893867924528302	0.0	0.6439302884615384	0.0	0.0	0.0	0.0759925558312655	0.0	0.8006756756756757	0.0	0.6257788161993769	0.0	0.23839662447257384	0.0	0.026442307692307692	0.0	0.6415578358208955	0.0	0.5780075187969925	0.0	0.7283266129032258	0.0	0.07204301075268817	0.0	0.234697933227345	0.0	0.9327217125382263	0.0	0.9466463414634146	0.0	0.7141544117647058	0.0	0.0	0.0	0.0	0.0	0.00029036004645760743	0.0	0.0	0.0	0.0	0.0	0.0	0.0	0.0	0.0	0.0	0.0	0.0	0.0	0.0	0.0	0.0	0.0	0.0	0.0	0.0	0.0	0.0	0.0	0.0	0.0	0.0	0.0	0.0	0.0	0.0	0.0	0.0	0.0	0.0	0.0	0.0009715025906735751	0.0	0.0	0.0	0.0	0.0	0.0	0.0	0.0	0.0	0.0	0.0	0.0	0.0	0.0	0.0	0.0	0.0	0.0	0.0	0.006329113924050633	0.0	0.0	0.0	0.0	0.0	0.0	0.0	0.0	0.0	0.0	0.0	0.0	0.0	0.0	0.0	0.0	0.0	0.0	0.0	0.0	0.0	0.0	0.0	0.0	0.0	0.0	0.0	0.0	0.0	0.0	0.0	0.009674922600619196	0.0	0.0	0.0	0.0	0.0	0.0	0.0	0.0	0.0	0.03148148148148148	0.0	0.04915730337078652	0.0	0.0	0.0	0.0	0.0	0.0	0.0	0.0	0.0	0.0	0.0	0.0	0.0	0.0	0.0	0.0	0.0	0.0002860411899313501	0.0	0.0	0.0	0.001519756838905775	0.0	0.0	0.0	0.0	0.0	0.0	0.0	0.0022211253701875616	0.0	0.11912751677852348	0.0	0.38436599423631124	0.0	0.6290938864628821	0.0	0.14973958333333334	0.0	0.11173814898419865	0.0	0.0	0.0	0.011202830188679245	0.0	0.0	0.0	0.0	0.0	0.0	0.0	0.017992424242424244	0.0	0.0	0.0	0.02151639344262295	0.0	0.008620689655172414	0.0	0.13731060606060605	0.0	0.081640625	0.0	0.3986150568181818	0.0	0.0	0.0	0.0	0.0	0.0	0.0	0.0	0.0	0.0005952380952380953	0.0	0.0	0.0	0.0	0.0	0.0	0.0	0.0	0.0	44	74.8
sub-M2045	348231	0.0	0.0	0.5051305970149254	0.0	0.8793859649122807	0.0	0.0018726591760299626	0.0	0.3370051085568327	0.0	0.7964566929133858	0.0	0.9571707589285714	0.0	0.9968297101449275	0.0	0.9086021505376344	0.0	1.0	0.0	0.9247364953886693	0.0	1.0	0.0	1.0	0.0	1.0	0.0	0.9995726495726496	0.0	1.0	0.0	0.9871024049650892	0.0	0.0	0.0	0.36547619047619045	0.0	0.9428217821782178	0.0	0.8604166666666667	0.0	0.22755834829443447	0.0	0.10836330935251799	0.0	0.5555555555555556	0.0	0.0	0.0	1.0	0.0	0.9906351791530945	0.0	0.5149253731343284	0.0	1.0	0.0	0.997431506849315	0.0	0.9649621212121212	0.0	0.9656169665809768	0.0	1.0	0.0	0.9698401162790697	0.0	0.8257235528942116	0.0	1.0	0.0	0.9786527514231499	0.0	0.9991166077738516	0.0	0.6495901639344263	0.0	0.36706349206349204	0.0	0.633893280632411	0.0	0.19781553398058252	0.0	0.04741379310344827	0.0	1.0	0.0	1.0	0.0	1.0	0.0	0.9988317757009346	0.0	1.0	0.0	0.9544392523364486	0.0	0.7726897689768977	0.0	0.8112292051756007	0.0	0.06454081632653061	0.0	0.026785714285714284	0.0	0.583984375	0.0	0.8338688946015425	0.0	0.22798948751642575	0.0	0.11455382436260624	0.0	0.04591836734693878	0.0	0.0	0.0	0.0	0.0	0.0	0.0	0.0	0.0	0.0	0.0	0.0	0.0	0.0	0.0	0.0	0.0	0.03225806451612903	0.0	0.0	0.0	0.012995049504950494	0.0	0.0	0.0	0.0	0.0	0.0	0.0	0.37896825396825395	0.0	0.9921679197994987	0.0	0.8539445628997868	0.0	0.9713896457765667	0.0	0.9747048903878583	0.0	0.9997291440953413	0.0	0.9901923076923077	0.0	0.9472727272727273	0.0	0.9714285714285714	0.0	1.0	0.0	0.997772536687631	0.0	0.9699519230769231	0.0	0.7611196319018405	0.0	0.7434863523573201	0.0	0.8173688394276629	0.0	0.7589563862928349	0.0	0.48558368495077353	0.0	0.22733516483516483	0.0	0.18819962686567165	0.0	0.4055451127819549	0.0	0.11693548387096774	0.0	0.026478494623655913	0.0	0.012917329093799682	0.0	0.04892966360856269	0.0	0.011585365853658536	0.0	0.0	0.0	0.9734848484848485	0.0	1.0	0.0	0.6418408826945412	0.0	1.0	0.0	0.3487215909090909	0.0	0.0	0.0	0.0058316430020283975	0.0	0.3721122112211221	0.0	0.0	0.0	0.0	0.0	0.0	0.0	0.0	0.0	0.21057692307692308	0.0	0.8708022388059702	0.0	0.5323359073359073	0.0	0.0	0.0	0.0	0.0	0.10122282608695653	0.0	0.2909798534798535	0.0	0.0	0.0	0.04242227979274611	0.0	0.05398832684824903	0.0	0.0	0.0	0.0	0.0	0.0	0.0	0.0	0.0	0.0	0.0	0.0	0.0	0.0	0.0	0.0	0.0	0.04061181434599156	0.0	0.33016304347826086	0.0	0.16294642857142858	0.0	0.10022026431718062	0.0	0.0	0.0	0.0	0.0	0.00044802867383512545	0.0	0.0	0.0	0.0	0.0	0.006132075471698114	0.0	0.0	0.0	0.0	0.0	0.0	0.0	0.0	0.0	0.0	0.0	0.0	0.0	0.0	0.0	0.0	0.0	0.0	0.0	0.0	0.0	0.0	0.0	0.0	0.0	0.0	0.0	0.0	0.0	0.0	0.0	0.0	0.0	0.0	0.0	0.0	0.0	0.0	0.0	0.0	0.0	0.31101511879049676	0.0	0.0	0.0	0.035173160173160176	0.0	0.0	0.0	0.0	0.0	0.0	0.0	0.0	0.0	0.062438302073050345	0.0	0.0016778523489932886	0.0	0.02053314121037464	0.0	0.010917030567685589	0.0	0.0	0.0	0.0	0.0	0.0	0.0	0.15212264150943397	0.0	0.0	0.0	0.0	0.0	0.007047477744807121	0.0	0.0	0.0	0.0	0.0	0.0	0.0	0.0	0.0	0.10984848484848485	0.0	0.2744140625	0.0	0.5974786931818182	0.0	0.0	0.0	0.0	0.0	0.0	0.0	0.0	0.0	0.0	0.0	0.0	0.0	0.0	0.0	0.0	0.0	0.0	0.0	34	5.7
sub-M2046	196928	0.0	0.0	0.0	0.0	0.0	0.0	0.0	0.0	0.0	0.0	0.0	0.0	0.0	0.0	0.0	0.0	0.0	0.0	0.0	0.0	0.0	0.0	0.0	0.0	0.0	0.0	0.0	0.0	0.0	0.0	0.0	0.0	0.011055081458494957	0.0	0.0	0.0	0.0	0.0	0.0	0.0	0.010416666666666666	0.0	0.0	0.0	0.0	0.0	0.0	0.0	0.0	0.0	0.0	0.0	0.0	0.0	0.0	0.0	0.0	0.0	0.0	0.0	0.0	0.0	0.0	0.0	0.0	0.0	0.0	0.0	0.0	0.0	0.0	0.0	0.0	0.0	0.0	0.0	0.0	0.0	0.0	0.0	0.0	0.0	0.0	0.0	0.0	0.0	0.08019713261648745	0.0	0.00360082304526749	0.0	0.0	0.0	0.030763239875389408	0.0	0.5502336448598131	0.0	0.01985981308411215	0.0	0.9814356435643564	0.0	0.9302218114602587	0.0	0.9660714285714286	0.0	1.0	0.0	0.509765625	0.0	0.04787917737789203	0.0	0.81553876478318	0.0	0.5605524079320113	0.0	0.9974489795918368	0.0	0.0	0.0	0.1815308988764045	0.0	0.4921875	0.0	0.0	0.0	0.8474226804123711	0.0	0.4910164271047228	0.0	0.16508152173913043	0.0	0.3837675350701403	0.0	0.9334677419354839	0.0	0.9827777777777778	0.0	1.0	0.0	0.9986225895316805	0.0	0.6510791366906474	0.0	0.5975130890052356	0.0	0.009424603174603174	0.0	0.1231203007518797	0.0	0.0	0.0	0.09315395095367847	0.0	0.8587689713322091	0.0	0.04848320693391116	0.0	0.022884615384615385	0.0	0.06	0.0	0.4869047619047619	0.0	0.9050324675324676	0.0	0.44077568134171907	0.0	0.9373497596153846	0.0	0.8880368098159509	0.0	1.0	0.0	1.0	0.0	0.9844236760124611	0.0	1.0	0.0	1.0	0.0	0.9946361940298507	0.0	0.9971804511278195	0.0	0.9972278225806451	0.0	0.5919354838709677	0.0	0.9878775834658188	0.0	0.952025993883792	0.0	0.8905487804878048	0.0	0.9981617647058824	0.0	0.6067493112947658	0.0	0.8072139303482587	0.0	0.9835946573751452	0.0	0.9809782608695652	0.0	0.7079545454545455	0.0	0.0	0.0	0.0	0.0	0.0	0.0	0.0	0.0	0.0	0.0	0.0	0.0	0.0	0.0	0.0	0.0	0.0	0.0	0.0	0.0	0.0	0.0	0.0	0.0	0.0	0.0	0.0	0.0	0.0	0.0	0.0	0.0	0.0	0.0	0.0	0.0	0.0	0.0	0.0	0.0	0.0	0.0	0.0	0.0	0.0	0.0	0.0	0.0	0.0	0.0	0.0	0.0	0.0	0.0	0.0	0.0	0.0	0.0	0.019028103044496487	0.0	0.0	0.0	0.0017921146953405018	0.0	0.0	0.0	0.0	0.0	0.0	0.0	0.0	0.0	0.0	0.0	0.08536585365853659	0.0	0.0021321961620469083	0.0	0.0	0.0	0.030190677966101694	0.0	0.01044891640866873	0.0	0.014705882352941176	0.0	0.03672316384180791	0.0	0.02001953125	0.0	0.1720890410958904	0.0	0.02060185185185185	0.0	0.09101123595505618	0.0	0.07248920086393089	0.0	0.0023148148148148147	0.0	0.08436395759717315	0.0	0.011506276150627616	0.0	0.0	0.0	0.12232142857142857	0.0	0.08229813664596274	0.0	0.3018358531317495	0.0	0.011155606407322655	0.0	0.0	0.0	0.001519756838905775	0.0	0.0	0.0	0.0	0.0	0.00032299741602067185	0.0	0.21878084896347483	0.0	0.21224832214765102	0.0	0.4409221902017291	0.0	0.9500545851528385	0.0	0.3294270833333333	0.0	0.12048532731376975	0.0	0.05639097744360902	0.0	0.039504716981132074	0.0	0.0	0.0	0.0	0.0	0.0	0.0	0.0	0.0	0.0	0.0	0.0	0.0	0.0	0.0	0.0	0.0	0.0	0.0	0.05575284090909091	0.0	0.0	0.0	0.0	0.0	0.0	0.0	0.0	0.0	0.0	0.0	0.0	0.0	0.0	0.0	0.0	0.0	0.0	0.0	49	55.9
sub-M2047	84177	0.0	0.0	0.0	0.0	0.0	0.0	0.0	0.0	0.0	0.0	0.0	0.0	0.0	0.0	0.0	0.0	0.0	0.0	0.0	0.0	0.0	0.0	0.0	0.0	0.0	0.0	0.0	0.0	0.0	0.0	0.0	0.0	0.0	0.0	0.0	0.0	0.0	0.0	0.0	0.0	0.0	0.0	0.0	0.0	0.0	0.0	0.0	0.0	0.0	0.0	0.0	0.0	0.0	0.0	0.0	0.0	0.0	0.0	0.0	0.0	0.0	0.0	0.0	0.0	0.0	0.0	0.0	0.0	0.0	0.0	0.0	0.0	0.006404174573055028	0.0	0.06537102473498234	0.0	0.1557377049180328	0.0	0.0	0.0	0.037549407114624504	0.0	0.8343446601941747	0.0	0.25689655172413794	0.0	0.546146953405018	0.0	0.6435185185185185	0.0	0.47458333333333336	0.0	0.9154984423676013	0.0	0.9871495327102804	0.0	0.7336448598130841	0.0	0.875	0.0	0.8341035120147874	0.0	0.8770408163265306	0.0	0.6420454545454546	0.0	0.7330729166666666	0.0	0.31876606683804626	0.0	0.9167214191852825	0.0	0.8677407932011332	0.0	0.9693877551020408	0.0	0.0	0.0	0.030547752808988762	0.0	0.014105902777777778	0.0	0.0	0.0	0.12164948453608247	0.0	0.13282854209445585	0.0	0.18885869565217392	0.0	0.22745490981963928	0.0	0.5438508064516129	0.0	0.28833333333333333	0.0	0.1806930693069307	0.0	0.5909090909090909	0.0	0.0	0.0	0.0	0.0	0.0	0.0	0.0	0.0	0.0	0.0	0.0	0.0	0.00442664418212479	0.0	0.09222643553629468	0.0	0.0	0.0	0.0	0.0	0.0	0.0	0.003246753246753247	0.0	0.4533542976939203	0.0	0.40249399038461536	0.0	0.0	0.0	0.0	0.0	0.13374403815580285	0.0	0.5243380062305296	0.0	0.9020745428973277	0.0	0.0	0.0	0.0	0.0	0.0	0.0	0.014364919354838709	0.0	0.0	0.0	0.0	0.0	0.0	0.0	0.0	0.0	0.0	0.0	0.0	0.0	0.0	0.0	0.0	0.0	0.0	0.0	0.0	0.0	0.0	0.0	0.0	0.0	0.0	0.0	0.0	0.0	0.0	0.0	0.0	0.0	0.0	0.0	0.0	0.0	0.0	0.0	0.0	0.0	0.0	0.0	0.0	0.0	0.0	0.0	0.0	0.0	0.0	0.0	0.00939119170984456	0.0	0.0	0.0	0.0	0.0	0.0	0.0	0.0	0.0	0.0	0.0	0.0	0.0	0.0	0.0	0.0	0.0	0.0	0.0	0.0	0.0	0.0	0.0	0.0	0.0	0.0	0.0	0.07699063231850117	0.0	0.004849137931034483	0.0	0.044802867383512544	0.0	0.047397769516728624	0.0	0.02044753086419753	0.0	0.0	0.0	0.040880503144654086	0.0	0.035342261904761904	0.0	0.1902439024390244	0.0	0.014125799573560768	0.0	0.25961538461538464	0.0	0.19597457627118645	0.0	0.0	0.0	0.23161764705882354	0.0	0.3615819209039548	0.0	0.0	0.0	0.009417808219178082	0.0	0.002777777777777778	0.0	0.0016853932584269663	0.0	0.004724622030237581	0.0	0.0	0.0	0.0	0.0	0.0	0.0	0.0	0.0	0.0	0.0	0.0	0.0	0.0	0.0	0.0	0.0	0.0	0.0	0.0	0.0	0.0	0.0	0.0	0.0	0.0	0.0	0.0	0.0	0.0	0.0	0.0	0.0	0.0	0.0	0.0	0.0	0.0	0.0	0.0	0.0	0.0	0.0	0.0	0.0	0.0	0.0	0.0	0.0	0.0	0.0	0.0	0.0	0.0	0.0	0.0	0.0	0.0	0.0	0.0	0.0	0.04847301136363636	0.0	0.0	0.0	0.0	0.0	0.0	0.0	0.0	0.0	0.012698412698412698	0.0	0.0	0.0	0.0	0.0	0.0	0.0	0.0	0.0	75	82.4
sub-M2048	101922	0.0	0.0	0.0	0.0	0.0	0.0	0.0	0.0	0.0	0.0	0.0	0.0	0.0	0.0	0.0	0.0	0.0	0.0	0.0	0.0	0.0	0.0	0.0	0.0	0.0	0.0	0.0	0.0	0.039316239316239315	0.0	0.041554659498207885	0.0	0.4684833204034135	0.0	0.0	0.0	0.0	0.0	0.0	0.0	0.08402777777777778	0.0	0.0401705565529623	0.0	0.0044964028776978415	0.0	0.10333333333333333	0.0	0.0	0.0	0.0	0.0	0.0	0.0	0.0	0.0	0.0	0.0	0.0	0.0	0.0	0.0	0.2654241645244216	0.0	0.0	0.0	0.0	0.0	0.0	0.0	0.6237113402061856	0.0	0.05028462998102467	0.0	0.3544611307420495	0.0	0.0	0.0	0.0	0.0	0.0009881422924901185	0.0	0.12560679611650485	0.0	0.0	0.0	1.0	0.0	1.0	0.0	0.8708333333333333	0.0	0.9618380062305296	0.0	0.9252336448598131	0.0	0.9439252336448598	0.0	0.3094059405940594	0.0	0.23844731977818853	0.0	0.0	0.0	0.0	0.0	0.6536458333333334	0.0	0.7220437017994858	0.0	0.19448094612352168	0.0	0.10959631728045326	0.0	0.0	0.0	0.0	0.0	0.0	0.0	0.0	0.0	0.0	0.0	0.0	0.0	0.0	0.0	0.0	0.0	0.0	0.0	0.0	0.0	0.0	0.0	0.0	0.0	0.0	0.0	0.0	0.0	0.0	0.0	0.0	0.0	0.87468671679198	0.0	1.0	0.0	0.8741485013623979	0.0	0.6888701517706577	0.0	0.9974268689057422	0.0	0.5701923076923077	0.0	0.8331818181818181	0.0	0.4773809523809524	0.0	0.5978084415584416	0.0	0.8968815513626834	0.0	0.46499399038461536	0.0	0.003834355828220859	0.0	0.0	0.0	0.1156597774244833	0.0	0.6115654205607477	0.0	0.07348804500703235	0.0	0.0	0.0	0.0	0.0	0.0	0.0	0.08392137096774194	0.0	0.0	0.0	0.0	0.0	0.0	0.0	0.0	0.0	0.0	0.0	0.06887052341597796	0.0	0.5055970149253731	0.0	0.0	0.0	0.0	0.0	0.0	0.0	0.0	0.0	0.0	0.0	0.0	0.0	0.0	0.0	0.0	0.0	0.0	0.0	0.0	0.0	0.0	0.0	0.0	0.0	0.0	0.0	0.0	0.0	0.0	0.0	0.0	0.0	0.0	0.0	0.0	0.0	0.0	0.0	0.0	0.0	0.0	0.0	0.0	0.0	0.0	0.0	0.0	0.0	0.0	0.0	0.0	0.0	0.0	0.0	0.0	0.0	0.0	0.0	0.0	0.0	0.0	0.0	0.0	0.0	0.0	0.0	0.0	0.0	0.0	0.0	0.0	0.0	0.0	0.0	0.0	0.0	0.0	0.0	0.0	0.0	0.0	0.0	0.0	0.0	0.0	0.0	0.0	0.0	0.0	0.0	0.0	0.0	0.0	0.0	0.0	0.0	0.0	0.0	0.0	0.0	0.0	0.0	0.0	0.0	0.0	0.0	0.0	0.0	0.0	0.0	0.0	0.0	0.0	0.0	0.0	0.0	0.0	0.0	0.0	0.0	0.0	0.0	0.0	0.0	0.0	0.0	0.0	0.0	0.0	0.0	0.0	0.0	0.0	0.0	0.0	0.0	0.0	0.0	0.0	0.0	0.0	0.0	0.0	0.0	0.0011792452830188679	0.0	0.015625	0.0	0.0	0.0	0.002225519287833828	0.0	0.0	0.0	0.0	0.0	0.0	0.0	0.0	0.0	0.0	0.0	0.165625	0.0	0.4728338068181818	0.0	0.0	0.0	0.0	0.0	0.0	0.0	0.0	0.0	0.0	0.0	0.0	0.0	0.0	0.0	0.0	0.0	0.0	0.0	38	63.4
sub-M2049	9412	0.0	0.0	0.0	0.0	0.0	0.0	0.0	0.0	0.0	0.0	0.0	0.0	0.0	0.0	0.0	0.0	0.0	0.0	0.0	0.0	0.0	0.0	0.0	0.0	0.0	0.0	0.0	0.0	0.0	0.0	0.0	0.0	0.0	0.0	0.0	0.0	0.0	0.0	0.0	0.0	0.0	0.0	0.0	0.0	0.0	0.0	0.0	0.0	0.0	0.0	0.0	0.0	0.0	0.0	0.0	0.0	0.0	0.0	0.0	0.0	0.0	0.0	0.0	0.0	0.0	0.0	0.0	0.0	0.0	0.0	0.0	0.0	0.0	0.0	0.0	0.0	0.0	0.0	0.0	0.0	0.0	0.0	0.0	0.0	0.0	0.0	0.0	0.0	0.0	0.0	0.0	0.0	0.0	0.0	0.0	0.0	0.0	0.0	0.0	0.0	0.0	0.0	0.0	0.0	0.0	0.0	0.0	0.0	0.0	0.0	0.0	0.0	0.0	0.0	0.0	0.0	0.0	0.0	0.0	0.0	0.0	0.0	0.0	0.0	0.0	0.0	0.0	0.0	0.0	0.0	0.0	0.0	0.0	0.0	0.0	0.0	0.0	0.0	0.0	0.0	0.0	0.0	0.0	0.0	0.0	0.0	0.1600877192982456	0.0	0.007729211087420042	0.0	0.03746594005449591	0.0	0.3370573355817875	0.0	0.1267605633802817	0.0	0.010384615384615384	0.0	0.026818181818181817	0.0	0.0	0.0	0.1793831168831169	0.0	0.014544025157232705	0.0	0.001953125	0.0	0.0	0.0	0.017679900744416874	0.0	0.0013910969793322733	0.0	0.0	0.0	0.0	0.0	0.0	0.0	0.0	0.0	0.0	0.0	0.0	0.0	0.0	0.0	0.0	0.0	0.0	0.0	0.0	0.0	0.0	0.0	0.0	0.0	0.08084577114427861	0.0	0.0	0.0	0.0	0.0	0.0	0.0	0.0	0.0	0.0	0.0	0.0	0.0	0.0	0.0	0.0	0.0	0.0	0.0	0.0	0.0	0.0	0.0	0.0	0.0	0.0	0.0	0.0	0.0	0.0	0.0	0.0	0.0	0.0	0.0	0.0	0.0	0.0	0.0	0.0	0.0	0.0	0.0	0.0	0.0	0.0	0.0	0.0	0.0	0.0	0.0	0.0	0.0	0.0	0.0	0.0	0.0	0.0	0.0	0.0	0.0	0.0	0.0	0.0	0.0	0.0	0.0	0.0	0.0	0.0	0.0	0.0	0.0	0.0	0.0	0.0	0.0	0.0	0.0	0.0	0.0	0.0	0.0	0.0	0.0	0.0	0.0	0.0	0.0	0.0	0.0	0.0	0.0	0.0	0.0	0.0	0.0	0.0	0.0	0.0	0.0	0.0	0.0	0.0	0.0	0.0	0.0	0.0	0.0	0.0	0.0	0.0	0.0	0.0	0.0	0.0	0.0	0.0	0.0	0.0	0.0	0.0	0.0	0.0	0.0	0.0	0.0	0.0	0.0	0.0	0.0	0.0	0.0	0.0	0.0	0.0	0.0	0.0	0.0	0.0	0.0	0.0	0.0	0.0	0.0	0.0	0.0	0.0	0.0	0.0	0.0	0.001112759643916914	0.0	0.0	0.0	0.0	0.0	0.0	0.0	0.0	0.0	0.0	0.0	0.2109375	0.0	0.46910511363636365	0.0	0.0	0.0	0.0	0.0	0.0	0.0	0.0	0.0	0.0	0.0	0.0	0.0	0.0	0.0	0.0	0.0	0.0	0.0	67	63.4
sub-M2050	21480	0.0	0.0	0.0	0.0	0.0	0.0	0.0	0.0	0.0	0.0	0.0	0.0	0.0	0.0	0.0	0.0	0.0	0.0	0.0	0.0	0.0	0.0	0.0	0.0	0.0	0.0	0.0	0.0	0.0	0.0	0.0	0.0	0.0	0.0	0.0	0.0	0.0	0.0	0.0	0.0	0.0	0.0	0.0	0.0	0.0	0.0	0.0	0.0	0.0	0.0	0.0	0.0	0.0	0.0	0.0	0.0	0.0	0.0	0.0	0.0	0.0	0.0	0.0	0.0	0.0	0.0	0.0048449612403100775	0.0	0.05688622754491018	0.0	0.0	0.0	0.2836812144212524	0.0	0.3553445229681979	0.0	0.8709016393442623	0.0	0.45105820105820105	0.0	0.2608695652173913	0.0	0.8015776699029126	0.0	0.11063218390804598	0.0	0.0	0.0	0.0	0.0	0.0	0.0	0.0	0.0	0.0	0.0	0.0	0.0	0.0	0.0	0.07647874306839186	0.0	0.004336734693877551	0.0	0.0	0.0	0.13802083333333334	0.0	0.3213367609254499	0.0	0.17821944809461235	0.0	0.27071529745042494	0.0	0.0	0.0	0.0	0.0	0.0	0.0	0.0	0.0	0.0	0.0	0.0	0.0	0.0	0.0	0.0	0.0	0.0	0.0	0.0	0.0	0.0	0.0	0.0	0.0	0.0	0.0	0.0	0.0	0.0	0.0	0.0	0.0	0.0	0.0	0.0	0.0	0.0	0.0	0.0	0.0	0.0	0.0	0.0	0.0	0.0	0.0	0.0	0.0	0.0	0.0	0.0	0.0	0.0	0.0	0.0	0.0	0.0	0.0	0.0	0.0	0.0	0.0	0.0010548523206751054	0.0	0.0	0.0	0.0	0.0	0.0	0.0	0.0	0.0	0.0	0.0	0.0	0.0	0.0	0.0	0.0	0.0	0.0	0.0	0.0	0.0	0.0	0.0	0.0	0.0	0.0	0.0	0.0	0.0	0.0	0.0	0.0	0.0	0.0	0.0	0.0	0.0	0.0	0.0	0.0	0.0	0.0	0.0	0.0	0.0	0.0	0.0	0.0	0.0	0.0	0.0	0.0	0.0	0.0	0.0	0.0	0.0	0.0	0.0	0.047603626943005184	0.0	0.028696498054474707	0.0	0.0	0.0	0.0	0.0	0.0	0.0	0.0	0.0	0.0	0.0	0.0	0.0	0.0	0.0	0.0	0.0	0.0	0.0	0.0	0.0	0.0	0.0	0.0	0.0	0.0	0.0	0.0	0.0	0.005824372759856631	0.0	0.0	0.0	0.006944444444444444	0.0	0.0	0.0	0.0	0.0	0.0	0.0	0.0	0.0	0.0	0.0	0.0	0.0	0.0	0.0	0.0	0.0	0.0	0.0	0.0	0.0	0.0	0.0	0.0	0.0	0.0	0.0	0.0	0.0	0.0	0.0	0.0	0.0	0.0	0.0	0.0	0.0	0.0	0.0	0.0	0.0	0.0	0.0	0.0	0.0	0.0	0.0	0.0	0.0	0.0	0.0	0.0	0.0	0.0	0.0	0.0	0.0	0.0	0.0	0.0	0.0	0.0	0.0	0.0	0.0	0.0	0.0	0.0	0.0	0.0	0.0	0.0	0.0	0.0	0.0	0.0	0.0	0.0	0.0	0.015151515151515152	0.0	0.0017655367231638418	0.0	0.06147540983606557	0.0	0.0	0.0	0.0	0.0	0.13515625	0.0	0.0024857954545454545	0.0	0.0	0.0	0.0	0.0	0.0	0.0	0.0	0.0	0.0	0.0	0.0	0.0	0.0	0.0	0.0	0.0	0.0	0.0	66	85.4
sub-M2051	163042	0.0	0.0	0.0	0.0	0.0	0.0	0.0	0.0	0.14367816091954022	0.0	0.0	0.0	0.00013950892857142856	0.0	0.0	0.0	0.0	0.0	0.37683823529411764	0.0	0.06142951251646904	0.0	0.0	0.0	0.6901302605210421	0.0	0.39846938775510204	0.0	0.6950854700854701	0.0	0.36032706093189965	0.0	0.7440845616757176	0.0	0.0	0.0	0.02619047619047619	0.0	0.6601485148514852	0.0	0.2875	0.0	0.0	0.0	0.0013489208633093526	0.0	0.05277777777777778	0.0	0.0	0.0	0.923	0.0	0.0	0.0	0.0	0.0	0.28665014164305946	0.0	0.9837328767123288	0.0	0.0	0.0	0.4426949443016281	0.0	0.025130548302872063	0.0	0.0	0.0	0.0	0.0	0.0	0.0	0.0	0.0	0.03180212014134275	0.0	0.0	0.0	0.0	0.0	0.0	0.0	0.0	0.0	0.0	0.0	0.6559139784946236	0.0	0.2309670781893004	0.0	0.37041666666666667	0.0	0.7009345794392523	0.0	0.9836448598130841	0.0	0.40654205607476634	0.0	0.985973597359736	0.0	0.7423752310536045	0.0	0.9043367346938775	0.0	0.9983766233766234	0.0	0.15950520833333334	0.0	0.013496143958868894	0.0	0.11103810775295664	0.0	0.10109773371104816	0.0	0.30612244897959184	0.0	0.0	0.0	0.0	0.0	0.058159722222222224	0.0	0.0	0.0	0.4332474226804124	0.0	0.20880390143737165	0.0	0.3641304347826087	0.0	0.4183366733466934	0.0	0.5589717741935484	0.0	0.3194444444444444	0.0	0.43626237623762376	0.0	0.993801652892562	0.0	0.0	0.0	0.0	0.0	0.0	0.0	0.15319548872180452	0.0	0.9285714285714286	0.0	0.8668256130790191	0.0	0.3254637436762226	0.0	0.6864842903575298	0.0	0.9890384615384615	0.0	0.6929545454545455	0.0	1.0	0.0	0.739448051948052	0.0	0.9203354297693921	0.0	0.8991887019230769	0.0	0.0	0.0	0.4482009925558313	0.0	0.8672496025437202	0.0	0.985202492211838	0.0	0.9875175808720112	0.0	0.6717032967032966	0.0	0.8407182835820896	0.0	0.9732142857142857	0.0	0.8465221774193549	0.0	0.0	0.0	0.058624801271860094	0.0	0.39105504587155965	0.0	0.10670731707317073	0.0	0.1957720588235294	0.0	0.0	0.0	0.0	0.0	0.0	0.0	0.0	0.0	0.0	0.0	0.0	0.0	0.0	0.0	0.0	0.0	0.0	0.0	0.0	0.0	0.0	0.0	0.0	0.0	0.0	0.0	0.0	0.0	0.0	0.0	0.0	0.0	0.0	0.0	0.0	0.0	0.0	0.0	0.0	0.0	0.0	0.0	0.0	0.0	0.0	0.0	0.0	0.0	0.0	0.0	0.0	0.0	0.0	0.0	0.0	0.0	0.0	0.0	0.0	0.0	0.0	0.0	0.0	0.0	0.0	0.0	0.0	0.0	0.0	0.0	0.0	0.0	0.0	0.0	0.0	0.0	0.0	0.0	0.0	0.0	0.0	0.0	0.0	0.0	0.0	0.0	0.0	0.0	0.0	0.0	0.0031779661016949155	0.0	0.0	0.0	0.0	0.0	0.07415254237288135	0.0	0.0	0.0	0.0	0.0	0.0	0.0	0.0	0.0	0.0	0.0	0.0	0.0	0.0	0.0	0.0	0.0	0.0	0.0	0.0	0.0	0.0	0.0	0.0	0.0	0.0	0.0	0.0	0.0	0.0	0.0	0.0	0.0	0.0	0.0	0.0	0.0	0.0	0.0	0.0	0.0	0.0	0.0	0.0	0.0	0.0	0.0	0.0	0.0	0.0	0.0	0.0	0.0	0.0	0.0	0.0	0.0	0.0	0.0	0.0	0.0	0.0	0.0	0.0	0.0	0.0	0.0	0.0	0.0	0.001953125	0.0	0.06782670454545454	0.0	0.0	0.0	0.0	0.0	0.0	0.0	0.0	0.0	0.0	0.0	0.0	0.0	0.0	0.0	0.0	0.0	0.0	0.0	45	34.7
sub-M2052	209431	0.6951438848920863	0.0	0.37628264925373134	0.0	0.6644736842105263	0.0	0.44897003745318353	0.0	0.7750638569604087	0.0	0.7803149606299212	0.0	0.626953125	0.0	0.8534873188405797	0.0	0.7977150537634409	0.0	0.8685661764705882	0.0	0.6808300395256917	0.0	0.7178571428571429	0.0	0.7374749498997996	0.0	0.8872448979591837	0.0	0.9737179487179487	0.0	0.8562948028673835	0.0	0.9706167571761055	0.0	0.29780285035629456	0.0	0.19166666666666668	0.0	0.621039603960396	0.0	0.29791666666666666	0.0	0.012342908438061042	0.0	0.26214028776978415	0.0	0.4711111111111111	0.0	0.09228723404255319	0.0	1.0	0.0	0.9405537459283387	0.0	0.43283582089552236	0.0	0.6497875354107648	0.0	0.8784246575342466	0.0	0.6410984848484849	0.0	0.5125321336760925	0.0	0.39066579634464754	0.0	0.10719476744186046	0.0	0.45845808383233533	0.0	0.017396907216494846	0.0	0.0967741935483871	0.0	0.20825971731448764	0.0	0.22540983606557377	0.0	0.3194444444444444	0.0	0.0	0.0	0.3561893203883495	0.0	0.4163793103448276	0.0	0.5779569892473119	0.0	0.13786008230452676	0.0	0.14625	0.0	0.1234423676012461	0.0	0.21378504672897197	0.0	0.25	0.0	0.06105610561056106	0.0	0.1566543438077634	0.0	0.33316326530612245	0.0	0.07224025974025974	0.0	0.3626302083333333	0.0	0.30077120822622105	0.0	0.5346583442838371	0.0	0.44228045325779036	0.0	0.21428571428571427	0.0	0.0	0.0	0.0	0.0	0.0	0.0	0.0	0.0	0.0059278350515463915	0.0	0.05300308008213552	0.0	0.4544836956521739	0.0	0.05561122244488978	0.0	0.2935987903225806	0.0	0.0811111111111111	0.0	0.008044554455445545	0.0	0.37568870523415976	0.0	0.0	0.0	0.0	0.0	0.24107142857142858	0.0	0.6882832080200502	0.0	0.5954157782515992	0.0	0.7454019073569482	0.0	0.6309021922428331	0.0	0.7688244853737811	0.0	0.8244230769230769	0.0	0.6822727272727273	0.0	0.969047619047619	0.0	0.8575487012987013	0.0	0.31931341719077566	0.0	0.20838341346153846	0.0	0.35199386503067487	0.0	0.16594292803970223	0.0	0.001589825119236884	0.0	0.015771028037383176	0.0	0.015822784810126583	0.0	0.0	0.0	0.0	0.0	0.0	0.0	0.0	0.0	0.0	0.0	0.0	0.0	0.0	0.0	0.0	0.0	0.0	0.0	0.8522727272727273	0.0	0.9203980099502488	0.0	0.043263646922183506	0.0	0.021739130434782608	0.0	0.06704545454545455	0.0	0.6437007874015748	0.0	0.5988843813387424	0.0	0.4966996699669967	0.0	0.45600558659217877	0.0006459948320413437	0.594811320754717	0.0	0.5228405315614618	0.0	0.0	0.0	0.4519230769230769	0.0	0.4841417910447761	0.0	0.2997104247104247	0.0	0.06085526315789474	0.0	0.14074074074074075	0.0	0.22724184782608695	0.0	0.1884157509157509	0.0	0.009794776119402986	0.0	0.1875	0.0	0.28891050583657585	0.0	0.24419953596287702	0.0023544520547945204	0.42404129793510326	0.0	0.0	0.0	0.0	0.0	0.0	0.0	0.0	0.0	0.0	0.0	0.0	0.0	0.084915611814346	0.0	0.035326086956521736	0.0	0.0	0.0	0.0	0.0	0.0	0.0	0.0	0.0	0.06899641577060932	0.0	0.2936802973977695	0.0	0.17554012345679013	0.0	0.07216981132075471	0.0	0.04009433962264151	0.0	0.16517857142857142	0.0	0.6609756097560976	0.0	0.0	0.0	0.0	0.0	0.2198093220338983	0.0	0.0	0.0	0.0	0.0	0.08333333333333333	0.0	0.0	0.0	0.0	0.0	0.0	0.0	0.0	0.0	0.0	0.0	0.0	0.0	0.0	0.0	0.0	0.0	0.0	0.0	0.0	0.0	0.0	0.0	0.17386609071274298	0.0	0.0	0.0	0.013528138528138528	0.0	0.0	0.0	0.0	0.0	0.0	0.0	0.0	0.0	0.0	0.0	0.0	0.0	0.0	0.0	0.0	0.0	0.0	0.0	0.0	0.0	0.0	0.0	0.0	0.0	0.0	0.0	0.0	0.0	0.0	0.0	0.0	0.0	0.0	0.0	0.0	0.0	0.0	0.0	0.0	0.0	0.0	0.0	0.0001775568181818182	0.0	0.0	0.0	0.0	0.0	0.0	0.0	0.0	0.0	0.0	0.0	0.0	0.0	0.0	0.0	0.0	0.0	0.0	0.0	67	15.8
sub-M2054	100023	0.0	0.0	0.005946828358208955	0.0	0.041666666666666664	0.0	0.0	0.0	0.0	0.0	0.14468503937007873	0.0	0.10532924107142858	0.0	0.15330615942028986	0.0	0.24372759856630824	0.0	0.15716911764705882	0.0	0.021080368906455864	0.0	0.34910714285714284	0.0	0.5185370741482966	0.0	0.9112244897959184	0.0	0.38226495726495724	0.0	0.9801747311827957	0.0	0.6581652443754848	0.0	0.0	0.0	0.0	0.0	0.0	0.0	0.0	0.0	0.0	0.0	0.0	0.0	0.0	0.0	0.0	0.0	0.946	0.0	0.003257328990228013	0.0	0.0	0.0	0.1795325779036827	0.0	0.4434931506849315	0.0	0.0	0.0	0.019065981148243358	0.0	0.0	0.0	0.0	0.0	0.0	0.0	0.0	0.0	0.0	0.0	0.0	0.0	0.0	0.0	0.0	0.0	0.0	0.0	0.0	0.0	0.0	0.0	0.4574372759856631	0.0	0.042695473251028807	0.0	0.0	0.0	0.0	0.0	0.005841121495327103	0.0	0.0	0.0	0.04744224422442244	0.0	0.003234750462107209	0.0	0.09591836734693877	0.0	0.20900974025974026	0.0	0.0	0.0	0.0	0.0	0.011662286465177397	0.0	0.06037535410764872	0.0	0.21428571428571427	0.0	0.0	0.0	0.0	0.0	0.0	0.0	0.0	0.0	0.0	0.0	0.0	0.0	0.0	0.0	0.0	0.0	0.027973790322580645	0.0	0.0	0.0	0.0327970297029703	0.0	0.1115702479338843	0.0	0.0	0.0	0.0	0.0	0.0	0.0	0.0037593984962406013	0.0	0.80863539445629	0.0	0.7627724795640327	0.0	0.00021079258010118043	0.0	0.29469122426868904	0.0	0.5136538461538461	0.0	0.39386363636363636	0.0	0.20238095238095238	0.0	0.0	0.0	0.06118972746331237	0.0	0.0030048076923076925	0.0	0.0	0.0	0.0	0.0	0.0	0.0	0.0009735202492211838	0.0	0.3231364275668073	0.0	0.0	0.0	0.0	0.0	0.0	0.0	0.0	0.0	0.0	0.0	0.0	0.0	0.0	0.0	0.0	0.0	0.0	0.0	0.0	0.0	0.0	0.0	0.0	0.0	0.0	0.0	0.0	0.0	0.0	0.0	0.0	0.0	0.03259075907590759	0.0	0.0	0.0	0.0	0.0	0.0	0.0	0.0	0.0	0.41346153846153844	0.0	0.2196828358208955	0.0	0.3578667953667954	0.0	0.421875	0.0	0.875462962962963	0.005847953216374269	0.7707201086956522	0.00826226012793177	0.37133699633699635	0.0002399232245681382	0.3512126865671642	0.0	0.14604922279792745	0.0	0.2932879377431907	0.0	0.0	0.0	0.049778761061946904	0.0	0.07954545454545454	0.0	0.0	0.0	0.0005868544600938967	0.0	0.0	0.0	0.0	0.0	0.0	0.0	0.48417721518987344	0.0	0.09456521739130434	0.0	0.001913265306122449	0.0	0.0	0.0	0.00351288056206089	0.0	0.0	0.0	0.0	0.0	0.0	0.0	0.0	0.0	0.0	0.0	0.0	0.0	0.0	0.0	0.0	0.0	0.0005330490405117271	0.0	0.0	0.0	0.0	0.0	0.0	0.0	0.0	0.0	0.0	0.0	0.0	0.0	0.0	0.0	0.0	0.0	0.0	0.0	0.0	0.0	0.0	0.0	0.0	0.0	0.0	0.0	0.0	0.0	0.0	0.0	0.0	0.0	0.0	0.0	0.0	0.0	0.0	0.0	0.0	0.0	0.0	0.0	0.0	0.0	0.0	0.0	0.0	0.0	0.0	0.0	0.0	0.0	0.0	0.0	0.0	0.0	0.0	0.0	0.0	0.0	0.0	0.0	0.0125	0.0	0.008333333333333333	0.0	0.0025964391691394658	0.0	0.007575757575757576	0.0	0.0	0.0	0.0030737704918032786	0.0	0.0	0.0	0.0	0.0	0.009765625	0.0	0.011186079545454546	0.0	0.0	0.0	0.0	0.0	0.0	0.0	0.0	0.0	0.0	0.0	0.0	0.0	0.0	0.0	0.0	0.0	0.0	0.0	66	90.5
sub-M2055	54851	0.0	0.0	0.0	0.0	0.0	0.0	0.0	0.0	0.0	0.0	0.0	0.0	0.0	0.0	0.0	0.0	0.0	0.0	0.0	0.0	0.0	0.0	0.0	0.0	0.0	0.0	0.0	0.0	0.0	0.0	0.0	0.0	0.0	0.0	0.0	0.0	0.0	0.0	0.0	0.0	0.0	0.0	0.0	0.0	0.0	0.0	0.0	0.0	0.0	0.0	0.0	0.0	0.0	0.0	0.0	0.0	0.0	0.0	0.0	0.0	0.0	0.0	0.008676092544987147	0.0	0.028720626631853787	0.0	0.1583091085271318	0.0	0.1659181636726547	0.0	0.25708762886597936	0.0	0.5815939278937381	0.0	0.8513692579505301	0.0	0.3237704918032787	0.0	0.027777777777777776	0.0	0.008893280632411068	0.0	0.040655339805825245	0.0	0.0	0.0	0.7401433691756273	0.0	0.8112139917695473	0.0	0.8658333333333333	0.0	0.6947040498442367	0.0	0.6156542056074766	0.0	0.5654205607476636	0.0	0.33663366336633666	0.0	0.053835489833641406	0.0	0.0	0.0	0.0	0.0	0.23502604166666666	0.0	0.5661953727506427	0.0	0.05863994743758213	0.0	0.013810198300283285	0.0	0.0	0.0	0.0	0.0	0.0	0.0	0.0	0.0	0.0	0.0	0.0	0.0	0.0	0.0	0.0	0.0	0.0	0.0	0.0	0.0	0.0	0.0	0.0	0.0	0.0	0.0	0.0	0.0	0.0	0.0	0.0	0.0	0.0	0.0	0.0	0.0	0.0	0.0	0.011804384485666104	0.0	0.6333965330444203	0.0	0.0	0.0	0.053181818181818184	0.0	0.0	0.0	0.04383116883116883	0.0	0.5018343815513627	0.0	0.140625	0.0	0.0	0.0	0.0	0.0	0.06995230524642289	0.0	0.33664330218068533	0.0	0.11445147679324895	0.0	0.0	0.0	0.0	0.0	0.0	0.0	0.0	0.0	0.0	0.0	0.0	0.0	0.0	0.0	0.0	0.0	0.0	0.0	0.0	0.0	0.0	0.0	0.0	0.0	0.0	0.0	0.0	0.0	0.0	0.0	0.0	0.0	0.0	0.0	0.0	0.0	0.0	0.0	0.0	0.0	0.0	0.0	0.0	0.0	0.0	0.0	0.0	0.0	0.0	0.0	0.0	0.0	0.0	0.0	0.0	0.0	0.0	0.0	0.057966321243523314	0.0	0.0014591439688715954	0.0	0.0	0.0	0.0	0.0	0.0	0.0	0.0	0.0	0.0	0.0	0.0	0.0	0.0	0.0	0.0	0.0	0.0	0.0	0.0	0.0	0.0	0.0	0.0	0.0	0.0	0.0	0.0	0.0	0.0	0.0	0.0	0.0	0.0	0.0	0.0	0.0	0.0	0.0	0.0	0.0	0.0	0.0	0.0	0.0	0.0	0.0	0.0	0.0	0.0	0.0	0.0	0.0	0.0	0.0	0.0	0.0	0.0	0.0	0.0	0.0	0.0	0.0	0.0	0.0	0.0	0.0	0.0	0.0	0.0	0.0	0.0	0.0	0.0	0.0	0.0	0.0	0.0	0.0	0.0	0.0	0.0	0.0	0.0	0.0	0.0	0.0	0.0	0.0	0.0	0.0	0.0	0.0	0.0	0.0	0.0	0.0	0.0	0.0	0.0	0.0	0.0	0.0	0.0	0.0	0.0	0.0	0.0	0.0	0.0	0.0	0.0	0.0	0.0	0.0	0.0	0.0	0.0	0.0	0.0	0.0	0.0	0.0	0.0	0.0	0.0031960227272727275	0.0	0.0	0.0	0.0	0.0	0.0	0.0	0.0	0.0	0.0	0.0	0.0	0.0	0.0	0.0	0.0	0.0	0.0	0.0	68	90.9
sub-M2057	124801	0.0	0.0	0.0	0.0	0.0	0.0	0.0	0.0	0.0	0.0	0.0	0.0	0.0	0.0	0.0	0.0	0.0	0.0	0.0	0.0	0.0	0.0	0.0	0.0	0.0	0.0	0.0	0.0	0.0	0.0	0.02867383512544803	0.0	0.03238944918541505	0.0	0.0	0.0	0.0	0.0	0.0	0.0	0.08472222222222223	0.0	0.0004488330341113106	0.0	0.0	0.0	0.0	0.0	0.0	0.0	0.358	0.0	0.0	0.0	0.0	0.0	0.004072237960339943	0.0	0.030821917808219176	0.0	0.0	0.0	0.32572836332476435	0.0	0.006527415143603133	0.0	0.0	0.0	0.0	0.0	0.5612113402061856	0.0	0.0448292220113852	0.0	0.2877650176678445	0.0	0.0	0.0	0.0	0.0	0.0	0.0	0.0	0.0	0.0	0.0	0.525089605734767	0.0	0.4104938271604938	0.0	0.3775	0.0	0.008566978193146417	0.0	0.014018691588785047	0.0	0.018691588785046728	0.0	0.0020627062706270625	0.0	0.01155268022181146	0.0	0.0	0.0	0.0	0.0	0.014322916666666666	0.0	0.12917737789203085	0.0	0.011498028909329829	0.0	0.010977337110481586	0.0	0.0	0.0	0.0	0.0	0.0	0.0	0.0	0.0	0.0	0.0	0.0	0.0	0.0	0.0	0.0	0.0	0.0	0.0	0.0	0.0	0.0	0.0	0.0	0.0	0.0	0.0	0.0	0.0	0.0	0.0	0.22023809523809523	0.0	0.39285714285714285	0.0	0.03331556503198294	0.0	0.40224795640326977	0.0	0.9972596964586846	0.0	0.8362676056338029	0.0	0.5759615384615384	0.0	0.5595454545454546	0.0	0.7	0.0	0.9991883116883117	0.0	0.4143081761006289	0.0	0.4735576923076923	0.0	0.9072085889570553	0.0	0.9965880893300249	0.0	0.7907392686804452	0.0	0.07924454828660436	0.0	0.00035161744022503517	0.0	0.9254807692307693	0.0	0.789179104477612	0.0	0.6823308270676691	0.0	0.01839717741935484	0.0	0.771236559139785	0.0	0.9467408585055644	0.0	0.40462538226299694	0.0	0.007621951219512195	0.0	0.0	0.0	0.9097796143250688	0.0	1.0	0.0	1.0	0.0	1.0	0.0	0.8230113636363636	0.0	0.0	0.0	0.0	0.0	0.0	0.0	0.0	0.0	0.0	0.0	0.0	0.0	0.0	0.0	0.0	0.0	0.0	0.0	0.0	0.0	0.0	0.0	0.0	0.0	0.0	0.0	0.0	0.0	0.0	0.0	0.0	0.0	0.0	0.0	0.0	0.0	0.0	0.0	0.0	0.0	0.0	0.0	0.0	0.0	0.0	0.0	0.0	0.0	0.0	0.0	0.0	0.0	0.0	0.0	0.0	0.0	0.0	0.0	0.0	0.0	0.0	0.0	0.0	0.0	0.0	0.0	0.0	0.0	0.0	0.0	0.0	0.0	0.0	0.0	0.0	0.0	0.0	0.0	0.0	0.0	0.0	0.0	0.0	0.0	0.0	0.0	0.0	0.0	0.0	0.0	0.0	0.0	0.0	0.0	0.0	0.0	0.0	0.0	0.0	0.0	0.0	0.0	0.0	0.0	0.0	0.0	0.0	0.0	0.0	0.0	0.3029157667386609	0.0	0.0	0.0	0.0	0.0	0.0	0.0	0.0	0.0	0.0	0.0	0.0	0.0	0.6631293188548865	0.0	0.07885906040268456	0.0	0.1473342939481268	0.0	0.08187772925764192	0.0	0.0	0.0	0.0	0.0	0.0	0.0	0.19516509433962265	0.0	0.0	0.0	0.0	0.0	0.0	0.0	0.0	0.0	0.0	0.0	0.0	0.0	0.0	0.0	0.005681818181818182	0.0	0.0212890625	0.0	0.3508522727272727	0.0	0.0	0.0	0.0	0.0	0.0	0.0	0.0	0.0	0.0	0.0	0.0	0.0	0.0	0.0	0.0	0.0	0.0	0.0	80	19.8
sub-M2058	118113	0.0	0.0	0.0	0.0	0.0	0.0	0.0	0.0	0.08349297573435505	0.0	0.19114173228346457	0.0	0.12960379464285715	0.0	0.04030797101449275	0.0	0.004032258064516129	0.0	0.7743566176470589	0.0	0.16979578392621872	0.0	0.75	0.0	0.4193386773547094	0.0	0.7908163265306123	0.0	0.9615384615384616	0.0	0.854502688172043	0.0	0.9847750193948798	0.0	0.0	0.0	0.04285714285714286	0.0	0.41806930693069305	0.0	0.9520833333333333	0.0	0.302737881508079	0.0	0.49055755395683454	0.0	0.92	0.0	0.0	0.0	0.981	0.0	0.0	0.0	0.0	0.0	0.1193342776203966	0.0	0.8467465753424658	0.0	0.0	0.0	0.25985432733504715	0.0	0.0	0.0	0.0	0.0	0.0	0.0	0.0	0.0	0.0	0.0	0.0	0.0	0.0	0.0	0.0	0.0	0.0	0.0	0.0	0.0	0.0	0.0	0.0	0.0	0.0	0.0	0.0	0.0	0.0	0.0	0.0	0.0	0.0	0.0	0.0	0.0	0.0	0.0	0.0	0.0	0.0	0.0	0.0	0.0	0.0	0.0	0.0	0.0	0.0	0.0	0.0	0.0	0.0	0.0	0.0	0.0	0.0	0.0	0.0	0.0	0.0	0.0	0.0	0.0	0.0	0.0	0.0	0.0	0.0	0.0	0.0	0.0	0.0	0.0	0.0	0.0	0.0	0.0	0.0	0.0	0.19593253968253968	0.0	1.0	0.0	1.0	0.0	0.9974455040871935	0.0	0.5356239460370995	0.0	0.09317443120260022	0.0	0.994423076923077	0.0	0.3440909090909091	0.0	0.805952380952381	0.0	0.14853896103896103	0.0	0.0	0.0	0.003155048076923077	0.0	0.1085122699386503	0.0	0.0	0.0	0.0	0.0	0.0	0.0	0.0	0.0	0.0	0.0	0.0	0.0	0.0	0.0	0.0	0.0	0.0	0.0	0.0	0.0	0.0	0.0	0.0	0.0	0.0	0.0	0.3226584022038568	0.0	0.2431592039800995	0.0	0.00014518002322880372	0.0	0.0	0.0	0.011789772727272727	0.0	0.002952755905511811	0.0	0.002028397565922921	0.0	0.0	0.0	0.0	0.0	0.0	0.0	0.0	0.0	0.0	0.0	0.0038461538461538464	0.0	0.0013992537313432835	0.0	0.006032818532818533	0.0	0.03248355263157895	0.0	0.06435185185185185	0.0	0.020040760869565216	0.0	0.0	0.0	0.0	0.0	0.0	0.0	0.0	0.0	0.0	0.0	0.019174041297935103	0.0	0.0	0.0	0.0	0.0	0.0	0.0	0.0	0.0	0.0	0.0	0.0	0.0	0.0	0.0	0.0	0.0	0.0	0.0	0.0	0.0	0.0	0.0	0.0	0.0	0.0	0.0	0.0	0.0	0.0	0.0	0.0	0.0	0.0	0.0	0.0	0.0	0.0	0.0	0.0	0.0	0.0	0.0	0.0	0.0	0.0	0.0	0.0	0.0	0.0	0.0	0.0	0.0	0.0	0.0	0.0	0.0	0.0	0.0	0.0	0.0	0.0	0.0	0.0	0.0	0.0	0.0	0.0	0.0	0.0	0.0	0.0	0.0	0.058855291576673865	0.0	0.0	0.0	0.0	0.0	0.0	0.0	0.0	0.0	0.0	0.0	0.0	0.0	0.0	0.0	0.0	0.0	0.0	0.0	0.0	0.0	0.0	0.0	0.0	0.0	0.0	0.0	0.06426886792452831	0.0	0.071875	0.0	0.2	0.0	0.1064540059347181	0.0	0.1240530303030303	0.0	0.025423728813559324	0.0	0.14651639344262296	0.0	0.09267241379310345	0.0	0.0	0.0	0.44921875	0.0	0.28568892045454547	0.0	0.0	0.0	0.0	0.0	0.0	0.0	0.0	0.0	0.0	0.0	0.0	0.0	0.0	0.0	0.0	0.0	0.0	0.0	59	86.5
sub-M2059	101774	0.0	0.0	0.0	0.0	0.0	0.0	0.0	0.0	0.0	0.0	0.002559055118110236	0.0	0.0	0.0	0.002943840579710145	0.0	0.04659498207885305	0.0	0.022058823529411766	0.0	0.00032938076416337287	0.0	0.06696428571428571	0.0	0.000501002004008016	0.0	0.11734693877551021	0.0	0.06068376068376068	0.0	0.1928763440860215	0.0	0.4270752521334368	0.0	0.0	0.0	0.0	0.0	0.004207920792079208	0.0	0.04722222222222222	0.0	0.008303411131059245	0.0	0.0	0.0	0.0	0.0	0.0	0.0	0.184	0.0	0.002035830618892508	0.0	0.0	0.0	0.01504957507082153	0.0	0.012842465753424657	0.0	0.0	0.0	0.2157240788346187	0.0	0.06788511749347259	0.0	0.0	0.0	0.0	0.0	0.15077319587628865	0.0	0.043880455407969636	0.0	0.125	0.0	0.0	0.0	0.0	0.0	0.0	0.0	0.0	0.0	0.0	0.0	0.3234767025089606	0.0	0.06944444444444445	0.0	0.030833333333333334	0.0	0.0027258566978193145	0.0	0.0794392523364486	0.0	0.0	0.0	0.19513201320132012	0.0	0.003927911275415897	0.0	0.001530612244897959	0.0	0.0	0.0	0.0	0.0	0.004177377892030848	0.0	0.0	0.0	0.0	0.0	0.0	0.0	0.0	0.0	0.0	0.0	0.0	0.0	0.0	0.0	0.0	0.0	0.0	0.0	0.0	0.0	0.0	0.0	0.0	0.0	0.0	0.0	0.0	0.0	0.0	0.0	0.0	0.0	0.0	0.0	0.21378968253968253	0.0	0.6224937343358395	0.0	0.8115671641791045	0.0	0.9129768392370572	0.0	0.9129426644182125	0.0	0.941088840736728	0.0	0.8546153846153847	0.0	0.7181818181818181	0.0	0.9952380952380953	0.0	0.8786525974025974	0.0	0.7967767295597484	0.0	0.06760817307692307	0.0	0.12691717791411042	0.0	0.0	0.0	0.0	0.0	0.0040887850467289715	0.0	0.2979957805907173	0.0	0.0	0.0	0.0	0.0	0.0	0.0	0.0	0.0	0.0	0.0	0.0	0.0	0.0	0.0	0.0	0.0	0.0	0.0	0.11501377410468319	0.0	0.7786069651741293	0.0	0.0	0.0	0.0	0.0	0.0	0.0	0.0	0.0	0.0	0.0	0.0	0.0	0.0	0.0	0.0	0.0	0.0	0.0	0.0	0.0	0.0	0.0	0.0	0.0	0.0	0.0	0.0	0.0	0.0	0.0	0.0	0.0	0.0	0.0	0.0	0.0	0.0	0.0	0.0	0.0	0.0	0.0	0.0	0.0	0.0	0.0	0.0	0.0	0.0	0.0	0.0	0.0	0.0	0.0	0.0	0.0	0.0	0.0	0.0	0.0	0.0	0.0	0.0	0.0	0.0	0.0	0.0	0.0	0.0	0.0	0.0	0.0	0.0	0.0	0.0	0.0	0.0	0.0	0.0	0.0	0.0	0.0	0.0	0.0	0.0	0.0	0.0	0.0	0.0	0.0	0.0	0.0	0.0	0.0	0.0	0.0	0.0	0.0	0.0	0.0	0.0	0.0	0.0	0.0	0.0	0.0	0.0	0.0	0.0	0.0	0.0	0.0	0.0	0.0	0.0	0.0	0.011339092872570195	0.0	0.0	0.0	0.008658008658008658	0.0	0.0	0.0	0.0	0.0	0.0	0.0	0.0	0.0	0.0	0.0	0.0	0.0	0.0	0.0	0.0	0.0	0.0	0.0	0.0	0.0	0.0	0.0	0.2706367924528302	0.0	0.0	0.0	0.0	0.0	0.0051928783382789315	0.0	0.0	0.0	0.0035310734463276836	0.0	0.0	0.0	0.0	0.0	0.23200757575757575	0.0	0.651171875	0.0	0.8718039772727273	0.0	0.0	0.0	0.0022935779816513763	0.0	0.0	0.0	0.0	0.0	0.015674603174603174	0.0	0.0	0.0	0.0	0.0	0.0	0.0	0.0	0.0	57	53.7
sub-M2060	86376	0.0	0.0	0.10809235074626866	0.0	1.0	0.0	0.0	0.0	0.0	0.0	0.004330708661417323	0.0	0.4810267857142857	0.0	0.7780797101449275	0.0	0.8353494623655914	0.0	0.0	0.0	0.007411067193675889	0.0	0.022321428571428572	0.0	0.29233466933867736	0.0	0.07295918367346939	0.0	0.0	0.0	0.037298387096774195	0.0	0.0	0.0	0.0	0.0	0.0	0.0	0.0	0.0	0.0	0.0	0.0	0.0	0.0	0.0	0.0	0.0	0.0	0.0	0.0	0.0	0.9340390879478827	0.0	0.7014925373134329	0.0	0.061260623229461755	0.0	0.0	0.0	0.9005681818181818	0.0	0.022600685518423307	0.0	0.14490861618798956	0.0	0.18059593023255813	0.0	0.22405189620758484	0.0	0.0019329896907216496	0.0	0.027514231499051234	0.0	0.27385159010600707	0.0	0.0430327868852459	0.0	0.0	0.0	0.0	0.0	0.09344660194174757	0.0	0.007758620689655172	0.0	0.0	0.0	0.0	0.0	0.0075	0.0	0.0	0.0	0.012850467289719626	0.0	0.0	0.0	0.036303630363036306	0.0	0.006007393715341959	0.0	0.03877551020408163	0.0	0.07061688311688312	0.0	0.0	0.0	0.099293059125964	0.0	0.06553876478318002	0.0	0.16005665722379603	0.0	0.0	0.0	0.0	0.0	0.0	0.0	0.0	0.0	0.0	0.0	0.0	0.0	0.0	0.0	0.0	0.0	0.0	0.0	0.014616935483870967	0.0	0.0	0.0	0.05693069306930693	0.0	0.0	0.0	0.0	0.0	0.0	0.0	0.0	0.0	0.0	0.0	0.0	0.0	0.0003405994550408719	0.0	0.0	0.0	0.0	0.0	0.013461538461538462	0.0	0.004772727272727273	0.0	0.0	0.0	0.0	0.0	0.0	0.0	0.0015024038461538462	0.0	0.0	0.0	0.0	0.0	0.0	0.0	0.006425233644859813	0.0	0.2250351617440225	0.0	0.0	0.0	0.0	0.0	0.0	0.0	0.010836693548387098	0.0	0.0	0.0	0.0	0.0	0.0	0.0	0.0	0.0	0.0	0.0	0.0	0.0	0.0	0.0	0.0	0.0	0.0	0.0	0.0	0.0	0.0	0.0	0.0	0.0	0.08498349834983498	0.0	0.0	0.0	0.0	0.0	0.0	0.0	0.0	0.0	0.3855769230769231	0.0	0.9463619402985075	0.0	0.7058397683397684	0.0	0.003700657894736842	0.0	0.25046296296296294	0.0	0.4830163043478261	0.0	0.451007326007326	0.0	0.09888059701492537	0.0	0.09585492227979274	0.0	0.0	0.0	0.0	0.0	0.0	0.0	0.0	0.0	0.0	0.0	0.0	0.0	0.0	0.0	0.0	0.0	0.0	0.0	0.09599156118143459	0.0	0.11358695652173913	0.0	0.038584183673469385	0.0	0.0	0.0	0.1094847775175644	0.0	0.009159482758620689	0.0	0.05264336917562724	0.0	0.09618959107806692	0.0	0.01890432098765432	0.0	0.0	0.0	0.008647798742138365	0.0	0.005208333333333333	0.0	0.0	0.0	0.008528784648187633	0.0	0.09423076923076923	0.0	0.001059322033898305	0.0	0.01431888544891641	0.0	0.029411764705882353	0.0	0.0	0.0	0.0	0.0	0.0	0.0	0.001851851851851852	0.0	0.0	0.0	0.0	0.0	0.0	0.0	0.0	0.0	0.0	0.0	0.0	0.0	0.0	0.0	0.0	0.0	0.0	0.0	0.0	0.0	0.0	0.0	0.0	0.0	0.0	0.0	0.0	0.0	0.0	0.0	0.0	0.0	0.0	0.0	0.0	0.0	0.0	0.0	0.0	0.0	0.0	0.0	0.0	0.0	0.0	0.0	0.0	0.0	0.0	0.0	0.0	0.0	0.005681818181818182	0.0	0.0	0.0	0.0	0.0	0.0	0.0	0.0	0.0	0.0013671875	0.0	0.0	0.0	0.0	0.0	0.0	0.0	0.0	0.0	0.0	0.0	0.0	0.0	0.0	0.0	0.0	0.0	0.0	0.0	0.0	0.0	67	90.3
sub-M2061	100162	0.0	0.0	0.0	0.0	0.0	0.0	0.0	0.0	0.0	0.0	0.0	0.0	0.0	0.0	0.0	0.0	0.0	0.0	0.0	0.0	0.0	0.0	0.0	0.0	0.0	0.0	0.0	0.0	0.0	0.0	0.0	0.0	0.0033941039565554693	0.0	0.0	0.0	0.0	0.0	0.0	0.0	0.04722222222222222	0.0	0.0	0.0	0.0	0.0	0.0	0.0	0.0	0.0	0.0	0.0	0.0	0.0	0.0	0.0	0.0	0.0	0.0	0.0	0.0	0.0	0.0	0.0	0.0	0.0	0.0	0.0	0.0	0.0	0.04639175257731959	0.0	0.018263757115749527	0.0	0.43970848056537104	0.0	0.0	0.0	0.0	0.0	0.0	0.0	0.0	0.0	0.0	0.0	0.8158602150537635	0.0	0.6075102880658436	0.0	0.47708333333333336	0.0	0.6436915887850467	0.0	0.7429906542056075	0.0	0.5350467289719626	0.0	0.7528877887788779	0.0	0.06215341959334566	0.0	0.15051020408163265	0.0	0.006899350649350649	0.0	0.044270833333333336	0.0	0.3351542416452442	0.0	0.028088042049934297	0.0	0.0028328611898017	0.0	0.0	0.0	0.0	0.0	0.0	0.0	0.0	0.0	0.0	0.0	0.0	0.0	0.0	0.0	0.0	0.0	0.0	0.0	0.0	0.0	0.0	0.0	0.008044554455445545	0.0	0.0	0.0	0.0	0.0	0.0	0.0	0.039186507936507936	0.0	0.49843358395989973	0.0	0.03171641791044776	0.0	0.1415190735694823	0.0	0.9909359190556493	0.0	0.9001895991332611	0.0	0.16884615384615384	0.0	0.2509090909090909	0.0	0.9023809523809524	0.0	1.0	0.0	0.9802148846960168	0.0	0.9544771634615384	0.0	0.8604294478527608	0.0	0.9990694789081885	0.0	0.9988076311605724	0.0	0.8946651090342679	0.0	0.814873417721519	0.0	0.9714972527472527	0.0	0.46875	0.0	0.8867481203007519	0.0	0.17867943548387097	0.0	0.110752688172043	0.0	0.47436406995230523	0.0	0.020642201834862386	0.0	0.0	0.0	0.0	0.0	0.5771349862258953	0.0	0.9993781094527363	0.0	0.622822299651568	0.0	0.005434782608695652	0.0	0.0	0.0	0.0	0.0	0.0	0.0	0.0	0.0	0.0	0.0	0.0	0.0	0.0	0.0	0.0	0.0	0.0	0.0	0.0	0.0	0.0	0.0	0.0	0.0	0.0	0.0	0.0	0.0	0.0	0.0	0.0	0.0	0.0	0.0	0.0	0.0	0.0	0.0	0.0	0.0	0.0	0.0	0.0	0.0	0.0	0.0	0.0	0.0	0.0	0.0	0.0	0.0	0.0	0.0	0.0	0.0	0.0	0.0	0.0	0.0	0.0	0.0	0.0	0.0	0.0	0.0	0.0	0.0	0.0	0.0	0.0	0.0	0.0	0.0	0.0	0.0	0.0	0.0	0.0	0.0	0.0	0.0	0.0	0.0	0.0	0.0	0.0	0.0	0.0	0.0	0.0	0.0	0.0	0.0	0.0	0.0	0.0	0.0	0.0	0.0	0.0	0.0	0.0	0.0	0.0	0.0	0.0	0.0	0.0	0.0	0.0	0.0	0.09125269978401727	0.0	0.0	0.0	0.0	0.0	0.0	0.0	0.0	0.0	0.0	0.0	0.0	0.0	0.00037018756169792695	0.0	0.0	0.0	0.0	0.0	0.0	0.0	0.0	0.0	0.0	0.0	0.0	0.0	0.05188679245283019	0.0	0.0	0.0	0.0	0.0	0.0	0.0	0.0	0.0	0.0	0.0	0.0	0.0	0.0	0.0	0.0	0.0	0.0013671875	0.0	0.2333096590909091	0.0	0.0	0.0	0.0	0.0	0.0	0.0	0.0	0.0	0.0	0.0	0.0	0.0	0.0	0.0	0.0	0.0	0.0	0.0	63	52.7
sub-M2066	146477	0.0	0.0	0.0	0.0	0.0	0.0	0.0	0.0	0.0	0.0	0.0	0.0	0.0	0.0	0.0	0.0	0.010080645161290322	0.0	0.0	0.0	0.0	0.0	0.0	0.0	0.0	0.0	0.0	0.0	0.0	0.0	0.013888888888888888	0.0	0.0	0.0	0.0	0.0	0.0	0.0	0.0	0.0	0.0	0.0	0.0	0.0	0.0	0.0	0.0	0.0	0.0	0.0	0.0	0.0	0.011807817589576547	0.0	0.0	0.0	0.0	0.0	0.0	0.0	0.0	0.0	0.4885389888603256	0.0	0.3599869451697128	0.0	0.32546027131782945	0.0	0.27644710578842313	0.0	0.9323453608247423	0.0	0.9046489563567363	0.0	0.997791519434629	0.0	0.9528688524590164	0.0	0.6031746031746031	0.0	0.8458498023715415	0.0	0.8367718446601942	0.0	0.1910919540229885	0.0	0.9959677419354839	0.0	0.9758230452674898	0.0	0.8879166666666667	0.0	0.910436137071651	0.0	0.9672897196261683	0.0	0.9953271028037384	0.0	0.9273927392739274	0.0	0.9870609981515711	0.0	0.6591836734693878	0.0	0.9476461038961039	0.0	0.9967447916666666	0.0	0.9746143958868895	0.0	0.7350525624178712	0.0	0.5182365439093485	0.0	0.41581632653061223	0.0	0.0	0.0	0.0	0.0	0.0	0.0	0.0	0.0	0.0	0.0	0.0	0.0	0.0	0.0	0.0	0.0	0.22152217741935484	0.0	0.017777777777777778	0.0	0.7493811881188119	0.0	0.6274104683195593	0.0	0.0	0.0	0.0	0.0	0.0	0.0	0.0	0.0	0.0	0.0	0.006471389645776567	0.0	0.24388701517706576	0.0	0.9653304442036836	0.0	0.2469230769230769	0.0	0.8254545454545454	0.0	0.10714285714285714	0.0	0.31939935064935066	0.0	0.662604821802935	0.0	0.30994591346153844	0.0	0.0	0.0	0.0	0.0	0.09996025437201908	0.0	0.6563473520249221	0.0	0.9927918424753868	0.0	0.0	0.0	0.0	0.0	0.0	0.0	0.23538306451612903	0.0	0.0	0.0	0.0	0.0	0.0	0.0	0.0	0.0	0.03308823529411765	0.0	0.0	0.0	0.0	0.0	0.0	0.0	0.0	0.0	0.0	0.0	0.0	0.0	0.0	0.0	0.0	0.0	0.0	0.0	0.0	0.0	0.0	0.0	0.0	0.0	0.0	0.0	0.0	0.0	0.0	0.0	0.0	0.0	0.0	0.0	0.0	0.0	0.0	0.0	0.028917910447761194	0.0	0.21632124352331605	0.0	0.21546692607003892	0.0	0.0	0.0	0.0	0.0	0.0	0.0	0.0	0.0	0.0	0.0	0.0	0.0	0.0	0.0	0.0	0.0	0.0	0.0	0.0391304347826087	0.0	0.0	0.0	0.0	0.0	0.09806791569086651	0.0	0.010775862068965518	0.0	0.12432795698924731	0.0	0.1454460966542751	0.0	0.07021604938271606	0.0	0.0	0.0	0.05581761006289308	0.0	0.03311011904761905	0.0	0.00975609756097561	0.0	0.0031982942430703624	0.0	0.27884615384615385	0.0	0.018538135593220338	0.0	0.0	0.0	0.007352941176470588	0.0	0.0	0.0	0.0	0.0	0.0	0.0	0.0	0.0	0.0	0.0	0.0	0.0	0.0	0.0	0.0	0.0	0.0	0.0	0.0	0.0	0.0	0.0	0.0	0.0	0.0	0.0	0.0	0.0	0.0	0.0	0.0	0.0	0.0	0.0	0.0	0.0	0.0	0.0	0.0	0.0	0.0	0.0	0.0	0.0	0.0	0.0	0.0	0.0	0.0	0.0	0.0	0.0	0.0	0.0	0.0	0.0	0.0	0.0	0.0	0.0	0.0	0.0	0.0	0.0	0.0	0.0	0.0	0.0	0.013257575757575758	0.0	0.0134765625	0.0	0.47105823863636365	0.0	0.0	0.0	0.0005733944954128441	0.0	0.0	0.0	0.0	0.0	0.015674603174603174	0.0	0.0	0.0	0.0	0.0	0.0	0.0	0.0	0.0	63	41.1
sub-M2069	27145	0.0	0.0	0.0	0.0	0.0	0.0	0.0	0.0	0.0	0.0	0.04330708661417323	0.0	0.03948102678571429	0.0	0.0	0.0	0.0	0.0	0.11488970588235294	0.0	0.002635046113306983	0.0	0.17410714285714285	0.0	0.15480961923847694	0.0	0.7020408163265306	0.0	0.06324786324786325	0.0	0.56709229390681	0.0	0.49970907680372384	0.0	0.0	0.0	0.0	0.0	0.0	0.0	0.0	0.0	0.0	0.0	0.0	0.0	0.0	0.0	0.0	0.0	0.0895	0.0	0.0	0.0	0.0	0.0	0.0	0.0	0.0	0.0	0.0	0.0	0.0	0.0	0.0	0.0	0.0	0.0	0.0	0.0	0.0	0.0	0.0	0.0	0.0	0.0	0.0	0.0	0.0	0.0	0.0	0.0	0.0	0.0	0.0	0.0	0.0	0.0	0.0	0.0	0.0	0.0	0.0	0.0	0.0	0.0	0.0	0.0	0.0	0.0	0.0	0.0	0.0	0.0	0.0	0.0	0.0	0.0	0.0	0.0	0.0	0.0	0.0	0.0	0.0	0.0	0.0	0.0	0.0	0.0	0.0	0.0	0.0	0.0	0.0	0.0	0.0	0.0	0.0	0.0	0.0	0.0	0.0	0.0	0.0	0.0	0.0	0.0	0.0	0.0	0.0	0.0	0.0	0.0	0.0	0.0	0.0	0.0	0.12846481876332622	0.0	0.31420299727520434	0.0	0.0	0.0	0.0	0.0	0.16557692307692307	0.0	0.0006818181818181819	0.0	0.0	0.0	0.0	0.0	0.0	0.0	0.0	0.0	0.0	0.0	0.0	0.0	0.0	0.0	0.0	0.0	0.0	0.0	0.0	0.0	0.0	0.0	0.0	0.0	0.0	0.0	0.0	0.0	0.0	0.0	0.0	0.0	0.0	0.0	0.0	0.0	0.0	0.0	0.0	0.0	0.0	0.0	0.0	0.0	0.0	0.0	0.0	0.0	0.0	0.0	0.0	0.0	0.0	0.0	0.0	0.0	0.0	0.0	0.0	0.0	0.0	0.0	0.0	0.0	0.0	0.0	0.0	0.0	0.0	0.0	0.0	0.0	0.0	0.0	0.0	0.0	0.0	0.0	0.0	0.0	0.0	0.0	0.0	0.0	0.0	0.0	0.0	0.0	0.0	0.0	0.0	0.0	0.0	0.0	0.0	0.0	0.0	0.0	0.0	0.0	0.0	0.0	0.0	0.0	0.0	0.0	0.0	0.0	0.0	0.0	0.0	0.0	0.0	0.0	0.0	0.0	0.0	0.0	0.0	0.0	0.0	0.0	0.0	0.0	0.0	0.0	0.0	0.0	0.0	0.0	0.0	0.0	0.0	0.0	0.0	0.0	0.0	0.0	0.0	0.0	0.0	0.0	0.0	0.0	0.0	0.0	0.0	0.0	0.0	0.0	0.0	0.0	0.0	0.0	0.0	0.0	0.0	0.0	0.0	0.0	0.0	0.0	0.0	0.0	0.0	0.0	0.0	0.0	0.0	0.0	0.0	0.0	0.0	0.0	0.0	0.0	0.0	0.0	0.0	0.0	0.0	0.0	0.0	0.0	0.0	0.0	0.0	0.0	0.0	0.0	0.0	0.0	0.0	0.0	0.0	0.0	0.0	0.0	0.0	0.0	0.0	0.0	0.0009765625	0.0	0.0008877840909090909	0.0	0.0	0.0	0.0	0.0	0.0	0.0	0.0	0.0	0.0	0.0	0.0	0.0	0.0	0.0	0.0	0.0	0.0	0.0	76	90.5
sub-M2071	163372	0.0	0.0	0.0	0.0	0.0	0.0	0.0	0.0	0.0	0.0	0.012795275590551181	0.0	0.0	0.0	0.0	0.0	0.0	0.0	0.03768382352941176	0.0	0.00016469038208168644	0.0	0.14285714285714285	0.0	0.16683366733466934	0.0	0.8137755102040817	0.0	0.2918803418803419	0.0	0.9568772401433692	0.0	0.5531419705197828	0.0	0.0	0.0	0.0	0.0	0.0	0.0	0.019444444444444445	0.0	0.0	0.0	0.0	0.0	0.0	0.0	0.0	0.0	0.9975	0.0	0.0	0.0	0.0	0.0	0.15262039660056656	0.0	0.922945205479452	0.0	0.0	0.0	0.9335904027420737	0.0	0.15306788511749347	0.0	0.03294573643410853	0.0	0.0	0.0	0.9858247422680413	0.0	0.19046489563567362	0.0	0.42667844522968196	0.0	0.0	0.0	0.0	0.0	0.0	0.0	0.0	0.0	0.0	0.0	1.0	0.0	0.9840534979423868	0.0	0.8458333333333333	0.0	0.48364485981308414	0.0	0.32593457943925236	0.0	0.12149532710280374	0.0	0.6976072607260726	0.0	0.057070240295748614	0.0	0.045153061224489796	0.0	0.7025162337662337	0.0	0.014322916666666666	0.0	0.1018637532133676	0.0	0.005091984231274638	0.0	0.0035410764872521247	0.0	0.0	0.0	0.0	0.0	0.0	0.0	0.0	0.0	0.0	0.0	0.0	0.0	0.0	0.0	0.0	0.0	0.0	0.0	0.09702620967741936	0.0	0.0022222222222222222	0.0	0.7920792079207921	0.0	0.2902892561983471	0.0	0.00539568345323741	0.0	0.0	0.0	0.0	0.0	0.38471177944862156	0.0	0.523454157782516	0.0	0.8804495912806539	0.0	0.8465430016863407	0.0	0.9768418201516793	0.0	0.9998076923076923	0.0	1.0	0.0	0.9892857142857143	0.0	0.9788961038961039	0.0	0.9948899371069182	0.0	0.8069411057692307	0.0	0.03412576687116564	0.0	0.05955334987593052	0.0	0.9467408585055644	0.0	0.9762461059190031	0.0	0.7158931082981715	0.0	0.057692307692307696	0.0	0.3187966417910448	0.0	0.875	0.0	0.7575604838709677	0.0	0.006048387096774193	0.0	0.08445945945945946	0.0	0.10244648318042814	0.0	0.09115853658536585	0.0	0.49172794117647056	0.0	0.0	0.0	0.3389303482587065	0.0	0.0	0.0	0.0	0.0	0.0	0.0	0.0	0.0	0.0	0.0	0.0	0.0	0.0	0.0	0.0	0.0	0.0	0.0	0.0	0.0	0.0	0.0	0.0	0.0	0.0	0.0	0.0	0.0	0.0	0.0	0.0	0.0	0.0	0.0	0.0	0.0	0.0	0.0	0.0	0.0	0.0	0.0	0.0	0.0	0.0	0.0	0.0	0.0	0.0	0.0	0.0	0.0	0.0	0.0	0.0	0.0	0.0	0.0	0.0	0.0	0.0	0.0	0.0	0.0	0.0	0.0	0.0	0.0	0.0	0.0	0.0	0.0	0.0	0.0	0.0	0.0	0.0	0.0	0.0	0.0	0.0	0.0	0.0	0.0	0.0	0.0	0.0	0.0	0.0	0.0	0.0	0.0	0.0	0.0	0.0	0.0	0.0	0.0	0.0	0.0	0.0	0.0	0.0	0.0	0.0	0.0	0.0	0.0	0.0	0.0	0.0	0.0	0.0	0.0	0.0	0.0	0.0	0.0	0.0	0.0	0.0	0.0	0.0	0.0	0.0	0.0	0.0	0.0	0.0	0.0	0.0	0.0	0.003355704697986577	0.0	0.06015850144092219	0.0	0.0212882096069869	0.0	0.0	0.0	0.0	0.0	0.0	0.0	0.008254716981132075	0.0	0.0	0.0	0.0	0.0	0.0	0.0	0.0	0.0	0.0	0.0	0.0	0.0	0.0	0.0	0.0	0.0	0.0189453125	0.0	0.3828125	0.0	0.0	0.0	0.0	0.0	0.0	0.0	0.0	0.0	0.0	0.0	0.0	0.0	0.0	0.0	0.0	0.0	0.0	0.0	65	63.6
sub-M2072	156909	0.0	0.0	0.0	0.0	0.0	0.0	0.0	0.0	0.0	0.0	0.0	0.0	0.0	0.0	0.0	0.0	0.0	0.0	0.0	0.0	0.0	0.0	0.0	0.0	0.0	0.0	0.0	0.0	0.0	0.0	0.010752688172043012	0.0	0.09251357641582622	0.0	0.0	0.0	0.0	0.0	0.0	0.0	0.14166666666666666	0.0	0.004712746858168761	0.0	0.0	0.0	0.0005555555555555556	0.0	0.0	0.0	0.0565	0.0	0.0	0.0	0.0	0.0	0.00017705382436260624	0.0	0.0	0.0	0.0	0.0	0.03941730934018852	0.0	0.00032637075718015666	0.0	0.0	0.0	0.0	0.0	0.4323453608247423	0.0	0.03154648956356736	0.0	0.11285335689045936	0.0	0.0	0.0	0.0	0.0	0.0	0.0	0.0	0.0	0.0	0.0	0.9771505376344086	0.0	0.8204732510288066	0.0	0.49583333333333335	0.0	0.5755451713395638	0.0	0.7885514018691588	0.0	0.2219626168224299	0.0	0.43935643564356436	0.0	0.02841959334565619	0.0	0.0	0.0	0.0	0.0	0.026692708333333332	0.0	0.055912596401028275	0.0	0.017082785808147174	0.0	0.015403682719546742	0.0	0.0	0.0	0.0	0.0	0.0	0.0	0.0	0.0	0.0	0.0	0.0	0.0	0.0	0.0	0.0	0.0	0.0	0.0	0.0	0.0	0.0	0.0	0.0	0.0	0.0	0.0	0.0	0.0	0.0	0.0	0.4568452380952381	0.0	0.731516290726817	0.0	0.6497867803837953	0.0	0.9112738419618529	0.0	1.0	0.0	0.9972914409534128	0.0	0.8288461538461539	0.0	0.8586363636363636	0.0	0.9880952380952381	0.0	1.0	0.0	0.9859800838574424	0.0	0.8111478365384616	0.0	0.9003067484662577	0.0	0.9975186104218362	0.0	0.9805246422893482	0.0	0.3623442367601246	0.0	0.3263009845288326	0.0	0.917239010989011	0.0	0.5998134328358209	0.0	0.8195488721804511	0.0	0.0	0.0	0.3856182795698925	0.0	0.294912559618442	0.0	0.08027522935779817	0.0	0.010365853658536586	0.0	0.0	0.0	0.9008264462809917	0.0	0.9987562189054726	0.0	0.9912891986062717	0.0	1.0	0.0	0.7924715909090909	0.0	0.0	0.0	0.0	0.0	0.0	0.0	0.0	0.0	0.0	0.0	0.0	0.0	0.0	0.0	0.0	0.0	0.0	0.0	0.0	0.0	0.0	0.0	0.0	0.0	0.0	0.0	0.0	0.0	0.0	0.0	0.0	0.0	0.0	0.0	0.0	0.0	0.0	0.0	0.0	0.0	0.0	0.0	0.0	0.0	0.0	0.0	0.0	0.0	0.0	0.0	0.0	0.0	0.0	0.0	0.0	0.0	0.0	0.0	0.0	0.0	0.0	0.0	0.0	0.0	0.0	0.0	0.0	0.0	0.0	0.0	0.0	0.0	0.0	0.0	0.0	0.0	0.0	0.0	0.0	0.0	0.0	0.0	0.0	0.0	0.0	0.0	0.0	0.0	0.0	0.0	0.0	0.0	0.0	0.0	0.0	0.0	0.0	0.0	0.0	0.0	0.0	0.0	0.0	0.0	0.0	0.0	0.0	0.0	0.0	0.0	0.5148488120950324	0.0	0.0	0.0	0.2418831168831169	0.0	0.01633738601823708	0.0	0.0	0.0	0.0	0.0	0.0	0.0	0.2706071076011846	0.0	0.020134228187919462	0.0	0.04106628242074928	0.0	0.01146288209606987	0.0	0.0	0.0	0.0	0.0	0.0	0.0	0.5807783018867925	0.0	0.0	0.0	0.0	0.0	0.00556379821958457	0.0	0.0	0.0	0.001059322033898305	0.0	0.0	0.0	0.0	0.0	0.24053030303030304	0.0	0.61875	0.0	0.8444602272727273	0.0	0.0	0.0	0.0	0.0	0.0	0.0	0.0	0.0	0.0	0.0	0.0	0.0	0.0	0.0	0.0	0.0	0.0	0.0	41	30.5
sub-M2073	21443	0.0	0.0	0.0	0.0	0.0	0.0	0.0	0.0	0.0	0.0	0.0	0.0	0.0	0.0	0.0	0.0	0.0	0.0	0.0	0.0	0.0	0.0	0.0	0.0	0.0	0.0	0.0	0.0	0.0	0.0	0.0	0.0	0.0	0.0	0.0	0.0	0.0	0.0	0.0	0.0	0.0	0.0	0.0	0.0	0.0	0.0	0.0	0.0	0.0	0.0	0.0	0.0	0.0	0.0	0.0	0.0	0.0	0.0	0.0	0.0	0.0	0.0	0.0	0.0	0.0	0.0	0.0	0.0	0.0	0.0	0.007731958762886598	0.0	0.0	0.0	0.0	0.0	0.0	0.0	0.0	0.0	0.0	0.0	0.0	0.0	0.0	0.0	0.12186379928315412	0.0	0.04835390946502058	0.0	0.0	0.0	0.0	0.0	0.0	0.0	0.0	0.0	0.0	0.0	0.0	0.0	0.0	0.0	0.0	0.0	0.0	0.0	0.0	0.0	0.0	0.0	0.0	0.0	0.0	0.0	0.0	0.0	0.0	0.0	0.0	0.0	0.0	0.0	0.0	0.0	0.0	0.0	0.0	0.0	0.0	0.0	0.0	0.0	0.0	0.0	0.0	0.0	0.0	0.0	0.0	0.0	0.0	0.0	0.0	0.0	0.0	0.0	0.0	0.0	0.009366485013623978	0.0	0.4024030354131535	0.0	0.5545774647887324	0.0	0.07173076923076924	0.0	0.21022727272727273	0.0	0.0	0.0	0.28125	0.0	0.02358490566037736	0.0	0.0	0.0	0.0	0.0	0.0	0.0	0.0	0.0	0.0	0.0	0.0	0.0	0.0	0.0	0.0	0.0	0.0	0.0	0.0	0.0	0.0	0.0	0.0	0.0	0.0	0.0	0.0	0.0	0.0	0.0	0.007920110192837466	0.0	0.012437810945273632	0.0	0.0	0.0	0.0	0.0	0.0	0.0	0.0	0.0	0.0	0.0	0.0	0.0	0.0	0.0	0.0	0.0	0.0	0.0	0.0	0.0	0.0	0.0	0.0	0.0	0.0	0.0	0.0	0.0	0.0	0.0	0.0	0.0	0.0	0.0	0.0	0.0	0.0	0.0	0.0	0.0	0.0	0.0	0.0	0.0	0.0	0.0	0.0	0.0	0.0	0.0	0.0	0.0	0.0	0.0	0.0	0.0	0.0	0.0	0.0	0.0	0.0	0.0	0.0	0.0	0.0	0.0	0.0	0.0	0.0	0.0	0.0	0.0	0.0	0.0	0.0	0.0	0.0	0.0	0.0	0.0	0.0	0.0	0.0	0.0	0.0	0.0	0.0	0.0	0.0	0.0	0.0	0.0	0.0	0.0	0.0	0.0	0.0	0.0	0.0	0.0	0.0	0.0	0.0	0.0	0.0	0.0	0.0	0.0	0.0	0.0	0.0	0.0	0.0	0.0	0.0	0.0	0.005399568034557235	0.0	0.0	0.0	0.0	0.0	0.0	0.0	0.0	0.0	0.0	0.0	0.0	0.0	0.0	0.0	0.0	0.0	0.0	0.0	0.0	0.0	0.0	0.0	0.0	0.0	0.0	0.0	0.054245283018867926	0.0	0.0	0.0	0.0	0.0	0.0	0.0	0.0	0.0	0.0	0.0	0.0	0.0	0.01293103448275862	0.0	0.13636363636363635	0.0	0.035546875	0.0	0.6592684659090909	0.0	0.0	0.0	0.0	0.0	0.0	0.0	0.0	0.0	0.013888888888888888	0.0	0.0	0.0	0.0	0.0	0.0	0.0	0.0	0.0	40	66.8
sub-M2074	271769	0.0	0.0	0.0	0.0	0.0	0.0	0.0	0.0	0.0	0.0	0.05216535433070866	0.0	0.0888671875	0.0	0.35507246376811596	0.0	0.5407706093189965	0.0	0.002297794117647059	0.0	0.001152832674571805	0.0	0.03571428571428571	0.0	0.4501503006012024	0.0	0.6668367346938775	0.0	0.017094017094017096	0.0	0.8850806451612904	0.0	0.5236617532971296	0.0	0.0	0.0	0.0	0.0	0.0	0.0	0.0	0.0	0.0	0.0	0.0	0.0	0.0	0.0	0.0	0.0	1.0	0.0	0.876628664495114	0.0	0.9421641791044776	0.0	0.9799929178470255	0.0	1.0	0.0	0.8683712121212122	0.0	1.0	0.0	1.0	0.0	0.9930959302325582	0.0	0.9701846307385229	0.0	1.0	0.0	0.9701138519924098	0.0	1.0	0.0	0.8176229508196722	0.0	0.38095238095238093	0.0	0.782608695652174	0.0	0.991504854368932	0.0	0.4109195402298851	0.0	1.0	0.0	1.0	0.0	1.0	0.0	0.9988317757009346	0.0	0.977803738317757	0.0	0.9988317757009346	0.0	0.3122937293729373	0.0	0.4366913123844732	0.0	0.0017857142857142857	0.0	0.0	0.0	0.7434895833333334	0.0	0.9861825192802056	0.0	0.5878777923784494	0.0	0.5093838526912181	0.0	0.0	0.0	0.0	0.0	0.0	0.0	0.0	0.0	0.0	0.0	0.0	0.0	0.0	0.0	0.0	0.0	0.0	0.0	0.0	0.0	0.0	0.0	0.0	0.0	0.0	0.0	0.0	0.0	0.0	0.0	0.09821428571428571	0.0	0.6779448621553885	0.0	0.9165778251599147	0.0	0.9792234332425068	0.0	1.0	0.0	0.9879469122426869	0.0	1.0	0.0	1.0	0.0	1.0	0.0	0.9979707792207793	0.0	0.8380503144654088	0.0	0.40024038461538464	0.0	0.30866564417177916	0.0	0.4032258064516129	0.0	0.31279809220985694	0.0	0.06639408099688474	0.0	0.17440225035161744	0.0	0.017513736263736264	0.0	0.0	0.0	0.02631578947368421	0.0	0.0	0.0	0.0009408602150537635	0.0	0.0001987281399046105	0.0	0.0	0.0	0.0	0.0	0.0	0.0	0.4201101928374656	0.0	0.8227611940298507	0.0	0.06445993031358885	0.0	0.11141304347826086	0.0	0.0002840909090909091	0.0	0.0	0.0	0.0	0.0	0.0	0.0	0.0	0.0	0.0	0.0	0.0	0.0	0.0	0.0	0.1201923076923077	0.0	0.05783582089552239	0.0	0.3578667953667954	0.0	0.07894736842105263	0.0	0.5745370370370371	0.0	0.6260190217391305	0.0	0.8608058608058609	0.0	0.300839552238806	0.0	0.41580310880829013	0.0	0.24075875486381323	0.0	0.0	0.0	0.0	0.0	0.0	0.0	0.0	0.0	0.004107981220657277	0.0	0.0	0.0	0.0	0.0	0.0	0.0	0.7025316455696202	0.0	0.8334239130434783	0.0	0.7879464285714286	0.0	0.9366740088105727	0.0	0.0	0.0	0.0	0.0	0.04121863799283154	0.0	0.12314126394052044	0.0	0.14506172839506173	0.0	0.01981132075471698	0.0	0.0	0.0	0.0	0.0	0.0	0.0	0.0	0.0	0.0	0.0	0.0	0.0	0.0	0.0	0.0	0.0	0.0	0.0	0.0	0.0	0.0	0.0	0.0	0.0	0.0	0.0	0.0	0.0	0.0	0.0	0.0	0.0	0.0	0.0	0.0	0.0	0.0	0.0	0.0	0.0	0.14443844492440605	0.0	0.0	0.0	0.0	0.0	0.0	0.0	0.0	0.0	0.0	0.0	0.0	0.0	0.009871668311944718	0.0	0.0	0.0	0.0	0.0	0.0	0.0	0.0	0.0	0.0	0.0	0.0	0.0	0.41922169811320753	0.0	0.0	0.0	0.0	0.0	0.002967359050445104	0.0	0.0	0.0	0.00035310734463276836	0.0	0.039959016393442626	0.0	0.0	0.0	0.4914772727272727	0.0	0.6849609375	0.0	0.9087357954545454	0.0	0.0	0.0	0.014908256880733946	0.0	0.0	0.0	0.0	0.0	0.017261904761904763	0.0	0.0	0.0	0.0	0.0	0.0	0.0	0.0	0.0	50	59.4
sub-M2075	33328	0.0	0.0	0.0	0.0	0.0	0.0	0.0	0.0	0.0	0.0	0.0	0.0	0.0	0.0	0.035552536231884056	0.0	0.3682795698924731	0.0	0.0	0.0	0.0	0.0	0.0	0.0	0.0	0.0	0.0	0.0	0.0	0.0	0.0014560931899641578	0.0	0.0	0.0	0.0	0.0	0.0	0.0	0.0	0.0	0.0	0.0	0.0	0.0	0.0	0.0	0.0	0.0	0.0	0.0	0.0505	0.0	0.6909609120521173	0.0	0.4533582089552239	0.0	0.3948300283286119	0.0	0.1404109589041096	0.0	0.7178030303030303	0.0	0.055698371893744644	0.0	0.2584856396866841	0.0	0.08103197674418605	0.0	0.22068363273453093	0.0	0.0	0.0	0.0	0.0	0.0	0.0	0.0	0.0	0.0	0.0	0.0	0.0	0.0	0.0	0.0	0.0	0.0	0.0	0.0	0.0	0.0	0.0	0.0	0.0	0.0	0.0	0.0	0.0	0.0	0.0	0.0	0.0	0.0	0.0	0.0	0.0	0.0	0.0	0.0	0.0	0.0	0.0	0.0	0.0	0.0	0.0	0.0	0.0	0.0	0.0	0.0	0.0	0.0	0.0	0.0	0.0	0.0	0.0	0.0	0.0	0.0	0.0	0.0	0.0	0.0	0.0	0.0	0.0	0.0	0.0	0.0	0.0	0.0	0.0	0.0	0.0	0.0	0.0	0.0	0.0	0.0	0.0	0.0	0.0	0.0	0.0	0.0	0.0	0.0	0.0	0.0	0.0	0.0	0.0	0.0	0.0	0.0	0.0	0.0	0.0	0.0	0.0	0.0	0.0	0.0	0.0	0.0	0.0	0.0	0.0	0.0	0.0	0.0	0.0	0.0	0.0	0.0	0.0	0.0	0.0	0.0	0.0	0.0	0.0	0.0	0.0	0.0	0.0	0.0	0.0	0.0	0.0	0.0	0.0	0.0	0.0	0.0	0.0	0.0	0.0	0.0	0.0	0.0	0.0	0.0	0.0	0.0	0.0	0.0	0.0	0.0	0.0	0.06576492537313433	0.0	0.38537644787644787	0.0	0.0	0.0	0.06018518518518518	0.0	0.24728260869565216	0.0	0.6204212454212454	0.0	0.0708955223880597	0.0	0.0	0.0	0.0	0.0	0.0	0.0	0.0	0.0	0.0	0.0	0.0	0.0	0.0	0.0	0.0	0.0	0.0	0.0	0.0	0.0	0.5722573839662447	0.0	0.3418478260869565	0.0	0.4292091836734694	0.0	0.13711453744493393	0.0	0.0	0.0	0.0	0.0	0.0	0.0	0.0	0.0	0.0	0.0	0.0	0.0	0.0	0.0	0.0	0.0	0.0	0.0	0.0	0.0	0.0	0.0	0.0	0.0	0.0	0.0	0.0	0.0	0.0	0.0	0.0	0.0	0.0	0.0	0.0	0.0	0.0	0.0	0.0	0.0	0.0	0.0	0.0	0.0	0.0	0.0	0.0	0.0	0.0	0.0	0.0	0.0	0.0	0.0	0.0	0.0	0.0	0.0	0.0	0.0	0.0	0.0	0.0	0.0	0.0	0.0	0.0	0.0	0.0	0.0	0.0	0.0	0.0	0.0	0.0	0.0	0.0	0.0	0.0	0.0	0.0	0.0	0.0	0.0	0.0	0.0	0.0	0.0	0.0	0.0	0.0	0.0	0.0	0.0	0.0	0.0	0.0	0.0	0.0	0.0	0.0	0.0	0.0	0.0	0.0	0.0	0.0	0.0	0.0	0.0	0.0	0.0	0.0	0.0	0.0	0.0	0.0	0.0	0.0	0.0	40	94.2
sub-M2076	84919	0.0	0.0	0.0	0.0	0.0	0.0	0.0	0.0	0.0	0.0	0.0	0.0	0.0	0.0	0.0	0.0	0.0	0.0	0.0	0.0	0.0	0.0	0.0	0.0	0.0	0.0	0.0	0.0	0.0	0.0	0.0	0.0	0.0	0.0	0.0	0.0	0.0	0.0	0.0	0.0	0.0	0.0	0.0	0.0	0.0	0.0	0.0	0.0	0.0	0.0	0.0	0.0	0.0	0.0	0.0	0.0	0.0	0.0	0.0	0.0	0.0	0.0	0.0	0.0	0.0	0.0	0.0	0.0	0.0	0.0	0.0	0.0	0.0	0.0	0.0	0.0	0.0	0.0	0.0	0.0	0.0	0.0	0.0	0.0	0.0005747126436781609	0.0	0.05152329749103943	0.0	0.0	0.0	0.0	0.0	0.0	0.0	0.2908878504672897	0.0	0.0	0.0	0.7363861386138614	0.0	0.051756007393715345	0.0	0.752295918367347	0.0	0.9951298701298701	0.0	0.03515625	0.0	0.0	0.0	0.29122864651773983	0.0	0.41023371104815864	0.0	0.8622448979591837	0.0	0.0008278145695364238	0.0	0.36622191011235955	0.0	0.5818142361111112	0.0	0.006896551724137931	0.0	0.9435567010309278	0.0	0.5033367556468172	0.0	0.733016304347826	0.0	0.5280561122244489	0.0	0.9271673387096774	0.0	0.9772222222222222	0.0	0.9993811881188119	0.0	0.9776170798898072	0.0	0.15827338129496402	0.0	0.13089005235602094	0.0	0.0	0.0	0.0	0.0	0.0	0.0	0.0	0.0	0.0	0.0	0.0780065005417118	0.0	0.0	0.0	0.0013636363636363637	0.0	0.0	0.0	0.0	0.0	0.5513626834381551	0.0	0.6984675480769231	0.0	0.0	0.0	0.010235732009925558	0.0	0.6005564387917329	0.0	0.9758566978193146	0.0	0.8554852320675106	0.0	0.0	0.0	0.03591417910447761	0.0	0.3505639097744361	0.0	0.9720262096774194	0.0	0.0	0.0	0.0	0.0	0.0915519877675841	0.0	0.23658536585365852	0.0	0.9898897058823529	0.0	0.0	0.0	0.0	0.0	0.0	0.0	0.0	0.0	0.0	0.0	0.0	0.0	0.0	0.0	0.0	0.0	0.0	0.0	0.0	0.0	0.0	0.0	0.0	0.0	0.0	0.0	0.0	0.0	0.0	0.0	0.0	0.0	0.0	0.0	0.0	0.0	0.0	0.0	0.0	0.0	0.0	0.0	0.0	0.0	0.0	0.0	0.0	0.0	0.0	0.0	0.0	0.0	0.0	0.0	0.0	0.0	0.0	0.0	0.0	0.0	0.0	0.0	0.0	0.0	0.0	0.0	0.0	0.0	0.03454332552693208	0.0	0.0	0.0	0.0	0.0	0.0	0.0	0.0	0.0	0.0	0.0	0.0031446540880503146	0.0	0.0	0.0	0.01524390243902439	0.0	0.008528784648187633	0.0	0.04230769230769231	0.0	0.025423728813559324	0.0	0.0	0.0	0.125	0.0	0.2323446327683616	0.0	0.02685546875	0.0	0.030821917808219176	0.0	0.004629629629629629	0.0	0.01657303370786517	0.0	0.057505399568034556	0.0	0.0	0.0	0.009275618374558304	0.0	0.0	0.0	0.0	0.0	0.0	0.0	0.0015527950310559005	0.0	0.0	0.0	0.0	0.0	0.0	0.0	0.0	0.0	0.0	0.0	0.0	0.0	0.0	0.0	0.0	0.0	0.0	0.0	0.0	0.0	0.009279475982532752	0.0	0.0	0.0	0.09904063205417607	0.0	0.050281954887218046	0.0	0.0	0.0	0.0	0.0	0.0	0.0	0.0	0.0	0.0	0.0	0.0	0.0	0.0	0.0	0.0	0.0	0.0	0.0	0.0	0.0	0.0	0.0	0.0	0.0	0.0	0.0	0.0	0.0	0.0	0.0	0.0	0.0	0.0	0.0	0.0	0.0	0.0	0.0	0.0	0.0	74	69.8
sub-M2077	70197	0.0	0.0	0.0	0.0	0.0	0.0	0.0	0.0	0.0	0.0	0.0	0.0	0.0	0.0	0.0	0.0	0.0	0.0	0.0	0.0	0.0	0.0	0.0	0.0	0.0	0.0	0.0	0.0	0.0	0.0	0.027777777777777776	0.0	0.0003878975950349108	0.0	0.0	0.0	0.0	0.0	0.0	0.0	0.0	0.0	0.0	0.0	0.0	0.0	0.0	0.0	0.0	0.0	0.014	0.0	0.0	0.0	0.0	0.0	0.0	0.0	0.0	0.0	0.0	0.0	0.31458868894601544	0.0	0.2516318537859008	0.0	0.21693313953488372	0.0	0.12512475049900199	0.0	0.9149484536082474	0.0	0.8256641366223909	0.0	0.8409893992932862	0.0	0.08196721311475409	0.0	0.0	0.0	0.15019762845849802	0.0	0.0	0.0	0.0	0.0	0.9950716845878136	0.0	1.0	0.0	0.9891666666666666	0.0	0.793613707165109	0.0	0.6144859813084113	0.0	0.25934579439252337	0.0	0.005775577557755775	0.0	0.005083179297597043	0.0	0.0	0.0	0.0	0.0	0.00390625	0.0	0.38624678663239076	0.0	0.0016425755584756898	0.0	0.008675637393767706	0.0	0.0	0.0	0.0	0.0	0.0	0.0	0.0	0.0	0.0	0.0	0.0	0.0	0.0	0.0	0.0	0.0	0.0	0.0	0.0	0.0	0.0	0.0	0.0	0.0	0.0	0.0	0.0	0.0	0.0	0.0	0.0	0.0	0.0	0.0	0.0	0.0	0.19380108991825612	0.0	0.3716273187183811	0.0	0.9463705308775732	0.0	0.67	0.0	0.7104545454545454	0.0	0.6083333333333333	0.0	0.45535714285714285	0.0	0.282101677148847	0.0	0.038461538461538464	0.0	0.0	0.0	0.0	0.0	0.0	0.0	0.030179127725856698	0.0	0.0	0.0	0.0	0.0	0.0	0.0	0.0	0.0	0.0	0.0	0.0	0.0	0.0	0.0	0.0	0.0	0.0	0.0	0.0	0.0	0.0	0.0	0.0	0.0	0.0	0.0	0.0	0.0	0.0	0.0	0.0	0.0	0.0	0.0	0.0	0.0	0.0	0.0	0.0	0.0	0.0	0.0	0.0	0.0	0.0	0.0	0.0	0.0	0.0	0.0	0.0	0.0	0.0	0.0	0.0	0.0	0.0	0.0	0.0	0.0	0.0	0.0	0.0	0.0	0.0	0.0	0.0	0.0	0.0	0.0	0.0	0.0	0.0	0.0	0.0	0.0	0.0	0.0	0.0	0.0	0.0	0.0	0.0	0.0	0.0	0.0	0.0	0.0	0.0	0.0	0.0	0.0	0.0	0.0	0.0	0.0	0.0	0.0	0.0	0.0	0.0	0.0	0.0	0.0	0.0	0.0	0.0	0.0	0.0	0.0	0.0	0.0	0.0	0.0	0.0	0.0	0.0	0.0	0.0	0.0	0.0	0.0	0.0	0.0	0.0	0.0	0.0	0.0	0.0	0.0	0.0	0.0	0.0	0.0	0.0	0.0	0.0	0.0	0.0	0.0	0.0	0.0	0.0	0.0	0.0	0.0	0.0	0.0	0.0	0.0	0.0	0.0	0.0	0.0	0.0	0.0	0.0	0.0	0.0	0.0	0.0	0.0	0.0	0.0	0.0	0.0	0.0	0.0	0.02122641509433962	0.0	0.0	0.0	0.0	0.0	0.0	0.0	0.0	0.0	0.0	0.0	0.0	0.0	0.0	0.0	0.0	0.0	0.00625	0.0	0.17436079545454544	0.0	0.0	0.0	0.0	0.0	0.0	0.0	0.0	0.0	0.0	0.0	0.0	0.0	0.0	0.0	0.0	0.0	0.0	0.0	45	94.6
sub-M2078	44580	0.0	0.0	0.0	0.0	0.0	0.0	0.0	0.0	0.0	0.0	0.0	0.0	0.0	0.0	0.0	0.0	0.0	0.0	0.0	0.0	0.0	0.0	0.0	0.0	0.0	0.0	0.0	0.0	0.0	0.0	0.0	0.0	0.0	0.0	0.0	0.0	0.0	0.0	0.0	0.0	0.0	0.0	0.0	0.0	0.0	0.0	0.0	0.0	0.0	0.0	0.0	0.0	0.0	0.0	0.0	0.0	0.0	0.0	0.0	0.0	0.0	0.0	0.0	0.0	0.0	0.0	0.0	0.0	0.0	0.0	0.0	0.0	0.0004743833017077799	0.0	0.04792402826855124	0.0	0.0	0.0	0.0	0.0	0.0	0.0	0.0	0.0	0.0	0.0	0.7150537634408602	0.0	0.661522633744856	0.0	0.27166666666666667	0.0	0.8543613707165109	0.0	1.0	0.0	0.30490654205607476	0.0	0.801980198019802	0.0	0.23521256931608134	0.0	0.1931122448979592	0.0	0.09009740259740259	0.0	0.0026041666666666665	0.0	0.0019280205655526992	0.0	0.000164257555847569	0.0	0.0	0.0	0.0	0.0	0.0	0.0	0.0	0.0	0.0	0.0	0.0	0.0	0.0	0.0	0.0	0.0	0.0	0.0	0.0	0.0	0.0	0.0	0.0	0.0	0.0	0.0	0.0	0.0	0.0	0.0	0.0	0.0	0.0	0.0	0.0	0.0	0.0	0.0	0.0	0.0	0.015809443507588533	0.0	0.4115655471289274	0.0	0.0	0.0	0.0029545454545454545	0.0	0.0	0.0	0.35064935064935066	0.0	0.5343291404612159	0.0	0.14543269230769232	0.0	0.0	0.0	0.0	0.0	0.06299682034976152	0.0	0.2949766355140187	0.0	0.7554500703234881	0.0	0.0	0.0	0.0	0.0	0.0	0.0	0.003780241935483871	0.0	0.0	0.0	0.0	0.0	0.0	0.0	0.0	0.0	0.0	0.0	0.0	0.0	0.0	0.0	0.0	0.0	0.0	0.0	0.0	0.0	0.0	0.0	0.0	0.0	0.0	0.0	0.0	0.0	0.0	0.0	0.0	0.0	0.0	0.0	0.0	0.0	0.0	0.0	0.0	0.0	0.0	0.0	0.0	0.0	0.0	0.0	0.0	0.0	0.0	0.0	0.0	0.0	0.0	0.0	0.0	0.0	0.0	0.0	0.0	0.0	0.0	0.0	0.0	0.0	0.0	0.0	0.0	0.0	0.0	0.0	0.0	0.0	0.0	0.0	0.0	0.0	0.0	0.0	0.0	0.0	0.0	0.0	0.0	0.0	0.0	0.0	0.0	0.0	0.0	0.0	0.0	0.0	0.0	0.0	0.0	0.0	0.0	0.0	0.0	0.0	0.0	0.0	0.0	0.0	0.0	0.0	0.0	0.0	0.0	0.0	0.0	0.0	0.0	0.0	0.0	0.0	0.0	0.0	0.0	0.0	0.0	0.0	0.0	0.0	0.0	0.0	0.0	0.0	0.0	0.0	0.0	0.0	0.0	0.0	0.0	0.0	0.0	0.0	0.0	0.0	0.0	0.0	0.0	0.0	0.0	0.0	0.0	0.0	0.0	0.0	0.0	0.0	0.0	0.0	0.0	0.0	0.0	0.0	0.01179245283018868	0.0	0.0	0.0	0.0	0.0	0.0	0.0	0.0	0.0	0.0	0.0	0.0	0.0	0.0	0.0	0.0	0.0	0.0	0.0	0.049360795454545456	0.0	0.0	0.0	0.0	0.0	0.0	0.0	0.0	0.0	0.0	0.0	0.0	0.0	0.0	0.0	0.0	0.0	0.0	0.0	49	88.8
sub-M2079	223106	0.0	0.0	0.0	0.0	0.0	0.0	0.0	0.0	0.0	0.0	0.0	0.0	0.0	0.0	0.009510869565217392	0.0	0.00739247311827957	0.0	0.0013786764705882354	0.0	0.0	0.0	0.0	0.0	0.08291583166332665	0.0	0.07857142857142857	0.0	0.14807692307692308	0.0	0.5669802867383512	0.0	0.8563809154383243	0.0	0.0	0.0	0.0	0.0	0.2717821782178218	0.0	0.875	0.0	0.0913375224416517	0.0	0.09667266187050359	0.0	0.5961111111111111	0.0	0.0	0.0	1.0	0.0	0.0	0.0	0.0	0.0	0.574185552407932	0.0	0.9922945205479452	0.0	0.0	0.0	0.5475578406169666	0.0	0.013054830287206266	0.0	0.125484496124031	0.0	0.14570858283433133	0.0	0.8395618556701031	0.0	0.780123339658444	0.0	0.9966872791519434	0.0	0.7008196721311475	0.0	0.3578042328042328	0.0	0.1773715415019763	0.0	0.3118932038834951	0.0	0.0	0.0	1.0	0.0	1.0	0.0	0.9995833333333334	0.0	0.971183800623053	0.0	0.9042056074766355	0.0	0.9485981308411215	0.0	0.8382838283828383	0.0	0.10951940850277264	0.0	0.10306122448979592	0.0	0.525974025974026	0.0	0.5774739583333334	0.0	0.862146529562982	0.0	0.1011826544021025	0.0	0.17492917847025496	0.0	0.0	0.0	0.0	0.0	0.0	0.0	0.0	0.0	0.0	0.0	0.0	0.0	0.0	0.0	0.0	0.0	0.0	0.0	0.011340725806451613	0.0	0.0	0.0	0.1670792079207921	0.0	0.08539944903581267	0.0	0.0	0.0	0.0	0.0	0.1597222222222222	0.0	0.9733709273182958	0.0	0.9957356076759062	0.0	1.0	0.0	0.9964165261382799	0.0	1.0	0.0	1.0	0.0	1.0	0.0	1.0	0.0	1.0	0.0	0.9973794549266247	0.0	0.9837740384615384	0.0	0.9808282208588958	0.0	0.9975186104218362	0.0	0.9996025437201908	0.0	0.9961059190031153	0.0	0.8516174402250352	0.0	0.9563873626373627	0.0	0.8332555970149254	0.0	0.9750939849624061	0.0	0.6386088709677419	0.0	0.17836021505376345	0.0	0.3143879173290938	0.0	0.23642966360856268	0.0	0.0	0.0	0.140625	0.0	0.8667355371900827	0.0	1.0	0.0	0.8781939605110337	0.0	0.7092391304347826	0.0	0.07741477272727272	0.0	0.0	0.0	0.0	0.0	0.0	0.0	0.0	0.0	0.0	0.0	0.0	0.0	0.0	0.0	0.0	0.0	0.0	0.0	0.0	0.0	0.0	0.0	0.0	0.0	0.0	0.0	0.0	0.0	0.0	0.0	0.0	0.0	0.022859922178988325	0.0	0.0	0.0	0.0	0.0	0.0	0.0	0.0	0.0	0.0	0.0	0.0	0.0	0.0	0.0	0.0	0.0	0.0	0.0	0.0	0.0	0.0	0.0	0.0	0.0	0.0	0.0	0.0	0.0	0.0	0.0	0.0	0.0	0.0	0.0	0.0	0.0	0.0	0.0	0.0	0.0	0.0	0.0	0.0	0.0	0.0	0.0	0.0	0.0	0.0	0.0	0.0	0.0	0.0	0.0	0.0	0.0	0.0	0.0	0.0	0.0	0.0	0.0	0.0	0.0	0.0	0.0	0.0	0.0	0.0	0.0	0.0	0.0	0.0	0.0	0.0	0.0	0.19384449244060475	0.0	0.0	0.0	0.0	0.0	0.0	0.0	0.0	0.0	0.0	0.0	0.0	0.0	0.0	0.0	0.0	0.0	0.0032420749279538905	0.0	0.0	0.0	0.0	0.0	0.0	0.0	0.0	0.0	0.21875	0.0	0.0	0.0	0.0	0.0	0.002967359050445104	0.0	0.0	0.0	0.0	0.0	0.0235655737704918	0.0	0.0	0.0	0.0	0.0	0.3482421875	0.0	0.7160866477272727	0.0	0.0	0.0	0.0	0.0	0.0	0.0	0.0	0.0	0.0	0.0	0.0	0.0	0.0	0.0	0.0	0.0	0.0	0.0	58	25.3
sub-M2082	8265	0.0	0.0	0.0	0.0	0.0	0.0	0.0	0.0	0.0	0.0	0.0	0.0	0.0	0.0	0.0	0.0	0.0	0.0	0.0	0.0	0.0	0.0	0.0	0.0	0.0	0.0	0.0	0.0	0.0	0.0	0.0	0.0	0.0	0.0	0.0	0.0	0.0	0.0	0.0	0.0	0.0	0.0	0.0	0.0	0.0	0.0	0.0	0.0	0.0	0.0	0.0	0.0	0.0	0.0	0.0	0.0	0.0	0.0	0.0	0.0	0.0	0.0	0.0	0.0	0.0	0.0	0.0	0.0	0.0	0.0	0.0	0.0	0.0	0.0	0.0	0.0	0.0	0.0	0.0	0.0	0.0	0.0	0.0	0.0	0.0	0.0	0.0	0.0	0.0	0.0	0.0	0.0	0.0	0.0	0.0	0.0	0.0	0.0	0.0	0.0	0.0	0.0	0.0	0.0	0.0	0.0	0.0	0.0	0.0	0.0	0.0	0.0	0.0	0.0	0.0	0.0	0.0	0.0	0.0	0.0	0.0	0.0	0.0	0.0	0.0	0.0	0.0	0.0	0.0	0.0	0.0	0.0	0.0	0.0	0.0	0.0	0.0	0.0	0.0	0.0	0.0	0.0	0.0	0.0	0.0	0.0	0.0	0.0	0.0	0.0	0.0	0.0	0.0	0.0	0.0	0.0	0.0	0.0	0.0	0.0	0.0	0.0	0.0	0.0	0.0	0.0	0.0	0.0	0.0	0.0	0.0	0.0	0.0	0.0	0.0	0.0	0.0	0.0	0.0	0.0	0.0	0.0	0.0	0.0	0.0	0.0	0.0	0.0	0.0	0.0	0.0	0.0	0.0	0.0	0.0	0.0	0.0	0.0	0.0	0.0	0.0	0.0	0.0	0.0	0.0	0.0	0.0	0.0	0.0	0.0	0.0	0.0	0.0	0.0	0.0	0.0	0.0	0.0	0.0	0.0	0.0	0.0	0.0	0.0	0.0	0.0	0.0	0.0	0.0	0.0	0.0	0.0	0.0	0.0	0.0	0.0	0.0	0.0	0.0	0.0	0.0	0.0	0.0	0.0	0.0	0.0	0.0	0.0	0.0	0.0	0.0	0.0	0.0	0.0	0.0	0.0	0.0	0.0	0.0	0.0	0.0	0.0	0.0	0.0	0.0	0.0	0.0	0.0	0.0	0.0	0.0	0.0	0.0	0.0	0.0	0.0	0.0	0.0	0.0	0.0	0.0	0.0	0.0	0.0	0.0	0.0	0.0	0.0	0.0	0.0	0.0	0.0	0.0	0.0	0.0	0.0	0.0	0.0	0.0	0.0	0.0	0.0	0.0	0.0	0.0	0.0	0.0	0.0	0.0	0.0	0.0	0.0	0.0	0.0	0.0	0.0	0.0	0.0	0.0	0.0	0.0	0.0	0.0	0.0	0.0	0.0	0.0	0.0	0.0	0.0	0.0	0.0	0.0	0.0	0.0	0.0	0.0	0.0	0.0	0.0	0.0	0.0	0.0	0.0	0.0	0.0	0.0	0.0	0.0	0.0	0.0	0.0	0.01893939393939394	0.0	0.06391242937853107	0.0	0.11065573770491803	0.0	0.08189655172413793	0.0	0.0	0.0	0.0	0.0	0.0	0.0	0.0	0.0	0.36754587155963303	0.0	0.0	0.0	0.0	0.0	0.19087301587301586	0.0	0.284375	0.0	0.05	0.0	0.017045454545454544	0.0	0.0	0.0	53	91.1
sub-M2083	75912	0.0	0.0	0.0	0.0	0.0	0.0	0.0	0.0	0.0	0.0	0.0	0.0	0.0033482142857142855	0.0	0.0	0.0	0.0	0.0	0.0	0.0	0.00016469038208168644	0.0	0.35267857142857145	0.0	0.25125250501002006	0.0	0.7209183673469388	0.0	0.0	0.0	0.3900089605734767	0.0	0.5736035686578743	0.0	0.0	0.0	0.0	0.0	0.0	0.0	0.04236111111111111	0.0	0.0	0.0	0.0	0.0	0.0	0.0	0.0	0.0	0.1385	0.0	0.0	0.0	0.0	0.0	0.02160056657223796	0.0	0.09417808219178082	0.0	0.0	0.0	0.0	0.0	0.0	0.0	0.0	0.0	0.0	0.0	0.0	0.0	0.0	0.0	0.0	0.0	0.0	0.0	0.0	0.0	0.0	0.0	0.0	0.0	0.0	0.0	0.5380824372759857	0.0	0.2227366255144033	0.0	0.0	0.0	0.23481308411214954	0.0	0.8399532710280374	0.0	0.17873831775700935	0.0	0.6245874587458746	0.0	0.04990757855822551	0.0	0.0	0.0	0.0	0.0	0.02734375	0.0	0.010282776349614395	0.0	0.004434954007884363	0.0	0.0	0.0	0.0	0.0	0.0	0.0	0.0	0.0	0.0	0.0	0.0	0.0	0.0	0.0	0.0	0.0	0.0	0.0	0.0	0.0	0.0	0.0	0.0	0.0	0.0	0.0	0.0	0.0	0.0	0.0	0.0	0.0	0.0	0.0	0.38345864661654133	0.0	0.48294243070362475	0.0	0.537125340599455	0.0	0.883220910623946	0.0	0.6130823401950163	0.0	0.39615384615384613	0.0	0.23954545454545453	0.0	0.8297619047619048	0.0	1.0	0.0	0.8671383647798742	0.0	0.8297776442307693	0.0	0.2940950920245399	0.0	0.9413771712158809	0.0	0.8032591414944356	0.0	0.7760903426791277	0.0	0.18618143459915612	0.0	0.27369505494505497	0.0	0.0	0.0	0.12828947368421054	0.0	0.03780241935483871	0.0	0.0	0.0	0.000397456279809221	0.0	0.00038226299694189603	0.0	0.0	0.0	0.0	0.0	0.13326446280991736	0.0	0.8097014925373134	0.0	0.03847270615563299	0.0	0.0	0.0	0.0	0.0	0.0	0.0	0.0	0.0	0.0	0.0	0.0	0.0	0.0	0.0	0.0	0.0	0.0	0.0	0.0	0.0	0.0	0.0	0.0	0.0	0.0	0.0	0.0	0.0	0.0	0.0	0.0	0.0	0.0	0.0	0.0	0.0	0.0	0.0	0.0	0.0	0.0	0.0	0.0	0.0	0.0	0.0	0.0	0.0	0.0	0.0	0.0	0.0	0.0	0.0	0.0	0.0	0.0	0.0	0.0	0.0	0.0	0.0	0.0	0.0	0.0	0.0	0.0	0.0	0.0	0.0	0.0	0.0	0.0	0.0	0.0	0.0	0.0	0.0	0.0	0.0	0.0	0.0	0.0	0.0	0.0	0.0	0.0	0.0	0.0	0.0	0.0	0.0	0.0	0.0	0.0	0.0	0.0	0.0	0.0	0.0	0.0	0.0	0.0	0.0	0.0	0.0	0.0	0.0	0.0	0.0	0.0	0.0	0.0	0.0	0.0026997840172786176	0.0	0.0	0.0	0.0	0.0	0.0	0.0	0.0	0.0	0.0	0.0	0.0	0.0	0.0	0.0	0.0	0.0	0.0	0.0	0.0	0.0	0.0	0.0	0.0	0.0	0.0	0.0	0.0	0.0	0.0	0.0	0.0	0.0	0.0	0.0	0.0	0.0	0.0	0.0	0.0	0.0	0.0	0.0	0.0	0.0	0.0	0.0	0.10191761363636363	0.0	0.0	0.0	0.0	0.0	0.0	0.0	0.0	0.0	0.0	0.0	0.0	0.0	0.0	0.0	0.0	0.0	0.0	0.0	75	88.1
sub-M2084	61831	0.0	0.0	0.0	0.0	0.0	0.0	0.0	0.0	0.0	0.0	0.0	0.0	0.0	0.0	0.08854166666666667	0.0	0.0	0.0	0.0	0.0	0.0	0.0	0.0	0.0	0.028807615230460923	0.0	0.05459183673469388	0.0	0.0	0.0	0.4102822580645161	0.0	0.07311869666408068	0.0	0.0	0.0	0.0	0.0	0.0	0.0	0.0	0.0	0.0	0.0	0.0	0.0	0.0	0.0	0.0	0.0	0.9955	0.0	0.0	0.0	0.0	0.0	0.6867917847025495	0.0	0.9032534246575342	0.0	0.0	0.0	0.45726221079691515	0.0	0.0	0.0	0.0	0.0	0.0	0.0	0.4735824742268041	0.0	0.05574003795066414	0.0	0.25	0.0	0.0	0.0	0.0	0.0	0.0	0.0	0.0	0.0	0.0	0.0	0.8082437275985663	0.0	0.8569958847736625	0.0	0.6658333333333334	0.0	0.024143302180685357	0.0	0.08177570093457943	0.0	0.0	0.0	0.0	0.0	0.0	0.0	0.0	0.0	0.0	0.0	0.0	0.0	0.0	0.0	0.0	0.0	0.0	0.0	0.0	0.0	0.0	0.0	0.0	0.0	0.0	0.0	0.0	0.0	0.0	0.0	0.0	0.0	0.0	0.0	0.0	0.0	0.0	0.0	0.0	0.0	0.0	0.0	0.0	0.0	0.0	0.0	0.0	0.0	0.007936507936507936	0.0	0.19830827067669174	0.0	0.02185501066098081	0.0	0.47411444141689374	0.0	0.5558600337268128	0.0	0.7355092091007583	0.0	0.943076923076923	0.0	0.9252272727272727	0.0	0.7702380952380953	0.0	0.3364448051948052	0.0	0.39884696016771487	0.0	0.08623798076923077	0.0	0.11081288343558282	0.0	0.0	0.0	0.0	0.0	0.005257009345794392	0.0	0.0	0.0	0.0	0.0	0.0	0.0	0.0	0.0	0.0	0.0	0.0	0.0	0.0	0.0	0.0	0.0	0.0	0.0	0.0	0.0	0.04132231404958678	0.0	0.5652985074626866	0.0	0.0	0.0	0.0	0.0	0.0	0.0	0.0	0.0	0.0	0.0	0.0	0.0	0.0	0.0	0.0	0.0	0.0	0.0	0.0	0.0	0.0	0.0	0.0	0.0	0.0	0.0	0.0	0.0	0.0	0.0	0.0	0.0	0.0	0.0	0.0	0.0	0.0	0.0	0.0	0.0	0.0	0.0	0.0	0.0	0.0	0.0	0.0	0.0	0.0	0.0	0.0	0.0	0.0	0.0	0.0	0.0	0.0	0.0	0.0	0.0	0.0	0.0	0.0	0.0	0.0	0.0	0.0	0.0	0.0	0.0	0.0	0.0	0.0	0.0	0.0	0.0	0.0	0.0	0.0	0.0	0.0	0.0	0.0	0.0	0.0	0.0	0.0	0.0	0.0	0.0	0.0	0.0	0.0	0.0	0.0	0.0	0.0	0.0	0.0	0.0	0.0	0.0	0.0	0.0	0.0	0.0	0.0	0.0	0.0	0.0	0.0	0.0	0.0	0.0	0.0	0.0	0.0	0.0	0.0	0.0	0.0	0.0	0.0	0.0	0.0	0.0	0.0	0.0	0.0	0.0	0.0	0.0	0.0	0.0	0.0	0.0	0.0	0.0	0.0	0.0	0.0	0.0	0.0	0.0	0.0	0.0	0.0	0.0	0.0	0.0	0.0	0.0	0.0	0.0	0.0	0.0	0.0	0.0	0.0	0.0	0.0	0.0	0.0	0.0	0.06853693181818182	0.0	0.0	0.0	0.0	0.0	0.0	0.0	0.0	0.0	0.0	0.0	0.0	0.0	0.0	0.0	0.0	0.0	0.0	0.0	68	67.2
sub-M2086	122104	0.0	0.0	0.0	0.0	0.0	0.0	0.0	0.0	0.017720306513409962	0.0	0.0	0.0	0.0	0.0	0.0	0.0	0.0	0.0	0.11580882352941177	0.0	0.011198945981554678	0.0	0.0	0.0	0.0	0.0	0.0	0.0	0.25	0.0	0.0029121863799283156	0.0	0.41039565554693563	0.0	0.0	0.0	0.13095238095238096	0.0	0.7074257425742574	0.0	0.8465277777777778	0.0	0.3328096947935368	0.0	0.12005395683453238	0.0	0.7511111111111111	0.0	0.0	0.0	0.145	0.0	0.0	0.0	0.0	0.0	0.0	0.0	0.05393835616438356	0.0	0.0	0.0	0.01778063410454156	0.0	0.0	0.0	0.0	0.0	0.0	0.0	0.0	0.0	0.0	0.0	0.0	0.0	0.0	0.0	0.0	0.0	0.0	0.0	0.0	0.0	0.0	0.0	0.05510752688172043	0.0	0.014917695473251029	0.0	0.0	0.0	0.12227414330218069	0.0	0.1705607476635514	0.0	0.1425233644859813	0.0	0.24092409240924093	0.0	0.03997227356746765	0.0	0.0	0.0	0.004058441558441558	0.0	0.017578125	0.0	0.0	0.0	0.0	0.0	0.0	0.0	0.0	0.0	0.0	0.0	0.0	0.0	0.0	0.0	0.0	0.0	0.0	0.0	0.0	0.0	0.0	0.0	0.0	0.0	0.0	0.0	0.0	0.0	0.0	0.0	0.0	0.0	0.00539568345323741	0.0	0.0	0.0	0.17906746031746032	0.0	0.99968671679198	0.0	0.894456289978678	0.0	0.948399182561308	0.0	0.9993676222596964	0.0	0.4394637053087757	0.0	0.8475	0.0	0.5997727272727272	0.0	0.9940476190476191	0.0	1.0	0.0	0.36176624737945495	0.0	0.6977163461538461	0.0	0.8592791411042945	0.0	0.9972084367245657	0.0	0.9996025437201908	0.0	0.594626168224299	0.0	0.08280590717299578	0.0	0.9739010989010989	0.0	0.9316697761194029	0.0	0.9976503759398496	0.0	0.4475806451612903	0.0	0.16922043010752688	0.0	0.5089427662957074	0.0	0.26051223241590216	0.0	0.11402439024390244	0.0	0.008272058823529412	0.0	0.6790633608815427	0.0	1.0	0.0	0.7322880371660859	0.0	0.6059782608695652	0.0	0.017613636363636363	0.0	0.0	0.0	0.0	0.0	0.0	0.0	0.0	0.0	0.0	0.0	0.0	0.0	0.0	0.0	0.0	0.0	0.0	0.0	0.0	0.0	0.0	0.0	0.0	0.0	0.0	0.0	0.0	0.0	0.0	0.0	0.0	0.0	0.0	0.0	0.0	0.0	0.0	0.0	0.0	0.0	0.0	0.0	0.0	0.0	0.0	0.0	0.0	0.0	0.0	0.0	0.0	0.0	0.0	0.0	0.0	0.0	0.0	0.0	0.0	0.0	0.0	0.0	0.0	0.0	0.0	0.0	0.0	0.0	0.0	0.0	0.0	0.0	0.0	0.0	0.0	0.0	0.0	0.0	0.0	0.0	0.0	0.0	0.0	0.0	0.0	0.0	0.0	0.0	0.0	0.0	0.0	0.0	0.0	0.0	0.0	0.0	0.0	0.0	0.0	0.0	0.0	0.0	0.0	0.0	0.0	0.0	0.0	0.0	0.0	0.0	0.18385529157667388	0.0	0.0	0.0	0.0	0.0	0.0	0.0	0.0	0.0	0.0	0.0	0.0	0.0	0.08119447186574531	0.0	0.010906040268456376	0.0	0.028097982708933718	0.0	0.005731441048034935	0.0	0.0	0.0	0.0	0.0	0.0	0.0	0.3178066037735849	0.0	0.0	0.0	0.0	0.0	0.021142433234421366	0.0	0.0	0.0	0.0	0.0	0.0	0.0	0.0	0.0	0.0	0.0	0.193359375	0.0	0.4337713068181818	0.0	0.0	0.0	0.0	0.0	0.0	0.0	0.0	0.0	0.0	0.0	0.0	0.0	0.0	0.0	0.0	0.0	0.0	0.0	71	60.5
sub-M2087	238733	0.0	0.0	0.0	0.0	0.0	0.0	0.0	0.0	0.07359514687100895	0.0	0.0547244094488189	0.0	0.009905133928571428	0.0	0.024003623188405796	0.0	0.014336917562724014	0.0	0.5454963235294118	0.0	0.1480566534914361	0.0	0.2598214285714286	0.0	0.2747995991983968	0.0	0.4479591836734694	0.0	0.8455128205128205	0.0	0.780241935483871	0.0	0.9332816136539953	0.0	0.0	0.0	0.0035714285714285713	0.0	0.421039603960396	0.0	0.20902777777777778	0.0	0.0031418312387791743	0.0	0.1389388489208633	0.0	0.21888888888888888	0.0	0.0	0.0	0.768	0.0	0.0	0.0	0.0	0.0	0.16625354107648727	0.0	0.776541095890411	0.0	0.0	0.0	0.2739931448157669	0.0	0.011422976501305483	0.0	0.1121608527131783	0.0	0.0687375249500998	0.0	0.23582474226804123	0.0	0.38472485768500947	0.0	0.6618816254416962	0.0	0.9385245901639344	0.0	0.27843915343915343	0.0	0.657608695652174	0.0	1.0	0.0	0.6255747126436781	0.0	0.9520609318996416	0.0	0.9310699588477366	0.0	0.4529166666666667	0.0	0.7612928348909658	0.0	0.9637850467289719	0.0	0.8037383177570093	0.0	0.7908415841584159	0.0	0.780268022181146	0.0	0.8558673469387755	0.0	0.6619318181818182	0.0	0.892578125	0.0	0.8120179948586118	0.0	0.9883377135348226	0.0	0.9822946175637394	0.0	0.9770408163265306	0.0	0.0	0.0	0.0	0.0	0.0	0.0	0.0	0.0	0.0	0.0	0.0008983572895277207	0.0	0.28872282608695654	0.0	0.011272545090180362	0.0	0.4513608870967742	0.0	0.09277777777777778	0.0	0.43254950495049505	0.0	0.4738292011019284	0.0	0.0	0.0	0.0	0.0	0.0	0.0	0.48120300751879697	0.0	0.9874733475479744	0.0	0.9979564032697548	0.0	0.8353709949409781	0.0	0.9910617551462622	0.0	0.8569230769230769	0.0	0.6163636363636363	0.0	0.9619047619047619	0.0	0.9338474025974026	0.0	0.9863731656184487	0.0	0.6969651442307693	0.0	0.09854294478527607	0.0	0.08498759305210918	0.0	0.5315977742448331	0.0	0.8820093457943925	0.0	0.844760900140647	0.0	0.0010302197802197802	0.0	0.0002332089552238806	0.0	0.11842105263157894	0.0	0.6265120967741935	0.0	0.0	0.0	0.0	0.0	0.039181957186544346	0.0	0.03719512195121951	0.0	0.4696691176470588	0.0	0.09366391184573003	0.0	0.6598258706467661	0.0	0.0	0.0	0.0	0.0	0.0	0.0	0.0770997375328084	0.0	0.005578093306288032	0.0	0.0	0.0	0.0	0.0	0.0	0.0	0.0	0.0	0.0	0.0	0.01730769230769231	0.0	0.0	0.0	0.0019305019305019305	0.0	0.26973684210526316	0.0	0.24814814814814815	0.0	0.10767663043478261	0.0	0.0	0.0	0.014458955223880597	0.0	0.15803108808290156	0.0	0.10651750972762646	0.0	0.014501160092807424	0.0	0.1426991150442478	0.0	0.017045454545454544	0.0	0.013059701492537313	0.0	0.0005868544600938967	0.0	0.0	0.0	0.0	0.0	0.0	0.0	0.0	0.0	0.002717391304347826	0.0	0.0	0.0	0.0	0.0	0.14666276346604215	0.0	0.009698275862068966	0.0	0.21393369175627241	0.0	0.2699814126394052	0.0	0.1909722222222222	0.0	0.01839622641509434	0.0	0.1988993710691824	0.0	0.28608630952380953	0.0	0.4378048780487805	0.0	0.01945628997867804	0.0	0.37115384615384617	0.0	0.3813559322033898	0.0	0.0	0.0	0.2536764705882353	0.0	0.3354519774011299	0.0	0.001953125	0.0	0.0	0.0	0.0002314814814814815	0.0	0.0	0.0	0.0	0.0	0.0	0.0	0.0	0.0	0.0	0.0	0.0	0.0	0.0	0.0	0.0	0.0	0.0	0.0	0.0	0.0	0.0	0.0	0.0	0.0	0.0	0.0	0.0	0.0	0.0	0.0	0.0	0.0	0.0	0.0	0.0	0.0	0.018286026200873363	0.0	0.0	0.0	0.0	0.0	0.0	0.0	0.0011792452830188679	0.0	0.134375	0.0	0.3416666666666667	0.0	0.02040059347181009	0.0	0.23958333333333334	0.0	0.01694915254237288	0.0	0.12807377049180327	0.0	0.12284482758620689	0.0	0.0	0.0	0.23046875	0.0	0.4442471590909091	0.0	0.0	0.0	0.0	0.0	0.0	0.0	0.0	0.0	0.0	0.0	0.0	0.0	0.0	0.0	0.0	0.0	0.0	0.0	52	45.9
sub-M2088	60074	0.0	0.0	0.0	0.0	0.0	0.0	0.0	0.0	0.0	0.0	0.0	0.0	0.0	0.0	0.0	0.0	0.0	0.0	0.0	0.0	0.0	0.0	0.0	0.0	0.0	0.0	0.0	0.0	0.020726495726495726	0.0	0.0	0.0	0.2104344453064391	0.0	0.0	0.0	0.0	0.0	0.10074257425742575	0.0	0.05347222222222222	0.0	0.0	0.0	0.0	0.0	0.0	0.0	0.0	0.0	0.0	0.0	0.0	0.0	0.0	0.0	0.0	0.0	0.0	0.0	0.0	0.0	0.0	0.0	0.0	0.0	0.0	0.0	0.0	0.0	0.0	0.0	0.0	0.0	0.0	0.0	0.0	0.0	0.0	0.0	0.0	0.0	0.0	0.0	0.010919540229885057	0.0	0.0	0.0	0.0	0.0	0.0	0.0	0.0	0.0	0.0	0.0	0.0	0.0	0.5350660066006601	0.0	0.10951940850277264	0.0	0.6145408163265306	0.0	0.987012987012987	0.0	0.12174479166666667	0.0	0.0	0.0	0.06192509855453351	0.0	0.0012393767705382436	0.0	0.04081632653061224	0.0	0.0	0.0	0.0	0.0	0.0	0.0	0.0	0.0	0.004639175257731959	0.0	0.026950718685831623	0.0	0.019021739130434784	0.0	0.0	0.0	0.34904233870967744	0.0	0.028333333333333332	0.0	0.8675742574257426	0.0	0.9614325068870524	0.0	0.006294964028776978	0.0	0.011780104712041885	0.0	0.0	0.0	0.06798245614035088	0.0	0.13939232409381663	0.0	0.3518392370572207	0.0	0.2887858347386172	0.0	0.04320151679306609	0.0	0.08923076923076922	0.0	0.05272727272727273	0.0	0.7011904761904761	0.0	0.770698051948052	0.0	0.45676100628930816	0.0	0.7121394230769231	0.0	0.0	0.0	0.019230769230769232	0.0	0.6814387917329093	0.0	0.807632398753894	0.0	0.635548523206751	0.0	0.0	0.0	0.134794776119403	0.0	0.45864661654135336	0.0	0.9760584677419355	0.0	0.0	0.0	0.0	0.0	0.12404434250764526	0.0	0.14664634146341463	0.0	0.5955882352941176	0.0	0.0	0.0	0.008706467661691543	0.0	0.0	0.0	0.0	0.0	0.0	0.0	0.0	0.0	0.0	0.0	0.0	0.0	0.0	0.0	0.0	0.0	0.0	0.0	0.0	0.0	0.0	0.0	0.0	0.0	0.0	0.0	0.0	0.0	0.0	0.0	0.0	0.0	0.0	0.0	0.0	0.0	0.0	0.0	0.0	0.0	0.0	0.0	0.0	0.0	0.0	0.0	0.0	0.0	0.0	0.0	0.0	0.0	0.0	0.0	0.0	0.0	0.0	0.0	0.0	0.0	0.0	0.0	0.0	0.0	0.0	0.0	0.0	0.0	0.0	0.0	0.0	0.0	0.03009259259259259	0.0	0.0	0.0	0.0	0.0	0.019717261904761904	0.0	0.05121951219512195	0.0	0.0	0.0	0.0	0.0	0.08315677966101695	0.0	0.0	0.0	0.0	0.0	0.0	0.0	0.0	0.0	0.0	0.0	0.0	0.0	0.0	0.0	0.0	0.0	0.0	0.0	0.0	0.0	0.0	0.0	0.0	0.0	0.0	0.0	0.0	0.0	0.0	0.0	0.0	0.0	0.0	0.0	0.0	0.0	0.0	0.0	0.0	0.0	0.0	0.0	0.0	0.0	0.0	0.0	0.0	0.0	0.0	0.0	0.0	0.0	0.0	0.0	0.0	0.0	0.0	0.0	0.0	0.0	0.0	0.0	0.0	0.0	0.0	0.0	0.0	0.0	0.0	0.0	0.0	0.0	0.0	0.0	0.0	0.0	0.0	0.0	0.0	0.0	0.0	0.0	0.0	0.0	0.0	0.0	0.0	0.0	0.0	0.0	0.0	0.0	0.0	0.0	0.0	0.0	46	87.5
sub-M2089	168664	0.0	0.0	0.0	0.0	0.0	0.0	0.0	0.0	0.0	0.0	0.0	0.0	0.0	0.0	0.0	0.0	0.0	0.0	0.0	0.0	0.0	0.0	0.0	0.0	0.0	0.0	0.0	0.0	0.0	0.0	0.0	0.0	0.0001939487975174554	0.0	0.0	0.0	0.0	0.0	0.0	0.0	0.06180555555555556	0.0	0.010771992818671455	0.0	0.0	0.0	0.0	0.0	0.0	0.0	0.0095	0.0	0.0	0.0	0.0	0.0	0.0	0.0	0.07962328767123288	0.0	0.0	0.0	0.36171808054841476	0.0	0.08975195822454309	0.0	0.00872093023255814	0.0	0.006986027944111776	0.0	0.6817010309278351	0.0	0.03961100569259962	0.0	0.38140459363957596	0.0	0.06967213114754098	0.0	0.0006613756613756613	0.0	0.0	0.0	0.37985436893203883	0.0	0.0339080459770115	0.0	0.7876344086021505	0.0	0.9727366255144033	0.0	0.61	0.0	0.6958722741433022	0.0	0.9742990654205608	0.0	0.3492990654205608	0.0	0.9583333333333334	0.0	0.6418669131238447	0.0	0.7533163265306122	0.0	0.981737012987013	0.0	0.232421875	0.0	0.2808483290488432	0.0	0.4278909329829172	0.0	0.46990084985835695	0.0	0.7397959183673469	0.0	0.0	0.0	0.0031601123595505617	0.0	0.0026041666666666665	0.0	0.0	0.0	0.2518041237113402	0.0	0.25308008213552363	0.0	0.036684782608695655	0.0	0.06788577154308617	0.0	0.7827620967741935	0.0	0.9277777777777778	0.0	1.0	0.0	0.9362947658402204	0.0	0.5278776978417267	0.0	0.337696335078534	0.0	0.11458333333333333	0.0	0.08677944862155389	0.0	0.0	0.0	0.0739100817438692	0.0	0.8296795952782462	0.0	0.8281419284940412	0.0	0.0475	0.0	0.2868181818181818	0.0	0.5047619047619047	0.0	0.9602272727272727	0.0	0.952437106918239	0.0	0.7143930288461539	0.0	0.2331288343558282	0.0	0.13647642679900746	0.0	0.9880763116057234	0.0	0.972936137071651	0.0	0.9957805907172996	0.0	0.0415521978021978	0.0	0.2381063432835821	0.0	0.9027255639097744	0.0	0.983366935483871	0.0	0.0	0.0	0.0	0.0	0.2329892966360856	0.0	0.4975609756097561	0.0	1.0	0.0	0.49552341597796146	0.0	0.8258706467661692	0.0	0.009001161440185831	0.0	0.0	0.0	0.0	0.0	0.0	0.0	0.0	0.0	0.0	0.0	0.0	0.0	0.0	0.0	0.0	0.0	0.0	0.0	0.0	0.0	0.0	0.0	0.0	0.0	0.0	0.0	0.0	0.0	0.0	0.0	0.0011446886446886447	0.0	0.01958955223880597	0.0	0.22279792746113988	0.0	0.010214007782101167	0.0	0.0	0.0	0.0	0.0	0.0	0.0	0.0	0.0	0.011737089201877934	0.0	0.0	0.0	0.0	0.0	0.0	0.0	0.0	0.0	0.0	0.0	0.0	0.0	0.0	0.0	0.11533957845433256	0.0	0.0	0.0	0.09879032258064516	0.0	0.129182156133829	0.0	0.03896604938271605	0.0	0.0	0.0	0.006289308176100629	0.0	0.007068452380952381	0.0	0.0006097560975609756	0.0	0.04077825159914712	0.0	0.16442307692307692	0.0	0.010063559322033898	0.0	0.09752321981424149	0.0	0.5110294117647058	0.0	0.12146892655367232	0.0	0.013671875	0.0	0.0	0.0	0.11226851851851852	0.0	0.08426966292134831	0.0	0.00607451403887689	0.0	0.013117283950617283	0.0	0.10424028268551237	0.0	0.03347280334728033	0.0	0.0	0.0	0.0	0.0	0.0015527950310559005	0.0	0.003509719222462203	0.0	0.02030892448512586	0.0	0.0	0.0	0.0	0.0	0.0	0.0	0.0	0.0	0.003875968992248062	0.0	0.0	0.0	0.0	0.0	0.013688760806916427	0.0	0.12909388646288208	0.0	0.0390625	0.0	0.06772009029345373	0.0	0.0	0.0	0.0	0.0	0.0	0.0	0.0	0.0	0.0	0.0	0.0	0.0	0.0	0.0	0.0	0.0	0.1271551724137931	0.0	0.0	0.0	0.00078125	0.0	0.13494318181818182	0.0	0.0	0.0	0.0	0.0	0.0	0.0	0.0	0.0	0.0	0.0	0.0020833333333333333	0.0	0.0	0.0	0.0	0.0	0.0	0.0	50	40.8
sub-M2092	68896	0.0	0.0	0.0	0.0	0.0	0.0	0.0	0.0	0.0	0.0	0.0	0.0	0.0	0.0	0.0	0.0	0.0	0.0	0.0	0.0	0.0	0.0	0.0	0.0	0.0	0.0	0.0010204081632653062	0.0	0.0	0.0	0.14684139784946237	0.0	0.22953840186190846	0.0	0.0	0.0	0.0	0.0	0.0	0.0	0.0	0.0	0.0011220825852782765	0.0	0.0	0.0	0.0	0.0	0.0	0.0	0.3605	0.0	0.0	0.0	0.0	0.0	0.00017705382436260624	0.0	0.04280821917808219	0.0	0.0	0.0	0.1597043701799486	0.0	0.012402088772845953	0.0	0.0	0.0	0.0	0.0	0.028350515463917526	0.0	0.0	0.0	0.0	0.0	0.0	0.0	0.0	0.0	0.0	0.0	0.0	0.0	0.0	0.0	0.0	0.0	0.0	0.0	0.0	0.0	0.0	0.0	0.0	0.0	0.0	0.0	0.0	0.0	0.0	0.0	0.0	0.0	0.0	0.0	0.0	0.0	0.0	0.0	0.0	0.0	0.0	0.0	0.0	0.0	0.0	0.0	0.0	0.0	0.0	0.0	0.0	0.0	0.0	0.0	0.0	0.0	0.0	0.0	0.0	0.0	0.0	0.0	0.0	0.0	0.0	0.0	0.0	0.0	0.0	0.0	0.0	0.0	0.00248015873015873	0.0	0.28477443609022557	0.0	0.6265991471215352	0.0	0.846900544959128	0.0	0.44645868465430016	0.0	0.7119447453954496	0.0	0.8830769230769231	0.0	0.6504545454545455	0.0	0.3261904761904762	0.0	0.3851461038961039	0.0	0.01270964360587002	0.0	0.0	0.0	0.0	0.0	0.0	0.0	0.0	0.0	0.0	0.0	0.0	0.0	0.0	0.0	0.0	0.0	0.0	0.0	0.0	0.0	0.0	0.0	0.0	0.0	0.0	0.0	0.0	0.0	0.0	0.0	0.0	0.0	0.0	0.0	0.0	0.0	0.0	0.0	0.0	0.0	0.0	0.0	0.0	0.0	0.0	0.0	0.0	0.0	0.0	0.0	0.0	0.0	0.0	0.0	0.0	0.0	0.0	0.0	0.0	0.0	0.0	0.0	0.0	0.0	0.0	0.0	0.0	0.0	0.0	0.0	0.0	0.0	0.0	0.0	0.0	0.0	0.0	0.0	0.0	0.0	0.0	0.0	0.0	0.0	0.0	0.0	0.0	0.0	0.0	0.0	0.0	0.0	0.0	0.0	0.0	0.0	0.0	0.0	0.0	0.0	0.0	0.0	0.0	0.0	0.0	0.0	0.0	0.0	0.0	0.0	0.0	0.0	0.0	0.0	0.0	0.0	0.0	0.0	0.0	0.0	0.0	0.0	0.0	0.0	0.0	0.0	0.0	0.0	0.0	0.0	0.0	0.0	0.0	0.0	0.0	0.0	0.0	0.0	0.0	0.0	0.0	0.0	0.0	0.0	0.0	0.0	0.0	0.0	0.0	0.0	0.0	0.0	0.0	0.0	0.0	0.0	0.0	0.0	0.0	0.0	0.0	0.0	0.0	0.0	0.0	0.0	0.0	0.0	0.0	0.0	0.0	0.0	0.0	0.0	0.0	0.0	0.0	0.0	0.3466981132075472	0.0	0.040625	0.0	0.0	0.0	0.07789317507418397	0.0	0.17140151515151514	0.0	0.014830508474576272	0.0	0.2151639344262295	0.0	0.4504310344827586	0.0	0.12026515151515152	0.0	0.8642578125	0.0	0.9057173295454546	0.0	0.0	0.0	0.0481651376146789	0.0	0.0	0.0	0.0	0.0	0.01746031746031746	0.0	0.0	0.0	0.0	0.0	0.0	0.0	0.0	0.0	44	88.8
sub-M2094	303722	0.0	0.0	0.0	0.0	0.017543859649122806	0.0	0.0	0.0	0.06704980842911877	0.0	0.21496062992125983	0.0	0.11118861607142858	0.0	0.2162590579710145	0.0	0.4845430107526882	0.0	0.3446691176470588	0.0	0.25016469038208167	0.0	0.34732142857142856	0.0	0.4035571142284569	0.0	0.29336734693877553	0.0	0.6151709401709402	0.0	0.6812275985663082	0.0	0.9615011636927852	0.0	0.0	0.0	0.011904761904761904	0.0	0.3217821782178218	0.0	0.5611111111111111	0.0	0.08370736086175942	0.0	0.5616007194244604	0.0	0.8988888888888888	0.0	0.0	0.0	0.885	0.0	0.6099348534201955	0.0	0.1921641791044776	0.0	0.46830736543909346	0.0	0.4700342465753425	0.0	0.3664772727272727	0.0	0.8121251071122536	0.0	0.43407310704960833	0.0	0.389656007751938	0.0	0.5633732534930139	0.0	0.9845360824742269	0.0	0.47343453510436434	0.0	0.9375	0.0	0.6168032786885246	0.0	0.37566137566137564	0.0	0.0029644268774703555	0.0	0.12378640776699029	0.0	0.0005747126436781609	0.0	0.992831541218638	0.0	0.9938271604938271	0.0	0.9629166666666666	0.0	0.9404205607476636	0.0	0.7710280373831776	0.0	0.9147196261682243	0.0	0.6415016501650165	0.0	0.23937153419593346	0.0	0.1096938775510204	0.0	0.23457792207792208	0.0	0.5787760416666666	0.0	0.6625964010282777	0.0	0.5558475689881734	0.0	0.2864730878186969	0.0	0.09183673469387756	0.0	0.0	0.0	0.0	0.0	0.0	0.0	0.0	0.0	0.0	0.0	0.001540041067761807	0.0	0.0	0.0	0.00250501002004008	0.0	0.12172379032258064	0.0	0.22	0.0	0.2698019801980198	0.0	0.06473829201101929	0.0	0.09082733812949641	0.0	0.05431937172774869	0.0	0.03819444444444445	0.0	0.9332706766917294	0.0	1.0	0.0	0.9991485013623979	0.0	1.0	0.0	1.0	0.0	0.9982692307692308	0.0	0.9984090909090909	0.0	1.0	0.0	1.0	0.0	0.9861111111111112	0.0	0.888671875	0.0	0.6146472392638037	0.0	0.9689826302729528	0.0	0.9841017488076311	0.0	0.7484423676012462	0.0	0.6656118143459916	0.0	0.7311126373626373	0.0	0.30760261194029853	0.0	0.8374060150375939	0.0	0.6033266129032258	0.0	0.20241935483870968	0.0	0.29590620031796505	0.0	0.12805810397553516	0.0	0.20121951219512196	0.0	0.7610294117647058	0.0	0.3760330578512397	0.0	0.9539800995024875	0.0	0.4802555168408827	0.0	0.36141304347826086	0.0	0.030255681818181817	0.0	0.0	0.0	0.0	0.0	0.0	0.0	0.0	0.0	0.0	0.0	0.0	0.0	0.0	0.0	0.004807692307692308	0.0	0.0032649253731343282	0.0	0.0028957528957528956	0.0	0.03330592105263158	0.0	0.10648148148148148	0.0	0.08423913043478261	0.0	0.016483516483516484	0.0	0.1791044776119403	0.0	0.08484455958549222	0.0	0.17266536964980544	0.0	0.0	0.0	0.0011061946902654867	0.0	0.0	0.0	0.0	0.0	0.0	0.0	0.0	0.0	0.0	0.0	0.0	0.0	0.002109704641350211	0.0	0.13804347826086957	0.0	0.0	0.0	0.0	0.0	0.028981264637002343	0.0	0.0	0.0	0.017025089605734768	0.0	0.0	0.0	0.0007716049382716049	0.0	0.0	0.0	0.0	0.0	0.0	0.0	0.0	0.0	0.0	0.0	0.0	0.0	0.0	0.0	0.03289473684210526	0.0	0.0	0.0	0.0	0.0	0.0	0.0	0.0	0.0	0.003703703703703704	0.0	0.0	0.0	0.0	0.0	0.034722222222222224	0.0	0.0035335689045936395	0.0	0.0015690376569037657	0.0	0.0	0.0	0.0	0.0	0.0	0.0	0.4325053995680346	0.0	0.31521739130434784	0.0	0.0	0.0	0.05243161094224924	0.0	0.0	0.0	0.0014478764478764478	0.0	0.146640826873385	0.0	0.24123889437314905	0.0	0.12164429530201343	0.0	0.08753602305475504	0.0	0.056222707423580785	0.0	0.0	0.0	0.0	0.0	0.0	0.0	0.3313679245283019	0.0	0.021875	0.0	0.008333333333333333	0.0	0.14280415430267063	0.0	0.2774621212121212	0.0	0.14018361581920905	0.0	0.5850409836065574	0.0	0.5732758620689655	0.0	0.5643939393939394	0.0	0.8548828125	0.0	0.9611150568181818	0.0	0.018518518518518517	0.0	0.5080275229357798	0.0	0.0	0.0	0.05316091954022988	0.0	0.5922619047619048	0.0	0.07916666666666666	0.0	0.175	0.0	0.0	0.0	0.0009057971014492754	0.0	43	50.2
sub-M2095	129463	0.0	0.0	0.0	0.0	0.0	0.0	0.0	0.0	0.0	0.0	0.002362204724409449	0.0	0.0	0.0	0.0	0.0	0.0	0.0	0.18152573529411764	0.0	0.00016469038208168644	0.0	0.17232142857142857	0.0	0.11272545090180361	0.0	0.5418367346938775	0.0	0.5185897435897436	0.0	0.8769041218637993	0.0	0.7077191621411947	0.0	0.0	0.0	0.0	0.0	0.0	0.0	0.0	0.0	0.0	0.0	0.0	0.0	0.0	0.0	0.0	0.0	0.9255	0.0	0.0	0.0	0.0	0.0	0.06604107648725212	0.0	0.6652397260273972	0.0	0.0	0.0	0.577656383890317	0.0	0.0	0.0	0.0	0.0	0.0	0.0	0.6649484536082474	0.0	0.0016603415559772296	0.0	0.17336572438162545	0.0	0.0	0.0	0.0	0.0	0.0	0.0	0.0	0.0	0.0	0.0	0.9852150537634409	0.0	0.9243827160493827	0.0	0.5291666666666667	0.0	0.45249221183800625	0.0	0.8329439252336449	0.0	0.1822429906542056	0.0	0.5243399339933993	0.0	0.39810536044362294	0.0	0.0	0.0	0.0	0.0	0.369140625	0.0	0.11568123393316196	0.0	0.3347568988173456	0.0	0.10339943342776203	0.0	0.0	0.0	0.0	0.0	0.0	0.0	0.0	0.0	0.0	0.0	0.0	0.0	0.0	0.0	0.0	0.0	0.0	0.0	0.0	0.0	0.0	0.0	0.0	0.0	0.0	0.0	0.0	0.0	0.0	0.0	0.0	0.0	0.30795739348370926	0.0	0.7795842217484008	0.0	0.9390326975476839	0.0	0.8298903878583473	0.0	0.9821235102925244	0.0	0.9923076923076923	0.0	0.9581818181818181	0.0	0.9654761904761905	0.0	0.994724025974026	0.0	0.9859800838574424	0.0	0.8288762019230769	0.0	0.0	0.0	0.40601736972704716	0.0	0.7823926868044515	0.0	0.4318535825545171	0.0	0.32208157524613223	0.0	0.12946428571428573	0.0	0.05620335820895522	0.0	0.569078947368421	0.0	0.0	0.0	0.0	0.0	0.0	0.0	0.0	0.0	0.0	0.0	0.0	0.0	0.0	0.0	0.06965174129353234	0.0	0.0	0.0	0.0	0.0	0.0	0.0	0.0	0.0	0.0	0.0	0.0	0.0	0.0	0.0	0.0	0.0	0.0	0.0	0.0	0.0	0.0	0.0	0.0	0.0	0.0	0.0	0.0	0.0	0.0	0.0	0.0	0.0	0.0	0.0	0.0	0.0	0.0	0.0	0.0	0.0	0.0	0.0	0.0	0.0	0.0	0.0	0.0	0.0	0.0	0.0	0.0	0.0	0.0	0.0	0.0	0.0	0.0	0.0	0.0	0.0	0.0	0.0	0.0	0.0	0.0	0.0	0.0	0.0	0.0	0.0	0.0	0.0	0.0	0.0	0.0	0.0	0.0	0.0	0.0	0.0	0.0	0.0	0.0	0.0	0.0	0.0	0.0	0.0	0.0	0.0	0.0	0.0	0.0	0.0	0.0	0.0	0.0	0.0	0.0	0.0	0.0	0.0	0.0	0.0	0.0	0.0	0.0	0.0	0.0	0.0	0.0	0.0	0.0	0.0	0.0	0.0	0.0	0.0	0.0	0.0	0.0	0.0	0.0	0.0	0.0	0.0	0.0	0.0	0.0	0.0	0.0	0.0	0.0	0.0	0.0	0.0	0.0	0.0	0.0	0.0	0.0	0.0	0.0	0.0	0.04481132075471698	0.0	0.0	0.0	0.0	0.0	0.0	0.0	0.0	0.0	0.0	0.0	0.0	0.0	0.0	0.0	0.0	0.0	0.0505859375	0.0	0.38831676136363635	0.0	0.0	0.0	0.0	0.0	0.0	0.0	0.0	0.0	0.0	0.0	0.0	0.0	0.0	0.0	0.0	0.0	0.0	0.0	65	50.5
sub-M2096	198340	0.0	0.0	0.0	0.0	0.0	0.0	0.0	0.0	0.0004789272030651341	0.0	0.021850393700787403	0.0	0.0004185267857142857	0.0	0.0	0.0	0.015905017921146954	0.0	0.03262867647058824	0.0	0.015974967061923584	0.0	0.0008928571428571428	0.0	0.0	0.0	0.026020408163265306	0.0	0.28034188034188035	0.0	0.4836469534050179	0.0	0.7090768037238169	0.0	0.0	0.0	0.0	0.0	0.06064356435643564	0.0	0.02013888888888889	0.0	0.008527827648114902	0.0	0.00539568345323741	0.0	0.1238888888888889	0.0	0.0	0.0	0.856	0.0	0.0	0.0	0.0	0.0	0.030453257790368272	0.0	0.5907534246575342	0.0	0.0	0.0	0.6952656383890317	0.0	0.15176240208877284	0.0	0.04905523255813953	0.0	0.001122754491017964	0.0	0.8730670103092784	0.0	0.4117647058823529	0.0	0.8657243816254417	0.0	0.10040983606557377	0.0	0.0	0.0	0.032114624505928856	0.0	0.00424757281553398	0.0	0.0	0.0	0.9699820788530465	0.0	0.9537037037037037	0.0	0.8158333333333333	0.0	0.7597352024922118	0.0	0.7978971962616822	0.0	0.7920560747663551	0.0	0.6798679867986799	0.0	0.38585951940850277	0.0	0.001530612244897959	0.0	0.0	0.0	0.5091145833333334	0.0	0.6735218508997429	0.0	0.21369908015768727	0.0	0.09879603399433427	0.0	0.0	0.0	0.0	0.0	0.0	0.0	0.0	0.0	0.0	0.0	0.0	0.0	0.0	0.0	0.0	0.0	0.0	0.0	0.0	0.0	0.0	0.0	0.0	0.0	0.0	0.0	0.0	0.0	0.0	0.0	0.12549603174603174	0.0	0.7994987468671679	0.0	0.9997334754797441	0.0	0.9935286103542235	0.0	0.9989460370994941	0.0	1.0	0.0	0.9753846153846154	0.0	0.9625	0.0	1.0	0.0	0.9983766233766234	0.0	0.9697327044025157	0.0	0.8677884615384616	0.0	0.6142638036809815	0.0	0.9764267990074442	0.0	0.7462241653418124	0.0	0.6004672897196262	0.0	0.42563291139240506	0.0	0.48248626373626374	0.0	0.015391791044776119	0.0	0.2100563909774436	0.0	0.00025201612903225806	0.0	0.01303763440860215	0.0	0.031597774244833066	0.0	0.0	0.0	0.0	0.0	0.0	0.0	0.7827134986225895	0.0	0.9975124378109452	0.0	0.5670731707317073	0.0	1.0	0.0	0.21960227272727273	0.0	0.0	0.0	0.0	0.0	0.0	0.0	0.0	0.0	0.0	0.0	0.0	0.0	0.0	0.0	0.0	0.0	0.0	0.0	0.0	0.0	0.002055921052631579	0.0	0.0	0.0	0.007133152173913043	0.0	0.0	0.0	0.0	0.0	0.0	0.0	0.0	0.0	0.0	0.0	0.0	0.0	0.008522727272727272	0.0	0.09328358208955224	0.0	0.0	0.0	0.0	0.0	0.0	0.0	0.0	0.0	0.0	0.0	0.0	0.0	0.0	0.0	0.0	0.0	0.0	0.0	0.0	0.0	0.0	0.0	0.0	0.0	0.0	0.0	0.0	0.0	0.0	0.0	0.0	0.0	0.0	0.0	0.0	0.0	0.0	0.0	0.0	0.0	0.0	0.0	0.0	0.0	0.0	0.0	0.0	0.0	0.0	0.0	0.0	0.0	0.0	0.0	0.0	0.0	0.0	0.0	0.0	0.0	0.0	0.0	0.0	0.0	0.0	0.0	0.0	0.0	0.2985961123110151	0.0	0.0	0.0	0.0	0.0	0.0	0.0	0.0	0.0	0.0	0.0	0.0	0.0	0.007033563672260612	0.0	0.0	0.0	0.0	0.0	0.0	0.0	0.0	0.0	0.0	0.0	0.0	0.0	0.16745283018867924	0.0	0.209375	0.0	0.44166666666666665	0.0	0.026335311572700297	0.0	0.4356060606060606	0.0	0.0858050847457627	0.0	0.3780737704918033	0.0	0.4892241379310345	0.0	0.0	0.0	0.5802734375	0.0	0.5543323863636364	0.0	0.0	0.0	0.0	0.0	0.0	0.0	0.0	0.0	0.0	0.0	0.0	0.0	0.0	0.0	0.0	0.0	0.0	0.0	68	39.2
sub-M2097	248309	0.0	0.0	0.0	0.0	0.0	0.0	0.0	0.0	0.0	0.0	0.010039370078740157	0.0	0.0015345982142857143	0.0	0.03260869565217391	0.0	0.23006272401433692	0.0	0.010569852941176471	0.0	0.0006587615283267457	0.0	0.06785714285714285	0.0	0.003006012024048096	0.0	0.09897959183673469	0.0	0.009401709401709401	0.0	0.6528897849462365	0.0	0.3669511249030256	0.0	0.0	0.0	0.0	0.0	0.0	0.0	0.011805555555555555	0.0	0.013016157989228007	0.0	0.0	0.0	0.0	0.0	0.0	0.0	0.938	0.0	0.24267100977198697	0.0	0.0	0.0	0.3489730878186969	0.0	0.7191780821917808	0.0	0.21212121212121213	0.0	0.8652527849185947	0.0	0.637402088772846	0.0	0.14777131782945738	0.0	0.053642714570858285	0.0	0.8582474226804123	0.0	0.463472485768501	0.0	0.8981890459363958	0.0	0.13729508196721313	0.0	0.0	0.0	0.0	0.0	0.03216019417475728	0.0	0.0	0.0	0.9614695340501792	0.0	0.8729423868312757	0.0	0.8508333333333333	0.0	0.7846573208722741	0.0	0.8691588785046729	0.0	0.8084112149532711	0.0	0.9377062706270627	0.0	0.8202402957486137	0.0	0.5436224489795919	0.0	0.5454545454545454	0.0	0.767578125	0.0	0.6886246786632391	0.0	0.5882063074901446	0.0	0.3626062322946176	0.0	0.24744897959183673	0.0	0.0	0.0	0.0	0.0	0.0	0.0	0.0	0.0	0.0	0.0	0.0	0.0	0.0	0.0	0.0	0.0	0.018145161290322582	0.0	0.0	0.0	0.11757425742574257	0.0	0.009297520661157025	0.0	0.0	0.0	0.0	0.0	0.21825396825396826	0.0	0.75031328320802	0.0	0.872867803837953	0.0	0.9557220708446866	0.0	0.9991568296795953	0.0	1.0	0.0	0.9761538461538461	0.0	0.9547727272727272	0.0	0.9892857142857143	0.0	1.0	0.0	0.9449685534591195	0.0	0.7935697115384616	0.0	0.6108128834355828	0.0	0.9714640198511166	0.0	0.956081081081081	0.0	0.9365264797507789	0.0	0.9912095639943741	0.0	0.8385989010989011	0.0	0.5034981343283582	0.0	0.5953947368421053	0.0	0.4581653225806452	0.0	0.3470430107526882	0.0	0.3537360890302067	0.0	0.007071865443425076	0.0	0.010670731707317074	0.0	0.012867647058823529	0.0	0.7730716253443526	0.0	1.0	0.0	0.5752032520325203	0.0	0.9836956521739131	0.0	0.07073863636363636	0.0	0.0	0.0	0.0	0.0	0.0	0.0	0.0	0.0	0.0	0.0	0.0	0.0	0.0	0.0	0.0	0.0	0.0	0.0	0.0	0.0	0.023026315789473683	0.0	0.012962962962962963	0.0	0.0078125	0.0	0.0277014652014652	0.0	0.1259328358208955	0.0	0.17357512953367876	0.0	0.0	0.0	0.0	0.0	0.004793510324483776	0.0	0.0	0.0	0.0	0.0	0.0	0.0	0.0	0.0	0.0	0.0	0.0	0.0	0.0189873417721519	0.0	0.0	0.0	0.0	0.0	0.0	0.0	0.007318501170960188	0.0	0.0	0.0	0.05017921146953405	0.0	0.01486988847583643	0.0	0.0	0.0	0.0	0.0	0.0	0.0	0.0	0.0	0.0	0.0	0.00026652452025586353	0.0	0.0038461538461538464	0.0	0.0	0.0	0.0	0.0	0.0	0.0	0.0	0.0	0.0	0.0	0.0	0.0	0.0	0.0	0.0	0.0	0.0	0.0	0.0	0.0	0.0	0.0	0.0	0.0	0.0	0.0	0.0	0.0	0.0	0.0	0.3636609071274298	0.0	0.030892448512585814	0.0	0.0	0.0	0.0	0.0	0.0	0.0	0.0	0.0	0.0	0.0	0.20792201382033565	0.0	0.02097315436241611	0.0	0.012247838616714697	0.0	0.0002729257641921397	0.0	0.0	0.0	0.0	0.0	0.0	0.0	0.5	0.0	0.0	0.0	0.10833333333333334	0.0	0.03338278931750742	0.0	0.26799242424242425	0.0	0.048375706214689264	0.0	0.15163934426229508	0.0	0.8685344827586207	0.0	0.5435606060606061	0.0	0.8634765625	0.0	0.9611150568181818	0.0	0.0	0.0	0.017201834862385322	0.0	0.0	0.0	0.0	0.0	0.025992063492063493	0.0	0.0	0.0	0.0	0.0	0.0	0.0	0.0	0.0	73	12.7
sub-M2099	383973	0.0	0.0	0.0	0.0	0.0	0.0	0.22752808988764045	0.0	0.39256066411238827	0.0	0.058070866141732284	0.0	0.05803571428571429	0.0	0.29846014492753625	0.0	0.2914426523297491	0.0	0.8134191176470589	0.0	0.19713438735177866	0.0	0.35892857142857143	0.0	0.3692384769539078	0.0	0.8255102040816327	0.0	0.8811965811965812	0.0	0.9732302867383512	0.0	0.8558960434445306	0.0	0.0056413301662707836	0.0	0.8535714285714285	0.0	0.8618811881188119	0.0	0.49166666666666664	0.0	0.2852333931777379	0.0	0.6533273381294964	0.0	0.9883333333333333	0.0	0.0	0.0	0.9795	0.0	0.3538273615635179	0.0	0.0	0.0	0.6437677053824362	0.0	0.8595890410958904	0.0	0.4270833333333333	0.0	0.9739717223650386	0.0	0.6236945169712794	0.0	0.3068071705426357	0.0	0.5461576846307385	0.0	0.9935567010309279	0.0	0.704696394686907	0.0	0.9885159010600707	0.0	0.4180327868852459	0.0	0.4074074074074074	0.0	0.0291501976284585	0.0	0.3725728155339806	0.0	0.027011494252873563	0.0	0.9982078853046595	0.0	1.0	0.0	0.98	0.0	0.9739096573208723	0.0	1.0	0.0	0.9626168224299065	0.0	0.9711221122112211	0.0	0.9205175600739371	0.0	0.7079081632653061	0.0	0.8392857142857143	0.0	0.8528645833333334	0.0	0.8116966580976864	0.0	0.6711563731931669	0.0	0.37623937677053826	0.0	0.41836734693877553	0.0	0.0	0.0	0.0	0.0	0.0	0.0	0.0	0.0	0.0018041237113402063	0.0	0.11049794661190965	0.0	0.11005434782608696	0.0	0.04834669338677355	0.0	0.4879032258064516	0.0	0.5861111111111111	0.0	0.9003712871287128	0.0	0.39221763085399447	0.0	0.7158273381294964	0.0	0.3982329842931937	0.0	0.527281746031746	0.0	0.9959273182957393	0.0	1.0	0.0	0.9943801089918256	0.0	1.0	0.0	1.0	0.0	0.999423076923077	0.0	0.9952272727272727	0.0	0.9988095238095238	0.0	1.0	0.0	0.9820492662473794	0.0	0.8001802884615384	0.0	0.5778374233128835	0.0	0.847394540942928	0.0	0.9934419713831478	0.0	0.8804517133956387	0.0	0.9736286919831224	0.0	0.9069368131868132	0.0	0.9319029850746269	0.0	0.9346804511278195	0.0	0.9100302419354839	0.0	0.7647849462365591	0.0	0.9429650238473768	0.0	0.610282874617737	0.0	0.6594512195121951	0.0	0.9944852941176471	0.0	0.9256198347107438	0.0	0.9993781094527363	0.0	0.8796457607433217	0.0	1.0	0.0	0.6110795454545455	0.0	0.0	0.0	0.0	0.0	0.0	0.0	0.004422718808193668	0.0	0.0	0.0	0.0	0.0	0.0	0.0	0.0	0.0	0.0	0.0	0.0	0.0	0.0	0.0	0.0	0.0	0.0	0.0	0.0009157509157509158	0.0	0.08395522388059702	0.0	0.40446891191709844	0.0	0.2811284046692607	0.0	0.009280742459396751	0.0	0.0	0.0	0.0	0.0	0.0	0.0	0.0	0.0	0.0	0.0	0.0	0.0	0.0	0.0	0.0015822784810126582	0.0	0.1375	0.0	0.0	0.0	0.0	0.0	0.12412177985948478	0.0	0.0	0.0	0.10842293906810035	0.0	0.05297397769516728	0.0	0.052083333333333336	0.0	0.0	0.0	0.0	0.0	0.0	0.0	0.0	0.0	0.03331556503198294	0.0	0.10192307692307692	0.0	0.00423728813559322	0.0	0.11726006191950464	0.0	0.4007352941176471	0.0	0.2401129943502825	0.0	0.03515625	0.0	0.0	0.0	0.031018518518518518	0.0	0.0053370786516853935	0.0	0.0	0.0	0.2013888888888889	0.0	0.19699646643109542	0.0	0.07269874476987448	0.0	0.0	0.0	0.0	0.0	0.0	0.0	0.7945464362850972	0.0	0.5125858123569794	0.0	0.06764069264069264	0.0	0.11740121580547112	0.0	0.0	0.0	0.012065637065637066	0.0	0.3087855297157623	0.0	0.5341806515301086	0.0	0.34395973154362414	0.0	0.2672910662824208	0.0	0.26391921397379914	0.0	0.0859375	0.0	0.06602708803611738	0.0	0.0	0.0	0.5076650943396226	0.0	0.109375	0.0	0.12916666666666668	0.0	0.5715875370919882	0.0	0.3465909090909091	0.0	0.4378531073446328	0.0	0.5450819672131147	0.0	0.45689655172413796	0.0	0.4734848484848485	0.0	0.98125	0.0	0.9749644886363636	0.0	0.24382716049382716	0.0	0.5974770642201835	0.0	0.0	0.0	0.31896551724137934	0.0	0.6632936507936508	0.0	0.546875	0.0	0.36666666666666664	0.0	0.0	0.0	0.02355072463768116	0.0	48	56.3
sub-M2100	183147	0.0	0.0	0.0	0.0	0.0	0.0	0.0	0.0	0.0	0.0	0.0	0.0	0.0	0.0	0.0	0.0	0.00246415770609319	0.0	0.0	0.0	0.0	0.0	0.0	0.0	0.0	0.0	0.0	0.0	0.0	0.0	0.07034050179211469	0.0	0.011636927851047323	0.0	0.0	0.0	0.0	0.0	0.0	0.0	0.0	0.0	0.01526032315978456	0.0	0.0	0.0	0.0005555555555555556	0.0	0.0	0.0	0.128	0.0	0.0	0.0	0.0	0.0	0.00017705382436260624	0.0	0.0	0.0	0.0	0.0	0.511139674378749	0.0	0.09073107049608355	0.0	0.0006056201550387597	0.0	0.0	0.0	0.6920103092783505	0.0	0.030597722960151803	0.0	0.20914310954063603	0.0	0.0	0.0	0.0	0.0	0.0	0.0	0.0	0.0	0.0	0.0	0.9865591397849462	0.0	0.9099794238683128	0.0	0.4066666666666667	0.0	0.13434579439252337	0.0	0.594626168224299	0.0	0.0	0.0	0.5078382838283828	0.0	0.09658040665434381	0.0	0.02193877551020408	0.0	0.3242694805194805	0.0	0.006510416666666667	0.0	0.056555269922879174	0.0	0.0164257555847569	0.0	0.007790368271954674	0.0	0.0	0.0	0.0	0.0	0.0	0.0	0.0	0.0	0.0	0.0	0.0	0.0	0.0042351129363449695	0.0	0.0	0.0	0.0	0.0	0.10710685483870967	0.0	0.2	0.0	0.44245049504950495	0.0	0.0027548209366391185	0.0	0.10251798561151079	0.0	0.2107329842931937	0.0	0.10069444444444445	0.0	0.6046365914786967	0.0	0.6311300639658849	0.0	0.7501702997275205	0.0	0.9820826306913997	0.0	1.0	0.0	0.7582692307692308	0.0	0.980909090909091	0.0	0.9988095238095238	0.0	1.0	0.0	0.9893867924528302	0.0	0.7747896634615384	0.0	0.005751533742331288	0.0	0.5682382133995038	0.0	0.9757551669316376	0.0	0.7461059190031153	0.0	0.6244725738396625	0.0	0.17994505494505494	0.0	0.3043376865671642	0.0	0.7476503759398496	0.0	0.6461693548387096	0.0	0.05268817204301075	0.0	0.058823529411764705	0.0	0.07855504587155963	0.0	0.01524390243902439	0.0	0.7545955882352942	0.0	0.293732782369146	0.0	0.7674129353233831	0.0	0.03861788617886179	0.0	0.0	0.0	0.0041193181818181815	0.0	0.0	0.0	0.0	0.0	0.0	0.0	0.0	0.0	0.0	0.0	0.0	0.0	0.0	0.0	0.0	0.0	0.0	0.0	0.0	0.0	0.0	0.0	0.0	0.0	0.0	0.0	0.0	0.0	0.0	0.0	0.0	0.0	0.0	0.0	0.0	0.0	0.0	0.0	0.0	0.0	0.0	0.0	0.0	0.0	0.0	0.0	0.0	0.0	0.0	0.0	0.0	0.0	0.0	0.0	0.0	0.0	0.0	0.0	0.0	0.0	0.0	0.0	0.0	0.0	0.0	0.0	0.0	0.0	0.0	0.0	0.0	0.0	0.0	0.0	0.0	0.0	0.006929637526652452	0.0	0.0	0.0	0.0	0.0	0.08010835913312693	0.0	0.0	0.0	0.0	0.0	0.0	0.0	0.0	0.0	0.02824074074074074	0.0	0.0	0.0	0.0	0.0	0.04398148148148148	0.0	0.00044169611307420494	0.0	0.0031380753138075313	0.0	0.0	0.0	0.0	0.0	0.0	0.0	0.31371490280777536	0.0	0.483695652173913	0.0	0.0	0.0	0.0056990881458966565	0.0	0.0	0.0	0.011583011583011582	0.0	0.09366925064599484	0.0	0.07798617966436328	0.0	0.00587248322147651	0.0	0.0	0.0	0.0002729257641921397	0.0	0.0	0.0	0.0	0.0	0.0	0.0	0.14622641509433962	0.0	0.421875	0.0	0.6291666666666667	0.0	0.26817507418397624	0.0	0.7945075757575758	0.0	0.719632768361582	0.0	0.9938524590163934	0.0	0.9935344827586207	0.0	0.7395833333333334	0.0	0.94921875	0.0	0.9582741477272727	0.0	0.0	0.0	0.44380733944954126	0.0	0.0	0.0	0.0	0.0	0.4123015873015873	0.0	0.6083333333333333	0.0	0.004166666666666667	0.0	0.0	0.0	0.0	0.0	45	13.1
sub-M2101	223248	0.0	0.0	0.10739272388059702	0.0	0.3925438596491228	0.0	0.0	0.0	0.07471264367816093	0.0	0.21476377952755907	0.0	0.7875279017857143	0.0	0.7995923913043478	0.0	0.3140681003584229	0.0	0.5399816176470589	0.0	0.06389986824769434	0.0	0.31160714285714286	0.0	0.7342184368737475	0.0	0.3683673469387755	0.0	0.9320512820512821	0.0	0.8064516129032258	0.0	0.9110744763382467	0.0	0.0	0.0	0.14047619047619048	0.0	0.7	0.0	0.4826388888888889	0.0	0.24685816876122083	0.0	0.41951438848920863	0.0	0.8727777777777778	0.0	0.0	0.0	0.9635	0.0	0.0	0.0	0.0	0.0	0.5534702549575071	0.0	0.6917808219178082	0.0	0.0	0.0	0.4026349614395887	0.0	0.0022845953002610967	0.0	0.0	0.0	0.0	0.0	0.5051546391752577	0.0	0.0021347248576850096	0.0	0.05234098939929328	0.0	0.0	0.0	0.0	0.0	0.0	0.0	0.0	0.0	0.0	0.0	1.0	0.0	0.977366255144033	0.0	0.5683333333333334	0.0	0.741822429906542	0.0	0.9579439252336449	0.0	0.4824766355140187	0.0	0.5387788778877888	0.0	0.08341035120147874	0.0	0.0	0.0	0.032467532467532464	0.0	0.13932291666666666	0.0	0.13688946015424164	0.0	0.02940210249671485	0.0	0.010977337110481586	0.0	0.0	0.0	0.0	0.0	0.0	0.0	0.0	0.0	0.0	0.0	0.16984536082474228	0.0	0.03413757700205339	0.0	0.0	0.0	0.0	0.0	0.0	0.0	0.0	0.0	0.055693069306930694	0.0	0.0	0.0	0.0	0.0	0.0	0.0	0.22123015873015872	0.0	0.9968671679197995	0.0	0.9957356076759062	0.0	0.997275204359673	0.0	0.9981028667790893	0.0	0.9429848320693391	0.0	0.9911538461538462	0.0	0.9952272727272727	0.0	0.9976190476190476	0.0	1.0	0.0	0.9794287211740041	0.0	0.9866286057692307	0.0	0.6449386503067485	0.0	0.9959677419354839	0.0	0.9938394276629571	0.0	0.889797507788162	0.0	0.14680028129395217	0.0	0.9289148351648352	0.0	0.6399253731343284	0.0	0.900375939849624	0.0	0.41255040322580644	0.0	0.453494623655914	0.0	0.7319157392686805	0.0	0.015099388379204893	0.0	0.0	0.0	0.0	0.0	0.740358126721763	0.0	0.9968905472636815	0.0	0.6742160278745645	0.0	0.7581521739130435	0.0	0.14573863636363638	0.0	0.0	0.0	0.0	0.0	0.02392739273927393	0.0	0.0	0.0	0.0	0.0	0.0	0.0	0.0	0.0	0.013461538461538462	0.0	0.16557835820895522	0.0	0.0028957528957528956	0.0	0.0	0.0	0.004629629629629629	0.0	0.0	0.0	0.0	0.0	0.0	0.0	0.0	0.0	0.0	0.0	0.0	0.0	0.0	0.0	0.0	0.0	0.0	0.0	0.0	0.0	0.0	0.0	0.0	0.0	0.0	0.0	0.0	0.0	0.0	0.0	0.0	0.0	0.0	0.0	0.0	0.0	0.0	0.0	0.0	0.0	0.0	0.0	0.0	0.0	0.0	0.0	0.0	0.0	0.0	0.0	0.0	0.0	0.0	0.0	0.0	0.0	0.0	0.0	0.0	0.0	0.0	0.0	0.0	0.0	0.0	0.0	0.0	0.0	0.0	0.0	0.0	0.0	0.0	0.0	0.0	0.0	0.0	0.0	0.0	0.0	0.0	0.0	0.0	0.0	0.0	0.0	0.16765658747300216	0.0	0.0	0.0	0.0	0.0	0.0	0.0	0.0	0.0	0.0	0.0	0.0	0.0	0.15732971372161894	0.0	0.0016778523489932886	0.0	0.006844380403458214	0.0	0.0	0.0	0.0	0.0	0.0	0.0	0.0	0.0	0.21933962264150944	0.0	0.0	0.0	0.0	0.0	0.04191394658753709	0.0	0.0	0.0	0.0	0.0	0.0	0.0	0.008620689655172414	0.0	0.0	0.0	0.4990234375	0.0	0.5310724431818182	0.0	0.0	0.0	0.0	0.0	0.0	0.0	0.0	0.0	0.0	0.0	0.0	0.0	0.0	0.0	0.0	0.0	0.0	0.0	46	11.46
sub-M2102	70672	0.0	0.0	0.0	0.0	0.0	0.0	0.0	0.0	0.0	0.0	0.0	0.0	0.0	0.0	0.0	0.0	0.0	0.0	0.0	0.0	0.0	0.0	0.0	0.0	0.0	0.0	0.0	0.0	0.0	0.0	0.0	0.0	0.0	0.0	0.0	0.0	0.0	0.0	0.0	0.0	0.0	0.0	0.0	0.0	0.0	0.0	0.0	0.0	0.0	0.0	0.0	0.0	0.0	0.0	0.0	0.0	0.0	0.0	0.0	0.0	0.0	0.0	0.0	0.0	0.0	0.0	0.0	0.0	0.0	0.0	0.035438144329896906	0.0	0.0	0.0	0.0	0.0	0.0	0.0	0.0	0.0	0.0	0.0	0.0	0.0	0.0	0.0	0.8490143369175627	0.0	0.7129629629629629	0.0	0.035	0.0	0.43302180685358255	0.0	0.8738317757009346	0.0	0.08060747663551401	0.0	0.7995049504950495	0.0	0.17999075785582255	0.0	0.13826530612244897	0.0	0.1367694805194805	0.0	0.0	0.0	0.0	0.0	0.0	0.0	0.0	0.0	0.0	0.0	0.0	0.0	0.0	0.0	0.0	0.0	0.0	0.0	0.0007731958762886598	0.0	0.0044917864476386035	0.0	0.0	0.0	0.0	0.0	0.0	0.0	0.0038888888888888888	0.0	0.06683168316831684	0.0	0.0	0.0	0.0035971223021582736	0.0	0.022578534031413612	0.0	0.0	0.0	0.0	0.0	0.0	0.0	0.030653950953678476	0.0	0.7126897133220911	0.0	0.7172264355362947	0.0	0.04230769230769231	0.0	0.08636363636363636	0.0	0.305952380952381	0.0	0.9837662337662337	0.0	0.9246593291404612	0.0	0.8347355769230769	0.0	0.0	0.0	0.4274193548387097	0.0	0.9984101748807631	0.0	0.9299065420560748	0.0	0.8458157524613221	0.0	0.19848901098901098	0.0	0.898320895522388	0.0	0.993421052631579	0.0	0.7273185483870968	0.0	0.0	0.0	0.08505564387917329	0.0	0.3673547400611621	0.0	0.010670731707317074	0.0	0.003676470588235294	0.0	0.048209366391184574	0.0	0.48383084577114427	0.0	0.0	0.0	0.0	0.0	0.0	0.0	0.0	0.0	0.0	0.0	0.0	0.0	0.0	0.0	0.0	0.0	0.0	0.0	0.0	0.0	0.0	0.0	0.0	0.0	0.0	0.0	0.0	0.0	0.0	0.0	0.0	0.0	0.0	0.0	0.0	0.0	0.0	0.0	0.0	0.0	0.0	0.0	0.0	0.0	0.0	0.0	0.0	0.0	0.0	0.0	0.0	0.0	0.0	0.0	0.0	0.0	0.0	0.0	0.0	0.0	0.0	0.0	0.0	0.0	0.0	0.0	0.0	0.0	0.0	0.0	0.0	0.0	0.0	0.0	0.0	0.0	0.0	0.0	0.0	0.0	0.0	0.0	0.0	0.0	0.0	0.0	0.0	0.0	0.0	0.0	0.0	0.0	0.0	0.0	0.0	0.0	0.0	0.0	0.0	0.0	0.0	0.0	0.0	0.0	0.0	0.0	0.0	0.0	0.0	0.0	0.0	0.0	0.0	0.0	0.0	0.0	0.0	0.0	0.0	0.0	0.0	0.0	0.0	0.0	0.0	0.0	0.0	0.0	0.0	0.0	0.0	0.0	0.0	0.0	0.0	0.0	0.0	0.0	0.0	0.0	0.0	0.0	0.0	0.0	0.0	0.0	0.0	0.0	0.0	0.0	0.0	0.0	0.0	0.0	0.0	0.0	0.0	0.0	0.0	0.0	0.0	0.0	0.0	0.0	0.030894886363636364	0.0	0.0	0.0	0.0	0.0	0.0	0.0	0.0	0.0	0.0	0.0	0.0	0.0	0.0	0.0	0.0	0.0	0.0	0.0	47	86.0
sub-M2103	32390	0.0	0.0	0.0	0.0	0.0	0.0	0.0	0.0	0.0	0.0	0.0	0.0	0.0	0.0	0.0	0.0	0.0	0.0	0.0	0.0	0.0	0.0	0.0	0.0	0.0	0.0	0.0	0.0	0.0	0.0	0.0	0.0	0.0	0.0	0.0	0.0	0.0	0.0	0.0	0.0	0.0	0.0	0.0	0.0	0.0	0.0	0.0	0.0	0.0	0.0	0.0	0.0	0.0	0.0	0.0	0.0	0.0	0.0	0.0	0.0	0.0	0.0	0.0	0.0	0.0	0.0	0.0	0.0	0.0	0.0	0.0	0.0	0.0	0.0	0.0	0.0	0.0	0.0	0.0	0.0	0.0	0.0	0.0	0.0	0.0	0.0	0.33512544802867383	0.0	0.3019547325102881	0.0	0.03833333333333333	0.0	0.8251557632398754	0.0	1.0	0.0	0.3773364485981308	0.0	0.9834983498349835	0.0	0.41289279112754157	0.0	0.01683673469387755	0.0	0.006899350649350649	0.0	0.035807291666666664	0.0	0.0009640102827763496	0.0	0.0075558475689881735	0.0	0.0	0.0	0.0	0.0	0.0	0.0	0.0	0.0	0.0	0.0	0.0	0.0	0.0	0.0	0.0	0.0	0.0	0.0	0.0	0.0	0.0	0.0	0.0	0.0	0.007425742574257425	0.0	0.0	0.0	0.0	0.0	0.0	0.0	0.0	0.0	0.0	0.0	0.0	0.0	0.0	0.0	0.0	0.0	0.0	0.0	0.0	0.0	0.0	0.0	0.0	0.0	0.0	0.0	0.24528301886792453	0.0	0.4639423076923077	0.0	0.0	0.0	0.0	0.0	0.3849364069952305	0.0	0.992601246105919	0.0	0.7760196905766527	0.0	0.0	0.0	0.010960820895522388	0.0	0.1799812030075188	0.0	0.3616431451612903	0.0	0.0	0.0	0.0	0.0	0.0	0.0	0.0	0.0	0.0	0.0	0.0	0.0	0.0	0.0	0.0	0.0	0.0	0.0	0.0	0.0	0.0	0.0	0.0	0.0	0.0	0.0	0.0	0.0	0.0	0.0	0.0	0.0	0.0	0.0	0.0	0.0	0.0	0.0	0.0	0.0	0.0	0.0	0.0	0.0	0.0	0.0	0.0	0.0	0.0	0.0	0.0	0.0	0.0	0.0	0.0	0.0	0.0	0.0	0.0	0.0	0.0	0.0	0.0	0.0	0.0	0.0	0.0	0.0	0.0	0.0	0.0	0.0	0.0	0.0	0.0	0.0	0.0	0.0	0.0	0.0	0.0	0.0	0.0	0.0	0.0	0.0	0.0	0.0	0.0	0.0	0.0	0.0	0.0	0.0	0.0	0.0	0.0	0.0	0.0	0.0	0.0	0.0	0.0	0.0	0.0	0.0	0.0	0.0	0.0	0.0	0.0	0.0	0.0	0.0	0.0	0.0	0.0	0.0	0.0	0.0	0.0	0.0	0.0	0.0	0.0	0.0	0.0	0.0	0.0	0.0	0.0	0.0	0.0	0.0	0.0	0.0	0.0	0.0	0.0	0.0	0.0	0.0	0.0	0.0	0.0	0.0	0.0	0.0	0.0	0.0	0.0	0.0	0.0	0.0	0.0	0.0	0.0	0.0	0.0	0.0	0.0	0.0	0.0	0.0	0.0	0.0	0.0	0.0	0.0	0.0	0.0	0.0	0.0	0.0	0.0	0.0	0.0	0.0	0.0	0.0	0.0	0.0	0.0	0.0	0.0	0.0	0.0	0.0	0.0	0.0	0.0	0.0	0.0	0.0	0.0	0.0	0.0	0.0	62	82.9
sub-M2104	27332	0.0	0.0	0.0	0.0	0.0	0.0	0.0	0.0	0.0	0.0	0.0	0.0	0.0	0.0	0.0	0.0	0.0	0.0	0.0	0.0	0.0	0.0	0.0	0.0	0.0	0.0	0.0	0.0	0.0	0.0	0.0	0.0	0.0013576415826221878	0.0	0.0	0.0	0.0	0.0	0.0	0.0	0.004861111111111111	0.0	0.0	0.0	0.0	0.0	0.0	0.0	0.0	0.0	0.0	0.0	0.0	0.0	0.0	0.0	0.0	0.0	0.0	0.0	0.0	0.0	0.0	0.0	0.0	0.0	0.0	0.0	0.0	0.0	0.0	0.0	0.0	0.0	0.0	0.0	0.0	0.0	0.0	0.0	0.0	0.0	0.0	0.0	0.0	0.0	0.3382616487455197	0.0	0.03292181069958848	0.0	0.0	0.0	0.0	0.0	0.04672897196261682	0.0	0.0	0.0	0.05156765676567657	0.0	0.0	0.0	0.0	0.0	0.0	0.0	0.0	0.0	0.0	0.0	0.0	0.0	0.0	0.0	0.0	0.0	0.0	0.0	0.0	0.0	0.0	0.0	0.0	0.0	0.0	0.0	0.0	0.0	0.0	0.0	0.0	0.0	0.0	0.0	0.0	0.0	0.0	0.0	0.0	0.0	0.0	0.0	0.0	0.0	0.0	0.0	0.2716165413533835	0.0	0.00026652452025586353	0.0	0.10337193460490464	0.0	0.5139123102866779	0.0	0.5422535211267606	0.0	0.13576923076923078	0.0	0.36863636363636365	0.0	0.7714285714285715	0.0	0.4050324675324675	0.0	0.3039832285115304	0.0	0.12139423076923077	0.0	0.04371165644171779	0.0	0.0	0.0	0.07114467408585055	0.0	0.2525311526479751	0.0	0.00035161744022503517	0.0	0.0	0.0	0.0	0.0	0.0	0.0	0.0	0.0	0.0	0.0	0.0	0.0	0.0	0.0	0.0	0.0	0.0	0.0	0.01825068870523416	0.0	0.32960199004975127	0.0	0.0	0.0	0.0	0.0	0.0	0.0	0.0	0.0	0.0	0.0	0.0	0.0	0.0	0.0	0.0	0.0	0.0	0.0	0.0	0.0	0.0	0.0	0.0	0.0	0.0	0.0	0.0	0.0	0.0	0.0	0.0	0.0	0.0	0.0	0.0	0.0	0.0	0.0	0.0	0.0	0.0	0.0	0.0	0.0	0.0	0.0	0.0	0.0	0.0	0.0	0.0	0.0	0.0	0.0	0.0	0.0	0.0	0.0	0.0	0.0	0.0	0.0	0.0	0.0	0.0	0.0	0.0	0.0	0.0	0.0	0.0	0.0	0.0	0.0	0.0	0.0	0.0	0.0	0.0	0.0	0.0	0.0	0.0	0.0	0.0	0.0	0.0	0.0	0.0	0.0	0.0	0.0	0.0	0.0	0.0	0.0	0.0	0.0	0.0	0.0	0.0	0.0	0.0	0.0	0.0	0.0	0.0	0.0	0.0	0.0	0.0	0.0	0.0	0.0	0.0	0.0	0.0	0.0	0.0	0.0	0.0	0.0	0.0	0.0	0.0	0.0	0.0	0.0	0.0	0.0	0.0	0.0	0.0	0.0	0.0	0.0	0.0	0.0	0.0	0.0	0.0	0.0	0.0	0.0	0.005306603773584905	0.0	0.0	0.0	0.0	0.0	0.0	0.0	0.011363636363636364	0.0	0.3908898305084746	0.0	0.35040983606557374	0.0	0.0	0.0	0.011363636363636364	0.0	0.2666015625	0.0	0.2966974431818182	0.0	0.0015432098765432098	0.0	0.1875	0.0	0.0	0.0	0.0	0.0	0.0021825396825396826	0.0	0.0	0.0	0.0	0.0	0.0	0.0	0.0	0.0	60	93.0
sub-M2105	9220	0.0	0.0	0.0	0.0	0.0	0.0	0.0	0.0	0.0	0.0	0.0	0.0	0.0	0.0	0.0	0.0	0.0	0.0	0.0	0.0	0.0	0.0	0.0	0.0	0.0	0.0	0.0	0.0	0.0	0.0	0.0	0.0	0.0	0.0	0.0	0.0	0.0	0.0	0.0	0.0	0.0	0.0	0.0	0.0	0.0	0.0	0.0	0.0	0.0	0.0	0.0	0.0	0.0	0.0	0.0	0.0	0.0	0.0	0.0	0.0	0.0	0.0	0.0	0.0	0.0	0.0	0.0	0.0	0.0	0.0	0.0	0.0	0.0	0.0	0.0	0.0	0.0	0.0	0.0	0.0	0.0	0.0	0.0	0.0	0.0	0.0	0.0	0.0	0.0	0.0	0.0	0.0	0.0	0.0	0.0	0.0	0.0	0.0	0.0	0.0	0.0	0.0	0.0	0.0	0.0	0.0	0.0	0.0	0.0	0.0	0.0	0.0	0.0	0.0	0.0	0.0	0.0	0.0	0.0	0.0	0.0	0.0	0.0	0.0	0.0	0.0	0.0	0.0	0.0	0.0	0.0	0.0	0.0	0.0	0.0	0.0	0.0	0.0	0.0	0.0	0.0	0.0	0.0	0.0	0.0	0.0	0.0	0.0	0.11194029850746269	0.0	0.0653950953678474	0.0	0.0	0.0	0.0028439869989165764	0.0	0.0028846153846153848	0.0	0.0	0.0	0.0	0.0	0.0	0.0	0.0	0.0	0.0	0.0	0.0	0.0	0.0	0.0	0.0	0.0	0.0	0.0	0.0	0.0	0.0	0.0	0.0	0.0	0.0	0.0	0.0	0.0	0.0	0.0	0.0	0.0	0.0	0.0	0.0	0.0	0.0	0.0	0.0	0.0	0.0	0.0	0.0	0.0	0.0	0.0	0.0	0.0	0.0	0.0	0.0	0.0	0.0	0.0	0.0	0.0	0.0	0.0	0.0	0.0	0.0	0.0	0.0	0.0	0.0	0.0	0.0	0.0	0.0	0.0	0.0	0.0	0.0	0.0	0.0	0.0	0.0	0.0	0.0	0.0	0.0	0.0	0.0	0.0	0.0	0.0	0.0	0.0	0.0	0.0	0.0	0.0	0.0	0.0	0.0	0.0	0.0	0.0	0.0	0.0	0.0	0.0	0.0	0.0	0.0	0.0	0.0	0.0	0.0	0.0	0.0	0.0	0.0	0.0	0.0	0.0	0.0	0.0	0.0	0.0	0.0	0.0	0.0	0.0	0.0	0.0	0.0	0.0	0.0	0.0	0.0	0.0	0.0	0.0	0.0	0.0	0.0	0.0	0.0	0.0	0.0	0.0	0.0	0.0	0.0	0.0	0.0	0.0	0.0	0.0	0.0	0.0	0.0	0.0	0.0	0.0	0.0	0.0	0.0	0.0	0.0	0.0	0.0	0.0	0.0	0.0	0.0	0.0	0.0	0.0	0.0	0.0	0.0	0.0	0.0	0.0	0.0	0.0	0.0	0.0	0.0	0.0	0.0	0.0	0.0	0.0	0.0	0.0	0.359375	0.0	0.44583333333333336	0.0	0.000741839762611276	0.0	0.42613636363636365	0.0	0.0737994350282486	0.0	0.21721311475409835	0.0	0.39870689655172414	0.0	0.0	0.0	0.000390625	0.0	0.0	0.0	0.0	0.0	0.0017201834862385322	0.0	0.0	0.0	0.0	0.0	0.0025793650793650793	0.0	0.04479166666666667	0.0	0.0	0.0	0.0	0.0	0.0	0.0	59	96.5
sub-M2106	99457	0.0	0.0	0.0	0.0	0.0	0.0	0.0	0.0	0.0	0.0	0.0	0.0	0.0	0.0	0.0	0.0	0.0	0.0	0.0	0.0	0.0	0.0	0.0	0.0	0.0	0.0	0.0	0.0	0.0	0.0	0.0	0.0	0.20500387897595035	0.0	0.0	0.0	0.0	0.0	0.004207920792079208	0.0	0.06111111111111111	0.0	0.0	0.0	0.0	0.0	0.0	0.0	0.0	0.0	0.0	0.0	0.0	0.0	0.0	0.0	0.0	0.0	0.0	0.0	0.0	0.0	0.004391602399314481	0.0	0.0	0.0	0.0	0.0	0.0	0.0	0.2809278350515464	0.0	0.0	0.0	0.0	0.0	0.0	0.0	0.0	0.0	0.0	0.0	0.0	0.0	0.0	0.0	0.5604838709677419	0.0	0.18467078189300412	0.0	0.215	0.0	0.0794392523364486	0.0	0.8504672897196262	0.0	0.04439252336448598	0.0	0.8572607260726073	0.0	0.01432532347504621	0.0	0.16658163265306122	0.0	0.8051948051948052	0.0	0.001953125	0.0	0.005784061696658098	0.0	0.0	0.0	0.0	0.0	0.0	0.0	0.0	0.0	0.0	0.0	0.0	0.0	0.0	0.0	0.19458762886597938	0.0	0.3087782340862423	0.0	0.0	0.0	0.005761523046092184	0.0	0.4090221774193548	0.0	0.7	0.0	0.9282178217821783	0.0	0.3608815426997245	0.0	0.7562949640287769	0.0	0.3844895287958115	0.0	0.0	0.0	0.4241854636591479	0.0	0.5162579957356077	0.0	0.6832425068119891	0.0	0.6252107925801011	0.0	0.7670639219934995	0.0	0.5932692307692308	0.0	0.5811363636363637	0.0	0.9976190476190476	0.0	0.9253246753246753	0.0	0.8402777777777778	0.0	0.9393028846153846	0.0	0.2848926380368098	0.0	0.27915632754342434	0.0	0.8881160572337043	0.0	0.9937694704049844	0.0	0.6380098452883263	0.0	0.057348901098901096	0.0	0.22411380597014927	0.0	0.7739661654135338	0.0	0.9899193548387096	0.0	0.0	0.0	0.0	0.0	0.2635703363914373	0.0	0.511890243902439	0.0	0.9283088235294118	0.0	0.01825068870523416	0.0	0.5963930348258707	0.0	0.0	0.0	0.0	0.0	0.0	0.0	0.0	0.0	0.0	0.0	0.0	0.0	0.0	0.0	0.0	0.0	0.0	0.0	0.0	0.0	0.0	0.0	0.0	0.0	0.0	0.0	0.0	0.0	0.0	0.0	0.0	0.0	0.0	0.0	0.0	0.0	0.0	0.0	0.0	0.0	0.0	0.0	0.0	0.0	0.0	0.0	0.0	0.0	0.0	0.0	0.0	0.0	0.0	0.0	0.0	0.0	0.0	0.0	0.0	0.0	0.0	0.0	0.0	0.0	0.0	0.0	0.0	0.0	0.0	0.0	0.0	0.0	0.0	0.0	0.0	0.0	0.0	0.0	0.0	0.0	0.0	0.0	0.0	0.0	0.0	0.0	0.0	0.0	0.01431888544891641	0.0	0.0	0.0	0.0	0.0	0.0	0.0	0.0	0.0	0.007407407407407408	0.0	0.0	0.0	0.0	0.0	0.0	0.0	0.0	0.0	0.0	0.0	0.0	0.0	0.0	0.0	0.0	0.0	0.0	0.0	0.0	0.0	0.0	0.0	0.0	0.0	0.0	0.0	0.0	0.0	0.0	0.0	0.0	0.0	0.0	0.0	0.0	0.0	0.02974890829694323	0.0	0.028645833333333332	0.0	0.0025395033860045146	0.0	0.0	0.0	0.0	0.0	0.0	0.0	0.0	0.0	0.0	0.0	0.0	0.0	0.0	0.0	0.0	0.0	0.0	0.0	0.0	0.0	0.0	0.0	0.0	0.0	0.0	0.0	0.0	0.0	0.0	0.0	0.0	0.0	0.0	0.0	0.0	0.0	0.0	0.0	0.0	0.0	0.0	0.0	58	92.6
sub-M2107	100441	0.0	0.0	0.0	0.0	0.06359649122807018	0.0	0.0	0.0	0.0	0.0	0.0007874015748031496	0.0	0.08844866071428571	0.0	0.29868659420289856	0.0	0.15658602150537634	0.0	0.0	0.0	0.0	0.0	0.0017857142857142857	0.0	0.6673346693386774	0.0	0.8091836734693878	0.0	0.1752136752136752	0.0	0.7794578853046595	0.0	0.6661171450737006	0.0	0.0	0.0	0.0	0.0	0.0	0.0	0.1951388888888889	0.0	0.0026929982046678637	0.0	0.0	0.0	0.0	0.0	0.0	0.0	1.0	0.0	0.126628664495114	0.0	0.0	0.0	0.7152974504249292	0.0	0.9503424657534246	0.0	0.04734848484848485	0.0	0.48875321336760924	0.0	0.3035248041775457	0.0	0.014171511627906976	0.0	0.0	0.0	0.12306701030927836	0.0	0.0	0.0	0.004858657243816254	0.0	0.0	0.0	0.0	0.0	0.0	0.0	0.0	0.0	0.0	0.0	0.7150537634408602	0.0	0.1455761316872428	0.0	0.0004166666666666667	0.0	0.0	0.0	0.04906542056074766	0.0	0.0	0.0	0.0	0.0	0.0	0.0	0.0	0.0	0.0	0.0	0.0	0.0	0.0	0.0	0.0	0.0	0.0	0.0	0.0	0.0	0.0	0.0	0.0	0.0	0.0	0.0	0.0	0.0	0.0	0.0	0.0	0.0	0.0	0.0	0.0	0.0	0.0	0.0	0.0	0.0	0.0	0.0	0.0	0.0	0.0	0.0	0.0	0.0	0.0	0.0	0.3975563909774436	0.0	0.4133795309168444	0.0	0.8470708446866485	0.0	0.6589376053962901	0.0	0.7673347778981582	0.0	0.9709615384615384	0.0	0.9518181818181818	0.0	0.6738095238095239	0.0	0.27637987012987014	0.0	0.3671383647798742	0.0	0.09840745192307693	0.0	0.19401840490797545	0.0	0.0	0.0	0.0	0.0	0.004672897196261682	0.0	0.0	0.0	0.0	0.0	0.0	0.0	0.0	0.0	0.0	0.0	0.0	0.0	0.0	0.0	0.0	0.0	0.0	0.0	0.0	0.0	0.0	0.0	0.3737562189054726	0.0	0.0	0.0	0.0	0.0	0.0	0.0	0.0	0.0	0.0	0.0	0.0	0.0	0.0	0.0	0.0	0.0	0.0	0.0	0.0	0.0	0.0	0.0	0.0	0.0	0.0	0.0	0.0	0.0	0.0	0.0	0.0	0.0	0.0	0.0	0.0	0.0	0.0	0.0	0.0	0.0	0.0	0.0	0.0	0.0	0.0	0.0	0.0	0.0	0.0	0.0	0.0	0.0	0.0	0.0	0.0	0.0	0.0	0.0	0.0	0.0	0.0	0.0	0.0	0.0	0.0	0.0	0.0	0.0	0.0	0.0	0.0	0.0	0.0	0.0	0.0	0.0	0.0	0.0	0.0	0.0	0.0	0.0	0.0	0.0	0.0	0.0	0.0	0.0	0.0	0.0	0.0	0.0	0.0	0.0	0.0	0.0	0.0	0.0	0.0	0.0	0.0	0.0	0.0	0.0	0.0	0.0	0.0	0.0	0.0	0.0	0.0	0.0	0.0	0.0	0.0	0.0	0.0	0.0	0.0	0.0	0.0	0.0	0.0	0.0	0.0	0.0	0.0	0.0	0.0	0.0	0.0	0.0	0.0	0.0	0.0	0.0	0.0	0.0	0.0	0.0	0.0	0.0	0.0	0.0	0.0	0.0	0.0	0.0	0.0	0.0	0.0	0.0	0.2623106060606061	0.0	0.0	0.0	0.18135245901639344	0.0	0.39655172413793105	0.0	0.0	0.0	0.16796875	0.0	0.4930752840909091	0.0	0.0	0.0	0.0	0.0	0.0	0.0	0.0	0.0	0.0	0.0	0.0	0.0	0.0	0.0	0.0	0.0	0.0	0.0	61	92.2
sub-M2109	112887	0.0	0.0	0.0	0.0	0.0	0.0	0.0	0.0	0.0	0.0	0.0	0.0	0.0	0.0	0.0	0.0	0.0	0.0	0.0	0.0	0.0	0.0	0.0	0.0	0.0	0.0	0.0	0.0	0.0	0.0	0.0	0.0	0.03248642358417378	0.0	0.0	0.0	0.0	0.0	0.0	0.0	0.02638888888888889	0.0	0.0	0.0	0.0	0.0	0.0	0.0	0.0	0.0	0.0	0.0	0.0	0.0	0.0	0.0	0.0	0.0	0.0	0.0	0.0	0.0	0.0	0.0	0.0	0.0	0.0	0.0	0.0	0.0	0.0	0.0	0.0	0.0	0.027164310954063603	0.0	0.0	0.0	0.0	0.0	0.0	0.0	0.06553398058252427	0.0	0.00028735632183908046	0.0	0.31451612903225806	0.0	0.20421810699588477	0.0	0.01	0.0	0.7986760124610592	0.0	0.9894859813084113	0.0	0.6670560747663551	0.0	0.9991749174917491	0.0	0.9882162661737524	0.0	0.8951530612244898	0.0	0.9967532467532467	0.0	0.8125	0.0	0.10989717223650386	0.0	0.838042049934297	0.0	0.42475212464589235	0.0	0.0	0.0	0.0	0.0	0.0	0.0	0.0	0.0	0.0	0.0	0.01752577319587629	0.0	0.09650924024640657	0.0	0.0	0.0	0.0	0.0	0.3800403225806452	0.0	0.41833333333333333	0.0	0.9702970297029703	0.0	0.7128099173553719	0.0	0.17715827338129497	0.0	0.12990837696335078	0.0	0.0	0.0	0.43452380952380953	0.0	0.04291044776119403	0.0	0.30960490463215257	0.0	0.8389544688026982	0.0	0.4005958829902492	0.0	0.20461538461538462	0.0	0.13636363636363635	0.0	0.9404761904761905	0.0	0.9959415584415584	0.0	0.9278039832285115	0.0	0.9311899038461539	0.0	0.04716257668711656	0.0	0.3402605459057072	0.0	0.9646263910969793	0.0	0.9906542056074766	0.0	1.0	0.0	0.06318681318681318	0.0	0.03871268656716418	0.0	0.48355263157894735	0.0	0.8097278225806451	0.0	0.0	0.0	0.0027821939586645467	0.0	0.09900611620795106	0.0	0.2451219512195122	0.0	0.9136029411764706	0.0	0.004476584022038568	0.0	0.39241293532338306	0.0	0.0	0.0	0.0	0.0	0.0	0.0	0.0	0.0	0.0	0.0	0.0	0.0	0.0	0.0	0.0	0.0	0.0	0.0	0.0	0.0	0.0	0.0	0.0	0.0	0.0	0.0	0.0	0.0	0.0	0.0	0.0	0.0	0.0	0.0	0.0	0.0	0.0	0.0	0.0	0.0	0.0	0.0	0.0	0.0	0.0	0.0	0.0	0.0	0.0	0.0	0.0	0.0	0.0	0.0	0.0	0.0	0.0	0.0	0.0	0.0	0.0	0.0	0.0	0.0	0.0	0.0	0.0	0.0	0.0	0.0	0.0	0.0	0.0	0.0	0.0	0.0	0.0	0.0	0.0	0.0	0.0	0.0	0.0	0.0	0.0	0.0	0.0	0.0	0.0	0.0	0.0	0.0	0.0	0.0	0.0	0.0	0.0	0.0	0.0	0.0	0.0	0.0	0.0	0.0	0.0	0.0	0.0	0.0	0.0	0.0	0.0	0.0	0.0	0.0	0.0	0.0	0.0	0.0	0.0	0.0	0.0	0.0	0.0	0.0	0.0	0.0	0.0	0.0	0.0	0.0	0.0	0.0	0.0	0.0	0.003962536023054755	0.0	0.007368995633187773	0.0	0.0	0.0	0.0	0.0	0.0	0.0	0.0	0.0	0.0	0.0	0.0	0.0	0.0	0.0	0.0	0.0	0.0	0.0	0.0	0.0	0.0	0.0	0.0	0.0	0.0	0.0	0.08966619318181818	0.0	0.0	0.0	0.0	0.0	0.0	0.0	0.0	0.0	0.0	0.0	0.0	0.0	0.0	0.0	0.0	0.0	0.0	0.0	66	39.8
sub-M2110	91135	0.0	0.0	0.0	0.0	0.0	0.0	0.0	0.0	0.0	0.0	0.0	0.0	0.0	0.0	0.0	0.0	0.0	0.0	0.0	0.0	0.0	0.0	0.0	0.0	0.0	0.0	0.0	0.0	0.2702991452991453	0.0	0.022625448028673834	0.0	0.6118114817688131	0.0	0.0	0.0	0.0	0.0	0.0029702970297029703	0.0	0.09166666666666666	0.0	0.020870736086175942	0.0	0.0	0.0	0.0022222222222222222	0.0	0.0	0.0	0.4095	0.0	0.0	0.0	0.0	0.0	0.0	0.0	0.1678082191780822	0.0	0.0	0.0	0.05248500428449015	0.0	0.0	0.0	0.0	0.0	0.0	0.0	0.0	0.0	0.0	0.0	0.0	0.0	0.0	0.0	0.0	0.0	0.0	0.0	0.0	0.0	0.0	0.0	0.0	0.0	0.0	0.0	0.0	0.0	0.0	0.0	0.0	0.0	0.0	0.0	0.0	0.0	0.0	0.0	0.0	0.0	0.0	0.0	0.0	0.0	0.0	0.0	0.0	0.0	0.0	0.0	0.0	0.0	0.0	0.0	0.0	0.0	0.0	0.0	0.0	0.0	0.0	0.0	0.0	0.0	0.0	0.0	0.0	0.0	0.0	0.0	0.0	0.0	0.0	0.0	0.0	0.0	0.0	0.0	0.0	0.0	0.15029761904761904	0.0	0.7860275689223057	0.0	0.9821428571428571	0.0	0.9996594005449592	0.0	0.9610033726812817	0.0	0.3179848320693391	0.0	0.9709615384615384	0.0	0.43931818181818183	0.0	0.9976190476190476	0.0	0.8133116883116883	0.0	0.2030922431865828	0.0	0.6538461538461539	0.0	0.8416411042944786	0.0	0.9972084367245657	0.0	0.8567170111287759	0.0	0.0979361370716511	0.0	0.0	0.0	0.9182692307692307	0.0	0.5387126865671642	0.0	0.8284774436090225	0.0	0.0	0.0	0.030107526881720432	0.0	0.2633147853736089	0.0	0.0017201834862385322	0.0	0.0	0.0	0.0	0.0	0.7772038567493113	0.0	1.0	0.0	0.32229965156794427	0.0	0.25	0.0	0.0002840909090909091	0.0	0.0	0.0	0.0	0.0	0.0	0.0	0.0	0.0	0.0	0.0	0.0	0.0	0.0	0.0	0.0	0.0	0.0	0.0	0.0	0.0	0.0	0.0	0.0	0.0	0.0	0.0	0.0	0.0	0.0	0.0	0.0	0.0	0.0	0.0	0.0	0.0	0.0	0.0	0.0	0.0	0.0	0.0	0.0	0.0	0.0	0.0	0.0	0.0	0.0	0.0	0.0	0.0	0.0	0.0	0.0	0.0	0.0	0.0	0.0	0.0	0.0	0.0	0.0	0.0	0.0	0.0	0.0	0.0	0.0	0.0	0.0	0.0	0.0	0.0	0.0	0.0	0.0	0.0	0.0	0.0	0.0	0.0	0.0	0.0	0.0	0.0	0.0	0.0	0.0	0.0	0.0	0.0	0.0	0.0	0.0	0.0	0.0	0.0	0.0	0.0	0.0	0.0	0.0	0.0	0.0	0.0	0.0	0.0	0.0	0.0	0.08369330453563716	0.0	0.0	0.0	0.0	0.0	0.0	0.0	0.0	0.0	0.0	0.0	0.0	0.0	0.0009871668311944718	0.0	0.0	0.0	0.0	0.0	0.0	0.0	0.0	0.0	0.0	0.0	0.0	0.0	0.18514150943396226	0.0	0.0	0.0	0.0	0.0	0.00741839762611276	0.0	0.015151515151515152	0.0	0.0	0.0	0.0389344262295082	0.0	0.0	0.0	0.0	0.0	0.3109375	0.0	0.623046875	0.0	0.0	0.0	0.0	0.0	0.0	0.0	0.0	0.0	0.0	0.0	0.0	0.0	0.0	0.0	0.0	0.0	0.0	0.0	53	91.3
sub-M2111	66512	0.0	0.0	0.0	0.0	0.0	0.0	0.0	0.0	0.0	0.0	0.0	0.0	0.0	0.0	0.0	0.0	0.0	0.0	0.0	0.0	0.0	0.0	0.0	0.0	0.0	0.0	0.0	0.0	0.0	0.0	0.0	0.0	0.0	0.0	0.0	0.0	0.0	0.0	0.0	0.0	0.0	0.0	0.0	0.0	0.0	0.0	0.0	0.0	0.0	0.0	0.0	0.0	0.0	0.0	0.0	0.0	0.0	0.0	0.0	0.0	0.0	0.0	0.0	0.0	0.0	0.0	0.0	0.0	0.0	0.0	0.0	0.0	0.0	0.0	0.0	0.0	0.0	0.0	0.0	0.0	0.0	0.0	0.0	0.0	0.0	0.0	0.4789426523297491	0.0	0.28703703703703703	0.0	0.0	0.0	0.2916666666666667	0.0	0.4824766355140187	0.0	0.015186915887850467	0.0	0.09777227722772278	0.0	0.0	0.0	0.0	0.0	0.0	0.0	0.0	0.0	0.0	0.0	0.0	0.0	0.0	0.0	0.0	0.0	0.0	0.0	0.0	0.0	0.0	0.0	0.0	0.0	0.0	0.0	0.0	0.0	0.0	0.0	0.0	0.0	0.0	0.0	0.0	0.0	0.0	0.0	0.0	0.0	0.0	0.0	0.0	0.0	0.0	0.0	0.0	0.0	0.0	0.0	0.026226158038147138	0.0	0.5997048903878583	0.0	0.21221560130010833	0.0	0.000576923076923077	0.0	0.00909090909090909	0.0	0.16666666666666666	0.0	0.9082792207792207	0.0	0.8747379454926625	0.0	0.9000901442307693	0.0	0.5053680981595092	0.0	0.9903846153846154	0.0	0.9998012718600954	0.0	0.6602414330218068	0.0	0.01810829817158931	0.0	0.9426510989010989	0.0	0.9204757462686567	0.0	0.9356203007518797	0.0	0.3404737903225806	0.0	0.17016129032258065	0.0	0.7965023847376789	0.0	0.2727446483180428	0.0	0.0	0.0	0.0	0.0	0.13774104683195593	0.0	0.6467661691542289	0.0	0.312862950058072	0.0	0.0	0.0	0.0	0.0	0.0	0.0	0.0	0.0	0.0	0.0	0.0	0.0	0.0	0.0	0.0	0.0	0.0	0.0	0.0	0.0	0.0	0.0	0.0	0.0	0.0	0.0	0.0	0.0	0.0	0.0	0.0	0.0	0.0	0.0	0.0	0.0	0.0	0.0	0.0	0.0	0.0	0.0	0.0	0.0	0.0	0.0	0.0	0.0	0.0	0.0	0.0	0.0	0.0	0.0	0.0	0.0	0.0	0.0	0.0	0.0	0.0	0.0	0.0	0.0	0.0	0.0	0.0	0.0	0.0	0.0	0.0	0.0	0.0	0.0	0.0	0.0	0.0	0.0	0.0	0.0	0.0	0.0	0.0	0.0	0.0	0.0	0.0	0.0	0.0	0.0	0.0	0.0	0.0	0.0	0.0	0.0	0.0	0.0	0.0	0.0	0.0	0.0	0.0	0.0	0.0	0.0	0.0	0.0	0.0	0.0	0.0	0.0	0.0	0.0	0.0029697624190064796	0.0	0.0	0.0	0.0	0.0	0.0	0.0	0.0	0.0	0.0	0.0	0.0	0.0	0.0	0.0	0.0	0.0	0.037463976945244955	0.0	0.001091703056768559	0.0	0.0	0.0	0.0	0.0	0.0	0.0	0.0	0.0	0.0	0.0	0.0	0.0	0.0	0.0	0.0	0.0	0.0	0.0	0.0	0.0	0.0	0.0	0.0	0.0	0.0	0.0	0.005681818181818182	0.0	0.0	0.0	0.0	0.0	0.0	0.0	0.0	0.0	0.0	0.0	0.0	0.0	0.0	0.0	0.0	0.0	0.0	0.0	50	89.2
sub-M2112	58927	0.0	0.0	0.0	0.0	0.0	0.0	0.0	0.0	0.0	0.0	0.0	0.0	0.0	0.0	0.0	0.0	0.0	0.0	0.0	0.0	0.0	0.0	0.0	0.0	0.0	0.0	0.0	0.0	0.0	0.0	0.0	0.0	0.0	0.0	0.0	0.0	0.0	0.0	0.0	0.0	0.0	0.0	0.0	0.0	0.0	0.0	0.0	0.0	0.0	0.0	0.0	0.0	0.0	0.0	0.0	0.0	0.0	0.0	0.0	0.0	0.0	0.0	0.0	0.0	0.0	0.0	0.02749515503875969	0.0	0.0	0.0	0.0	0.0	0.3064516129032258	0.0	0.6581272084805654	0.0	0.0	0.0	0.0	0.0	0.0	0.0	0.009101941747572815	0.0	0.0	0.0	0.25627240143369173	0.0	0.2242798353909465	0.0	0.6266666666666667	0.0	0.7048286604361371	0.0	0.46845794392523366	0.0	0.8095794392523364	0.0	0.3518976897689769	0.0	0.4004158964879852	0.0	0.10892857142857143	0.0	0.3088474025974026	0.0	0.2688802083333333	0.0	0.6748071979434447	0.0	0.1557161629434954	0.0	0.10888810198300283	0.0	0.030612244897959183	0.0	0.0	0.0	0.0	0.0	0.0	0.0	0.0	0.0	0.0	0.0	0.003080082135523614	0.0	0.0	0.0	0.0035070140280561123	0.0	0.019153225806451613	0.0	0.03611111111111111	0.0	0.2264851485148515	0.0	0.005853994490358127	0.0	0.0	0.0	0.0	0.0	0.0	0.0	0.0	0.0	0.0	0.0	0.0	0.0	0.20805227655986508	0.0	0.23943661971830985	0.0	0.0007692307692307692	0.0	0.011363636363636364	0.0	0.33214285714285713	0.0	0.9683441558441559	0.0	0.797038784067086	0.0	0.5064603365384616	0.0	0.0	0.0	0.17493796526054592	0.0	0.4419713831478537	0.0	0.3654595015576324	0.0	0.8778129395218003	0.0	0.0013736263736263737	0.0	0.0006996268656716418	0.0	0.08035714285714286	0.0	0.19909274193548387	0.0	0.0	0.0	0.0	0.0	0.0	0.0	0.0	0.0	0.04871323529411765	0.0	0.0	0.0	0.006218905472636816	0.0	0.0	0.0	0.0	0.0	0.0	0.0	0.0	0.0	0.0	0.0	0.0	0.0	0.0	0.0	0.0	0.0	0.0	0.0	0.0	0.0	0.0	0.0	0.0	0.0	0.0	0.0	0.0	0.0	0.0	0.0	0.0	0.0	0.0	0.0	0.0	0.0	0.0	0.0	0.0	0.0	0.0	0.0	0.0	0.0	0.0	0.0	0.0	0.0	0.0	0.0	0.0	0.0	0.0	0.0	0.0	0.0	0.0	0.0	0.0	0.0	0.0	0.0	0.0	0.0	0.0	0.0	0.0	0.0	0.0	0.0	0.0	0.0	0.0	0.0	0.0	0.0	0.0	0.0	0.0	0.0	0.0	0.0	0.0	0.0	0.0	0.0	0.0	0.0	0.0	0.0	0.0	0.0	0.0	0.0	0.0	0.0	0.0	0.0	0.0	0.0	0.0	0.0	0.0	0.0	0.0	0.0	0.0	0.0	0.0	0.0	0.0	0.0	0.0	0.0	0.0	0.0	0.0	0.0	0.0005720823798627002	0.0	0.0	0.0	0.0	0.0	0.0	0.0	0.0	0.0	0.0	0.0	0.0	0.0	0.0	0.0	0.0	0.0	0.0	0.0	0.0	0.0	0.0	0.0	0.0	0.0	0.0	0.0	0.0	0.0	0.0	0.0	0.0	0.0	0.0	0.0	0.0	0.0	0.0	0.0	0.0	0.0	0.0	0.0	0.0	0.0	0.0005326704545454545	0.0	0.0	0.0	0.0	0.0	0.0	0.0	0.0	0.0	0.0	0.0	0.0	0.0	0.0	0.0	0.0	0.0	0.0	0.0	53	51.7
sub-M2113	21225	0.0	0.0	0.0	0.0	0.0	0.0	0.0	0.0	0.0	0.0	0.0	0.0	0.00013950892857142856	0.0	0.0038496376811594205	0.0	0.00492831541218638	0.0	0.0	0.0	0.0	0.0	0.0	0.0	0.0	0.0	0.0	0.0	0.0	0.0	0.00011200716845878136	0.0	0.0	0.0	0.0	0.0	0.0	0.0	0.0	0.0	0.0	0.0	0.0	0.0	0.0	0.0	0.0	0.0	0.0	0.0	0.0	0.0	0.0	0.0	0.0	0.0	0.0	0.0	0.0	0.0	0.0	0.0	0.0	0.0	0.0	0.0	0.0	0.0	0.0	0.0	0.0	0.0	0.0	0.0	0.0	0.0	0.0	0.0	0.0	0.0	0.0	0.0	0.0	0.0	0.0	0.0	0.0	0.0	0.0	0.0	0.0	0.0	0.0	0.0	0.0	0.0	0.0	0.0	0.0	0.0	0.0	0.0	0.0	0.0	0.0	0.0	0.0	0.0	0.0	0.0	0.0	0.0	0.0	0.0	0.0	0.0	0.0	0.0	0.0	0.0	0.0	0.0	0.0	0.0	0.0	0.0	0.0	0.0	0.0	0.0	0.0	0.0	0.0	0.0	0.0	0.0	0.0	0.0	0.0	0.0	0.0	0.0	0.0	0.0	0.0	0.0	0.0	0.0	0.0	0.0	0.0003405994550408719	0.0	0.0	0.0	0.0	0.0	0.0	0.0	0.0	0.0	0.0	0.0	0.0	0.0	0.0	0.0	0.0	0.0	0.0	0.0	0.0	0.0	0.0	0.0	0.0	0.0	0.0	0.0	0.0	0.0	0.0	0.0	0.0	0.0	0.0	0.0	0.0	0.0	0.0	0.0	0.0	0.0	0.0	0.0	0.0	0.0	0.0	0.0	0.0	0.0	0.0	0.0	0.0	0.0	0.0	0.0	0.0	0.0	0.0	0.0	0.0012376237623762376	0.0	0.0	0.0	0.0	0.0	0.0	0.0	0.0	0.0	0.014423076923076924	0.0	0.0	0.0	0.0	0.0	0.011924342105263159	0.0	0.006481481481481481	0.0	0.0010190217391304348	0.0	0.0	0.0	0.0	0.0	0.0	0.0	0.0	0.0	0.0	0.0	0.0022123893805309734	0.0	0.0	0.0	0.0	0.0	0.0	0.0	0.0	0.0	0.0	0.0	0.0	0.0	0.0	0.0	0.0	0.0	0.0	0.0	0.0	0.0	0.0	0.0	0.0	0.0	0.0	0.0	0.0	0.0	0.0	0.0	0.0	0.0	0.0	0.0	0.0	0.0	0.0	0.0	0.0	0.0	0.0	0.0	0.0	0.0	0.0	0.0	0.0	0.0	0.0	0.0	0.0	0.0	0.0	0.0	0.0	0.0	0.0	0.0	0.0	0.0	0.0	0.0	0.0	0.0	0.0	0.0	0.0	0.0	0.0	0.0	0.0	0.0	0.0	0.0	0.0	0.0	0.0	0.0	0.0	0.0	0.0	0.0	0.0	0.0	0.0	0.0	0.0	0.0	0.0	0.0	0.0	0.0	0.0	0.0	0.0	0.0	0.0	0.0	0.0	0.0	0.0	0.0	0.05	0.0	0.0	0.0	0.0	0.0	0.08333333333333333	0.0	0.08898305084745763	0.0	0.11270491803278689	0.0	0.008620689655172414	0.0	0.29071969696969696	0.0	0.3490234375	0.0	0.12215909090909091	0.0	0.0	0.0	0.028669724770642203	0.0	0.0	0.0	0.0	0.0	0.1375	0.0	0.0	0.0	0.0	0.0	0.0	0.0	0.0	0.0	77	20.6
sub-M2114	196757	0.0	0.0	0.0	0.0	0.0	0.0	0.0	0.0	0.0	0.0	0.0	0.0	0.0	0.0	0.0	0.0	0.0	0.0	0.0	0.0	0.0	0.0	0.0	0.0	0.0	0.0	0.0	0.0	0.0008547008547008547	0.0	0.4899193548387097	0.0	0.32593095422808377	0.0	0.0	0.0	0.0	0.0	0.0	0.0	0.025	0.0	0.0	0.0	0.0	0.0	0.0	0.0	0.0	0.0	0.7655	0.0	0.0	0.0	0.0	0.0	0.0	0.0	0.398972602739726	0.0	0.0	0.0	0.5226006855184233	0.0	0.013054830287206266	0.0	0.006540697674418605	0.0	0.0	0.0	0.6604381443298969	0.0	0.32969639468690703	0.0	0.8732332155477032	0.0	0.0	0.0	0.0	0.0	0.08794466403162056	0.0	0.11529126213592233	0.0	0.0	0.0	0.9596774193548387	0.0	0.8503086419753086	0.0	0.6104166666666667	0.0	0.5272585669781932	0.0	0.7570093457943925	0.0	0.7348130841121495	0.0	0.8073432343234324	0.0	0.6675138632162662	0.0	0.35433673469387755	0.0	0.6741071428571429	0.0	0.7838541666666666	0.0	0.7753856041131105	0.0	0.3587385019710907	0.0	0.21990084985835695	0.0	0.0	0.0	0.0	0.0	0.0	0.0	0.0	0.0	0.0	0.0	0.0002577319587628866	0.0	0.11999486652977413	0.0	0.0	0.0	0.0	0.0	0.20236895161290322	0.0	0.5727777777777778	0.0	0.6602722772277227	0.0	0.05991735537190083	0.0	0.2221223021582734	0.0	0.18259162303664922	0.0	0.012896825396825396	0.0	0.21898496240601503	0.0	0.5269189765458422	0.0	0.8993528610354223	0.0	0.9964165261382799	0.0	0.97670639219935	0.0	0.9661538461538461	0.0	0.925	0.0	0.9952380952380953	0.0	0.9983766233766234	0.0	0.9610849056603774	0.0	0.8260216346153846	0.0	0.5835889570552147	0.0	0.9286600496277916	0.0	0.9864864864864865	0.0	0.8748052959501558	0.0	0.950070323488045	0.0	0.6713598901098901	0.0	0.7777518656716418	0.0	0.8392857142857143	0.0	0.8712197580645161	0.0	0.4092741935483871	0.0	0.46899841017488075	0.0	0.4883409785932722	0.0	0.4814024390243902	0.0	0.9834558823529411	0.0	0.6704545454545454	0.0	0.9919154228855721	0.0	0.8307200929152149	0.0	0.7907608695652174	0.0	0.028409090909090908	0.0	0.0	0.0	0.0	0.0	0.0	0.0	0.0	0.0	0.0	0.0	0.0	0.0	0.0	0.0	0.0	0.0	0.0	0.0	0.0	0.0	0.0	0.0	0.0	0.0	0.0	0.0	0.0	0.0	0.0	0.0	0.0	0.0	0.0	0.0	0.0	0.0	0.0	0.0	0.0	0.0	0.0	0.0	0.0	0.0	0.0	0.0	0.0	0.0	0.0	0.0	0.0	0.0	0.0	0.0	0.0	0.0	0.0	0.0	0.0	0.0	0.0	0.0	0.0011200716845878136	0.0	0.0	0.0	0.0	0.0	0.0	0.0	0.0	0.0	0.0	0.0	0.0	0.0	0.0	0.0	0.0	0.0	0.0	0.0	0.030572755417956655	0.0	0.0	0.0	0.0	0.0	0.0	0.0	0.0	0.0	0.0025462962962962965	0.0	0.0	0.0	0.0	0.0	0.0	0.0	0.0	0.0	0.0	0.0	0.0	0.0	0.0	0.0	0.0	0.0	0.39200863930885527	0.0	0.16533180778032036	0.0	0.0	0.0	0.015957446808510637	0.0	0.0	0.0	0.0	0.0	0.0022609819121447027	0.0	0.14807502467917077	0.0	0.10486577181208054	0.0	0.10987031700288184	0.0	0.16839519650655022	0.0	0.024739583333333332	0.0	0.0002821670428893905	0.0	0.0	0.0	0.05129716981132076	0.0	0.0	0.0	0.0	0.0	0.0	0.0	0.0	0.0	0.0	0.0	0.0	0.0	0.0	0.0	0.0	0.0	0.206640625	0.0	0.3973721590909091	0.0	0.0	0.0	0.0	0.0	0.0	0.0	0.0	0.0	0.0	0.0	0.0	0.0	0.0	0.0	0.0	0.0	0.0	0.0	58	15.2
sub-M2115	209200	0.2356115107913669	0.0	0.0012826492537313433	0.0	0.0	0.0	0.9620786516853933	0.0	0.9375798212005109	0.0	0.3931102362204724	0.0	0.09946986607142858	0.0	0.478713768115942	0.0	0.1677867383512545	0.0	0.9448529411764706	0.0	0.8478260869565217	0.0	0.9303571428571429	0.0	0.9273547094188377	0.0	0.9714285714285714	0.0	0.9681623931623932	0.0	0.9895833333333334	0.0	0.8927463149728472	0.0	0.7143705463182898	0.0	0.9654761904761905	0.0	0.8987623762376238	0.0	0.50625	0.0	0.7978007181328546	0.0	0.9424460431654677	0.0	0.9927777777777778	0.0	0.6167553191489362	0.0	0.991	0.0	0.20276872964169382	0.0	0.0	0.0	0.9224504249291785	0.0	0.8690068493150684	0.0	0.10606060606060606	0.0	0.891923736075407	0.0	0.8939295039164491	0.0	0.548328488372093	0.0	0.4448602794411178	0.0	0.8782216494845361	0.0	0.16437381404174572	0.0	0.189708480565371	0.0	0.0	0.0	0.0	0.0	0.0	0.0	0.0	0.0	0.0	0.0	0.26657706093189965	0.0	0.21296296296296297	0.0	0.2941666666666667	0.0	0.09501557632398754	0.0	0.4357476635514019	0.0	0.0	0.0	0.039603960396039604	0.0	0.0	0.0	0.0	0.0	0.0	0.0	0.0	0.0	0.012210796915167094	0.0	0.0	0.0	0.001593484419263456	0.0	0.0	0.0	0.0	0.0	0.0	0.0	0.0	0.0	0.0	0.0	0.0	0.0	0.0	0.0	0.0	0.0	0.0	0.0	0.0	0.0	0.0	0.0	0.0	0.0	0.0	0.0	0.0	0.0	0.0	0.0	0.26537698412698413	0.0	0.9830827067669173	0.0	1.0	0.0	0.9661103542234333	0.0	0.3882799325463744	0.0	0.33504875406283857	0.0	0.9811538461538462	0.0	0.905	0.0	0.6869047619047619	0.0	0.1534090909090909	0.0	0.052541928721174004	0.0	0.003605769230769231	0.0	0.023006134969325152	0.0	0.0	0.0	0.0	0.0	0.00661993769470405	0.0	0.00035161744022503517	0.0	0.0	0.0	0.0	0.0	0.0	0.0	0.0	0.0	0.0	0.0	0.0	0.0	0.0	0.0	0.0	0.0	0.0	0.0	0.0027548209366391185	0.0	0.03980099502487562	0.0	0.0	0.0	0.0	0.0	0.0	0.0	0.05216535433070866	0.0	0.0	0.0	0.0	0.0	0.5614525139664804	0.0	0.8283018867924529	0.0	0.8114617940199336	0.0	0.6183401639344263	0.0	0.0	0.0	0.0	0.0	0.0	0.0	0.0	0.0	0.0	0.0	0.0	0.0	0.0	0.0	0.0013992537313432835	0.0	0.0	0.0	0.006809338521400778	0.0	0.05017401392111369	0.0	0.0	0.0	0.0	0.0	0.0	0.0	0.0	0.0	0.0	0.0	0.0	0.0	0.0	0.0	0.0	0.0	0.34103260869565216	0.0	0.22321428571428573	0.0	0.20980176211453744	0.0	0.0	0.0	0.0	0.0	0.0	0.0	0.0	0.0	0.0	0.0	0.0	0.0	0.0	0.0	0.0	0.0	0.0	0.0	0.0	0.0	0.0	0.0	0.0	0.0	0.0	0.0	0.0	0.0	0.0	0.0	0.0	0.0	0.0	0.0	0.0	0.0	0.0	0.0	0.0	0.0	0.0	0.0	0.0	0.0	0.0	0.0	0.0	0.0	0.0	0.0	0.0	0.0	0.02267818574514039	0.0	0.0	0.0	0.00974025974025974	0.0	0.0	0.0	0.0	0.0	0.0	0.0	0.0	0.0	0.0	0.0	0.0	0.0	0.0	0.0	0.0	0.0	0.0	0.0	0.0	0.0	0.0	0.0	0.5530660377358491	0.0	0.134375	0.0	0.058333333333333334	0.0	0.587166172106825	0.0	0.33428030303030304	0.0	0.07768361581920905	0.0	0.3094262295081967	0.0	0.33189655172413796	0.0	0.07954545454545454	0.0	0.923046875	0.0	0.80078125	0.0	0.0	0.0	0.0011467889908256881	0.0	0.0	0.0	0.0	0.0	0.0	0.0	0.0	0.0	0.0	0.0	0.0	0.0	0.0	0.0	64	36.3
sub-M2116	174331	0.0	0.0	0.0	0.0	0.0	0.0	0.0	0.0	0.0	0.0	0.17618110236220472	0.0	0.4287109375	0.0	0.6476449275362319	0.0	0.7515681003584229	0.0	0.05238970588235294	0.0	0.1067193675889328	0.0	0.8	0.0	0.8527054108216433	0.0	0.8326530612244898	0.0	0.0	0.0	0.167002688172043	0.0	0.0	0.0	0.0	0.0	0.0	0.0	0.0	0.0	0.0	0.0	0.0	0.0	0.0	0.0	0.0	0.0	0.0	0.0	0.0205	0.0	0.998371335504886	0.0	0.7388059701492538	0.0	0.8532223796033994	0.0	0.0273972602739726	0.0	0.8892045454545454	0.0	0.5559125964010283	0.0	0.7947127937336814	0.0	0.7450339147286822	0.0	0.7284181636726547	0.0	0.8125	0.0	0.7400379506641366	0.0	0.7080388692579506	0.0	0.07172131147540983	0.0	0.0	0.0	0.04743083003952569	0.0	0.0	0.0	0.07614942528735633	0.0	0.9565412186379928	0.0	0.8132716049382716	0.0	0.67875	0.0	0.47546728971962615	0.0	0.6752336448598131	0.0	0.2207943925233645	0.0	0.6844059405940595	0.0	0.4715804066543438	0.0	0.8035714285714286	0.0	0.8835227272727273	0.0	0.3151041666666667	0.0	0.37982005141388175	0.0	0.7210906701708278	0.0	0.6336756373937678	0.0	0.7653061224489796	0.0	0.0	0.0	0.3044241573033708	0.0	0.40625	0.0	0.022413793103448276	0.0	0.7443298969072165	0.0	0.3965605749486653	0.0	0.125	0.0	0.21918837675350702	0.0	0.7933467741935484	0.0	0.88	0.0	0.9096534653465347	0.0	0.7648071625344353	0.0	0.11241007194244604	0.0	0.22480366492146597	0.0	0.0	0.0	0.0	0.0	0.0	0.0	0.0	0.0	0.0	0.0	0.646397616468039	0.0	0.0	0.0	0.3809090909090909	0.0	0.0	0.0	0.07711038961038962	0.0	0.6965408805031447	0.0	0.45102163461538464	0.0	0.0	0.0	0.0	0.0	0.6021462639109698	0.0	0.8613707165109035	0.0	0.8741209563994374	0.0	0.0	0.0	0.1574160447761194	0.0	0.4224624060150376	0.0	0.7883064516129032	0.0	0.0	0.0	0.0	0.0	0.11085626911314984	0.0	0.06615853658536586	0.0	0.7049632352941176	0.0	0.0	0.0	0.0	0.0	0.0	0.0	0.0	0.0	0.0	0.0	0.0	0.0	0.0	0.0	0.0	0.0	0.0	0.0	0.0	0.0	0.0	0.0	0.0	0.0	0.0	0.0	0.0	0.0	0.0	0.0	0.0	0.0	0.0	0.0	0.004415760869565217	0.0	0.036172161172161175	0.0	0.14132462686567165	0.0	0.010038860103626942	0.0	0.0	0.0	0.0	0.0	0.0	0.0	0.0	0.0	0.0	0.0	0.0	0.0	0.0	0.0	0.0	0.0	0.0	0.0	0.0005274261603375527	0.0	0.0546195652173913	0.0	0.0	0.0	0.0	0.0	0.0	0.0	0.0	0.0	0.0	0.0	0.0	0.0	0.05015432098765432	0.0	0.008962264150943396	0.0	0.0	0.0	0.0	0.0	0.0798780487804878	0.0	0.0	0.0	0.0	0.0	0.0	0.0	0.04218266253869969	0.0	0.029411764705882353	0.0	0.01059322033898305	0.0	0.0	0.0	0.008561643835616438	0.0	0.010185185185185186	0.0	0.0	0.0	0.02551295896328294	0.0	0.0	0.0	0.0	0.0	0.0	0.0	0.0	0.0	0.0	0.0	0.0	0.0	0.0	0.0	0.018592677345537757	0.0	0.0	0.0	0.0	0.0	0.0	0.0	0.0	0.0	0.00032299741602067185	0.0	0.0	0.0	0.0	0.0	0.0	0.0	0.0	0.0	0.0	0.0	0.0002821670428893905	0.0	0.03806390977443609	0.0	0.0	0.0	0.0	0.0	0.0	0.0	0.0	0.0	0.0	0.0	0.0	0.0	0.0	0.0	0.0	0.0	0.0	0.0	0.0	0.0	0.0	0.0	0.0	0.0	0.0	0.0	0.0	0.0	0.0	0.0	0.0	0.0	0.0	0.0	0.0	0.0	0.0	0.0	0.0	0.0	49	46.5
sub-M2117	96744	0.0	0.0	0.0	0.0	0.0	0.0	0.0	0.0	0.0	0.0	0.0	0.0	0.0	0.0	0.0	0.0	0.0	0.0	0.0078125	0.0	0.0	0.0	0.0	0.0	0.0	0.0	0.0	0.0	0.21623931623931625	0.0	0.04816308243727598	0.0	0.32098525989138865	0.0	0.0	0.0	0.0	0.0	0.0	0.0	0.0	0.0	0.0	0.0	0.0	0.0	0.0	0.0	0.0	0.0	0.059	0.0	0.0	0.0	0.0	0.0	0.0	0.0	0.0	0.0	0.0	0.0	0.05366323907455013	0.0	0.0026109660574412533	0.0	0.002543604651162791	0.0	0.0	0.0	0.8137886597938144	0.0	0.13638519924098672	0.0	0.3917844522968198	0.0	0.0	0.0	0.0	0.0	0.0	0.0	0.0	0.0	0.0	0.0	0.9941756272401434	0.0	0.9243827160493827	0.0	0.8879166666666667	0.0	0.8559190031152648	0.0	0.9427570093457944	0.0	0.6483644859813084	0.0	0.8807755775577558	0.0	0.6707486136783734	0.0	0.24311224489795918	0.0	0.11525974025974026	0.0	0.4459635416666667	0.0	0.17705655526992287	0.0	0.1552233902759527	0.0	0.041607648725212464	0.0	0.0	0.0	0.0	0.0	0.0	0.0	0.0	0.0	0.0	0.0	0.0	0.0	0.0	0.0	0.0	0.0	0.0	0.0	0.0	0.0	0.0	0.0	0.03650990099009901	0.0	0.0	0.0	0.0	0.0	0.0	0.0	0.001984126984126984	0.0	0.16322055137844613	0.0	0.3158315565031983	0.0	0.8194822888283378	0.0	0.896079258010118	0.0	0.9964788732394366	0.0	0.8625	0.0	0.696590909090909	0.0	0.6583333333333333	0.0	0.9443993506493507	0.0	0.8372641509433962	0.0	0.32962740384615385	0.0	0.10506134969325154	0.0	0.19509925558312655	0.0	0.0	0.0	0.4632009345794392	0.0	0.8431786216596343	0.0	0.0	0.0	0.0	0.0	0.0	0.0	0.1202116935483871	0.0	0.0	0.0	0.0	0.0	0.0	0.0	0.0	0.0	0.0	0.0	0.15013774104683195	0.0	0.5963930348258707	0.0	0.0	0.0	0.0	0.0	0.0	0.0	0.0	0.0	0.0	0.0	0.0	0.0	0.0	0.0	0.0	0.0	0.0	0.0	0.0	0.0	0.0	0.0	0.0	0.0	0.0	0.0	0.0	0.0	0.0	0.0	0.0	0.0	0.0	0.0	0.0	0.0	0.0	0.0	0.0	0.0	0.0	0.0	0.0	0.0	0.0	0.0	0.0	0.0	0.0	0.0	0.0	0.0	0.0	0.0	0.0	0.0	0.0	0.0	0.0	0.0	0.0	0.0	0.0	0.0	0.0	0.0	0.0	0.0	0.0	0.0	0.0	0.0	0.0	0.0	0.0	0.0	0.0	0.0	0.0	0.0	0.0	0.0	0.0	0.0	0.0	0.0	0.0	0.0	0.0	0.0	0.0	0.0	0.0	0.0	0.0	0.0	0.0	0.0	0.0	0.0	0.0	0.0	0.0	0.0	0.0	0.0	0.0	0.0	0.0	0.0	0.0	0.0	0.0	0.0	0.0	0.0	0.0005399568034557236	0.0	0.0	0.0	0.0	0.0	0.0	0.0	0.0	0.0	0.0	0.0	0.0	0.0	0.0	0.0	0.0	0.0	0.0	0.0	0.0	0.0	0.0	0.0	0.0	0.0	0.0	0.0	0.12558962264150944	0.0	0.0	0.0	0.0	0.0	0.0	0.0	0.0	0.0	0.001059322033898305	0.0	0.028688524590163935	0.0	0.0	0.0	0.0	0.0	0.3453125	0.0	0.6519886363636364	0.0	0.0	0.0	0.0	0.0	0.0	0.0	0.0	0.0	0.0	0.0	0.0	0.0	0.0	0.0	0.0	0.0	0.0	0.0	42	49.1
sub-M2118	131035	0.0	0.0	0.0	0.0	0.0	0.0	0.0	0.0	0.0	0.0	0.0076771653543307086	0.0	0.0	0.0	0.0	0.0	0.0	0.0	0.03216911764705882	0.0	0.0	0.0	0.3205357142857143	0.0	0.07114228456913828	0.0	0.6270408163265306	0.0	0.3888888888888889	0.0	0.7935707885304659	0.0	0.6664080682699767	0.0	0.0	0.0	0.0	0.0	0.0	0.0	0.0	0.0	0.0	0.0	0.0	0.0	0.0	0.0	0.0	0.0	0.7285	0.0	0.0	0.0	0.0	0.0	0.000708215297450425	0.0	0.2988013698630137	0.0	0.0	0.0	0.292630676949443	0.0	0.0	0.0	0.0	0.0	0.0	0.0	0.6469072164948454	0.0	0.0023719165085388993	0.0	0.1691696113074205	0.0	0.0	0.0	0.0	0.0	0.0	0.0	0.0	0.0	0.0	0.0	0.9995519713261649	0.0	0.9470164609053497	0.0	0.5541666666666667	0.0	0.557632398753894	0.0	0.8177570093457944	0.0	0.2838785046728972	0.0	0.7627887788778878	0.0	0.16127541589648797	0.0	0.056377551020408166	0.0	0.26704545454545453	0.0	0.11067708333333333	0.0	0.28116966580976865	0.0	0.05420499342969776	0.0	0.020361189801699715	0.0	0.0	0.0	0.0	0.0	0.0	0.0	0.0	0.0	0.0	0.0	0.0	0.0	0.007058521560574948	0.0	0.0	0.0	0.0	0.0	0.1953125	0.0	0.3522222222222222	0.0	0.6231435643564357	0.0	0.0	0.0	0.02697841726618705	0.0	0.052683246073298426	0.0	0.0	0.0	0.06610275689223058	0.0	0.5122601279317697	0.0	0.901566757493188	0.0	0.6593591905564924	0.0	0.9471830985915493	0.0	0.9698076923076923	0.0	0.9788636363636364	0.0	0.9642857142857143	0.0	0.9383116883116883	0.0	0.9896488469601677	0.0	0.6239483173076923	0.0	0.033358895705521474	0.0	0.0018610421836228288	0.0	0.7613275039745628	0.0	0.8726635514018691	0.0	0.8045007032348804	0.0	0.0	0.0	0.08465485074626866	0.0	0.3773496240601504	0.0	0.671875	0.0	0.0	0.0	0.0	0.0	0.02981651376146789	0.0	0.041463414634146344	0.0	0.6838235294117647	0.0	0.0	0.0	0.12002487562189054	0.0	0.0	0.0	0.0	0.0	0.0	0.0	0.0	0.0	0.0	0.0	0.0	0.0	0.0	0.0	0.0	0.0	0.0	0.0	0.0	0.0	0.0	0.0	0.0	0.0	0.0	0.0	0.0	0.0	0.0	0.0	0.0	0.0	0.0	0.0	0.0	0.0	0.0	0.0	0.0	0.0	0.0	0.0	0.0	0.0	0.0	0.0	0.0	0.0	0.0	0.0	0.0	0.0	0.0	0.0	0.0	0.0	0.0	0.0	0.0	0.0	0.0	0.0	0.0	0.0	0.0	0.0	0.0	0.0	0.0	0.0	0.0	0.0	0.0	0.0	0.0	0.0	0.0	0.0	0.0	0.0	0.0	0.0	0.0	0.0	0.0	0.0	0.0	0.0	0.0	0.0	0.0	0.0	0.0	0.0	0.0	0.0	0.0	0.0	0.0	0.0	0.0	0.0	0.0	0.0	0.0	0.0	0.0	0.0	0.0	0.0	0.0	0.0	0.0	0.0	0.0	0.0	0.0	0.0	0.0	0.0	0.0	0.0	0.0	0.0	0.0	0.0	0.0	0.0	0.0	0.0	0.0	0.0	0.0	0.0	0.0	0.0	0.0	0.0	0.0	0.0	0.0	0.0	0.0	0.0	0.0	0.0	0.0	0.0	0.0	0.0	0.0	0.0	0.0	0.0	0.0	0.0	0.0	0.0	0.0	0.0	0.0	0.0	0.0712890625	0.0	0.2510653409090909	0.0	0.0	0.0	0.0	0.0	0.0	0.0	0.0	0.0	0.0	0.0	0.0	0.0	0.0	0.0	0.0	0.0	0.0	0.0	54	41.0
sub-M2119	2061	0.0	0.0	0.0	0.0	0.0	0.0	0.0	0.0	0.0	0.0	0.0	0.0	0.0	0.0	0.0	0.0	0.0	0.0	0.0	0.0	0.0	0.0	0.0	0.0	0.0	0.0	0.0	0.0	0.0	0.0	0.0	0.0	0.0	0.0	0.0	0.0	0.0	0.0	0.0	0.0	0.0	0.0	0.0	0.0	0.0	0.0	0.0	0.0	0.0	0.0	0.0	0.0	0.0	0.0	0.0	0.0	0.0	0.0	0.0	0.0	0.0	0.0	0.0	0.0	0.0	0.0	0.0	0.0	0.0	0.0	0.0	0.0	0.0	0.0	0.0	0.0	0.0	0.0	0.0	0.0	0.0	0.0	0.0	0.0	0.0	0.0	0.0	0.0	0.0	0.0	0.0	0.0	0.0	0.0	0.0	0.0	0.0	0.0	0.0	0.0	0.0	0.0	0.0	0.0	0.0	0.0	0.0	0.0	0.0	0.0	0.0	0.0	0.0	0.0	0.0	0.0	0.0	0.0	0.0	0.0	0.0	0.0	0.0	0.0	0.0	0.0	0.0	0.0	0.0	0.0	0.0	0.0	0.0	0.0	0.0	0.0	0.0	0.0	0.0	0.0	0.0	0.0	0.0	0.0	0.0	0.0	0.0	0.0	0.0	0.0	0.0	0.0	0.0	0.0	0.0	0.0	0.0	0.0	0.0	0.0	0.0	0.0	0.0	0.0	0.0	0.0	0.0	0.0	0.0	0.0	0.0	0.0	0.0	0.0	0.0	0.0	0.0	0.0	0.0	0.0	0.0	0.0	0.0	0.0	0.0	0.0	0.0	0.0	0.0	0.0	0.0	0.0	0.0	0.0	0.0	0.0	0.0	0.0	0.0	0.0	0.0	0.0	0.0	0.0	0.0	0.0	0.0	0.0	0.0	0.0	0.0	0.0	0.0	0.0	0.0	0.0	0.0	0.0	0.0	0.0	0.0	0.0	0.0	0.0	0.0	0.0	0.0	0.0	0.0	0.0	0.0	0.0	0.0	0.0	0.0	0.0	0.0	0.0	0.0	0.0	0.0	0.0	0.0	0.0	0.0	0.0	0.0	0.0	0.0	0.0	0.0	0.0	0.0	0.0	0.0	0.0	0.0	0.0	0.0	0.0	0.0	0.0	0.0	0.0	0.0	0.0	0.0	0.0	0.0	0.0	0.0	0.0	0.0	0.0	0.0	0.0	0.0	0.0	0.0	0.0	0.0	0.0	0.0	0.0	0.0	0.0	0.0	0.0	0.0	0.0	0.0	0.0	0.0	0.0	0.0	0.0	0.0	0.0	0.0	0.0	0.0	0.0	0.0	0.0	0.0	0.0	0.0	0.0	0.0	0.0	0.0	0.0	0.0	0.0	0.0	0.0	0.0	0.0	0.0	0.0	0.0	0.0	0.0	0.0	0.0	0.0	0.0	0.0	0.0	0.0	0.0	0.0	0.0	0.0	0.0	0.0	0.0	0.0	0.0	0.0	0.0	0.0	0.0	0.0	0.0	0.0	0.0375	0.0	0.0	0.0	0.0	0.0	0.17708333333333334	0.0	0.04696327683615819	0.0	0.2038934426229508	0.0	0.0	0.0	0.0	0.0	0.1205078125	0.0	0.005859375	0.0	0.0	0.0	0.0	0.0	0.0	0.0	0.0	0.0	0.0	0.0	0.0	0.0	0.0	0.0	0.0	0.0	0.0	0.0	47	97.5
sub-M2120	68289	0.0	0.0	0.0	0.0	0.0	0.0	0.0	0.0	0.0	0.0	0.0	0.0	0.0	0.0	0.0	0.0	0.0	0.0	0.0	0.0	0.0	0.0	0.0	0.0	0.0	0.0	0.0	0.0	0.0019230769230769232	0.0	0.005040322580645161	0.0	0.627812257564003	0.0	0.0	0.0	0.0	0.0	0.0	0.0	0.3111111111111111	0.0	0.22576301615798922	0.0	0.0013489208633093526	0.0	0.11222222222222222	0.0	0.0	0.0	0.0125	0.0	0.0	0.0	0.0	0.0	0.0	0.0	0.0	0.0	0.0	0.0	0.0	0.0	0.0	0.0	0.0	0.0	0.0	0.0	0.0	0.0	0.0	0.0	0.0	0.0	0.0	0.0	0.0	0.0	0.0	0.0	0.0	0.0	0.0	0.0	0.027777777777777776	0.0	0.0	0.0	0.0	0.0	0.0	0.0	0.0	0.0	0.0	0.0	0.0	0.0	0.0	0.0	0.0	0.0	0.0	0.0	0.0	0.0	0.0	0.0	0.0	0.0	0.0	0.0	0.0	0.0	0.0	0.0	0.0	0.0	0.0	0.0	0.0	0.0	0.0	0.0	0.0	0.0	0.0	0.0	0.0	0.0	0.0	0.0	0.0	0.0	0.0	0.0	0.0	0.0	0.0	0.0	0.0	0.0	0.20287698412698413	0.0	0.9962406015037594	0.0	0.9989339019189766	0.0	0.9945504087193461	0.0	0.8246205733558178	0.0	0.5079902491874323	0.0	0.58	0.0	0.2531818181818182	0.0	0.6607142857142857	0.0	0.46185064935064934	0.0	0.322458071278826	0.0	0.045973557692307696	0.0	0.1706288343558282	0.0	0.0021712158808933004	0.0	0.0	0.0	0.009345794392523364	0.0	0.0	0.0	0.0	0.0	0.0	0.0	0.0	0.0	0.0	0.0	0.0	0.0	0.0	0.0	0.0	0.0	0.0	0.0	0.0	0.0	0.662534435261708	0.0	0.9253731343283582	0.0	0.003774680603948897	0.0	0.0	0.0	0.0005681818181818182	0.0	0.0	0.0	0.0	0.0	0.0	0.0	0.0	0.0	0.0	0.0	0.0	0.0	0.0	0.0	0.0	0.0	0.0	0.0	0.0	0.0	0.0	0.0	0.0	0.0	0.0	0.0	0.0	0.0	0.0	0.0	0.0	0.0	0.0	0.0	0.0	0.0	0.0	0.0	0.0	0.0	0.0	0.0	0.0	0.0	0.0	0.0	0.0	0.0	0.0	0.0	0.0	0.0	0.0	0.0	0.0	0.0	0.0	0.0	0.0	0.0	0.0	0.0	0.0	0.0	0.0	0.0	0.0	0.0	0.0	0.0	0.0	0.0	0.0	0.0	0.0	0.0	0.0	0.0	0.0	0.0	0.0	0.0	0.0	0.0	0.0	0.0	0.0	0.0	0.0	0.0	0.0	0.0	0.0	0.0	0.0	0.0	0.0	0.0	0.0	0.0	0.0	0.0	0.0	0.0	0.0	0.0	0.0	0.0	0.0	0.0	0.03833693304535637	0.0	0.0	0.0	0.0	0.0	0.0	0.0	0.0	0.0	0.0	0.0	0.0	0.0	0.0	0.0	0.0	0.0	0.0	0.0	0.0	0.0	0.0	0.0	0.0	0.0	0.0	0.0	0.2258254716981132	0.0	0.0625	0.0	0.0	0.0	0.04228486646884273	0.0	0.08522727272727272	0.0	0.1571327683615819	0.0	0.04405737704918033	0.0	0.0	0.0	0.010416666666666666	0.0	0.7609375	0.0	0.7688210227272727	0.0	0.0	0.0	0.05791284403669725	0.0	0.0	0.0	0.0	0.0	0.001388888888888889	0.0	0.0	0.0	0.0	0.0	0.0	0.0	0.0	0.0	57	80.6
sub-M2121	38112	0.0	0.0	0.0	0.0	0.0	0.0	0.0	0.0	0.0	0.0	0.0	0.0	0.0	0.0	0.0	0.0	0.06160394265232975	0.0	0.0	0.0	0.0	0.0	0.0	0.0	0.0	0.0	0.0	0.0	0.0	0.0	0.0	0.0	0.0	0.0	0.0	0.0	0.0	0.0	0.0	0.0	0.0	0.0	0.0	0.0	0.0	0.0	0.0	0.0	0.0	0.0	0.0	0.0	0.1486156351791531	0.0	0.0	0.0	0.0	0.0	0.0	0.0	0.04261363636363636	0.0	0.0	0.0	0.0	0.0	0.003633720930232558	0.0	0.2030938123752495	0.0	0.0	0.0	0.14563567362428842	0.0	0.2060512367491166	0.0	0.985655737704918	0.0	0.9761904761904762	0.0	0.5953557312252964	0.0	0.9672330097087378	0.0	0.7376436781609196	0.0	0.0	0.0	0.007716049382716049	0.0	0.0	0.0	0.2628504672897196	0.0	0.4147196261682243	0.0	0.7908878504672897	0.0	0.22937293729372937	0.0	0.5713955637707948	0.0	0.00025510204081632655	0.0	0.0	0.0	0.767578125	0.0	0.7975578406169666	0.0	0.579664914586071	0.0	0.415014164305949	0.0	0.0	0.0	0.0	0.0	0.0	0.0	0.0	0.0	0.0	0.0	0.0	0.0	0.0	0.0	0.0	0.0	0.0	0.0	0.0	0.0	0.0	0.0	0.0	0.0	0.0	0.0	0.0	0.0	0.0	0.0	0.0	0.0	0.0	0.0	0.0	0.0	0.0	0.0	0.0	0.0	0.0	0.0	0.0	0.0	0.0	0.0	0.0	0.0	0.0	0.0	0.0	0.0	0.0	0.0	0.0	0.0	0.0	0.0	0.0	0.0	0.0	0.0	0.0938818565400844	0.0	0.0	0.0	0.0	0.0	0.0	0.0	0.0	0.0	0.0	0.0	0.0	0.0	0.0	0.0	0.0	0.0	0.0	0.0	0.0	0.0	0.0	0.0	0.0	0.0	0.0	0.0	0.0	0.0	0.0	0.0	0.0	0.0	0.0	0.0	0.0	0.0	0.0	0.0	0.0	0.0	0.0	0.0	0.0	0.0	0.0	0.0	0.0	0.0	0.0	0.0	0.0	0.0	0.0	0.0	0.0	0.0	0.0	0.0	0.02882124352331606	0.0	0.07684824902723736	0.0	0.0	0.0	0.0	0.0	0.0	0.0	0.0	0.0	0.0	0.0	0.0	0.0	0.0	0.0	0.0	0.0	0.0	0.0	0.026358695652173914	0.0	0.01881377551020408	0.0	0.0	0.0	0.0	0.0	0.0	0.0	0.008960573476702509	0.0	0.04879182156133829	0.0	0.3765432098765432	0.0	0.46462264150943394	0.0	0.0031446540880503146	0.0	0.0	0.0	0.0006097560975609756	0.0	0.0	0.0	0.0	0.0	0.0	0.0	0.0	0.0	0.0	0.0	0.0	0.0	0.0	0.0	0.0	0.0	0.0	0.0	0.0	0.0	0.0	0.0	0.0	0.0	0.0	0.0	0.0	0.0	0.0	0.0	0.0	0.0	0.0	0.0	0.0	0.0	0.0	0.0	0.0	0.0	0.0	0.0	0.0	0.0	0.0	0.0	0.0	0.0	0.0	0.0	0.0	0.0	0.0	0.0	0.0	0.0	0.0	0.0	0.0	0.0	0.0	0.0	0.0	0.0	0.0	0.0	0.0	0.0	0.0	0.0	0.0	0.0	0.0	0.0	0.0	0.0	0.0	0.0	0.0	0.0	0.0	0.0	0.0	0.0	0.0	0.0	0.0	0.0	0.0	0.0	0.0	0.0	0.0	0.0	0.0	0.0	0.0	0.0	0.0	0.0	0.0	0.0	62	98.1
sub-M2122	183275	0.0	0.0	0.0	0.0	0.0	0.0	0.0	0.0	0.0	0.0	0.0	0.0	0.0	0.0	0.0	0.0	0.0	0.0	0.0	0.0	0.0	0.0	0.0	0.0	0.0	0.0	0.0	0.0	0.00042735042735042735	0.0	0.08781362007168458	0.0	0.5572148952676493	0.0	0.0	0.0	0.0	0.0	0.09752475247524753	0.0	0.8034722222222223	0.0	0.28388689407540396	0.0	0.21807553956834533	0.0	0.7566666666666667	0.0	0.0	0.0	0.1465	0.0	0.0	0.0	0.0	0.0	0.0	0.0	0.0017123287671232876	0.0	0.0	0.0	0.12103684661525278	0.0	0.0	0.0	0.0	0.0	0.0	0.0	0.34213917525773196	0.0	0.0	0.0	0.0	0.0	0.0	0.0	0.0	0.0	0.0	0.0	0.0	0.0	0.0	0.0	0.7002688172043011	0.0	0.6450617283950617	0.0	0.019583333333333335	0.0	0.058021806853582554	0.0	0.42990654205607476	0.0	0.0	0.0	0.7095709570957096	0.0	0.21765249537892792	0.0	0.2926020408163265	0.0	0.6663961038961039	0.0	0.0006510416666666666	0.0	0.0	0.0	0.005584756898817346	0.0	0.0	0.0	0.0	0.0	0.0	0.0	0.0	0.0	0.0	0.0	0.0	0.0	0.01881443298969072	0.0	0.2165041067761807	0.0	0.0	0.0	0.0	0.0	0.23286290322580644	0.0	0.5511111111111111	0.0	0.7858910891089109	0.0	0.09159779614325068	0.0	0.8183453237410072	0.0	0.46825916230366493	0.0	0.2951388888888889	0.0	0.9968671679197995	0.0	0.9744136460554371	0.0	0.9855245231607629	0.0	0.9943086003372681	0.0	0.8315276273022751	0.0	0.946923076923077	0.0	0.8661363636363636	0.0	0.9023809523809524	0.0	1.0	0.0	0.8713312368972747	0.0	0.8709435096153846	0.0	0.7120398773006135	0.0	0.9885235732009926	0.0	1.0	0.0	0.9688473520249221	0.0	0.9437412095639943	0.0	0.9721840659340659	0.0	0.9888059701492538	0.0	0.987312030075188	0.0	0.967741935483871	0.0	0.22580645161290322	0.0	0.8046502384737679	0.0	0.7165519877675841	0.0	0.7073170731707317	0.0	0.9981617647058824	0.0	0.7506887052341598	0.0	0.9713930348258707	0.0	0.9147793263646922	0.0	1.0	0.0	0.15738636363636363	0.0	0.0	0.0	0.0	0.0	0.0	0.0	0.0	0.0	0.0	0.0	0.0	0.0	0.0	0.0	0.0	0.0	0.0	0.0	0.0	0.0	0.0	0.0	0.0	0.0	0.0	0.0	0.0	0.0	0.0	0.0	0.0	0.0	0.0	0.0	0.0	0.0	0.0	0.0	0.0	0.0	0.0	0.0	0.0	0.0	0.0	0.0	0.0	0.0	0.0	0.0	0.0	0.0	0.0	0.0	0.0	0.0	0.0	0.0	0.0	0.0	0.0	0.0	0.0	0.0	0.0	0.0	0.0	0.0	0.0	0.0	0.0	0.0	0.0	0.0	0.0	0.0	0.0	0.0	0.0	0.0	0.0	0.0	0.0	0.0	0.0	0.0	0.0	0.0	0.0	0.0	0.0	0.0	0.0	0.0	0.0	0.0	0.0	0.0	0.0	0.0	0.0	0.0	0.0	0.0	0.0	0.0	0.0	0.0	0.0	0.0	0.29076673866090713	0.0	0.0	0.0	0.0	0.0	0.0	0.0	0.0	0.0	0.0	0.0	0.0	0.0	0.03751233958538993	0.0	0.0	0.0	0.027737752161383286	0.0	0.04994541484716157	0.0	0.028645833333333332	0.0	0.011851015801354402	0.0	0.0	0.0	0.3696933962264151	0.0	0.0	0.0	0.0	0.0	0.017062314540059347	0.0	0.0	0.0	0.006002824858757062	0.0	0.004098360655737705	0.0	0.0	0.0	0.09564393939393939	0.0	0.676953125	0.0	0.8556463068181818	0.0	0.0	0.0	0.0	0.0	0.0	0.0	0.0	0.0	0.0	0.0	0.0	0.0	0.0	0.0	0.0	0.0	0.0	0.0	61	5.0
sub-M2123	111572	0.0	0.0	0.0	0.0	0.0	0.0	0.0	0.0	0.0	0.0	0.02125984251968504	0.0	0.10281808035714286	0.0	0.42595108695652173	0.0	0.21550179211469533	0.0	0.06020220588235294	0.0	0.0014822134387351778	0.0	0.0	0.0	0.42685370741482964	0.0	0.3647959183673469	0.0	0.10405982905982906	0.0	0.7106854838709677	0.0	0.28733514352211015	0.0	0.0	0.0	0.0	0.0	0.010643564356435644	0.0	0.0	0.0	0.0	0.0	0.0	0.0	0.0	0.0	0.0	0.0	0.917	0.0	0.05415309446254072	0.0	0.0	0.0	0.7066218130311614	0.0	0.6875	0.0	0.0	0.0	0.6120394173093402	0.0	0.04406005221932115	0.0	0.019622093023255814	0.0	0.000249500998003992	0.0	0.6572164948453608	0.0	0.15725806451612903	0.0	0.14642226148409895	0.0	0.0	0.0	0.0	0.0	0.0	0.0	0.0	0.0	0.0	0.0	0.5403225806451613	0.0	0.47890946502057613	0.0	0.2075	0.0	0.0	0.0	0.0	0.0	0.0	0.0	0.0	0.0	0.0	0.0	0.0	0.0	0.0	0.0	0.0	0.0	0.0	0.0	0.0	0.0	0.0	0.0	0.0	0.0	0.0	0.0	0.0	0.0	0.0	0.0	0.0	0.0	0.0	0.0	0.0	0.0	0.0	0.0	0.0	0.0	0.0	0.0	0.0	0.0	0.0	0.0	0.0	0.0	0.0	0.0	0.0	0.0	0.0	0.0	0.1412907268170426	0.0	0.7657249466950959	0.0	0.8646117166212534	0.0	0.8391652613827993	0.0	0.7661159263271939	0.0	0.9734615384615385	0.0	0.899090909090909	0.0	0.4976190476190476	0.0	0.8372564935064936	0.0	0.21003668763102726	0.0	0.013671875	0.0	0.003450920245398773	0.0	0.004342431761786601	0.0	0.0009936406995230524	0.0	0.0	0.0	0.0	0.0	0.0	0.0	0.0	0.0	0.0	0.0	0.0	0.0	0.0	0.0	0.0	0.0	0.0	0.0	0.0	0.0	0.0	0.0	0.010674931129476584	0.0	0.498134328358209	0.0	0.0	0.0	0.0	0.0	0.0	0.0	0.0	0.0	0.0	0.0	0.0	0.0	0.0	0.0	0.0	0.0	0.0	0.0	0.0	0.0	0.0	0.0	0.0	0.0	0.0	0.0	0.0	0.0	0.003703703703703704	0.0	0.007133152173913043	0.0	0.0016025641025641025	0.0	0.0	0.0	0.0	0.0	0.0	0.0	0.0	0.0	0.0	0.0	0.0	0.0	0.0	0.0	0.0	0.0	0.0	0.0	0.0	0.0	0.0	0.0	0.0	0.0	0.0	0.0	0.0	0.0	0.0	0.0	0.0	0.0	0.0	0.0	0.0	0.0	0.0	0.0	0.0	0.0	0.0	0.0	0.0	0.0	0.0	0.0	0.0	0.0	0.0	0.0	0.0	0.0	0.0	0.0	0.0	0.0	0.0	0.0	0.0	0.0	0.0	0.0	0.0	0.0	0.0	0.0	0.0	0.0	0.0	0.0	0.0	0.0	0.0	0.0	0.0	0.0	0.0	0.0	0.0	0.0	0.0	0.0	0.0	0.0	0.0	0.0	0.0	0.0	0.0	0.0	0.0	0.0	0.0	0.0	0.0	0.0	0.0	0.0	0.0	0.0	0.0	0.0	0.0	0.0	0.0	0.0	0.0	0.0	0.0	0.0	0.03714622641509434	0.0	0.0	0.0	0.0	0.0	0.0	0.0	0.0	0.0	0.0	0.0	0.0020491803278688526	0.0	0.0	0.0	0.0	0.0	0.222265625	0.0	0.5161576704545454	0.0	0.0	0.0	0.0	0.0	0.0	0.0	0.0	0.0	0.0	0.0	0.0	0.0	0.0	0.0	0.0	0.0	0.0	0.0	67	46.2
sub-M2124	52741	0.0	0.0	0.3119169776119403	0.0	0.7039473684210527	0.0	0.0	0.0	0.0	0.0	0.0	0.0	0.13490513392857142	0.0	0.11231884057971014	0.0	0.3875448028673835	0.0	0.0	0.0	0.0	0.0	0.0	0.0	0.0	0.0	0.0	0.0	0.0	0.0	0.0	0.0	0.0	0.0	0.0	0.0	0.0	0.0	0.0	0.0	0.0	0.0	0.0	0.0	0.0	0.0	0.0	0.0	0.0	0.0	0.0	0.0	0.6237785016286646	0.0	0.625	0.0	0.0	0.0	0.0	0.0	0.07575757575757576	0.0	0.0	0.0	0.00293733681462141	0.0	0.19198158914728683	0.0	0.6766467065868264	0.0	0.0	0.0	0.6188330170777988	0.0	0.15878975265017667	0.0	0.07172131147540983	0.0	0.30952380952380953	0.0	0.04199604743083004	0.0	0.0	0.0	0.0	0.0	0.0	0.0	0.0	0.0	0.017083333333333332	0.0	0.0	0.0	0.0	0.0	0.0	0.0	0.0	0.0	0.0	0.0	0.0	0.0	0.0	0.0	0.0	0.0	0.0006426735218508997	0.0	0.0	0.0	0.0	0.0	0.0	0.0	0.0	0.0	0.0	0.0	0.0	0.0	0.0	0.0	0.0	0.0	0.0	0.0	0.0	0.0	0.0	0.0	0.0	0.0	0.0	0.0	0.0	0.0	0.0	0.0	0.0	0.0	0.0	0.0	0.0	0.0	0.0	0.0	0.0	0.0	0.0	0.0	0.0	0.0	0.0	0.0	0.0	0.0	0.0	0.0	0.0	0.0	0.0	0.0	0.0	0.0	0.0	0.0	0.0	0.0	0.0	0.0	0.0	0.0	0.0	0.0	0.0	0.0	0.0	0.0	0.0	0.0	0.0	0.0	0.0	0.0	0.0	0.0	0.0	0.0	0.0	0.0	0.0	0.0	0.0	0.0	0.0	0.0	0.0	0.0	0.0	0.0	0.0	0.0	0.0	0.0	0.07381889763779527	0.0	0.13336713995943206	0.0	0.6460396039603961	0.0	0.0	0.0	0.0	0.0	0.0	0.0	0.0	0.0	0.48653846153846153	0.0	0.8059701492537313	0.0	0.6339285714285714	0.0	0.35238486842105265	0.0	0.31203703703703706	0.0	0.3345788043478261	0.0	0.2538919413919414	0.0	0.0	0.0	0.0	0.0	0.05690661478599222	0.0	0.0	0.0	0.3606194690265487	0.0	0.0	0.0	0.0	0.0	0.0	0.0	0.0	0.0	0.0	0.0	0.0	0.0	0.08438818565400844	0.0	0.3233695652173913	0.0	0.17155612244897958	0.0	0.20594713656387664	0.0	0.0	0.0	0.0	0.0	0.0	0.0	0.0	0.0	0.0	0.0	0.0	0.0	0.0	0.0	0.0	0.0	0.0	0.0	0.0	0.0	0.0	0.0	0.0	0.0	0.0	0.0	0.0	0.0	0.0	0.0	0.0	0.0	0.0	0.0	0.0	0.0	0.0	0.0	0.0	0.0	0.0	0.0	0.0	0.0	0.0	0.0	0.0	0.0	0.0	0.0	0.0	0.0	0.0	0.0	0.0	0.0	0.0	0.0	0.0	0.0	0.0	0.0	0.0	0.0	0.0	0.0	0.0	0.0	0.0	0.0	0.0	0.0	0.0	0.0	0.0	0.0	0.0	0.0	0.0	0.0	0.0	0.0	0.05	0.0	0.020833333333333332	0.0	0.0	0.0	0.04734848484848485	0.0	0.006355932203389831	0.0	0.0010245901639344263	0.0	0.0	0.0	0.0	0.0	0.0	0.0	0.0	0.0	0.0	0.0	0.0	0.0	0.0	0.0	0.0	0.0	0.0	0.0	0.0	0.0	0.0	0.0	0.0	0.0	0.0	0.0	72	93.8
sub-M2125	2349	0.0	0.0	0.0	0.0	0.0	0.0	0.0	0.0	0.0	0.0	0.0	0.0	0.0	0.0	0.0	0.0	0.0	0.0	0.0	0.0	0.0	0.0	0.0	0.0	0.0	0.0	0.0	0.0	0.0	0.0	0.0	0.0	0.0	0.0	0.0	0.0	0.0	0.0	0.0	0.0	0.0	0.0	0.0	0.0	0.0	0.0	0.0	0.0	0.0	0.0	0.0	0.0	0.0	0.0	0.0	0.0	0.0	0.0	0.0	0.0	0.0	0.0	0.0	0.0	0.0	0.0	0.0	0.0	0.0	0.0	0.0	0.0	0.0	0.0	0.0	0.0	0.0	0.0	0.0	0.0	0.0	0.0	0.0	0.0	0.0	0.0	0.0	0.0	0.0	0.0	0.0	0.0	0.0	0.0	0.0	0.0	0.0	0.0	0.0	0.0	0.0	0.0	0.0	0.0	0.0	0.0	0.0	0.0	0.0	0.0	0.0	0.0	0.0	0.0	0.0	0.0	0.0	0.0	0.0	0.0	0.0	0.0	0.0	0.0	0.0	0.0	0.0	0.0	0.0	0.0	0.0	0.0	0.0	0.0	0.0	0.0	0.0	0.0	0.0	0.0	0.0	0.0	0.0	0.0	0.0	0.0	0.0	0.0	0.0	0.0	0.0	0.0	0.0	0.0	0.0	0.0	0.0	0.0	0.0	0.0	0.0	0.0	0.0	0.0	0.0	0.0	0.0	0.0	0.0	0.0	0.0	0.0	0.0	0.0	0.0	0.0	0.0	0.0	0.0	0.0	0.0	0.0	0.0	0.0	0.0	0.0	0.0	0.0	0.0	0.0	0.0	0.0	0.0	0.0	0.0	0.0	0.0	0.0	0.0	0.0	0.0	0.0	0.0	0.0	0.0	0.0	0.0	0.0	0.0	0.0	0.0	0.0	0.0	0.0	0.0	0.0	0.0	0.0	0.0	0.0	0.0	0.0	0.0	0.0	0.0	0.0	0.0	0.0	0.0	0.0	0.0	0.0	0.0	0.0	0.0	0.0	0.0	0.0	0.0	0.0	0.0	0.0	0.0	0.0	0.0	0.0	0.0	0.0	0.0	0.0	0.0	0.0	0.0	0.0	0.0	0.0	0.0	0.0	0.0	0.0	0.0	0.0	0.0	0.0	0.0	0.0	0.0	0.0	0.0	0.0	0.0	0.0	0.0	0.0	0.0	0.0	0.0	0.0	0.0	0.0	0.0	0.0	0.0	0.0	0.0	0.0	0.0	0.0	0.0	0.0	0.0	0.0	0.0	0.0	0.0	0.0	0.0	0.0	0.0	0.0	0.0	0.0	0.0	0.0	0.0	0.0	0.0	0.0	0.0	0.0	0.0	0.0	0.0	0.0	0.0	0.0	0.0	0.0	0.0	0.0	0.0	0.0	0.0	0.0	0.0	0.0	0.0	0.0	0.0	0.0	0.0	0.0	0.0	0.0	0.0	0.0	0.0	0.0	0.0	0.0	0.0	0.0	0.0	0.0	0.0	0.0	0.0	0.0	0.0	0.0	0.0	0.0	0.00946969696969697	0.0	0.0	0.0	0.06557377049180328	0.0	0.0	0.0	0.0	0.0	0.106640625	0.0	0.08167613636363637	0.0	0.0	0.0	0.0	0.0	0.0	0.0	0.0	0.0	0.0	0.0	0.0	0.0	0.0	0.0	0.0	0.0	0.0	0.0	53	99.2
sub-M2126	26810	0.0	0.0	0.0	0.0	0.06140350877192982	0.0	0.0	0.0	0.0	0.0	0.0	0.0	0.0	0.0	0.06929347826086957	0.0	0.7511200716845878	0.0	0.0	0.0	0.0	0.0	0.0	0.0	0.0	0.0	0.0	0.0	0.0	0.0	0.00044802867383512545	0.0	0.0	0.0	0.0	0.0	0.0	0.0	0.0	0.0	0.0	0.0	0.0	0.0	0.0	0.0	0.0	0.0	0.0	0.0	0.124	0.0	0.505700325732899	0.0	0.014925373134328358	0.0	0.32666430594900847	0.0	0.04708904109589041	0.0	0.2746212121212121	0.0	0.598114824335904	0.0	0.37597911227154046	0.0	0.03682170542635659	0.0	0.0	0.0	0.4896907216494845	0.0	0.0	0.0	0.007287985865724381	0.0	0.0	0.0	0.0	0.0	0.0	0.0	0.0	0.0	0.0	0.0	0.034050179211469536	0.0	0.0015432098765432098	0.0	0.02875	0.0	0.0	0.0	0.0	0.0	0.0	0.0	0.0	0.0	0.0	0.0	0.0	0.0	0.0	0.0	0.0	0.0	0.0	0.0	0.0	0.0	0.0	0.0	0.0	0.0	0.0	0.0	0.0	0.0	0.0	0.0	0.0	0.0	0.0	0.0	0.0	0.0	0.0	0.0	0.0	0.0	0.0	0.0	0.0	0.0	0.0	0.0	0.0	0.0	0.0	0.0	0.0	0.0	0.0	0.0	0.0	0.0	0.0	0.0	0.0008514986376021798	0.0	0.0027403035413153458	0.0	0.14666847237269773	0.0	0.4728846153846154	0.0	0.49363636363636365	0.0	0.060714285714285714	0.0	0.0	0.0	0.0005241090146750524	0.0	0.0	0.0	0.0	0.0	0.0	0.0	0.0	0.0	0.0	0.0	0.0	0.0	0.0	0.0	0.0	0.0	0.0	0.0	0.0	0.0	0.0	0.0	0.0	0.0	0.0	0.0	0.0	0.0	0.0	0.0	0.0	0.0	0.0	0.0	0.0	0.0	0.0	0.0	0.0	0.0	0.0	0.0	0.0	0.0	0.0	0.0	0.0	0.0	0.0	0.0	0.0	0.0	0.0	0.0	0.0	0.0	0.12453358208955224	0.0	0.09073359073359073	0.0	0.0	0.0	0.0	0.0	0.016304347826086956	0.0	0.0004578754578754579	0.0	0.0	0.0	0.0	0.0	0.0	0.0	0.0	0.0	0.0	0.0	0.0	0.0	0.0	0.0	0.0	0.0	0.0	0.0	0.0	0.0	0.0	0.0	0.0	0.0	0.0	0.0	0.0	0.0	0.0	0.0	0.0	0.0	0.0	0.0	0.0	0.0	0.0	0.0	0.0	0.0	0.0	0.0	0.0	0.0	0.0	0.0	0.0	0.0	0.0	0.0	0.0	0.0	0.0	0.0	0.0	0.0	0.0	0.0	0.0	0.0	0.0	0.0	0.0	0.0	0.0	0.0	0.0	0.0	0.0	0.0	0.0	0.0	0.0	0.0	0.0	0.0	0.0	0.0	0.0	0.0	0.0	0.0	0.0	0.0	0.0	0.0	0.0	0.0	0.0	0.0	0.0	0.0	0.0	0.0	0.0	0.0	0.0	0.0	0.0	0.0	0.0	0.0	0.0	0.0	0.0	0.0	0.0	0.0	0.0	0.0	0.0	0.0	0.0	0.0	0.0	0.0	0.0	0.0	0.0	0.0	0.0	0.0	0.0	0.0	0.0	0.0	0.0	0.0	0.0	0.0	0.011008522727272728	0.0	0.0	0.0	0.0	0.0	0.0	0.0	0.0	0.0	0.0	0.0	0.0	0.0	0.0	0.0	0.0	0.0	0.0	0.0	58	99.2
sub-M2127	226250	0.0	0.0	0.0	0.0	0.0	0.0	0.0	0.0	0.0	0.0	0.0	0.0	0.0	0.0	0.0	0.0	0.0	0.0	0.0	0.0	0.0	0.0	0.0	0.0	0.0	0.0	0.0	0.0	0.0	0.0	0.1448252688172043	0.0	0.009794414274631498	0.0	0.0	0.0	0.0	0.0	0.0	0.0	0.0	0.0	0.0	0.0	0.0	0.0	0.0	0.0	0.0	0.0	0.426	0.0	0.0	0.0	0.0	0.0	0.019475920679886686	0.0	0.02482876712328767	0.0	0.0	0.0	0.6944087403598972	0.0	0.5545039164490861	0.0	0.5635901162790697	0.0	0.2624750499001996	0.0	0.8311855670103093	0.0	0.9435483870967742	0.0	0.989178445229682	0.0	0.9651639344262295	0.0	0.7116402116402116	0.0	0.7055335968379447	0.0	0.9939320388349514	0.0	0.6505747126436782	0.0	0.9941756272401434	0.0	0.9526748971193416	0.0	0.7683333333333333	0.0	0.8360591900311527	0.0	1.0	0.0	0.919392523364486	0.0	0.9991749174917491	0.0	0.9870609981515711	0.0	0.977295918367347	0.0	0.9979707792207793	0.0	0.96484375	0.0	0.9775064267352185	0.0	0.9981931668856767	0.0	0.9695467422096318	0.0	0.8112244897959183	0.0	0.0	0.0	0.20154494382022473	0.0	0.4372829861111111	0.0	0.032758620689655175	0.0	0.8935567010309279	0.0	0.49884496919917864	0.0	0.21331521739130435	0.0	0.1432865731462926	0.0	0.9417842741935484	0.0	0.9272222222222222	0.0	0.9981435643564357	0.0	0.9483471074380165	0.0	0.7122302158273381	0.0	0.4545157068062827	0.0	0.006944444444444444	0.0	0.0021929824561403508	0.0	0.0	0.0	0.007833787465940054	0.0	0.7017284991568297	0.0	0.9753521126760564	0.0	0.2098076923076923	0.0	0.6820454545454545	0.0	0.8809523809523809	0.0	0.9971590909090909	0.0	0.9901729559748428	0.0	0.8043870192307693	0.0	0.0	0.0	0.6755583126550868	0.0	0.9986089030206677	0.0	1.0	0.0	1.0	0.0	0.7925824175824175	0.0	0.8964552238805971	0.0	0.9769736842105263	0.0	0.9916834677419355	0.0	0.07983870967741935	0.0	0.4429650238473768	0.0	0.3836009174311927	0.0	0.5615853658536586	0.0	0.9981617647058824	0.0	0.04269972451790634	0.0	0.23694029850746268	0.0	0.02424506387921022	0.0	0.0	0.0	0.0	0.0	0.0	0.0	0.0	0.0	0.0	0.0	0.0	0.0	0.0	0.0	0.0	0.0	0.0	0.0	0.0	0.0	0.0	0.0	0.0	0.0	0.0	0.0	0.0	0.0	0.0	0.0	0.0	0.0	0.0	0.0	0.09650259067357513	0.0	0.16342412451361868	0.0	0.0	0.0	0.0	0.0	0.0	0.0	0.0	0.0	0.0	0.0	0.0	0.0	0.0	0.0	0.0	0.0	0.0	0.0	0.0	0.0	0.0	0.0	0.0	0.0	0.12617096018735363	0.0	0.0	0.0	0.030913978494623656	0.0	0.15009293680297398	0.0	0.32021604938271603	0.0	0.008018867924528302	0.0	0.055031446540880505	0.0	0.0744047619047619	0.0	0.41036585365853656	0.0	0.0482409381663113	0.0	0.17692307692307693	0.0	0.07786016949152542	0.0	0.06462848297213622	0.0	0.22794117647058823	0.0	0.015536723163841809	0.0	0.0	0.0	0.0	0.0	0.05185185185185185	0.0	0.058426966292134834	0.0	0.04117170626349892	0.0	0.0	0.0	0.014134275618374558	0.0	0.0	0.0	0.0	0.0	0.0017857142857142857	0.0	0.0015527950310559005	0.0	0.004859611231101512	0.0	0.0017162471395881006	0.0	0.0	0.0	0.0	0.0	0.0	0.0	0.0	0.0	0.0	0.0	0.0011105626850937808	0.0	0.01761744966442953	0.0	0.0670028818443804	0.0	0.10534934497816593	0.0	0.03125	0.0	0.03357787810383747	0.0	0.014097744360902255	0.0	0.08844339622641509	0.0	0.0	0.0	0.0	0.0	0.0	0.0	0.0	0.0	0.0	0.0	0.0	0.0	0.0	0.0	0.0	0.0	0.015234375	0.0	0.43217329545454547	0.0	0.0	0.0	0.0	0.0	0.0	0.0	0.0	0.0	0.0	0.0	0.0	0.0	0.0	0.0	0.0	0.0	0.0	0.0	58	52.1
sub-M2129	264964	0.0	0.0	0.0	0.0	0.0	0.0	0.0	0.0	0.01181353767560664	0.0	0.057283464566929135	0.0	0.111328125	0.0	0.22282608695652173	0.0	0.2710573476702509	0.0	0.4264705882352941	0.0	0.15135046113306982	0.0	0.4785714285714286	0.0	0.5353206412825652	0.0	0.8397959183673469	0.0	0.4702991452991453	0.0	0.9630376344086021	0.0	0.5891194724592708	0.0	0.0	0.0	0.0	0.0	0.05148514851485148	0.0	0.003472222222222222	0.0	0.02715439856373429	0.0	0.0044964028776978415	0.0	0.14277777777777778	0.0	0.0	0.0	0.9935	0.0	0.07206840390879479	0.0	0.0	0.0	0.7138810198300283	0.0	0.863013698630137	0.0	0.0	0.0	0.867395029991431	0.0	0.6246736292428199	0.0	0.5383963178294574	0.0	0.4630738522954092	0.0	0.8247422680412371	0.0	0.974146110056926	0.0	0.9933745583038869	0.0	0.7459016393442623	0.0	0.453042328042328	0.0	0.5400197628458498	0.0	0.5436893203883495	0.0	0.0	0.0	0.9758064516129032	0.0	0.8775720164609053	0.0	0.8154166666666667	0.0	0.6172118380062306	0.0	0.7745327102803738	0.0	0.8060747663551402	0.0	0.6596534653465347	0.0	0.678373382624769	0.0	0.610204081632653	0.0	0.640422077922078	0.0	0.9401041666666666	0.0	0.952120822622108	0.0	0.866622864651774	0.0	0.5437322946175638	0.0	0.4642857142857143	0.0	0.0	0.0	0.0	0.0	0.001736111111111111	0.0	0.0	0.0	0.15077319587628865	0.0	0.09509753593429159	0.0	0.006114130434782609	0.0	0.07540080160320642	0.0	0.3125	0.0	0.24	0.0	0.29517326732673266	0.0	0.41012396694214875	0.0	0.0	0.0	0.0	0.0	0.03670634920634921	0.0	0.7891604010025063	0.0	1.0	0.0	0.9654291553133515	0.0	0.9019814502529511	0.0	1.0	0.0	0.9519230769230769	0.0	0.94	0.0	0.9119047619047619	0.0	0.9082792207792207	0.0	0.9557127882599581	0.0	0.5046574519230769	0.0	0.0	0.0	0.14081885856079404	0.0	0.44157392686804453	0.0	0.576518691588785	0.0	0.8076652601969058	0.0	0.004807692307692308	0.0	0.0	0.0	0.011278195488721804	0.0	0.13155241935483872	0.0	0.0	0.0	0.0	0.0	0.0	0.0	0.0	0.0	0.001838235294117647	0.0	0.21728650137741046	0.0	0.6847014925373134	0.0	0.0020325203252032522	0.0	0.0	0.0	0.0	0.0	0.0	0.0	0.0	0.0	0.0	0.0	0.0	0.0	0.0	0.0	0.0	0.0	0.0	0.0	0.0	0.0	0.0	0.0	0.0	0.0	0.0	0.0	0.0	0.0	0.0	0.0	0.0	0.0	0.10307835820895522	0.0	0.18652849740932642	0.0	0.10359922178988328	0.0	0.0	0.0	0.022492625368731565	0.0	0.0	0.0	0.0	0.0	0.0	0.0	0.0	0.0	0.0	0.0	0.0	0.0	0.002109704641350211	0.0	0.003260869565217391	0.0	0.0	0.0	0.0	0.0	0.05913348946135832	0.0	0.0	0.0	0.05353942652329749	0.0	0.05065055762081784	0.0	0.0	0.0	0.0	0.0	0.0	0.0	0.0	0.0	0.00426829268292683	0.0	0.010660980810234541	0.0	0.03653846153846154	0.0	0.0	0.0	0.10603715170278638	0.0	0.058823529411764705	0.0	0.0	0.0	0.0	0.0	0.0	0.0	0.035416666666666666	0.0	0.007303370786516854	0.0	0.0	0.0	0.006944444444444444	0.0	0.018992932862190812	0.0	0.017259414225941423	0.0	0.0	0.0	0.0	0.0	0.0	0.0	0.0064794816414686825	0.0	0.12957665903890161	0.0	0.0	0.0	0.0	0.0	0.0	0.0	0.0	0.0	0.0009689922480620155	0.0	0.0	0.0	0.0	0.0	0.0	0.0	0.0	0.0	0.0	0.0	0.0	0.0	0.0	0.0	0.22110849056603774	0.0	0.315625	0.0	0.5166666666666667	0.0	0.059718100890207716	0.0	0.5804924242424242	0.0	0.2457627118644068	0.0	0.5194672131147541	0.0	0.6099137931034483	0.0	0.04071969696969697	0.0	0.7306640625	0.0	0.8290127840909091	0.0	0.0	0.0	0.0	0.0	0.0	0.0	0.0	0.0	0.043055555555555555	0.0	0.04895833333333333	0.0	0.0	0.0	0.0	0.0	0.0	0.0	48	5.4
sub-M2131	423559	0.0	0.0	0.45627332089552236	0.0	1.0	0.0	0.0	0.0	0.16906130268199235	0.0	0.325	0.0	0.8469587053571429	0.0	0.9988677536231884	0.0	1.0	0.0	0.9195772058823529	0.0	0.413866930171278	0.0	0.9241071428571429	0.0	1.0	0.0	0.9918367346938776	0.0	0.9935897435897436	0.0	0.993391577060932	0.0	0.9326027928626842	0.0	0.0	0.0	0.27380952380952384	0.0	0.7522277227722772	0.0	0.2048611111111111	0.0	0.0011220825852782765	0.0	0.2715827338129496	0.0	0.4088888888888889	0.0	0.0	0.0	0.9935	0.0	1.0	0.0	1.0	0.0	0.9769830028328612	0.0	0.8698630136986302	0.0	0.9990530303030303	0.0	0.9137746358183376	0.0	0.9676892950391645	0.0	0.935077519379845	0.0	1.0	0.0	0.9001288659793815	0.0	0.9928842504743833	0.0	0.9975706713780919	0.0	1.0	0.0	1.0	0.0	0.9762845849802372	0.0	0.995752427184466	0.0	0.764367816091954	0.0	1.0	0.0	0.9994855967078189	0.0	0.8933333333333333	0.0	0.934190031152648	0.0	0.9976635514018691	0.0	0.9661214953271028	0.0	0.988036303630363	0.0	0.9540203327171903	0.0	0.8043367346938776	0.0	0.9618506493506493	0.0	0.9401041666666666	0.0	0.9996786632390745	0.0	0.9674770039421814	0.0	0.8601274787535411	0.0	0.548469387755102	0.0	0.0	0.0	0.0	0.0	0.0	0.0	0.0	0.0	0.0	0.0	0.0002566735112936345	0.0	0.0	0.0	0.0	0.0	0.3046875	0.0	0.21055555555555555	0.0	0.8657178217821783	0.0	0.30612947658402206	0.0	0.0341726618705036	0.0	0.0350130890052356	0.0	0.0	0.0	0.3659147869674185	0.0	0.9938699360341151	0.0	0.9753065395095368	0.0	0.6056070826306914	0.0	0.9975622968580715	0.0	0.9494230769230769	0.0	0.9904545454545455	0.0	0.9976190476190476	0.0	0.9143668831168831	0.0	0.9989517819706499	0.0	0.8381911057692307	0.0	0.0	0.0	0.16532258064516128	0.0	0.9860890302066773	0.0	1.0	0.0	1.0	0.0	0.2554945054945055	0.0	0.6944962686567164	0.0	0.9943609022556391	0.0	0.9851310483870968	0.0	0.001478494623655914	0.0	0.02901430842607313	0.0	0.2586009174311927	0.0	0.28262195121951217	0.0	0.9025735294117647	0.0	0.0	0.0	0.0	0.0	0.0	0.0	0.0	0.0	0.0	0.0	0.18405511811023623	0.0	0.09634888438133875	0.0	0.9249174917491749	0.0	0.0	0.0	0.0	0.0	0.0	0.0	0.0	0.0	0.9875	0.0	1.0	0.0	0.9708011583011583	0.0	0.7491776315789473	0.0	0.888425925925926	0.0	0.8838315217391305	0.0	0.9404761904761905	0.0	0.9067164179104478	0.0	0.8908678756476683	0.0	0.8604085603112841	0.0	0.09164733178654293	0.0	0.6906342182890856	0.0	0.056818181818181816	0.0	0.013059701492537313	0.0	0.4442488262910798	0.0	0.0	0.0	0.025735294117647058	0.0	0.0	0.0	0.8528481012658228	0.0	0.9660326086956522	0.0	0.9751275510204082	0.0	1.0	0.0	0.09953161592505855	0.0	0.0021551724137931034	0.0	0.25739247311827956	0.0	0.49395910780669144	0.0	0.6296296296296297	0.0	0.5688679245283019	0.0	0.21462264150943397	0.0	0.08258928571428571	0.0	0.05914634146341463	0.0	0.014392324093816631	0.0	0.3326923076923077	0.0	0.03072033898305085	0.0	0.06501547987616099	0.0	0.10294117647058823	0.0	0.002824858757062147	0.0	0.0	0.0	0.0	0.0	0.0030092592592592593	0.0	0.0	0.0	0.0	0.0	0.0	0.0	0.0	0.0	0.0	0.0	0.0	0.0	0.0	0.0	0.0	0.0	0.0	0.0	0.05091533180778032	0.0	0.0	0.0	0.0	0.0	0.0	0.0	0.0	0.0	0.0	0.0	0.0	0.0	0.0	0.0	0.04358789625360231	0.0	0.05458515283842795	0.0	0.0	0.0	0.0	0.0	0.0	0.0	0.02535377358490566	0.0	0.09375	0.0	0.25	0.0	0.25	0.0	0.22253787878787878	0.0	0.2708333333333333	0.0	0.13934426229508196	0.0	0.7392241379310345	0.0	0.5558712121212122	0.0	0.82421875	0.0	0.7878196022727273	0.0	0.0	0.0	0.09977064220183486	0.0	0.0	0.0	0.0	0.0	0.2845238095238095	0.0	0.03854166666666667	0.0	0.0	0.0	0.0	0.0	0.0004528985507246377	0.0	63	23.5
sub-M2134	56514	0.0	0.0	0.0	0.0	0.0	0.0	0.0	0.0	0.0	0.0	0.0	0.0	0.0	0.0	0.0	0.0	0.0	0.0	0.0	0.0	0.0	0.0	0.0	0.0	0.0	0.0	0.0	0.0	0.0	0.0	0.0	0.0	0.0	0.0	0.0	0.0	0.0	0.0	0.0	0.0	0.0	0.0	0.0	0.0	0.0	0.0	0.0	0.0	0.0	0.0	0.0	0.0	0.0	0.0	0.0	0.0	0.0	0.0	0.0	0.0	0.0	0.0	0.0	0.0	0.0	0.0	0.0	0.0	0.0	0.0	0.0	0.0	0.0	0.0	0.00044169611307420494	0.0	0.0	0.0	0.0	0.0	0.0	0.0	0.0	0.0	0.0	0.0	0.21057347670250895	0.0	0.0030864197530864196	0.0	0.0	0.0	0.0	0.0	0.029205607476635514	0.0	0.0	0.0	0.3193069306930693	0.0	0.011090573012939002	0.0	0.015561224489795918	0.0	0.288961038961039	0.0	0.043619791666666664	0.0	0.013817480719794344	0.0	0.09625492772667543	0.0	0.03647308781869688	0.0	0.0	0.0	0.0	0.0	0.0	0.0	0.0	0.0	0.0	0.0	0.0028350515463917525	0.0	0.03529260780287474	0.0	0.0	0.0	0.0	0.0	0.1350806451612903	0.0	0.23555555555555555	0.0	0.4876237623762376	0.0	0.0	0.0	0.0	0.0	0.000981675392670157	0.0	0.0	0.0	0.0	0.0	0.0	0.0	0.0069822888283378745	0.0	0.5035834738617201	0.0	0.20639219934994582	0.0	0.005	0.0	0.004090909090909091	0.0	0.35119047619047616	0.0	0.929788961038961	0.0	0.6607704402515723	0.0	0.7375300480769231	0.0	0.033358895705521474	0.0	0.875	0.0	0.9928457869634341	0.0	0.6582943925233645	0.0	0.5089662447257384	0.0	0.4684065934065934	0.0	0.24230410447761194	0.0	0.9624060150375939	0.0	0.8520665322580645	0.0	0.0	0.0	0.0	0.0	0.13073394495412843	0.0	0.12591463414634146	0.0	0.24080882352941177	0.0	0.011363636363636364	0.0	0.47885572139303484	0.0	0.0039198606271777	0.0	0.0	0.0	0.0	0.0	0.0	0.0	0.0	0.0	0.0	0.0	0.0	0.0	0.0	0.0	0.0	0.0	0.0	0.0	0.0	0.0	0.0	0.0	0.0	0.0	0.0	0.0	0.0	0.0	0.0	0.0	0.0	0.0	0.0	0.0	0.0	0.0	0.0	0.0	0.0	0.0	0.0	0.0	0.0	0.0	0.0	0.0	0.0	0.0	0.0	0.0	0.0	0.0	0.0	0.0	0.0	0.0	0.0	0.0	0.0	0.0	0.0	0.0	0.0	0.0	0.0	0.0	0.0	0.0	0.0	0.0	0.0	0.0	0.0	0.0	0.0	0.0	0.0	0.0	0.0	0.0	0.0	0.0	0.0	0.0	0.0	0.0	0.0	0.0	0.0	0.0	0.0	0.0	0.0	0.0	0.0	0.0	0.0	0.0	0.0	0.0	0.0	0.0	0.0	0.0	0.0	0.0	0.0	0.0	0.0	0.0	0.0	0.0	0.0	0.0	0.0	0.0	0.0	0.0	0.0	0.0	0.0	0.0	0.0	0.0	0.0	0.0	0.0	0.0	0.0	0.0	0.0	0.0	0.0	0.0	0.0	0.0	0.0	0.0	0.0	0.0	0.0	0.0	0.0	0.0	0.0	0.0	0.0	0.0	0.0	0.0	0.0	0.0	0.0	0.0	0.0	0.0	0.0	0.0	0.0	0.0	0.0	0.0	0.005504261363636364	0.0	0.0	0.0	0.0	0.0	0.0	0.0	0.0	0.0	0.0	0.0	0.0	0.0	0.0	0.0	0.0	0.0	0.0	0.0	42	61.3
sub-M2135	240098	0.0	0.0	0.0	0.0	0.0	0.0	0.035580524344569285	0.0	0.27298850574712646	0.0	0.2594488188976378	0.0	0.07505580357142858	0.0	0.09057971014492754	0.0	0.3286290322580645	0.0	0.7647058823529411	0.0	0.277832674571805	0.0	0.7705357142857143	0.0	0.15055110220440882	0.0	0.7673469387755102	0.0	0.7925213675213675	0.0	0.9790546594982079	0.0	0.9123351435221102	0.0	0.0	0.0	0.22380952380952382	0.0	0.5160891089108911	0.0	0.4527777777777778	0.0	0.28433572710951527	0.0	0.6839028776978417	0.0	0.9877777777777778	0.0	0.0	0.0	0.9885	0.0	0.5382736156351792	0.0	0.0	0.0	0.49805240793201133	0.0	0.8167808219178082	0.0	0.41761363636363635	0.0	0.8571122536418166	0.0	0.5404699738903395	0.0	0.18992248062015504	0.0	0.29790419161676646	0.0	0.8202319587628866	0.0	0.4414136622390892	0.0	0.8520318021201413	0.0	0.1680327868852459	0.0	0.021164021164021163	0.0	0.0	0.0	0.023058252427184466	0.0	0.0	0.0	0.9090501792114696	0.0	0.8240740740740741	0.0	0.7025	0.0	0.3711059190031153	0.0	0.38317757009345793	0.0	0.05957943925233645	0.0	0.15965346534653466	0.0	0.021256931608133085	0.0	0.0005102040816326531	0.0	0.002435064935064935	0.0	0.0	0.0	0.4926092544987147	0.0	0.009362680683311432	0.0	0.04284702549575071	0.0	0.0	0.0	0.0	0.0	0.0	0.0	0.0	0.0	0.0	0.0	0.0	0.0	0.0	0.0	0.0	0.0	0.0	0.0	0.0	0.0	0.0	0.0	0.0	0.0	0.0	0.0	0.0	0.0	0.0	0.0	0.14781746031746032	0.0	0.9586466165413534	0.0	1.0	0.0	0.989100817438692	0.0	0.9997892074198989	0.0	1.0	0.0	0.9778846153846154	0.0	0.9668181818181818	0.0	0.9916666666666667	0.0	1.0	0.0	0.8870545073375262	0.0	0.4012920673076923	0.0	0.18903374233128833	0.0	0.6947890818858561	0.0	0.34558823529411764	0.0	0.10027258566978194	0.0	0.20991561181434598	0.0	0.08035714285714286	0.0	0.04151119402985075	0.0	0.27960526315789475	0.0	0.003276209677419355	0.0	0.04260752688172043	0.0	0.07094594594594594	0.0	0.0028669724770642203	0.0	0.0003048780487804878	0.0	0.0	0.0	0.5168732782369146	0.0	0.8899253731343284	0.0	0.13908246225319396	0.0	0.6168478260869565	0.0	0.017045454545454544	0.0	0.028543307086614175	0.0	0.0002535496957403651	0.0	0.0	0.0	0.03794227188081937	0.0	0.0018867924528301887	0.0	0.0	0.0	0.0	0.0	0.0	0.0	0.0	0.0	0.0	0.0	0.004523026315789474	0.0	0.0032407407407407406	0.0	0.011209239130434782	0.0	0.008241758241758242	0.0	0.11800373134328358	0.0	0.07707253886010362	0.0	0.07149805447470817	0.0	0.029002320185614848	0.0	0.03023598820058997	0.0	0.0	0.0	0.0	0.0	0.0	0.0	0.0	0.0	0.0	0.0	0.0	0.0	0.022151898734177215	0.0	0.005706521739130435	0.0	0.0	0.0	0.0	0.0	0.0	0.0	0.0	0.0	0.00246415770609319	0.0	0.0	0.0	0.0	0.0	0.0	0.0	0.0	0.0	0.0	0.0	0.0	0.0	0.0	0.0	0.0	0.0	0.0	0.0	0.0	0.0	0.0	0.0	0.0	0.0	0.0	0.0	0.0	0.0	0.0	0.0	0.0	0.0	0.0	0.0	0.0	0.0	0.0	0.0	0.0	0.0	0.0	0.0	0.0	0.0	0.0	0.0	0.25647948164146867	0.0	0.03747139588100686	0.0	0.0	0.0	0.0	0.0	0.0	0.0	0.0	0.0	0.0	0.0	0.06700394866732477	0.0	0.0016778523489932886	0.0	0.005763688760806916	0.0	0.0002729257641921397	0.0	0.0	0.0	0.0	0.0	0.0	0.0	0.6255896226415094	0.0	0.10625	0.0	0.17083333333333334	0.0	0.3939169139465875	0.0	0.10132575757575757	0.0	0.24258474576271186	0.0	0.06352459016393443	0.0	0.008620689655172414	0.0	0.7462121212121212	0.0	0.9623046875	0.0	0.9891690340909091	0.0	0.030864197530864196	0.0	0.2356651376146789	0.0	0.0	0.0	0.005747126436781609	0.0	0.41964285714285715	0.0	0.0	0.0	0.0	0.0	0.0	0.0	0.0022644927536231885	0.0	60	15.2
sub-M2136	115517	0.0	0.0	0.0	0.0	0.0	0.0	0.0	0.0	0.0	0.0	0.0	0.0	0.0	0.0	0.0	0.0	0.0	0.0	0.0	0.0	0.0	0.0	0.0	0.0	0.0	0.0	0.0	0.0	0.0	0.0	0.05824372759856631	0.0	0.15060124127230412	0.0	0.0	0.0	0.0	0.0	0.0	0.0	0.0	0.0	0.0	0.0	0.0	0.0	0.0	0.0	0.0	0.0	0.6485	0.0	0.0	0.0	0.0	0.0	0.0	0.0	0.4023972602739726	0.0	0.0	0.0	0.417630676949443	0.0	0.015665796344647518	0.0	0.00811531007751938	0.0	0.004116766467065869	0.0	0.7274484536082474	0.0	0.2409867172675522	0.0	0.45627208480565373	0.0	0.014344262295081968	0.0	0.0	0.0	0.0	0.0	0.03398058252427184	0.0	0.0	0.0	0.9059139784946236	0.0	0.7011316872427984	0.0	0.41333333333333333	0.0	0.4809190031152648	0.0	0.7079439252336449	0.0	0.5023364485981309	0.0	0.7083333333333334	0.0	0.6314695009242144	0.0	0.4760204081632653	0.0	0.533685064935065	0.0	0.5813802083333334	0.0	0.24389460154241646	0.0	0.5752299605781866	0.0	0.2671742209631728	0.0	0.0	0.0	0.0	0.0	0.0	0.0	0.015407986111111112	0.0	0.0	0.0	0.08788659793814432	0.0	0.14155544147843943	0.0	0.0	0.0	0.0	0.0	0.25151209677419356	0.0	0.5355555555555556	0.0	0.8025990099009901	0.0	0.10365013774104684	0.0	0.12140287769784172	0.0	0.22905759162303665	0.0	0.0	0.0	0.0	0.0	0.002931769722814499	0.0	0.05756130790190736	0.0	0.0	0.0	0.7047670639219935	0.0	0.5028846153846154	0.0	0.6920454545454545	0.0	0.25	0.0	0.0	0.0	0.6834381551362684	0.0	0.212890625	0.0	0.0	0.0	0.0	0.0	0.34737678855325915	0.0	0.7112538940809969	0.0	0.8623417721518988	0.0	0.0	0.0	0.005130597014925373	0.0	0.1475563909774436	0.0	0.7560483870967742	0.0	0.0	0.0	0.0	0.0	0.09097859327217125	0.0	0.21158536585365853	0.0	0.9669117647058824	0.0	0.0	0.0	0.0	0.0	0.0	0.0	0.0	0.0	0.0	0.0	0.0	0.0	0.0	0.0	0.0	0.0	0.0	0.0	0.0	0.0	0.0	0.0	0.0	0.0	0.0	0.0	0.0	0.0	0.0	0.0	0.0	0.0	0.0	0.0	0.0	0.0	0.0	0.0	0.0	0.0	0.0	0.0	0.0	0.0	0.0	0.0	0.0	0.0	0.0	0.0	0.0	0.0	0.0	0.0	0.0	0.0	0.0	0.0	0.0	0.0	0.0	0.0	0.0	0.0	0.0	0.0	0.0	0.0	0.018149882903981264	0.0	0.0	0.0	0.0	0.0	0.0	0.0	0.0	0.0	0.0	0.0	0.0	0.0	0.0	0.0	0.0	0.0	0.0	0.0	0.020192307692307693	0.0	0.0	0.0	0.0	0.0	0.0	0.0	0.0	0.0	0.0	0.0	0.0	0.0	0.0	0.0	0.0	0.0	0.0	0.0	0.0	0.0	0.0	0.0	0.0	0.0	0.0	0.0	0.0	0.0	0.0	0.0	0.0	0.0	0.0	0.0	0.0	0.0	0.0	0.0	0.0	0.0	0.0	0.0	0.0	0.0	0.0	0.0	0.0	0.0	0.0	0.0	0.04066593886462882	0.0	0.03125	0.0	0.0056433408577878106	0.0	0.0	0.0	0.0	0.0	0.0	0.0	0.0	0.0	0.0	0.0	0.054924242424242424	0.0	0.0	0.0	0.0471311475409836	0.0	0.09482758620689655	0.0	0.0	0.0	0.00234375	0.0	0.024680397727272728	0.0	0.0	0.0	0.0	0.0	0.0	0.0	0.0	0.0	0.0	0.0	0.0	0.0	0.0	0.0	0.0	0.0	0.0	0.0	69	28.6
sub-M2137	211826	0.0	0.0	0.0	0.0	0.0	0.0	0.0	0.0	0.010217113665389528	0.0	0.10236220472440945	0.0	0.008370535714285714	0.0	0.005208333333333333	0.0	0.09565412186379928	0.0	0.08685661764705882	0.0	0.0983201581027668	0.0	0.09196428571428572	0.0	0.07014028056112225	0.0	0.19438775510204082	0.0	0.08098290598290599	0.0	0.41330645161290325	0.0	0.10318076027928627	0.0	0.0	0.0	0.0	0.0	0.0	0.0	0.005555555555555556	0.0	0.004263913824057451	0.0	0.1677158273381295	0.0	0.21	0.0	0.0	0.0	0.704	0.0	0.028501628664495113	0.0	0.0	0.0	0.14872521246458922	0.0	0.3458904109589041	0.0	0.0	0.0	0.6799485861182519	0.0	0.3116840731070496	0.0	0.05184108527131783	0.0	0.0014970059880239522	0.0	0.7287371134020618	0.0	0.3382352941176471	0.0	0.8891342756183745	0.0	0.10040983606557377	0.0	0.0	0.0	0.0	0.0	0.23483009708737865	0.0	0.017241379310344827	0.0	0.8405017921146953	0.0	0.8040123456790124	0.0	0.7229166666666667	0.0	0.6939252336448598	0.0	0.7757009345794392	0.0	0.8995327102803738	0.0	0.7124587458745875	0.0	0.7982902033271719	0.0	0.610204081632653	0.0	0.6566558441558441	0.0	0.7747395833333334	0.0	0.7419665809768637	0.0	0.7370236530880421	0.0	0.5883498583569405	0.0	0.4770408163265306	0.0	0.0	0.0	0.0	0.0	0.0	0.0	0.0	0.0	0.0	0.0	0.0	0.0	0.0	0.0	0.0	0.0	0.1310483870967742	0.0	0.012777777777777779	0.0	0.1751237623762376	0.0	0.2028236914600551	0.0	0.0	0.0	0.014725130890052356	0.0	0.02628968253968254	0.0	0.33145363408521306	0.0	0.7857142857142857	0.0	0.5587534059945504	0.0	0.7464165261382799	0.0	0.8263813651137595	0.0	0.6925	0.0	0.6204545454545455	0.0	0.07023809523809524	0.0	0.726461038961039	0.0	0.482311320754717	0.0	0.38611778846153844	0.0	0.14762269938650308	0.0	0.5719602977667494	0.0	0.5455087440381559	0.0	0.42095015576323985	0.0	0.8739451476793249	0.0	0.0831043956043956	0.0	0.020522388059701493	0.0	0.18233082706766918	0.0	0.3709677419354839	0.0	0.1060483870967742	0.0	0.08286963434022257	0.0	0.008600917431192661	0.0	0.0125	0.0	0.44669117647058826	0.0	0.550275482093664	0.0	0.32338308457711445	0.0	0.27119628339140534	0.0	0.6413043478260869	0.0	0.0737215909090909	0.0	0.0	0.0	0.0	0.0	0.0	0.0	0.0	0.0	0.0	0.0	0.0	0.0	0.0	0.0	0.0	0.0	0.0	0.0	0.0	0.0	0.03741776315789474	0.0	0.022685185185185187	0.0	0.029211956521739132	0.0	0.0018315018315018315	0.0	0.03731343283582089	0.0	0.12856217616580312	0.0	0.0	0.0	0.0	0.0	0.0	0.0	0.0	0.0	0.0	0.0	0.0035211267605633804	0.0	0.0	0.0	0.0	0.0	0.0	0.0	0.0	0.0	0.0	0.0	0.0	0.0	0.0	0.0	0.19818501170960187	0.0	0.0021551724137931034	0.0	0.0961021505376344	0.0	0.03578066914498141	0.0	0.0	0.0	0.0	0.0	0.009433962264150943	0.0	0.00818452380952381	0.0	0.0	0.0	0.020522388059701493	0.0	0.2798076923076923	0.0	0.005296610169491525	0.0	0.01780185758513932	0.0	0.11764705882352941	0.0	0.0014124293785310734	0.0	0.0	0.0	0.0	0.0	0.05138888888888889	0.0	0.0016853932584269663	0.0	0.0	0.0	0.0	0.0	0.0	0.0	0.0	0.0	0.0	0.0	0.0	0.0	0.0	0.0	0.3282937365010799	0.0	0.27431350114416475	0.0	0.0	0.0	0.012917933130699088	0.0	0.0	0.0	0.0	0.0	0.14534883720930233	0.0	0.22791214215202368	0.0	0.02936241610738255	0.0	0.04863112391930836	0.0	0.05922489082969432	0.0	0.010416666666666666	0.0	0.004796839729119639	0.0	0.0	0.0	0.36851415094339623	0.0	0.10625	0.0	0.15833333333333333	0.0	0.13761127596439168	0.0	0.25757575757575757	0.0	0.052259887005649715	0.0	0.21106557377049182	0.0	0.23922413793103448	0.0	0.3210227272727273	0.0	0.761328125	0.0	0.8616832386363636	0.0	0.0	0.0	0.0	0.0	0.0	0.0	0.0	0.0	0.0001984126984126984	0.0	0.0	0.0	0.0	0.0	0.0	0.0	0.0	0.0	56	20.0
sub-M2138	112532	0.0	0.0	0.0	0.0	0.0	0.0	0.0	0.0	0.031768837803320564	0.0	0.23326771653543307	0.0	0.1044921875	0.0	0.21105072463768115	0.0	0.162410394265233	0.0	0.13694852941176472	0.0	0.05961791831357049	0.0	0.2580357142857143	0.0	0.05385771543086172	0.0	0.29489795918367345	0.0	0.4341880341880342	0.0	0.49899193548387094	0.0	0.9007951900698216	0.0	0.0	0.0	0.09047619047619047	0.0	0.22277227722772278	0.0	0.4618055555555556	0.0	0.21252244165170556	0.0	0.4316546762589928	0.0	0.8633333333333333	0.0	0.0	0.0	0.23	0.0	0.01506514657980456	0.0	0.0	0.0	0.12446883852691218	0.0	0.2645547945205479	0.0	0.0	0.0	0.08140531276778064	0.0	0.008159268929503917	0.0	0.0	0.0	0.0	0.0	0.028350515463917526	0.0	0.006878557874762809	0.0	0.03842756183745583	0.0	0.0	0.0	0.0	0.0	0.0	0.0	0.0	0.0	0.0	0.0	0.0	0.0	0.0	0.0	0.0	0.0	0.0	0.0	0.0	0.0	0.0	0.0	0.0	0.0	0.0	0.0	0.0	0.0	0.0	0.0	0.0	0.0	0.0	0.0	0.0	0.0	0.0	0.0	0.0	0.0	0.0	0.0	0.0	0.0	0.0	0.0	0.0	0.0	0.0	0.0	0.0	0.0	0.0	0.0	0.0	0.0	0.0	0.0	0.0	0.0	0.0	0.0	0.0	0.0	0.0	0.0	0.0	0.0	0.14384920634920634	0.0	0.8098370927318296	0.0	1.0	0.0	0.9572547683923706	0.0	0.15872681281618886	0.0	0.0452329360780065	0.0	0.6148076923076923	0.0	0.2934090909090909	0.0	0.016666666666666666	0.0	0.0	0.0	0.0	0.0	0.0	0.0	0.014187116564417178	0.0	0.0	0.0	0.0	0.0	0.0	0.0	0.0	0.0	0.0	0.0	0.0	0.0	0.0	0.0	0.0	0.0	0.0	0.0	0.0	0.0	0.0	0.0	0.0	0.0	0.0	0.0	0.02100550964187328	0.0	0.023009950248756218	0.0	0.0	0.0	0.0	0.0	0.0	0.0	0.0	0.0	0.0	0.0	0.0	0.0	0.0	0.0	0.0	0.0	0.0	0.0	0.0	0.0	0.0	0.0	0.0	0.0	0.0	0.0	0.109375	0.0	0.07962962962962963	0.0	0.059782608695652176	0.0	0.0004578754578754579	0.0	0.0	0.0	0.0	0.0	0.0	0.0	0.0	0.0	0.022861356932153392	0.0	0.0	0.0	0.0	0.0	0.0	0.0	0.0	0.0	0.0	0.0	0.0	0.0	0.0	0.0	0.0	0.0	0.0	0.0	0.0	0.0	0.0	0.0	0.0	0.0	0.0	0.0	0.0	0.0	0.0	0.0	0.0	0.0	0.0	0.0	0.0	0.0	0.0	0.0	0.0	0.0	0.0	0.0	0.0	0.0	0.0	0.0	0.0	0.0	0.0	0.0	0.0	0.0	0.0	0.0	0.0	0.0	0.0	0.0	0.0	0.0	0.0	0.0	0.0	0.0	0.0	0.0	0.0	0.0	0.0	0.0	0.0	0.0	0.05534557235421166	0.0	0.0	0.0	0.0	0.0	0.0	0.0	0.0	0.0	0.0	0.0	0.0	0.0	0.0	0.0	0.0	0.0	0.0	0.0	0.0	0.0	0.0	0.0	0.0	0.0	0.0	0.0	0.41509433962264153	0.0	0.275	0.0	0.55	0.0	0.18991097922848665	0.0	0.4981060606060606	0.0	0.0635593220338983	0.0	0.4713114754098361	0.0	0.36853448275862066	0.0	0.05587121212121212	0.0	0.7388671875	0.0	0.7434303977272727	0.0	0.0	0.0	0.0	0.0	0.0	0.0	0.0	0.0	0.0	0.0	0.0	0.0	0.0	0.0	0.0	0.0	0.0	0.0	49	74.3
sub-M2139	40633	0.0	0.0	0.0	0.0	0.0	0.0	0.0	0.0	0.0	0.0	0.0	0.0	0.0	0.0	0.0	0.0	0.0	0.0	0.0	0.0	0.0	0.0	0.0	0.0	0.0	0.0	0.0	0.0	0.0	0.0	0.0	0.0	0.0	0.0	0.0	0.0	0.0	0.0	0.0	0.0	0.0	0.0	0.0	0.0	0.0	0.0	0.0	0.0	0.0	0.0	0.0	0.0	0.0	0.0	0.0	0.0	0.0	0.0	0.0	0.0	0.0	0.0	0.001392459297343616	0.0	0.0	0.0	0.0	0.0	0.0	0.0	0.0	0.0	0.0	0.0	0.0	0.0	0.0	0.0	0.0	0.0	0.0	0.0	0.0	0.0	0.0	0.0	0.008512544802867384	0.0	0.0	0.0	0.0	0.0	0.0	0.0	0.0	0.0	0.0	0.0	0.0	0.0	0.0	0.0	0.0	0.0	0.0	0.0	0.0	0.0	0.0	0.0	0.0	0.0	0.0	0.0	0.0	0.0	0.0	0.0	0.0	0.0	0.0	0.0	0.0	0.0	0.0	0.0	0.0	0.0	0.0	0.0	0.0	0.0	0.0	0.0	0.0	0.0	0.0	0.0	0.0	0.0	0.0	0.0	0.0	0.0	0.01488095238095238	0.0	0.006892230576441102	0.0	0.0	0.0	0.005279291553133515	0.0	0.42706576728499157	0.0	0.6749729144095341	0.0	0.16576923076923078	0.0	0.4863636363636364	0.0	0.0	0.0	0.609172077922078	0.0	0.28105345911949686	0.0	0.039212740384615384	0.0	0.0	0.0	0.02326302729528536	0.0	0.006160572337042925	0.0	0.0	0.0	0.0	0.0	0.0	0.0	0.0	0.0	0.0	0.0	0.0	0.0	0.0	0.0	0.0	0.0	0.0	0.0	0.0	0.0	0.0	0.0	0.001721763085399449	0.0	0.021144278606965175	0.0	0.0	0.0	0.0	0.0	0.0	0.0	0.0	0.0	0.0	0.0	0.0	0.0	0.0	0.0	0.0	0.0	0.0	0.0	0.0	0.0	0.0	0.0	0.0	0.0	0.0	0.0	0.0	0.0	0.0	0.0	0.0	0.0	0.0	0.0	0.0	0.0	0.0	0.0	0.0	0.0	0.0	0.0	0.0	0.0	0.0	0.0	0.0	0.0	0.0	0.0	0.0	0.0	0.0	0.0	0.0	0.0	0.0	0.0	0.0	0.0	0.0	0.0	0.0	0.0	0.0	0.0	0.0	0.0	0.0	0.0	0.0	0.0	0.0	0.0	0.0	0.0	0.0	0.0	0.0	0.0	0.0	0.0	0.0	0.0	0.0	0.0	0.0	0.0	0.0	0.0	0.0	0.0	0.0	0.0	0.0	0.0	0.0	0.0	0.0	0.0	0.0	0.0	0.0	0.0	0.0	0.0	0.0	0.0	0.0	0.0	0.0	0.0	0.0	0.0	0.0	0.0	0.0	0.0	0.0	0.0	0.0	0.0	0.0	0.0	0.0	0.0	0.0	0.0	0.0	0.0	0.0	0.0	0.0	0.0	0.0	0.0	0.0	0.0	0.0	0.0	0.0	0.0	0.0	0.0	0.2028301886792453	0.0	0.0	0.0	0.0	0.0	0.0	0.0	0.3939393939393939	0.0	0.1730225988700565	0.0	0.6116803278688525	0.0	0.5668103448275862	0.0	0.004734848484848485	0.0	0.642578125	0.0	0.6974431818181818	0.0	0.0	0.0	0.25344036697247707	0.0	0.0	0.0	0.0	0.0	0.05277777777777778	0.0	0.0020833333333333333	0.0	0.0	0.0	0.0	0.0	0.0	0.0	60	85.8
sub-M2140	194073	0.0	0.0	0.0	0.0	0.0	0.0	0.0	0.0	0.0	0.0	0.0	0.0	0.0	0.0	0.0	0.0	0.0	0.0	0.0	0.0	0.0	0.0	0.0	0.0	0.0	0.0	0.0	0.0	0.0	0.0	0.030689964157706095	0.0	0.10880527540729247	0.0	0.0	0.0	0.0	0.0	0.0	0.0	0.019444444444444445	0.0	0.0	0.0	0.0	0.0	0.0	0.0	0.0	0.0	0.215	0.0	0.0	0.0	0.0	0.0	0.0	0.0	0.005136986301369863	0.0	0.0	0.0	0.2185089974293059	0.0	0.0489556135770235	0.0	0.0	0.0	0.0	0.0	0.12693298969072164	0.0	0.0007115749525616698	0.0	0.11351590106007067	0.0	0.0	0.0	0.0	0.0	0.0	0.0	0.0	0.0	0.0	0.0	1.0	0.0	0.9547325102880658	0.0	0.17375	0.0	0.5506230529595015	0.0	0.9836448598130841	0.0	0.13200934579439252	0.0	0.8572607260726073	0.0	0.08479667282809612	0.0	0.18622448979591838	0.0	0.682224025974026	0.0	0.06705729166666667	0.0	0.08708226221079692	0.0	0.05059132720105125	0.0	0.06568696883852691	0.0	0.03571428571428571	0.0	0.0	0.0	0.0	0.0	0.0	0.0	0.0	0.0	0.0	0.0	0.0	0.0	0.0	0.0	0.0	0.0	0.12172379032258064	0.0	0.0	0.0	0.599009900990099	0.0	0.15495867768595042	0.0	0.06384892086330936	0.0	0.021596858638743454	0.0	0.34226190476190477	0.0	0.1638471177944862	0.0	0.2537313432835821	0.0	0.7826975476839237	0.0	0.9510961214165261	0.0	1.0	0.0	0.9438461538461539	0.0	0.9947727272727273	0.0	1.0	0.0	1.0	0.0	1.0	0.0	1.0	0.0	0.9033742331288344	0.0	1.0	0.0	1.0	0.0	1.0	0.0	0.9138537271448663	0.0	0.9838598901098901	0.0	0.8134328358208955	0.0	0.9981203007518797	0.0	0.9672379032258065	0.0	0.19059139784946236	0.0	0.31717011128775835	0.0	0.2106269113149847	0.0	0.19847560975609757	0.0	0.9558823529411765	0.0	0.8130165289256198	0.0	0.9148009950248757	0.0	0.8903890824622532	0.0	1.0	0.0	0.5333806818181818	0.0	0.0	0.0	0.0	0.0	0.0	0.0	0.0	0.0	0.0	0.0	0.0	0.0	0.0	0.0	0.0	0.0	0.0	0.0	0.0	0.0	0.0	0.0	0.0	0.0	0.0	0.0	0.0	0.0	0.0	0.0	0.0	0.0	0.0	0.0	0.0	0.0	0.0	0.0	0.0	0.0	0.0	0.0	0.0	0.0	0.0	0.0	0.0	0.0	0.0	0.0	0.0	0.0	0.0	0.0	0.0	0.0	0.0	0.0	0.0	0.0	0.0	0.0	0.0	0.0	0.0	0.0	0.0	0.0	0.0	0.0	0.0	0.0	0.0	0.0	0.0	0.0	0.005597014925373134	0.0	0.0	0.0	0.0	0.0	0.0	0.0	0.0	0.0	0.0	0.0	0.0	0.0	0.0	0.0	0.0	0.0	0.0	0.0	0.0	0.0	0.047839506172839504	0.0	0.00044169611307420494	0.0	0.0005230125523012552	0.0	0.0	0.0	0.0	0.0	0.0	0.0	0.6015118790496761	0.0	0.36670480549199086	0.0	0.237012987012987	0.0	0.0	0.0	0.0	0.0	0.005791505791505791	0.0	0.05555555555555555	0.0	0.15165350444225073	0.0	0.030201342281879196	0.0	0.0446685878962536	0.0	0.060043668122270744	0.0	0.0	0.0	0.0	0.0	0.0	0.0	0.4074292452830189	0.0	0.03125	0.0	0.0	0.0	0.0	0.0	0.19696969696969696	0.0	0.13453389830508475	0.0	0.36885245901639346	0.0	0.18318965517241378	0.0	0.35890151515151514	0.0	0.4865234375	0.0	0.87890625	0.0	0.0	0.0	0.03841743119266055	0.0	0.0	0.0	0.0	0.0	0.02003968253968254	0.0	0.0	0.0	0.0	0.0	0.0	0.0	0.0	0.0	61	27.2
sub-M2141	167	0.0	0.0	0.0	0.0	0.0	0.0	0.0	0.0	0.0	0.0	0.0	0.0	0.0	0.0	0.0	0.0	0.0	0.0	0.0	0.0	0.0	0.0	0.0	0.0	0.0	0.0	0.0	0.0	0.0	0.0	0.0	0.0	0.0	0.0	0.0	0.0	0.0	0.0	0.0	0.0	0.0	0.0	0.0	0.0	0.0	0.0	0.0	0.0	0.0	0.0	0.0	0.0	0.0	0.0	0.0	0.0	0.0	0.0	0.0	0.0	0.0	0.0	0.0	0.0	0.0	0.0	0.0	0.0	0.0	0.0	0.0	0.0	0.0	0.0	0.0	0.0	0.0	0.0	0.0	0.0	0.0	0.0	0.0	0.0	0.0	0.0	0.0	0.0	0.0	0.0	0.0	0.0	0.0	0.0	0.0	0.0	0.0	0.0	0.0	0.0	0.0	0.0	0.0	0.0	0.0	0.0	0.0	0.0	0.0	0.0	0.0	0.0	0.0	0.0	0.0	0.0	0.0	0.0	0.0	0.0	0.0	0.0	0.0	0.0	0.0	0.0	0.0	0.0	0.0	0.0	0.0	0.0	0.0	0.0	0.0	0.0	0.0	0.0	0.0	0.0	0.0	0.0	0.0	0.0	0.0	0.0	0.0	0.0	0.0	0.0	0.0	0.0	0.0	0.0	0.0	0.0	0.0	0.0	0.0	0.0	0.0	0.0	0.0	0.0	0.0	0.0	0.0	0.0	0.0	0.0	0.0	0.0	0.0	0.0	0.0	0.0	0.0	0.0	0.0	0.0	0.0	0.0	0.0	0.0	0.0	0.0	0.0	0.0	0.0	0.0	0.0	0.0	0.0	0.0	0.0	0.0	0.0	0.0	0.0	0.0	0.0	0.0	0.0	0.0	0.0	0.0	0.0	0.0	0.0	0.0	0.0	0.0	0.0	0.0	0.0	0.0	0.0	0.0	0.0	0.0	0.0	0.0	0.0	0.0	0.0	0.0	0.0	0.0	0.0	0.0	0.0	0.0	0.0	0.0	0.0	0.0	0.0	0.0	0.0	0.0	0.0	0.0	0.0	0.0	0.0	0.0	0.0	0.0	0.0	0.0	0.0	0.0	0.0	0.0	0.0	0.0	0.0	0.0	0.0	0.0	0.0	0.0	0.0	0.0	0.0	0.0	0.0	0.0	0.0	0.0	0.0	0.0	0.0	0.0	0.0	0.0	0.0	0.0	0.0	0.0	0.0	0.0	0.0	0.0	0.0	0.0	0.0	0.0	0.0	0.0	0.0	0.0	0.0	0.0	0.0	0.0	0.0	0.0	0.0	0.0	0.0	0.0	0.0	0.0	0.0	0.0	0.0	0.0	0.0	0.0	0.0	0.0	0.0	0.0	0.0	0.0	0.0	0.0	0.0	0.0	0.0	0.0	0.0	0.0	0.0	0.0	0.0	0.0	0.0	0.0	0.0	0.0	0.0	0.0	0.0	0.0	0.0	0.0	0.0	0.0	0.0	0.0	0.0	0.0	0.0	0.0	0.0	0.0	0.0	0.0	0.0	0.0	0.0	0.0	0.0	0.0	0.0	0.0	0.0	0.0	0.0	0.0	0.0	0.0	0.0	0.0	0.0	0.0	0.0	0.0	0.0	0.0	0.0	0.0	0.0	0.0	0.0	0.0	0.0	0.0	0.0	0.0	0.0	0.0	72	99.1
sub-M2142	7229	0.0	0.0	0.0	0.0	0.0	0.0	0.0	0.0	0.0	0.0	0.0	0.0	0.0	0.0	0.0	0.0	0.0	0.0	0.0	0.0	0.0	0.0	0.0	0.0	0.0	0.0	0.0	0.0	0.0	0.0	0.0003360215053763441	0.0	0.0	0.0	0.0	0.0	0.0	0.0	0.0	0.0	0.0	0.0	0.0	0.0	0.0	0.0	0.0	0.0	0.0	0.0	0.0005	0.0	0.0	0.0	0.0	0.0	0.0	0.0	0.0	0.0	0.0	0.0	0.0	0.0	0.0097911227154047	0.0	0.0	0.0	0.0	0.0	0.0	0.0	0.0	0.0	0.0	0.0	0.0	0.0	0.0	0.0	0.0	0.0	0.0	0.0	0.0	0.0	0.0	0.0	0.0	0.0	0.0	0.0	0.0	0.0	0.0	0.0	0.0	0.0	0.0	0.0	0.0	0.0	0.0	0.0	0.0	0.0	0.0	0.0	0.0	0.0	0.0	0.0	0.0	0.0	0.0	0.0	0.0	0.0	0.0	0.0	0.0	0.0	0.0	0.0	0.0	0.0	0.0	0.0	0.0	0.0	0.0	0.0	0.0	0.0	0.0	0.0	0.0	0.0	0.0	0.0	0.0	0.0	0.0	0.0	0.0	0.0	0.0	0.0	0.0	0.0	0.0	0.0	0.0	0.0	0.0	0.0	0.000576923076923077	0.0	0.0	0.0	0.0	0.0	0.0	0.0	0.0	0.0	0.0	0.0	0.0	0.0	0.0	0.0	0.0	0.0	0.0	0.0	0.0	0.0	0.0	0.0	0.0	0.0	0.0	0.0	0.0	0.0	0.0	0.0	0.0	0.0	0.0	0.0	0.0	0.0	0.0	0.0	0.0	0.0	0.0	0.0	0.0	0.0	0.0	0.0	0.0	0.0	0.0	0.0	0.0	0.0	0.0	0.0	0.0	0.0	0.0	0.0	0.0	0.0	0.0	0.0	0.0	0.0	0.0	0.0	0.0	0.0	0.0	0.0	0.0	0.0	0.0	0.0	0.0	0.0	0.0	0.0	0.0	0.0	0.0	0.0	0.0	0.0	0.0	0.0	0.0	0.0	0.0	0.0	0.0	0.0	0.0	0.0	0.0	0.0	0.0	0.0	0.0	0.0	0.0	0.0	0.0	0.0	0.0	0.0	0.0	0.0	0.0	0.0	0.0	0.0	0.0	0.0	0.0	0.0	0.0	0.0	0.0	0.0	0.0	0.0	0.0	0.0	0.0	0.0	0.0	0.0	0.0	0.0	0.0	0.0	0.0	0.0	0.0	0.0	0.0	0.0	0.0	0.0	0.0	0.0	0.0	0.0	0.0	0.0	0.0	0.0	0.0	0.0	0.0	0.0	0.0	0.0	0.0	0.0	0.0	0.0	0.0	0.0	0.0	0.0	0.0	0.0	0.0	0.0	0.0	0.0	0.0	0.0	0.0	0.0	0.0	0.0	0.0	0.0	0.0	0.0	0.0	0.0	0.0	0.0	0.0	0.0	0.0	0.0	0.0	0.0	0.0	0.0	0.0	0.0	0.0	0.0	0.0	0.0	0.0	0.0	0.0	0.0	0.0	0.0	0.0	0.0	0.0275390625	0.0	0.04723011363636364	0.0	0.0	0.0	0.0	0.0	0.0	0.0	0.0	0.0	0.01626984126984127	0.0	0.0	0.0	0.0	0.0	0.0	0.0	0.0	0.0	56	98.4
sub-M2143	2821	0.0	0.0	0.0	0.0	0.0	0.0	0.0	0.0	0.0	0.0	0.0	0.0	0.0	0.0	0.0	0.0	0.0	0.0	0.0	0.0	0.0	0.0	0.0	0.0	0.0	0.0	0.0	0.0	0.0	0.0	0.0	0.0	0.0	0.0	0.0	0.0	0.0	0.0	0.0	0.0	0.0	0.0	0.0	0.0	0.0	0.0	0.0	0.0	0.0	0.0	0.0	0.0	0.0	0.0	0.0	0.0	0.0	0.0	0.0	0.0	0.0	0.0	0.0	0.0	0.0	0.0	0.0	0.0	0.0	0.0	0.0	0.0	0.0	0.0	0.0	0.0	0.0	0.0	0.0	0.0	0.0	0.0	0.0	0.0	0.0	0.0	0.0	0.0	0.0	0.0	0.0	0.0	0.0	0.0	0.0	0.0	0.0	0.0	0.0	0.0	0.0	0.0	0.0	0.0	0.0	0.0	0.0	0.0	0.0	0.0	0.0	0.0	0.0	0.0	0.0	0.0	0.0	0.0	0.0	0.0	0.0	0.0	0.0	0.0	0.0	0.0	0.0	0.0	0.0	0.0	0.0	0.0	0.0	0.0	0.0	0.0	0.0	0.0	0.0	0.0	0.0	0.0	0.0	0.0	0.0	0.0	0.0	0.0	0.0	0.0	0.0	0.0	0.0	0.0	0.0010834236186348862	0.0	0.0	0.0	0.0	0.0	0.0	0.0	0.0	0.0	0.0	0.0	0.0	0.0	0.0	0.0	0.0	0.0	0.0	0.0	0.0	0.0	0.0	0.0	0.0	0.0	0.0	0.0	0.0	0.0	0.0	0.0	0.0	0.0	0.0	0.0	0.0	0.0	0.0	0.0	0.0	0.0	0.0	0.0	0.0	0.0	0.0	0.0	0.0	0.0	0.0	0.0	0.0	0.0	0.0	0.0	0.0	0.0	0.0	0.0	0.0	0.0	0.0	0.0	0.0	0.0	0.0	0.0	0.0	0.0	0.0	0.0	0.0	0.0	0.0	0.0	0.0	0.0	0.0	0.0	0.0	0.0	0.0	0.0	0.0	0.0	0.0	0.0	0.0	0.0	0.0	0.0	0.0	0.0	0.0	0.0	0.0	0.0	0.0	0.0	0.0	0.0	0.0	0.0	0.0	0.0	0.0	0.0	0.0	0.0	0.0	0.0	0.0	0.0	0.0	0.0	0.0	0.0	0.0	0.0	0.0	0.0	0.0	0.0	0.0	0.0	0.0	0.0	0.0	0.0	0.0	0.0	0.0	0.0	0.0	0.0	0.0	0.0	0.0	0.0	0.0	0.0	0.0	0.0	0.0	0.0	0.0	0.0	0.0	0.0	0.0	0.0	0.0	0.0	0.0	0.0	0.0	0.0	0.0	0.0	0.0	0.0	0.0	0.0	0.0	0.0	0.0	0.0	0.0	0.0	0.0	0.0	0.0	0.0	0.0	0.0	0.0	0.0	0.0	0.0	0.0	0.0	0.0	0.0	0.0	0.0	0.0	0.0	0.0	0.0	0.0	0.0	0.0	0.0	0.0	0.0	0.0	0.0	0.0	0.0	0.0	0.0	0.0	0.0	0.0	0.0	0.0	0.0	0.0	0.0	0.0078125	0.0	0.0	0.0	0.0	0.0	0.0	0.0	0.0	0.0	0.07182539682539682	0.0	0.0	0.0	0.0	0.0	0.0	0.0	0.0	0.0	61	99.2
sub-M2144	2013	0.0	0.0	0.0	0.0	0.0	0.0	0.0	0.0	0.0	0.0	0.0	0.0	0.0	0.0	0.0	0.0	0.0	0.0	0.0	0.0	0.0	0.0	0.0	0.0	0.0	0.0	0.0	0.0	0.0	0.0	0.0	0.0	0.0	0.0	0.0	0.0	0.0	0.0	0.0	0.0	0.0	0.0	0.0	0.0	0.0	0.0	0.0	0.0	0.0	0.0	0.0	0.0	0.0	0.0	0.0	0.0	0.0	0.0	0.0	0.0	0.0	0.0	0.0	0.0	0.0	0.0	0.0	0.0	0.0	0.0	0.0	0.0	0.0	0.0	0.0	0.0	0.0	0.0	0.0	0.0	0.0	0.0	0.0	0.0	0.0	0.0	0.0	0.0	0.0	0.0	0.0	0.0	0.0	0.0	0.0	0.0	0.0	0.0	0.0	0.0	0.0	0.0	0.0	0.0	0.0	0.0	0.0	0.0	0.0	0.0	0.0	0.0	0.0	0.0	0.0	0.0	0.0	0.0	0.0	0.0	0.0	0.0	0.0	0.0	0.0	0.0	0.0	0.0	0.0	0.0	0.0	0.0	0.0	0.0	0.0	0.0	0.0	0.0	0.0	0.0	0.0	0.0	0.0	0.0	0.0	0.0	0.0	0.0	0.0	0.0	0.0	0.0	0.0	0.0	0.0	0.0	0.0009615384615384616	0.0	0.001590909090909091	0.0	0.0	0.0	0.0	0.0	0.0	0.0	0.0	0.0	0.0	0.0	0.0	0.0	0.0	0.0	0.0	0.0	0.0	0.0	0.0	0.0	0.0	0.0	0.0	0.0	0.0	0.0	0.0	0.0	0.0	0.0	0.0	0.0	0.0	0.0	0.0	0.0	0.0	0.0	0.0	0.0	0.0	0.0	0.0	0.0	0.0	0.0	0.0	0.0	0.0	0.0	0.0	0.0	0.0	0.0	0.0	0.0	0.0	0.0	0.0	0.0	0.0	0.0	0.0	0.0	0.0	0.0	0.0	0.0	0.0	0.0	0.0	0.0	0.0	0.0	0.0	0.0	0.0	0.0	0.0	0.0	0.0	0.0	0.0	0.0	0.0	0.0	0.0	0.0	0.0	0.0	0.0	0.0	0.0	0.0	0.0	0.0	0.0	0.0	0.0	0.0	0.0	0.0	0.0	0.0	0.0	0.0	0.0	0.0	0.0	0.0	0.0	0.0	0.0	0.0	0.0	0.0	0.0	0.0	0.0	0.0	0.0	0.0	0.0	0.0	0.0	0.0	0.0	0.0	0.0	0.0	0.0	0.0	0.0	0.0	0.0	0.0	0.0	0.0	0.0	0.0	0.0	0.0	0.0	0.0	0.0	0.0	0.0	0.0	0.0	0.0	0.0	0.0	0.0	0.0	0.0	0.0	0.0	0.0	0.0	0.0	0.0	0.0	0.0	0.0	0.0	0.0	0.0	0.0	0.0	0.0	0.0	0.0	0.0	0.0	0.0	0.0	0.0	0.0	0.0	0.0	0.0	0.0	0.0	0.0	0.0	0.0	0.0	0.0	0.0	0.0	0.0	0.0	0.0	0.0	0.0	0.0	0.0	0.0	0.0021551724137931034	0.0	0.0	0.0	0.012109375	0.0	0.054509943181818184	0.0	0.0	0.0	0.0028669724770642203	0.0	0.0	0.0	0.0	0.0	0.0001984126984126984	0.0	0.0	0.0	0.0	0.0	0.0	0.0	0.0	0.0	63	100.0
sub-M2145	462	0.0	0.0	0.0	0.0	0.0	0.0	0.0	0.0	0.0	0.0	0.0	0.0	0.0	0.0	0.0	0.0	0.0	0.0	0.0	0.0	0.0	0.0	0.0	0.0	0.0	0.0	0.0	0.0	0.0	0.0	0.0	0.0	0.0	0.0	0.0	0.0	0.0	0.0	0.0	0.0	0.0	0.0	0.0	0.0	0.0	0.0	0.0	0.0	0.0	0.0	0.0	0.0	0.0	0.0	0.0	0.0	0.0	0.0	0.0	0.0	0.0	0.0	0.0	0.0	0.0	0.0	0.0	0.0	0.0	0.0	0.0	0.0	0.0	0.0	0.0	0.0	0.0	0.0	0.0	0.0	0.0	0.0	0.0	0.0	0.0	0.0	0.0	0.0	0.0	0.0	0.0	0.0	0.0	0.0	0.0	0.0	0.0	0.0	0.0	0.0	0.0	0.0	0.0	0.0	0.0	0.0	0.0	0.0	0.0	0.0	0.0	0.0	0.0	0.0	0.0	0.0	0.0	0.0	0.0	0.0	0.0	0.0	0.0	0.0	0.0	0.0	0.0	0.0	0.0	0.0	0.0	0.0	0.0	0.0	0.0	0.0	0.0	0.0	0.0	0.0	0.0	0.0	0.0	0.0	0.0	0.0	0.0	0.0	0.0	0.0	0.0	0.0	0.0	0.0	0.0	0.0	0.0	0.0	0.0	0.0	0.0	0.0	0.0	0.0	0.0	0.0	0.0	0.0	0.0	0.0	0.0	0.0	0.0	0.0	0.0	0.0	0.0	0.0	0.0	0.0	0.0	0.0	0.0	0.0	0.0	0.0	0.0	0.0	0.0	0.0	0.0	0.0	0.0	0.0	0.0	0.0	0.0	0.0	0.0	0.0	0.0	0.0	0.0	0.0	0.0	0.0	0.0	0.0	0.0	0.0	0.0	0.0	0.0	0.0	0.0	0.0	0.0	0.0	0.0	0.0	0.0	0.0	0.0	0.0	0.0	0.0	0.0	0.0	0.0	0.0	0.0	0.0	0.0	0.0	0.0	0.0	0.0	0.0	0.0	0.0	0.0	0.0	0.0	0.0	0.0	0.0	0.0	0.0	0.0	0.0	0.0	0.0	0.0	0.0	0.0	0.0	0.0	0.0	0.0	0.0	0.0	0.0	0.0	0.0	0.0	0.0	0.0	0.0	0.0	0.0	0.0	0.0	0.0	0.0	0.0	0.0	0.0	0.0	0.0	0.0	0.0	0.0	0.0	0.0	0.0	0.0	0.0	0.0	0.0	0.0	0.0	0.0	0.0	0.0	0.0	0.0	0.0	0.0	0.0	0.0	0.0	0.0	0.0	0.0	0.0	0.0	0.0	0.0	0.0	0.0	0.0	0.0	0.0	0.0	0.0	0.0	0.0	0.0	0.0	0.0	0.0	0.0	0.0	0.0	0.0	0.0	0.0	0.0	0.0	0.0	0.0	0.0	0.0	0.0	0.0	0.0	0.0	0.0	0.0	0.0	0.0	0.0	0.0	0.0	0.0	0.0	0.0	0.0	0.0	0.0	0.0	0.0	0.0	0.0	0.0	0.0	0.0	0.0	0.0	0.0	0.0	0.0	0.0	0.0	0.0	0.0	0.0	0.0	0.0	0.0	0.0	0.0	0.0	0.0	0.0	0.0	0.0	0.0	0.0	0.0	0.0	0.0	0.0	0.0	61	93.2
sub-M2146	76590	0.0	0.0	0.0	0.0	0.0	0.0	0.0	0.0	0.0	0.0	0.0	0.0	0.0	0.0	0.0	0.0	0.0	0.0	0.0	0.0	0.0	0.0	0.0	0.0	0.0	0.0	0.0	0.0	0.0	0.0	0.0	0.0	0.0	0.0	0.0	0.0	0.0	0.0	0.0	0.0	0.0	0.0	0.0	0.0	0.0	0.0	0.0	0.0	0.0	0.0	0.0	0.0	0.010586319218241042	0.0	0.0	0.0	0.0	0.0	0.0	0.0	0.003787878787878788	0.0	0.0	0.0	0.0	0.0	0.09726259689922481	0.0	0.5625	0.0	0.0	0.0	0.19117647058823528	0.0	0.23785335689045936	0.0	0.9426229508196722	0.0	0.957010582010582	0.0	0.6778656126482213	0.0	0.9787621359223301	0.0	0.6316091954022989	0.0	0.06720430107526881	0.0	0.02880658436213992	0.0	0.01125	0.0	0.15771028037383178	0.0	0.24766355140186916	0.0	0.35397196261682246	0.0	0.17698019801980197	0.0	0.6575785582255084	0.0	0.06326530612244897	0.0	0.00040584415584415587	0.0	0.7955729166666666	0.0	0.6458868894601543	0.0	0.8470762155059133	0.0	0.6372167138810199	0.0	0.21683673469387754	0.0	0.0	0.0	0.0	0.0	0.0	0.0	0.0	0.0	0.0	0.0	0.0	0.0	0.0	0.0	0.0	0.0	0.013356854838709678	0.0	0.0	0.0	0.0	0.0	0.0	0.0	0.0	0.0	0.0	0.0	0.0	0.0	0.0	0.0	0.0	0.0	0.0	0.0	0.0	0.0	0.007583965330444204	0.0	0.0	0.0	0.0	0.0	0.0	0.0	0.0	0.0	0.0023584905660377358	0.0	0.002403846153846154	0.0	0.0	0.0	0.0	0.0	0.0	0.0	0.010708722741433021	0.0	0.15488748241912798	0.0	0.0	0.0	0.0	0.0	0.0	0.0	0.0	0.0	0.0	0.0	0.0	0.0	0.0	0.0	0.0	0.0	0.0	0.0	0.0	0.0	0.0	0.0	0.0	0.0	0.0	0.0	0.0	0.0	0.0	0.0	0.0	0.0	0.0	0.0	0.0	0.0	0.0	0.0	0.0	0.0	0.0	0.0	0.0	0.0	0.0	0.0	0.0	0.0	0.0	0.0	0.0	0.0	0.0	0.0	0.0006868131868131869	0.0	0.13526119402985073	0.0	0.4634067357512953	0.0	0.7135214007782101	0.0	0.0	0.0	0.0	0.0	0.0	0.0	0.0	0.0	0.04401408450704225	0.0	0.0007530120481927711	0.0	0.0821078431372549	0.0	0.002777777777777778	0.0	0.08016877637130802	0.0	0.6353260869565217	0.0	0.37563775510204084	0.0	0.2758810572687225	0.0	0.04010538641686183	0.0	0.025323275862068964	0.0	0.375	0.0	0.5432156133828996	0.0	0.6412037037037037	0.0	0.6004716981132076	0.0	0.45754716981132076	0.0	0.42336309523809523	0.0	0.7012195121951219	0.0	0.0005330490405117271	0.0	0.19038461538461537	0.0	0.19703389830508475	0.0	0.0	0.0	0.0	0.0	0.03248587570621469	0.0	0.0	0.0	0.0	0.0	0.0	0.0	0.0	0.0	0.0	0.0	0.0	0.0	0.0	0.0	0.0	0.0	0.0	0.0	0.0	0.0	0.0	0.0	0.0	0.0	0.0	0.0	0.0	0.0	0.0	0.0	0.0	0.0	0.0	0.0	0.0	0.0	0.0	0.0	0.0	0.0	0.0	0.0	0.0	0.0	0.0	0.0	0.0	0.0	0.0	0.0	0.0	0.0	0.0	0.0	0.0	0.0	0.0	0.0	0.0	0.0	0.0	0.0	0.0	0.0	0.0	0.0	0.0	0.0	0.0	0.0	0.0	0.0	0.0	0.0	0.0	0.0	0.0	0.0	0.0	0.0	0.0	0.0	0.0	0.0	0.0	0.0	0.0	0.0	0.0	0.0	29	96.8
sub-M2147	4915	0.0	0.0	0.0	0.0	0.0	0.0	0.0	0.0	0.0	0.0	0.0	0.0	0.0	0.0	0.0	0.0	0.0	0.0	0.0	0.0	0.0	0.0	0.0	0.0	0.0	0.0	0.0	0.0	0.0	0.0	0.0	0.0	0.0	0.0	0.0	0.0	0.0	0.0	0.0	0.0	0.0	0.0	0.0	0.0	0.0	0.0	0.0	0.0	0.0	0.0	0.0	0.0	0.0	0.0	0.0	0.0	0.0	0.0	0.0	0.0	0.0	0.0	0.0	0.0	0.0	0.0	0.0	0.0	0.0	0.0	0.0	0.0	0.0	0.0	0.0	0.0	0.0	0.0	0.0	0.0	0.0	0.0	0.0	0.0	0.0	0.0	0.0	0.0	0.0	0.0	0.0	0.0	0.0	0.0	0.0	0.0	0.0	0.0	0.0	0.0	0.0	0.0	0.0	0.0	0.0	0.0	0.0	0.0	0.0	0.0	0.0	0.0	0.0	0.0	0.0	0.0	0.0	0.0	0.0	0.0	0.0	0.0	0.0	0.0	0.0	0.0	0.0	0.0	0.0	0.0	0.0	0.0	0.0	0.0	0.0	0.0	0.0	0.0	0.0	0.0	0.0	0.0	0.0	0.0	0.0	0.0	0.0	0.0	0.0	0.0	0.0	0.0	0.0	0.0	0.0	0.0	0.0	0.0	0.0	0.0	0.0	0.0	0.0	0.0	0.0	0.0	0.0	0.0	0.0	0.0	0.0	0.0	0.0	0.0	0.0	0.0	0.0	0.0	0.0	0.0	0.0	0.0	0.0	0.0	0.0	0.0	0.0	0.0	0.0	0.0	0.0	0.0	0.0	0.0	0.0	0.0	0.0	0.0	0.0	0.0	0.0	0.0	0.0	0.0	0.0	0.0	0.0	0.0	0.0	0.0	0.0	0.0	0.0	0.0	0.0	0.0	0.0	0.0	0.0	0.0	0.0	0.0	0.0	0.0	0.0	0.0	0.0	0.0	0.0	0.0	0.0	0.0	0.0	0.0	0.0	0.0	0.0	0.0	0.0	0.0	0.0	0.0	0.0	0.0	0.0	0.0	0.0	0.0	0.0	0.0	0.0	0.0	0.0	0.0	0.0	0.0	0.0	0.0	0.0	0.0	0.0	0.0	0.0	0.0	0.0	0.0	0.0	0.0	0.0	0.0	0.0	0.0	0.0	0.0	0.0	0.0	0.0	0.0	0.0	0.0	0.0	0.0	0.0	0.0	0.0	0.0	0.0	0.0	0.0	0.0	0.0	0.0	0.0	0.0	0.0	0.0	0.0	0.0	0.0	0.0	0.0	0.0	0.0	0.0	0.0	0.0	0.0	0.0	0.0	0.0	0.0	0.0	0.0	0.0	0.0	0.0	0.0	0.0	0.0	0.0	0.0	0.0	0.0	0.0	0.0	0.0	0.0	0.0	0.0	0.0	0.0	0.0	0.0	0.0	0.0	0.0	0.0	0.0	0.0	0.0	0.0	0.0	0.0	0.0	0.0	0.0	0.0	0.0	0.0	0.0	0.0	0.0	0.014204545454545454	0.0	0.0	0.0	0.0030737704918032786	0.0	0.0	0.0	0.0	0.0	0.00703125	0.0	0.018821022727272728	0.0	0.0	0.0	0.0	0.0	0.0	0.0	0.0	0.0	0.0003968253968253968	0.0	0.0	0.0	0.0	0.0	0.0	0.0	0.0	0.0	60	97.8
sub-M2149	169	0.0	0.0	0.0	0.0	0.0	0.0	0.0	0.0	0.0	0.0	0.0	0.0	0.0	0.0	0.0	0.0	0.0	0.0	0.0	0.0	0.0	0.0	0.0	0.0	0.0	0.0	0.0	0.0	0.0	0.0	0.0	0.0	0.0	0.0	0.0	0.0	0.0	0.0	0.0	0.0	0.0	0.0	0.0	0.0	0.0	0.0	0.0	0.0	0.0	0.0	0.0	0.0	0.0	0.0	0.0	0.0	0.0	0.0	0.0	0.0	0.0	0.0	0.0	0.0	0.0	0.0	0.0	0.0	0.0	0.0	0.0	0.0	0.0	0.0	0.0	0.0	0.0	0.0	0.0	0.0	0.0	0.0	0.0	0.0	0.0	0.0	0.0	0.0	0.0	0.0	0.0	0.0	0.0	0.0	0.0	0.0	0.0	0.0	0.0	0.0	0.0	0.0	0.0	0.0	0.0	0.0	0.0	0.0	0.0	0.0	0.0	0.0	0.0	0.0	0.0	0.0	0.0	0.0	0.0	0.0	0.0	0.0	0.0	0.0	0.0	0.0	0.0	0.0	0.0	0.0	0.0	0.0	0.0	0.0	0.0	0.0	0.0	0.0	0.0	0.0	0.0	0.0	0.0	0.0	0.0	0.0	0.0	0.0	0.0	0.0	0.0	0.0	0.0	0.0	0.0	0.0	0.0	0.0	0.0	0.0	0.0	0.0	0.0	0.0	0.0	0.0	0.0	0.0	0.0	0.0	0.0	0.0	0.0	0.0	0.0	0.0	0.0	0.0	0.0	0.0	0.0	0.0	0.0	0.0	0.0	0.0	0.0	0.0	0.0	0.0	0.0	0.0	0.0	0.0	0.0	0.0	0.0	0.0	0.0	0.0	0.0	0.0	0.0	0.0	0.0	0.0	0.0	0.0	0.0	0.0	0.0	0.0	0.0	0.0	0.0	0.0	0.0	0.0	0.0	0.0	0.0	0.0	0.0	0.0	0.0	0.0	0.0	0.0	0.0	0.0	0.0	0.0	0.0	0.0	0.0	0.0	0.0	0.0	0.0	0.0	0.0	0.0	0.0	0.0	0.0	0.0	0.0	0.0	0.0	0.0	0.0	0.0	0.0	0.0	0.0	0.0	0.0	0.0	0.0	0.0	0.0	0.0	0.0	0.0	0.0	0.0	0.0	0.0	0.0	0.0	0.0	0.0	0.0	0.0	0.0	0.0	0.0	0.0	0.0	0.0	0.0	0.0	0.0	0.0	0.0	0.0	0.0	0.0	0.0	0.0	0.0	0.0	0.0	0.0	0.0	0.0	0.0	0.0	0.0	0.0	0.0	0.0	0.0	0.0	0.0	0.0	0.0	0.0	0.0	0.0	0.0	0.0	0.0	0.0	0.0	0.0	0.0	0.0	0.0	0.0	0.0	0.0	0.0	0.0	0.0	0.0	0.0	0.0	0.0	0.0	0.0	0.0	0.0	0.0	0.0	0.0	0.0	0.0	0.0	0.0	0.0	0.0	0.0	0.0	0.0	0.0	0.0	0.0	0.0	0.0	0.0	0.0	0.0	0.0	0.0	0.0	0.0	0.0	0.0	0.0	0.0	0.0	0.0	0.0	0.0	0.0	0.0	0.0	0.0	0.0	0.0	0.0	0.0	0.0	0.0	0.0	0.0	0.0	0.0	0.0	0.0	0.0	0.0	0.0	62	98.6
sub-M2150	778	0.0	0.0	0.0	0.0	0.0	0.0	0.0	0.0	0.0	0.0	0.0	0.0	0.0	0.0	0.0	0.0	0.0	0.0	0.0	0.0	0.0	0.0	0.0	0.0	0.0	0.0	0.0	0.0	0.0	0.0	0.0	0.0	0.0	0.0	0.0	0.0	0.0	0.0	0.0	0.0	0.0	0.0	0.0	0.0	0.0	0.0	0.0	0.0	0.0	0.0	0.0	0.0	0.0	0.0	0.0	0.0	0.0	0.0	0.0	0.0	0.0	0.0	0.0	0.0	0.0	0.0	0.0	0.0	0.0	0.0	0.0	0.0	0.0	0.0	0.0	0.0	0.0	0.0	0.0	0.0	0.0	0.0	0.0	0.0	0.0	0.0	0.0	0.0	0.0	0.0	0.0	0.0	0.0	0.0	0.0	0.0	0.0	0.0	0.0	0.0	0.0	0.0	0.0	0.0	0.0	0.0	0.0	0.0	0.0	0.0	0.0	0.0	0.0	0.0	0.0	0.0	0.0	0.0	0.0	0.0	0.0	0.0	0.0	0.0	0.0	0.0	0.0	0.0	0.0	0.0	0.0	0.0	0.0	0.0	0.0	0.0	0.0	0.0	0.0	0.0	0.0	0.0	0.0	0.0	0.0	0.0	0.0	0.0	0.0	0.0	0.0	0.0	0.0	0.0	0.0	0.0	0.0	0.0	0.0	0.0	0.0	0.0	0.0	0.0	0.0	0.0	0.0	0.0	0.0	0.0	0.0	0.0	0.0	0.0	0.0	0.0	0.0	0.0	0.0	0.0	0.0	0.0	0.0	0.0	0.0	0.0	0.0	0.0	0.0	0.0	0.0	0.0	0.0	0.0	0.0	0.0	0.0	0.0	0.0	0.0	0.0	0.0	0.0	0.0	0.0	0.0	0.0	0.0	0.0	0.0	0.0	0.0	0.0	0.0	0.0	0.0	0.0	0.0	0.0	0.0	0.0	0.0	0.0	0.0	0.0	0.0	0.0	0.0	0.0	0.0	0.0	0.0	0.0	0.0	0.0	0.0	0.0	0.0	0.0	0.0	0.0	0.0	0.0	0.0	0.0	0.0	0.0	0.0	0.0	0.0	0.0	0.0	0.0	0.0	0.0	0.0	0.0	0.0	0.0	0.0	0.0	0.0	0.0	0.0	0.0	0.0	0.0	0.0	0.0	0.0	0.0	0.0	0.0	0.0	0.0	0.0	0.0	0.0	0.0	0.0	0.0	0.0	0.0	0.0	0.0	0.0	0.0	0.0	0.0	0.0	0.0	0.0	0.0	0.0	0.0	0.0	0.0	0.0	0.0	0.0	0.0	0.0	0.0	0.0	0.0	0.0	0.0	0.0	0.0	0.0	0.0	0.0	0.0	0.0	0.0	0.0	0.0	0.0	0.0	0.0	0.0	0.0	0.0	0.0	0.0	0.0	0.0	0.0	0.0	0.0	0.0	0.0	0.0	0.0	0.0	0.0	0.0	0.0	0.0	0.0	0.0	0.0	0.0	0.0	0.0	0.0	0.0	0.0	0.0	0.0	0.0	0.0	0.0	0.0	0.0	0.0	0.0	0.0	0.0	0.0	0.0	0.0	0.0	0.0	0.0	0.0	0.0	0.0	0.0	0.0	0.0	0.0	0.0	0.0	0.0	0.0	0.0	0.0	0.0	0.0	0.0	0.0	0.0	0.0	72	98.3
sub-M2151	109072	0.0	0.0	0.35109608208955223	0.0	0.4144736842105263	0.0	0.0	0.0	0.0	0.0	0.18996062992125984	0.0	0.5825892857142857	0.0	0.26834239130434784	0.0	0.42562724014336917	0.0	0.0	0.0	0.017292490118577076	0.0	0.0008928571428571428	0.0	0.007264529058116233	0.0	0.0	0.0	0.0	0.0	0.00011200716845878136	0.0	0.0	0.0	0.0	0.0	0.0	0.0	0.0	0.0	0.0	0.0	0.0	0.0	0.0	0.0	0.0	0.0	0.0	0.0	0.0	0.0	0.3118892508143323	0.0	0.9197761194029851	0.0	0.0	0.0	0.0	0.0	0.14109848484848486	0.0	0.0	0.0	0.0	0.0	0.042756782945736434	0.0	0.469810379241517	0.0	0.0	0.0	0.07756166982922201	0.0	0.008392226148409895	0.0	0.9631147540983607	0.0	1.0	0.0	0.20602766798418973	0.0	0.1796116504854369	0.0	0.335632183908046	0.0	0.0	0.0	0.0	0.0	0.0	0.0	0.0	0.0	0.0	0.0	0.0	0.0	0.0	0.0	0.0002310536044362292	0.0	0.0	0.0	0.0	0.0	0.0	0.0	0.015424164524421594	0.0	0.017082785808147174	0.0	0.049043909348441925	0.0	0.002551020408163265	0.0	0.0	0.0	0.0	0.0	0.0	0.0	0.0	0.0	0.0	0.0	0.0	0.0	0.0	0.0	0.0	0.0	0.0	0.0	0.0	0.0	0.0	0.0	0.0	0.0	0.0	0.0	0.0	0.0	0.0	0.0	0.0	0.0	0.0	0.0	0.0015326975476839238	0.0	0.0	0.0	0.0	0.0	0.0075	0.0	0.0	0.0	0.0	0.0	0.0	0.0	0.0	0.0	0.0	0.0	0.0	0.0	0.0	0.0	0.0	0.0	0.0	0.0	0.007383966244725738	0.0	0.0	0.0	0.0	0.0	0.0	0.0	0.0	0.0	0.0	0.0	0.0	0.0	0.0	0.0	0.0	0.0	0.0	0.0	0.0	0.0	0.0	0.0	0.0	0.0	0.0	0.0	0.0	0.0	0.4675196850393701	0.0	0.4449797160243408	0.0	0.5891089108910891	0.0	0.05772811918063315	0.0	0.0	0.0	0.0	0.0	0.0	0.0	0.5923076923076923	0.0	0.40205223880597013	0.0	0.3923745173745174	0.0	0.501233552631579	0.0	0.4625	0.0	0.6144701086956522	0.0	0.7106227106227107	0.0	0.7089552238805971	0.0	0.9226036269430051	0.0	0.8939688715953308	0.0	0.2877030162412993	0.0	0.5881268436578171	0.0	0.045454545454545456	0.0	0.16044776119402984	0.0	0.22359154929577466	0.0	0.0	0.0	0.00980392156862745	0.0	0.0	0.0	0.7716244725738397	0.0	0.9339673913043478	0.0	0.7289540816326531	0.0	0.6167400881057269	0.0	0.03425058548009368	0.0	0.0	0.0	0.12656810035842295	0.0	0.4284386617100372	0.0	0.4691358024691358	0.0	0.19433962264150945	0.0	0.0	0.0	0.0	0.0	0.0	0.0	0.0005330490405117271	0.0	0.11634615384615385	0.0	0.0	0.0	0.0	0.0	0.0	0.0	0.0	0.0	0.0	0.0	0.0	0.0	0.0	0.0	0.0	0.0	0.0	0.0	0.0	0.0	0.0	0.0	0.0	0.0	0.0	0.0	0.0	0.0	0.0	0.0	0.0	0.0	0.0	0.0	0.0	0.0	0.0	0.0	0.0	0.0	0.0	0.0	0.0	0.0	0.0	0.0	0.0	0.0	0.0	0.0	0.0	0.0	0.0	0.0	0.0	0.0	0.0	0.0	0.0	0.0	0.0125	0.0	0.0	0.0	0.0	0.0	0.39109848484848486	0.0	0.0017655367231638418	0.0	0.45286885245901637	0.0	0.6357758620689655	0.0	0.0	0.0	0.0095703125	0.0	0.0014204545454545455	0.0	0.0	0.0	0.0	0.0	0.0	0.0	0.0	0.0	0.0	0.0	0.0	0.0	0.0	0.0	0.0	0.0	0.0	0.0	56	99.1
sub-M2152	3719	0.0	0.0	0.0	0.0	0.0	0.0	0.0	0.0	0.0	0.0	0.0	0.0	0.0	0.0	0.0	0.0	0.0	0.0	0.0	0.0	0.0	0.0	0.0	0.0	0.0	0.0	0.0	0.0	0.0	0.0	0.0	0.0	0.0	0.0	0.0	0.0	0.0	0.0	0.0	0.0	0.0	0.0	0.0	0.0	0.0	0.0	0.0	0.0	0.0	0.0	0.0	0.0	0.0	0.0	0.0	0.0	0.0	0.0	0.0	0.0	0.0	0.0	0.0	0.0	0.0	0.0	0.0	0.0	0.0	0.0	0.0	0.0	0.0	0.0	0.0	0.0	0.0	0.0	0.0	0.0	0.0	0.0	0.0	0.0	0.0	0.0	0.0	0.0	0.0	0.0	0.0	0.0	0.0	0.0	0.0	0.0	0.0	0.0	0.0	0.0	0.0	0.0	0.0	0.0	0.0	0.0	0.0	0.0	0.0	0.0	0.0	0.0	0.0	0.0	0.0	0.0	0.0	0.0	0.0	0.0	0.0	0.0	0.0	0.0	0.0	0.0	0.0	0.0	0.0	0.0	0.0	0.0	0.0	0.0	0.0	0.0	0.0	0.0	0.0	0.0	0.0	0.0	0.0	0.0	0.0	0.0	0.0	0.0	0.0	0.0	0.0	0.0	0.0	0.0	0.0	0.0	0.0	0.0	0.0	0.0	0.0	0.0	0.0	0.0	0.0	0.0	0.0	0.0	0.0	0.0	0.0	0.0	0.0009936406995230524	0.0	0.0005841121495327102	0.0	0.0	0.0	0.0	0.0	0.0	0.0	0.0	0.0	0.0	0.0	0.0	0.0	0.0	0.0	0.0	0.0	0.0	0.0	0.0	0.0	0.0	0.0	0.0	0.0	0.0	0.0	0.0	0.0	0.0	0.0	0.0	0.0	0.0	0.0	0.0	0.0	0.0	0.0	0.0	0.0	0.0	0.0	0.0	0.0	0.0	0.0	0.0	0.0	0.0	0.0	0.0	0.0	0.0	0.0	0.0	0.0	0.0	0.0	0.0	0.0	0.0	0.0	0.0	0.0	0.0	0.0	0.0	0.0	0.0	0.0	0.0	0.0	0.0	0.0	0.0	0.0	0.0	0.0	0.0	0.0	0.0	0.0	0.0	0.0	0.0	0.0	0.0	0.0	0.0	0.0	0.0	0.0	0.0	0.0	0.0	0.0	0.0	0.0	0.0	0.0	0.0	0.0	0.0	0.0	0.0	0.0	0.0	0.0	0.0	0.0	0.0	0.0	0.0	0.0	0.0	0.0	0.0	0.0	0.0	0.0	0.0	0.0	0.0	0.0	0.0	0.0	0.0	0.0	0.0	0.0	0.0	0.0	0.0	0.0	0.0	0.0	0.0	0.0	0.0	0.0	0.0	0.0	0.0	0.0	0.0	0.0	0.0	0.0	0.0	0.0	0.0	0.0	0.0	0.0	0.0	0.0	0.0	0.0	0.0	0.0	0.0	0.0	0.0	0.0	0.0	0.0	0.0	0.0	0.0	0.0	0.0	0.0	0.0	0.0	0.0	0.0	0.0	0.0	0.0	0.0	0.0	0.0	0.0	0.0	0.0	0.0	0.0490234375	0.0	0.056818181818181816	0.0	0.0	0.0	0.0	0.0	0.0	0.0	0.0	0.0	0.0	0.0	0.0	0.0	0.0	0.0	0.0	0.0	0.0	0.0	59	93.1
sub-M2153	76839	0.0	0.0	0.0	0.0	0.0	0.0	0.0	0.0	0.0	0.0	0.0	0.0	0.0	0.0	0.0	0.0	0.010304659498207885	0.0	0.0	0.0	0.0	0.0	0.0	0.0	0.0	0.0	0.0	0.0	0.0	0.0	0.005264336917562724	0.0	0.11801784328937161	0.0	0.0	0.0	0.0	0.0	0.0	0.0	0.0	0.0	0.0	0.0	0.0	0.0	0.0	0.0	0.0	0.0	0.194	0.0	0.0	0.0	0.0	0.0	0.008321529745042492	0.0	0.00684931506849315	0.0	0.0	0.0	0.09811482433590403	0.0	0.04275456919060052	0.0	0.00811531007751938	0.0	0.015843313373253492	0.0	0.31572164948453607	0.0	0.07945920303605312	0.0	0.3498233215547703	0.0	0.08196721311475409	0.0	0.0	0.0	0.0	0.0	0.06553398058252427	0.0	0.0011494252873563218	0.0	0.568100358422939	0.0	0.4881687242798354	0.0	0.21583333333333332	0.0	0.10864485981308411	0.0	0.05957943925233645	0.0	0.0	0.0	0.0	0.0	0.03789279112754159	0.0	0.01607142857142857	0.0	0.0	0.0	0.123046875	0.0	0.24517994858611825	0.0	0.40160972404730616	0.0	0.27390226628895187	0.0	0.01020408163265306	0.0	0.0	0.0	0.0	0.0	0.0	0.0	0.0	0.0	0.0	0.0	0.0	0.0	0.0	0.0	0.0	0.0	0.0	0.0	0.0	0.0	0.0	0.0	0.0	0.0	0.0	0.0	0.0	0.0	0.0	0.0	0.19611528822055138	0.0	0.4189765458422175	0.0	0.6668937329700273	0.0	0.38406408094435074	0.0	0.9462351029252438	0.0	0.6303846153846154	0.0	0.6645454545454546	0.0	0.5785714285714286	0.0	0.28733766233766234	0.0	0.21436058700209643	0.0	0.00015024038461538462	0.0	0.0	0.0	0.0	0.0	0.0	0.0	0.0	0.0	0.0	0.0	0.0	0.0	0.0	0.0	0.0	0.0	0.0	0.0	0.0	0.0	0.0	0.0	0.0	0.0	0.0	0.0	0.0	0.0	0.0	0.0	0.0	0.0	0.0	0.0	0.0	0.0	0.0	0.0	0.0	0.0	0.0	0.0	0.0	0.0	0.0	0.0	0.0	0.0	0.0	0.0	0.0	0.0	0.0	0.0	0.0	0.0	0.0	0.0	0.0	0.0	0.0	0.0	0.0	0.0	0.0006868131868131869	0.0	0.0	0.0	0.003238341968911917	0.0	0.0	0.0	0.0	0.0	0.0	0.0	0.0	0.0	0.0	0.0	0.0	0.0	0.0	0.0	0.0	0.0	0.0	0.0	0.0	0.0	0.0	0.0	0.0	0.0	0.0	0.0	0.0	0.0	0.0	0.0	0.0	0.0	0.0	0.0	0.0	0.0	0.0	0.0	0.0	0.0	0.0	0.0	0.0	0.0	0.0	0.0	0.0	0.0	0.0	0.0	0.0	0.0	0.0	0.0	0.0	0.0	0.0	0.0	0.0	0.0	0.0	0.0	0.0	0.0	0.0	0.0	0.0	0.0	0.0	0.0	0.0	0.0	0.0	0.0	0.0	0.0	0.0	0.0	0.0	0.0	0.0	0.0	0.0	0.0	0.0	0.0	0.0	0.0	0.0	0.0	0.0	0.0	0.0	0.0	0.0	0.0	0.0	0.0	0.0	0.0	0.0	0.0	0.0	0.0	0.0	0.0	0.15919811320754718	0.0	0.0	0.0	0.0	0.0	0.000741839762611276	0.0	0.03314393939393939	0.0	0.0	0.0	0.09016393442622951	0.0	0.17456896551724138	0.0	0.00946969696969697	0.0	0.5916015625	0.0	0.7109375	0.0	0.0	0.0	0.005733944954128441	0.0	0.0	0.0	0.0	0.0	0.015873015873015872	0.0	0.042708333333333334	0.0	0.0	0.0	0.0	0.0	0.0	0.0	45	87.6
sub-M2155	988	0.0	0.0	0.0	0.0	0.0	0.0	0.0	0.0	0.0	0.0	0.0	0.0	0.0	0.0	0.0	0.0	0.0	0.0	0.0	0.0	0.0	0.0	0.0	0.0	0.0	0.0	0.0	0.0	0.0	0.0	0.0	0.0	0.0	0.0	0.0	0.0	0.0	0.0	0.0	0.0	0.0	0.0	0.0	0.0	0.0	0.0	0.0	0.0	0.0	0.0	0.0	0.0	0.0	0.0	0.0	0.0	0.0	0.0	0.0	0.0	0.0	0.0	0.0	0.0	0.0	0.0	0.0	0.0	0.0	0.0	0.0	0.0	0.0	0.0	0.0	0.0	0.0	0.0	0.0	0.0	0.0	0.0	0.0	0.0	0.0	0.0	0.0	0.0	0.0	0.0	0.0	0.0	0.0	0.0	0.0	0.0	0.0	0.0	0.0	0.0	0.0	0.0	0.0	0.0	0.0	0.0	0.0	0.0	0.0	0.0	0.0	0.0	0.0	0.0	0.0	0.0	0.0	0.0	0.0	0.0	0.0	0.0	0.0	0.0	0.0	0.0	0.0	0.0	0.0	0.0	0.0	0.0	0.0	0.0	0.0	0.0	0.0	0.0	0.0	0.0	0.0	0.0	0.0	0.0	0.0	0.0	0.0	0.0	0.0	0.0	0.0	0.0	0.0	0.0	0.0	0.0	0.0	0.0	0.0	0.0	0.0	0.0	0.0	0.0	0.0	0.0	0.0	0.0	0.0	0.0	0.0	0.0	0.0	0.0	0.0	0.0	0.0	0.0	0.0	0.0	0.0	0.0	0.0	0.0	0.0	0.0	0.0	0.0	0.0	0.0	0.0	0.0	0.0	0.0	0.0	0.0	0.0	0.0	0.0	0.0	0.0	0.0	0.0	0.0	0.0	0.0	0.0	0.0	0.0	0.0	0.0	0.0	0.0	0.0	0.0	0.0	0.0	0.0	0.0	0.0	0.0	0.0	0.0	0.0	0.0	0.0	0.0	0.0	0.0	0.0	0.0	0.0	0.0	0.0	0.0	0.0	0.0	0.0	0.0	0.0	0.0	0.0	0.0	0.0	0.0	0.0	0.0	0.0	0.0	0.0	0.0	0.0	0.0	0.0	0.0	0.0	0.0	0.0	0.0	0.0	0.0	0.0	0.0	0.0	0.0	0.0	0.0	0.0	0.0	0.0	0.0	0.0	0.0	0.0	0.0	0.0	0.0	0.0	0.0	0.0	0.0	0.0	0.0	0.0	0.0	0.0	0.0	0.0	0.0	0.0	0.0	0.0	0.0	0.0	0.0	0.0	0.0	0.0	0.0	0.0	0.0	0.0	0.0	0.0	0.0	0.0	0.0	0.0	0.0	0.0	0.0	0.0	0.0	0.0	0.0	0.0	0.0	0.0	0.0	0.0	0.0	0.0	0.0	0.0	0.0	0.0	0.0	0.0	0.0	0.0	0.0	0.0	0.0	0.0	0.0	0.0	0.0	0.0	0.0	0.0	0.0	0.0	0.0	0.0	0.0	0.0	0.0	0.0	0.0	0.0	0.0	0.0	0.0	0.0	0.0	0.0	0.0	0.0	0.0	0.0	0.0	0.0	0.0	0.0	0.0	0.0	0.0	0.0	0.0	0.0	0.0	0.0	0.0	0.0	0.06607142857142857	0.0	0.0	0.0	0.0	0.0	0.0	0.0	0.0	0.0	60	98.9
sub-M2156	56519	0.0	0.0	0.0	0.0	0.0	0.0	0.0	0.0	0.0	0.0	0.0	0.0	0.0	0.0	0.03917572463768116	0.0	0.14583333333333334	0.0	0.0	0.0	0.0	0.0	0.0	0.0	0.024799599198396794	0.0	0.0	0.0	0.0	0.0	0.005040322580645161	0.0	0.0	0.0	0.0	0.0	0.0	0.0	0.0	0.0	0.0	0.0	0.0	0.0	0.0	0.0	0.0	0.0	0.0	0.0	0.0	0.0	0.2943811074918567	0.0	0.0	0.0	0.41253541076487255	0.0	0.0	0.0	0.5	0.0	0.15370608397600685	0.0	0.6657963446475196	0.0	0.4944282945736434	0.0	0.7854291417165669	0.0	0.027061855670103094	0.0	0.5090132827324478	0.0	0.6177120141342756	0.0	0.9180327868852459	0.0	0.6104497354497355	0.0	0.07658102766798419	0.0	0.6656553398058253	0.0	0.65	0.0	0.16129032258064516	0.0	0.22325102880658437	0.0	0.0	0.0	0.06853582554517133	0.0	0.1530373831775701	0.0	0.0	0.0	0.0	0.0	0.0	0.0	0.0	0.0	0.0	0.0	0.0	0.0	0.29595115681233936	0.0	0.020696452036793694	0.0	0.2326487252124646	0.0	0.007653061224489796	0.0	0.0	0.0	0.0	0.0	0.0	0.0	0.0	0.0	0.0	0.0	0.0	0.0	0.0	0.0	0.0	0.0	0.0	0.0	0.0	0.0	0.0	0.0	0.0	0.0	0.0	0.0	0.0	0.0	0.0	0.0	0.0	0.0	0.0	0.0	0.0	0.0	0.0	0.0	0.0033856988082340196	0.0	0.0	0.0	0.0	0.0	0.0	0.0	0.0	0.0	0.0002620545073375262	0.0	0.0	0.0	0.0	0.0	0.0	0.0	0.0	0.0	0.0	0.0	0.0	0.0	0.0	0.0	0.0	0.0	0.0	0.0	0.0	0.0	0.0	0.0	0.0	0.0	0.0	0.0	0.0	0.0	0.0	0.0	0.0	0.0	0.0	0.0	0.0	0.0	0.0	0.0	0.0	0.0	0.0	0.0	0.0	0.0	0.0	0.0	0.0	0.0	0.0	0.0	0.0	0.0	0.0	0.0	0.0	0.0	0.0	0.0	0.0	0.0	0.0	0.0	0.0	0.0	0.0	0.0	0.0	0.0	0.0	0.0	0.09520725388601037	0.0	0.13326848249027237	0.0	0.0	0.0	0.0	0.0	0.0	0.0	0.0	0.0	0.0	0.0	0.0	0.0	0.0	0.0	0.0	0.0	0.0	0.0	0.13396739130434782	0.0	0.00031887755102040814	0.0	0.0	0.0	0.0	0.0	0.0	0.0	0.00246415770609319	0.0	0.05715613382899628	0.0	0.41975308641975306	0.0	0.46273584905660375	0.0	0.0015723270440251573	0.0	0.005952380952380952	0.0	0.4298780487804878	0.0	0.0	0.0	0.0	0.0	0.0	0.0	0.0	0.0	0.0	0.0	0.0	0.0	0.0	0.0	0.0	0.0	0.0	0.0	0.0	0.0	0.0	0.0	0.0	0.0	0.0	0.0	0.0	0.0	0.0	0.0	0.0	0.0	0.0	0.0	0.0	0.0	0.0	0.0	0.0	0.0	0.0	0.0	0.0	0.0	0.0	0.0	0.0	0.0	0.0	0.0	0.0	0.0	0.0	0.0	0.0	0.0	0.0	0.0	0.0	0.0	0.0	0.0	0.0	0.0	0.0	0.0	0.0	0.0	0.0	0.0	0.0	0.0	0.0	0.0	0.0	0.0	0.028017241379310345	0.0	0.0	0.0	0.0	0.0	0.0	0.0	0.0	0.0	0.0	0.0	0.0	0.0	0.0	0.0	0.0	0.0	0.0	0.0	0.0	0.0	0.0	0.0	0.0	0.0	31	96.7
sub-M2158	1081	0.0	0.0	0.0	0.0	0.0	0.0	0.0	0.0	0.0	0.0	0.0	0.0	0.0	0.0	0.0	0.0	0.0	0.0	0.0	0.0	0.0	0.0	0.0	0.0	0.0	0.0	0.0	0.0	0.0	0.0	0.0	0.0	0.0	0.0	0.0	0.0	0.0	0.0	0.0	0.0	0.0	0.0	0.0	0.0	0.0	0.0	0.0	0.0	0.0	0.0	0.0	0.0	0.0	0.0	0.0	0.0	0.0	0.0	0.0	0.0	0.0	0.0	0.0	0.0	0.0	0.0	0.0	0.0	0.0	0.0	0.0	0.0	0.0	0.0	0.0	0.0	0.0	0.0	0.0	0.0	0.0	0.0	0.0	0.0	0.0	0.0	0.0	0.0	0.0	0.0	0.0	0.0	0.0	0.0	0.0	0.0	0.0	0.0	0.0	0.0	0.0	0.0	0.0	0.0	0.0	0.0	0.0	0.0	0.0	0.0	0.0	0.0	0.0	0.0	0.0	0.0	0.0	0.0	0.0	0.0	0.0	0.0	0.0	0.0	0.0	0.0	0.0	0.0	0.0	0.0	0.0	0.0	0.0	0.0	0.0	0.0	0.0	0.0	0.0	0.0	0.0	0.0	0.0	0.0	0.0	0.0	0.0	0.0	0.0	0.0	0.0	0.0	0.0	0.0	0.0	0.0	0.0	0.0	0.0	0.0	0.0	0.0	0.0	0.0	0.0	0.0	0.0	0.0	0.0	0.0	0.0	0.0	0.0	0.0	0.0	0.0	0.0	0.0	0.0	0.0	0.0	0.0	0.0	0.0	0.0	0.0	0.0	0.0	0.0	0.0	0.0	0.0	0.0	0.0	0.0	0.0	0.0	0.0	0.0	0.0	0.0	0.0	0.0	0.0	0.0	0.0	0.0	0.0	0.0	0.0	0.0	0.0	0.0	0.0	0.0	0.0	0.0	0.0	0.0	0.0	0.0	0.0	0.0	0.0	0.0	0.0	0.0	0.0	0.0	0.0	0.0	0.0	0.0	0.0	0.0	0.0	0.0	0.0	0.0	0.0	0.0	0.0	0.0	0.0	0.0	0.0	0.0	0.0	0.0	0.0	0.0	0.0	0.0	0.0	0.0	0.0	0.0	0.0	0.0	0.0	0.0	0.0	0.0	0.0	0.0	0.0	0.0	0.0	0.0	0.0	0.0	0.0	0.0	0.0	0.0	0.0	0.0	0.0	0.0	0.0	0.0	0.0	0.0	0.0	0.0	0.0	0.0	0.0	0.0	0.0	0.0	0.0	0.0	0.0	0.0	0.0	0.0	0.0	0.0	0.0	0.0	0.0	0.0	0.0	0.0	0.0	0.0	0.0	0.0	0.0	0.0	0.0	0.0	0.0	0.0	0.0	0.0	0.0	0.0	0.0	0.0	0.0	0.0	0.0	0.0	0.0	0.0	0.0	0.0	0.0	0.0	0.0	0.0	0.0	0.0	0.0	0.0	0.0	0.0	0.0	0.0	0.0	0.0	0.0	0.0	0.0	0.0	0.0	0.0	0.0	0.0	0.0	0.0	0.0	0.09004237288135593	0.0	0.030737704918032786	0.0	0.0	0.0	0.0	0.0	0.0	0.0	0.0	0.0	0.08796296296296297	0.0	0.25	0.0	0.0	0.0	0.0014367816091954023	0.0	0.0	0.0	0.0	0.0	0.0	0.0	0.0	0.0	0.0	0.0	50	99.6
sub-M2159	29084	0.0	0.0	0.0	0.0	0.0	0.0	0.0	0.0	0.0	0.0	0.0	0.0	0.0	0.0	0.0	0.0	0.0	0.0	0.0	0.0	0.0	0.0	0.0	0.0	0.0	0.0	0.0	0.0	0.0	0.0	0.00011200716845878136	0.0	0.0	0.0	0.0	0.0	0.0	0.0	0.0	0.0	0.0	0.0	0.0	0.0	0.0	0.0	0.0	0.0	0.0	0.0	0.012	0.0	0.0	0.0	0.0	0.0	0.0	0.0	0.005136986301369863	0.0	0.0	0.0	0.0380248500428449	0.0	0.0009791122715404699	0.0	0.0	0.0	0.0	0.0	0.0586340206185567	0.0	0.003320683111954459	0.0	0.10159010600706714	0.0	0.0	0.0	0.0	0.0	0.0	0.0	0.0	0.0	0.0	0.0	0.005824372759856631	0.0	0.00051440329218107	0.0	0.00375	0.0	0.0	0.0	0.03387850467289719	0.0	0.0	0.0	0.3527227722772277	0.0	0.20494454713493532	0.0	0.6033163265306123	0.0	0.476461038961039	0.0	0.08333333333333333	0.0	0.02538560411311054	0.0	0.11399474375821288	0.0	0.04514872521246459	0.0	0.17346938775510204	0.0	0.0	0.0	0.0	0.0	0.0	0.0	0.0	0.0	0.01829896907216495	0.0	0.09625256673511294	0.0	0.07472826086956522	0.0	0.2029058116232465	0.0	0.25705645161290325	0.0	0.24555555555555555	0.0	0.20977722772277227	0.0	0.44455922865013775	0.0	0.0	0.0	0.0	0.0	0.0	0.0	0.0	0.0	0.0	0.0	0.0	0.0	0.0	0.0	0.03209642470205851	0.0	0.02980769230769231	0.0	0.17204545454545456	0.0	0.0	0.0	0.0	0.0	0.001441299790356394	0.0	0.0025540865384615385	0.0	0.0	0.0	0.0	0.0	0.0	0.0	0.024338006230529594	0.0	0.6962025316455697	0.0	0.0	0.0	0.0	0.0	0.0	0.0	0.0	0.0	0.0	0.0	0.0	0.0	0.0	0.0	0.0	0.0	0.0	0.0	0.0	0.0	0.0	0.0	0.0	0.0	0.0	0.0	0.0	0.0	0.0	0.0	0.0	0.0	0.0	0.0	0.0	0.0	0.0	0.0	0.0	0.0	0.0	0.0	0.0	0.0	0.0	0.0	0.0	0.0	0.0	0.0	0.0	0.0	0.0	0.0	0.0	0.0	0.0	0.0	0.0	0.0	0.0	0.0	0.0	0.0	0.0	0.0	0.0	0.0	0.0	0.0	0.0	0.0	0.0	0.0	0.0	0.0	0.0	0.0	0.0	0.0	0.0	0.0	0.0	0.0	0.0	0.0	0.0	0.0	0.0	0.0	0.0	0.0	0.0	0.0	0.0	0.0	0.0	0.0	0.0	0.0	0.0	0.0	0.0	0.0	0.0	0.0	0.0	0.0	0.0	0.0	0.0	0.0	0.0	0.0	0.0	0.0	0.0048828125	0.0	0.0	0.0	0.0	0.0	0.0033707865168539327	0.0	0.0	0.0	0.0	0.0	0.0	0.0	0.0	0.0	0.0	0.0	0.0	0.0	0.0	0.0	0.0	0.0	0.0	0.0	0.0	0.0	0.0	0.0	0.0	0.0	0.0	0.0	0.0	0.0	0.0	0.0	0.0	0.0	0.0	0.0	0.0	0.0	0.0	0.0	0.0	0.0	0.0	0.0	0.0	0.0	0.0	0.0	0.0	0.0	0.0	0.0	0.0	0.0	0.0	0.0	0.0	0.0	0.0	0.0	0.0	0.0	0.0	0.0	0.0	0.0	0.0	0.0	0.0	0.0	0.0	0.0	0.0	0.0	0.0	0.0	0.0	0.0	0.0	0.0	0.0	0.0	0.0	0.0	71	99.1
sub-M2160	113785	0.0	0.0	0.07532649253731344	0.0	0.9868421052631579	0.0	0.0	0.0	0.0	0.0	0.5293307086614173	0.0	0.7286551339285714	0.0	0.9465579710144928	0.0	0.8817204301075269	0.0	0.057904411764705885	0.0	0.21903820816864294	0.0	0.49375	0.0	0.6748496993987976	0.0	0.6658163265306123	0.0	0.001282051282051282	0.0	0.7637768817204301	0.0	0.004460822342901474	0.0	0.0	0.0	0.0	0.0	0.0	0.0	0.0	0.0	0.0	0.0	0.0	0.0	0.0	0.0	0.0	0.0	0.734	0.0	1.0	0.0	0.8936567164179104	0.0	0.8939447592067988	0.0	0.5436643835616438	0.0	0.9933712121212122	0.0	0.5674807197943444	0.0	0.8805483028720626	0.0	0.7657461240310077	0.0	0.8290918163672655	0.0	0.1134020618556701	0.0	0.29388045540796964	0.0	0.01060070671378092	0.0	0.5942622950819673	0.0	0.7744708994708994	0.0	0.3987154150197628	0.0	0.06735436893203883	0.0	0.06264367816091954	0.0	0.042114695340501794	0.0	0.006687242798353909	0.0	0.0	0.0	0.0	0.0	0.0	0.0	0.0	0.0	0.0	0.0	0.0	0.0	0.0	0.0	0.0	0.0	0.0	0.0	0.053020565552699225	0.0	0.0004927726675427069	0.0	0.0010623229461756375	0.0	0.0	0.0	0.0	0.0	0.0	0.0	0.0	0.0	0.0	0.0	0.0	0.0	0.0	0.0	0.0	0.0	0.0	0.0	0.0	0.0	0.0	0.0	0.0	0.0	0.0	0.0	0.0	0.0	0.0	0.0	0.0	0.0	0.0	0.0	0.0	0.0	0.0003405994550408719	0.0	0.0	0.0	0.1871614301191766	0.0	0.07923076923076923	0.0	0.24772727272727274	0.0	0.0	0.0	0.0	0.0	0.0	0.0	0.0	0.0	0.0	0.0	0.0	0.0	0.0	0.0	0.0	0.0	0.0	0.0	0.0	0.0	0.0	0.0	0.0	0.0	0.0	0.0	0.0	0.0	0.0	0.0	0.0	0.0	0.0	0.0	0.0	0.0	0.0	0.0	0.0	0.0	0.0	0.0	0.0	0.0	0.0	0.0	0.0	0.0	0.0	0.0	0.01278877887788779	0.0	0.0	0.0	0.0	0.0	0.0	0.0	0.0	0.0	0.07884615384615384	0.0	0.3460820895522388	0.0	0.07987451737451738	0.0	0.003700657894736842	0.0	0.0787037037037037	0.0	0.02377717391304348	0.0	0.14194139194139194	0.0	0.05457089552238806	0.0	0.09844559585492228	0.0	0.44260700389105057	0.0	0.0	0.0	0.0	0.0	0.0	0.0	0.0	0.0	0.0	0.0	0.0	0.0	0.0	0.0	0.0	0.0	0.10443037974683544	0.0	0.22010869565217392	0.0	0.028380102040816327	0.0	0.0	0.0	0.0	0.0	0.0	0.0	0.0	0.0	0.0	0.0	0.11149691358024691	0.0	0.04292452830188679	0.0	0.0	0.0	0.0	0.0	0.0	0.0	0.0	0.0	0.0	0.0	0.0	0.0	0.0	0.0	0.0	0.0	0.0	0.0	0.0	0.0	0.0	0.0	0.0	0.0	0.0	0.0	0.0	0.0	0.0	0.0	0.0	0.0	0.0	0.0	0.0	0.0	0.0	0.0	0.0	0.0	0.0	0.0	0.0	0.0	0.0	0.0	0.0	0.0	0.0	0.0	0.0	0.0	0.0	0.0	0.0	0.0	0.0	0.0	0.0	0.0	0.0	0.0	0.0	0.0	0.0	0.0	0.0	0.0	0.0	0.0	0.0	0.0	0.0	0.0	0.0	0.0	0.0	0.0	0.0	0.0	0.0	0.0	0.15948275862068967	0.0	0.0	0.0	0.0154296875	0.0	0.007102272727272727	0.0	0.0	0.0	0.0	0.0	0.0	0.0	0.0	0.0	0.0	0.0	0.0	0.0	0.0	0.0	0.0	0.0	0.0	0.0	40	96.4
sub-M2162	2262	0.0	0.0	0.0	0.0	0.0	0.0	0.0	0.0	0.0	0.0	0.0	0.0	0.0	0.0	0.0	0.0	0.0	0.0	0.0	0.0	0.0	0.0	0.0	0.0	0.0	0.0	0.0	0.0	0.0	0.0	0.0	0.0	0.0	0.0	0.0	0.0	0.0	0.0	0.0	0.0	0.0	0.0	0.0	0.0	0.0	0.0	0.0	0.0	0.0	0.0	0.0	0.0	0.0	0.0	0.0	0.0	0.0	0.0	0.0	0.0	0.0	0.0	0.0	0.0	0.0	0.0	0.0	0.0	0.0	0.0	0.0	0.0	0.0	0.0	0.0	0.0	0.0	0.0	0.0	0.0	0.0	0.0	0.0	0.0	0.0	0.0	0.0	0.0	0.0	0.0	0.0	0.0	0.0	0.0	0.0	0.0	0.0	0.0	0.0	0.0	0.0	0.0	0.0	0.0	0.0	0.0	0.0	0.0	0.0	0.0	0.0	0.0	0.0	0.0	0.0	0.0	0.0	0.0	0.0	0.0	0.0	0.0	0.0	0.0	0.0	0.0	0.0	0.0	0.0	0.0	0.0	0.0	0.0	0.0	0.0	0.0	0.0	0.0	0.0	0.0	0.0	0.0	0.0	0.0	0.0	0.0	0.0	0.0	0.0	0.0	0.0	0.0	0.0	0.0	0.0	0.0	0.0	0.0	0.0	0.0	0.0	0.0	0.0	0.0	0.0	0.0	0.0	0.0	0.0	0.0	0.0	0.0	0.0	0.0	0.0	0.0	0.0	0.0	0.0	0.0	0.0	0.0	0.0	0.0	0.0	0.0	0.0	0.0	0.0	0.0	0.0	0.0	0.0	0.0	0.0	0.0	0.0	0.0	0.0	0.0	0.0	0.0	0.0	0.0	0.0	0.0	0.0	0.0	0.0	0.0	0.0	0.0	0.0	0.0	0.0	0.0	0.0	0.0	0.0	0.0	0.0	0.0	0.0	0.0	0.0	0.0	0.0	0.0	0.0	0.0	0.0	0.0	0.0	0.0	0.0	0.0	0.0	0.0	0.0	0.0	0.0	0.0	0.0	0.0	0.0	0.0	0.0	0.0	0.0	0.0	0.0	0.0	0.0	0.0	0.0	0.0	0.0	0.0	0.0	0.0	0.0	0.0	0.0	0.0	0.0	0.0	0.0	0.0	0.0	0.0	0.0	0.0	0.0	0.0	0.0	0.0	0.0	0.0	0.0	0.0	0.0	0.0	0.0	0.0	0.0	0.0	0.0	0.0	0.0	0.0	0.0	0.0	0.0	0.0	0.0	0.0	0.0	0.0	0.0	0.0	0.0	0.0	0.0	0.0	0.0	0.0	0.0	0.0	0.0	0.0	0.0	0.0	0.0	0.0	0.0	0.0	0.0	0.0	0.0	0.0	0.0	0.0	0.0	0.0	0.0	0.0	0.0	0.0	0.0	0.0	0.0	0.0	0.0	0.0	0.0	0.0	0.0	0.0	0.0	0.0	0.0	0.0	0.0	0.0	0.0	0.0	0.0	0.0	0.0	0.0	0.0	0.0	0.014204545454545454	0.0	0.001059322033898305	0.0	0.0860655737704918	0.0	0.004310344827586207	0.0	0.0	0.0	0.1265625	0.0	0.022549715909090908	0.0	0.0	0.0	0.0	0.0	0.0	0.0	0.0	0.0	0.0	0.0	0.0	0.0	0.0	0.0	0.0	0.0	0.0	0.0	59	98.4
sub-M2164	4116	0.0	0.0	0.0	0.0	0.0	0.0	0.0	0.0	0.0	0.0	0.0	0.0	0.0	0.0	0.0	0.0	0.0	0.0	0.0	0.0	0.0	0.0	0.0	0.0	0.0	0.0	0.0	0.0	0.0	0.0	0.0	0.0	0.0	0.0	0.0	0.0	0.0	0.0	0.0	0.0	0.0	0.0	0.0	0.0	0.0	0.0	0.0	0.0	0.0	0.0	0.0	0.0	0.0	0.0	0.0	0.0	0.0	0.0	0.0	0.0	0.0	0.0	0.0	0.0	0.0	0.0	0.0	0.0	0.0	0.0	0.0	0.0	0.0	0.0	0.0	0.0	0.0	0.0	0.0	0.0	0.0	0.0	0.0	0.0	0.0	0.0	0.0	0.0	0.0	0.0	0.0	0.0	0.0	0.0	0.0	0.0	0.0	0.0	0.0	0.0	0.0	0.0	0.0	0.0	0.0	0.0	0.0	0.0	0.0	0.0	0.0	0.0	0.0	0.0	0.0	0.0	0.0	0.0	0.0	0.0	0.0	0.0	0.0	0.0	0.0	0.0	0.00038501026694045176	0.0	0.0	0.0	0.0	0.0	0.0	0.0	0.0	0.0	0.0	0.0	0.0	0.0	0.0	0.0	0.0	0.0	0.0	0.0	0.0	0.0	0.0	0.0	0.0	0.0	0.0	0.0	0.0	0.0	0.0	0.0	0.0	0.0	0.0	0.0	0.0	0.0	0.0	0.0	0.0	0.0	0.0	0.0	0.0	0.0	0.0	0.0	0.0	0.0	0.0	0.0	0.0	0.0	0.0	0.0	0.0	0.0	0.0	0.0	0.0	0.0	0.0	0.0	0.0	0.0	0.0	0.0	0.0	0.0	0.0	0.0	0.0	0.0	0.0	0.0	0.0	0.0	0.0	0.0	0.0	0.0	0.0	0.0	0.0	0.0	0.0	0.0	0.0	0.0	0.0	0.0	0.0	0.0	0.0	0.0	0.0	0.0	0.0	0.0	0.0	0.0	0.0	0.0	0.0	0.0	0.0	0.0	0.0	0.0	0.0	0.0	0.0	0.0	0.0	0.0	0.0	0.0	0.0	0.0	0.0	0.0	0.0	0.0	0.0	0.0	0.0	0.0	0.0	0.0	0.0	0.0	0.0	0.0	0.0	0.0	0.0	0.0	0.0	0.0	0.0	0.0	0.0	0.0	0.0	0.0	0.0	0.0	0.0	0.0	0.0	0.0	0.0	0.0	0.0	0.0	0.05277185501066098	0.0	0.0	0.0	0.0	0.0	0.03212074303405573	0.0	0.0	0.0	0.0	0.0	0.0	0.0	0.0	0.0	0.25787037037037036	0.0	0.08033707865168539	0.0	0.0	0.0	0.026234567901234566	0.0	0.33966431095406363	0.0	0.12709205020920503	0.0	0.0	0.0	0.0	0.0	0.002329192546583851	0.0	0.0	0.0	0.0	0.0	0.0	0.0	0.0	0.0	0.0	0.0	0.0	0.0	0.01905684754521964	0.0	0.0	0.0	0.0	0.0	0.0	0.0	0.0	0.0	0.2799479166666667	0.0	0.10242663656884876	0.0	0.0	0.0	0.0	0.0	0.0	0.0	0.0	0.0	0.0	0.0	0.0	0.0	0.0	0.0	0.0	0.0	0.0	0.0	0.0	0.0	0.0	0.0	0.0	0.0	0.0	0.0	0.0	0.0	0.0	0.0	0.0	0.0	0.12400793650793651	0.0	0.0	0.0	0.0	0.0	0.0	0.0	0.0	0.0	66	97.0
sub-M2165	338316	0.0	0.0	0.0	0.0	0.0	0.0	0.0	0.0	0.0	0.0	0.0	0.0	0.017020089285714284	0.0	0.0036231884057971015	0.0	0.014336917562724014	0.0	0.0	0.0	0.0	0.0	0.0	0.0	0.33567134268537074	0.0	0.43826530612244896	0.0	0.0	0.0	0.7232302867383512	0.0	0.3048875096974399	0.0	0.0	0.0	0.0	0.0	0.0	0.0	0.10833333333333334	0.0	0.002244165170556553	0.0	0.0	0.0	0.0	0.0	0.0	0.0	0.9845	0.0	0.0	0.0	0.0	0.0	0.2183073654390935	0.0	0.8373287671232876	0.0	0.0	0.0	0.9451585261353899	0.0	0.4089425587467363	0.0	0.30329457364341084	0.0	0.0374251497005988	0.0	1.0	0.0	0.8833017077798861	0.0	1.0	0.0	0.36065573770491804	0.0	0.0006613756613756613	0.0	0.16551383399209485	0.0	0.5770631067961165	0.0	0.009770114942528735	0.0	1.0	0.0	1.0	0.0	0.9983333333333333	0.0	0.9735202492211839	0.0	0.9450934579439252	0.0	0.9883177570093458	0.0	0.9154290429042904	0.0	0.9798983364140481	0.0	0.8068877551020408	0.0	0.9391233766233766	0.0	1.0	0.0	0.9591902313624678	0.0	0.9659986859395532	0.0	0.5894121813031161	0.0	0.35459183673469385	0.0	0.519453642384106	0.0	0.7661516853932584	0.0	0.7866753472222222	0.0	0.6275862068965518	0.0	0.8711340206185567	0.0	0.9028490759753593	0.0	0.9116847826086957	0.0	0.7645290581162325	0.0	0.7111895161290323	0.0	0.9311111111111111	0.0	0.9393564356435643	0.0	0.7011019283746557	0.0	0.9730215827338129	0.0	0.8799083769633508	0.0	0.0798611111111111	0.0	0.6356516290726817	0.0	0.4245735607675906	0.0	0.8673365122615804	0.0	0.9943086003372681	0.0	0.9623510292524377	0.0	0.9982692307692308	0.0	1.0	0.0	1.0	0.0	1.0	0.0	0.9930555555555556	0.0	0.9966947115384616	0.0	0.9428680981595092	0.0	1.0	0.0	1.0	0.0	0.9618380062305296	0.0	0.9753867791842475	0.0	0.9814560439560439	0.0	0.9801772388059702	0.0	0.9877819548872181	0.0	0.8956653225806451	0.0	0.9381720430107527	0.0	0.9660174880763116	0.0	0.9346330275229358	0.0	0.9746951219512195	0.0	0.9825367647058824	0.0	0.7823691460055097	0.0	0.9794776119402985	0.0	0.9314750290360047	0.0	0.8885869565217391	0.0	0.2762784090909091	0.0	0.0	0.0	0.0	0.0	0.0	0.0	0.0	0.0	0.0	0.0	0.0	0.0	0.0	0.0	0.0	0.0	0.0	0.0	0.0	0.0	0.0	0.0	0.0	0.0	0.0	0.0	0.0	0.0	0.0	0.0	0.0	0.0	0.0	0.0	0.0	0.0	0.0	0.0	0.0	0.0	0.0	0.0	0.0	0.0	0.0	0.0	0.0	0.0	0.0	0.0	0.0	0.0	0.0	0.0	0.0	0.0	0.0	0.0	0.164519906323185	0.0	0.0	0.0	0.0	0.0	0.0	0.0	0.0	0.0	0.0	0.0	0.0	0.0	0.042782738095238096	0.0	0.0	0.0	0.07329424307036247	0.0	0.2865384615384615	0.0	0.319385593220339	0.0	0.11261609907120743	0.0	0.9889705882352942	0.0	0.7076271186440678	0.0	0.5029296875	0.0	0.3912671232876712	0.0	0.17662037037037037	0.0	0.2845505617977528	0.0	0.6345842332613391	0.0	0.0	0.0	0.12323321554770318	0.0	0.0020920502092050207	0.0	0.5328947368421053	0.0	0.6303571428571428	0.0	0.2864906832298137	0.0	0.24406047516198703	0.0	0.005434782608695652	0.0	0.0	0.0	0.04217325227963526	0.0	0.0	0.0	0.0	0.0	0.012919896640826873	0.0	0.6099457058242843	0.0	0.7130872483221476	0.0	0.5381844380403458	0.0	0.8220524017467249	0.0	0.3177083333333333	0.0	0.6757900677200903	0.0	0.9995300751879699	0.0	0.21462264150943397	0.0	0.0	0.0	0.0	0.0	0.0051928783382789315	0.0	0.016098484848484848	0.0	0.0	0.0	0.06967213114754098	0.0	0.036637931034482756	0.0	0.005681818181818182	0.0	0.30390625	0.0	0.5770596590909091	0.0	0.0	0.0	0.0	0.0	0.0	0.0	0.0	0.0	0.0	0.0	0.0	0.0	0.0	0.0	0.0	0.0	0.0	0.0	51	20.1
sub-M2168	118036	0.0	0.0	0.0	0.0	0.0	0.0	0.0	0.0	0.0	0.0	0.0	0.0	0.0	0.0	0.0	0.0	0.011648745519713262	0.0	0.0	0.0	0.0	0.0	0.0	0.0	0.0	0.0	0.020918367346938777	0.0	0.0	0.0	0.417002688172043	0.0	0.18405740884406516	0.0	0.0	0.0	0.0	0.0	0.0	0.0	0.0	0.0	0.0	0.0	0.0	0.0	0.0	0.0	0.0	0.0	0.8925	0.0	0.125	0.0	0.0	0.0	0.19210339943342777	0.0	0.7585616438356164	0.0	0.030303030303030304	0.0	0.9613324764353042	0.0	0.641644908616188	0.0	0.3065649224806202	0.0	0.25673652694610777	0.0	0.9961340206185567	0.0	0.8263757115749526	0.0	0.8409893992932862	0.0	0.2930327868852459	0.0	0.05555555555555555	0.0	0.11511857707509882	0.0	0.027912621359223302	0.0	0.0	0.0	0.8481182795698925	0.0	0.9120370370370371	0.0	0.8245833333333333	0.0	0.3333333333333333	0.0	0.06425233644859812	0.0	0.169392523364486	0.0	0.0	0.0	0.0	0.0	0.0	0.0	0.0	0.0	0.0	0.0	0.2133676092544987	0.0	0.00788436268068331	0.0	0.030276203966005666	0.0	0.0	0.0	0.0	0.0	0.0	0.0	0.0	0.0	0.0	0.0	0.0	0.0	0.0	0.0	0.0	0.0	0.0	0.0	0.0	0.0	0.0	0.0	0.0	0.0	0.0	0.0	0.0	0.0	0.0	0.0	0.0	0.0	0.0	0.0	0.01279317697228145	0.0	0.3768732970027248	0.0	0.6041315345699831	0.0	0.9471830985915493	0.0	0.9775	0.0	1.0	0.0	0.9904761904761905	0.0	0.9650974025974026	0.0	0.7247117400419287	0.0	0.6524939903846154	0.0	0.0	0.0	0.23542183622828783	0.0	0.5113275039745628	0.0	0.35786604361370716	0.0	0.0	0.0	0.009615384615384616	0.0	0.0	0.0	0.11090225563909774	0.0	0.15272177419354838	0.0	0.0	0.0	0.0	0.0	0.0	0.0	0.0	0.0	0.0	0.0	0.0	0.0	0.13992537313432835	0.0	0.0	0.0	0.0	0.0	0.0	0.0	0.0	0.0	0.0	0.0	0.0	0.0	0.0	0.0	0.0	0.0	0.0	0.0	0.0	0.0	0.0	0.0	0.0	0.0	0.0	0.0	0.0	0.0	0.0	0.0	0.0	0.0	0.0	0.0	0.0	0.0	0.02461139896373057	0.0	0.005350194552529183	0.0	0.0	0.0	0.0	0.0	0.0	0.0	0.0	0.0	0.0	0.0	0.0	0.0	0.0	0.0	0.0	0.0	0.0	0.0	0.0	0.0	0.0	0.0	0.0	0.0	0.0	0.0	0.0	0.0	0.0	0.0	0.0	0.0	0.0	0.0	0.0	0.0	0.0	0.0	0.0	0.0	0.0	0.0	0.0	0.0	0.0	0.0	0.0	0.0	0.0	0.0	0.0	0.0	0.0	0.0	0.0	0.0	0.0	0.0	0.0	0.0	0.0	0.0	0.0	0.0	0.0	0.0	0.0	0.0	0.0	0.0	0.0	0.0	0.0	0.0	0.0	0.0	0.0	0.0	0.0	0.0	0.0	0.0	0.0	0.0	0.0	0.0	0.0	0.0	0.0	0.0	0.0	0.0	0.0	0.0	0.0	0.0	0.0	0.0	0.0	0.0	0.0	0.0	0.0	0.0	0.0	0.0	0.0	0.0	0.0	0.0	0.0	0.0	0.0	0.0	0.0	0.0	0.0	0.0	0.0	0.0	0.0	0.0	0.0185546875	0.0	0.14861505681818182	0.0	0.0	0.0	0.0	0.0	0.0	0.0	0.0	0.0	0.0	0.0	0.0	0.0	0.0	0.0	0.0	0.0	0.0	0.0	55	71.7
sub-M2169	132422	0.0	0.0	0.0	0.0	0.0	0.0	0.0	0.0	0.0	0.0	0.0	0.0	0.0	0.0	0.0	0.0	0.0	0.0	0.0	0.0	0.0	0.0	0.0	0.0	0.0	0.0	0.0	0.0	0.0	0.0	0.0023521505376344087	0.0	0.0	0.0	0.0	0.0	0.0	0.0	0.0	0.0	0.0	0.0	0.0	0.0	0.0	0.0	0.0	0.0	0.0	0.0	0.0	0.0	0.0	0.0	0.0	0.0	0.0	0.0	0.0	0.0	0.0	0.0	0.0	0.0	0.0	0.0	0.0	0.0	0.0	0.0	0.0	0.0	0.0	0.0	0.012809187279151944	0.0	0.0	0.0	0.0	0.0	0.0	0.0	0.0	0.0	0.0	0.0	0.11021505376344086	0.0	0.01646090534979424	0.0	0.0	0.0	0.12110591900311526	0.0	0.4532710280373832	0.0	0.11799065420560748	0.0	0.903052805280528	0.0	0.6968576709796673	0.0	0.7579081632653061	0.0	0.981737012987013	0.0	0.3313802083333333	0.0	0.03245501285347044	0.0	0.21090670170827858	0.0	0.32507082152974504	0.0	0.8698979591836735	0.0	0.3042218543046358	0.0	0.6671348314606742	0.0	0.8198784722222222	0.0	0.43103448275862066	0.0	0.9600515463917526	0.0	0.6438655030800822	0.0	0.5251358695652174	0.0	0.8987975951903807	0.0	0.8984375	0.0	0.9716666666666667	0.0	0.9987623762376238	0.0	0.9772727272727273	0.0	0.6052158273381295	0.0	0.4178664921465969	0.0	0.0	0.0	0.0	0.0	0.0	0.0	0.0	0.0	0.0	0.0	0.09236186348862405	0.0	0.005384615384615384	0.0	0.010454545454545454	0.0	0.0	0.0	0.0	0.0	0.1019392033542977	0.0	0.2659254807692308	0.0	0.0	0.0	0.007133995037220843	0.0	0.7329093799682035	0.0	0.9073208722741433	0.0	0.9978902953586498	0.0	0.06524725274725275	0.0	0.8269589552238806	0.0	0.7650375939849624	0.0	0.9438004032258065	0.0	0.041666666666666664	0.0	0.5804848966613673	0.0	0.7117737003058104	0.0	0.6963414634146341	0.0	0.9935661764705882	0.0	0.0	0.0	0.0	0.0	0.001596980255516841	0.0	0.0	0.0	0.0	0.0	0.0	0.0	0.0	0.0	0.0	0.0	0.0	0.0	0.0	0.0	0.0	0.0	0.0	0.0	0.0	0.0	0.0	0.0	0.0	0.0	0.0	0.0	0.0	0.0	0.0	0.0	0.0	0.0	0.0	0.0	0.0	0.0	0.0	0.0	0.0	0.0	0.0	0.0	0.0	0.0	0.0	0.0	0.0	0.0	0.0	0.0	0.0	0.0	0.0	0.0	0.0	0.0	0.0	0.0	0.0	0.0	0.0	0.0	0.054156908665105384	0.0	0.0	0.0	0.0	0.0	0.0	0.0	0.0	0.0	0.0	0.0	0.0	0.0	0.0	0.0	0.0	0.0	0.0482409381663113	0.0	0.13942307692307693	0.0	0.12447033898305085	0.0	0.02863777089783282	0.0	0.8897058823529411	0.0	0.643361581920904	0.0	0.46630859375	0.0	0.3784246575342466	0.0	0.14791666666666667	0.0	0.32303370786516855	0.0	0.22745680345572356	0.0	0.0	0.0	0.00044169611307420494	0.0	0.0	0.0	0.10855263157894737	0.0	0.1705357142857143	0.0	0.019409937888198756	0.0	0.0	0.0	0.0	0.0	0.0	0.0	0.0	0.0	0.0	0.0	0.0	0.0	0.0	0.0	0.0	0.0	0.0025167785234899327	0.0	0.1628242074927954	0.0	0.11599344978165939	0.0	0.020833333333333332	0.0	0.15265237020316028	0.0	0.9464285714285714	0.0	0.0	0.0	0.0	0.0	0.0	0.0	0.0	0.0	0.0	0.0	0.0	0.0	0.0	0.0	0.0	0.0	0.0	0.0	0.0001953125	0.0	0.0	0.0	0.0	0.0	0.0	0.0	0.0	0.0	0.0	0.0	0.0	0.0	0.0	0.0	0.0	0.0	0.0	0.0	0.0	0.0	68	37.6
sub-M2170	21396	0.0	0.0	0.0	0.0	0.0	0.0	0.0	0.0	0.0	0.0	0.0	0.0	0.0	0.0	0.0	0.0	0.0	0.0	0.0	0.0	0.0	0.0	0.0	0.0	0.0	0.0	0.0	0.0	0.0	0.0	0.0	0.0	0.0	0.0	0.0	0.0	0.0	0.0	0.0	0.0	0.0	0.0	0.0	0.0	0.0	0.0	0.0	0.0	0.0	0.0	0.0	0.0	0.0	0.0	0.0	0.0	0.0	0.0	0.0	0.0	0.0	0.0	0.0	0.0	0.0	0.0	0.0024224806201550387	0.0	0.0	0.0	0.0	0.0	0.051707779886148005	0.0	0.05918727915194346	0.0	0.0	0.0	0.0	0.0	0.018280632411067192	0.0	0.0	0.0	0.0	0.0	0.31272401433691754	0.0	0.2993827160493827	0.0	0.03666666666666667	0.0	0.7897196261682243	0.0	0.9731308411214953	0.0	0.9147196261682243	0.0	0.733085808580858	0.0	0.18322550831792975	0.0	0.0	0.0	0.0	0.0	0.3079427083333333	0.0	0.36889460154241643	0.0	0.07506570302233903	0.0	0.09118271954674222	0.0	0.0	0.0	0.0	0.0	0.0	0.0	0.0	0.0	0.0	0.0	0.0	0.0	0.0	0.0	0.0	0.0	0.0	0.0	0.0	0.0	0.0	0.0	0.0	0.0	0.0	0.0	0.0	0.0	0.0	0.0	0.0	0.0	0.0	0.0	0.0	0.0	0.0	0.0	0.0	0.0	0.0021668472372697724	0.0	0.0	0.0	0.0	0.0	0.0	0.0	0.0	0.0	0.16614255765199162	0.0	0.14332932692307693	0.0	0.0	0.0	0.0	0.0	0.0	0.0	0.2299454828660436	0.0	0.3444092827004219	0.0	0.0	0.0	0.0	0.0	0.0	0.0	0.0	0.0	0.0	0.0	0.0	0.0	0.0	0.0	0.0	0.0	0.0	0.0	0.0	0.0	0.0	0.0	0.0	0.0	0.0	0.0	0.0	0.0	0.0	0.0	0.0	0.0	0.0	0.0	0.0	0.0	0.0	0.0	0.0	0.0	0.0	0.0	0.0	0.0	0.0	0.0	0.0	0.0	0.0	0.0	0.0	0.0	0.0	0.0	0.0	0.0	0.0	0.0	0.0	0.0	0.0	0.0	0.0	0.0	0.0	0.0	0.0	0.0	0.0	0.0	0.0	0.0	0.0	0.0	0.0	0.0	0.0	0.0	0.0	0.0	0.0	0.0	0.0	0.0	0.0	0.0	0.0	0.0	0.0	0.0	0.0	0.0	0.0	0.0	0.0	0.0	0.0	0.0	0.0	0.0	0.0	0.0	0.0	0.0	0.0	0.0	0.0	0.0	0.0	0.0	0.0	0.0	0.0	0.0	0.0	0.0	0.0	0.0	0.0	0.0	0.0	0.0	0.0	0.0	0.0	0.0	0.0	0.0	0.0	0.0	0.0	0.0	0.0	0.0	0.0	0.0	0.0	0.0	0.0	0.0	0.0	0.0	0.0	0.0	0.0	0.0	0.0	0.0	0.0	0.0	0.0	0.0	0.0	0.0	0.0	0.0	0.0	0.0	0.0	0.0	0.0	0.0	0.0	0.0	0.0	0.0	0.0	0.0	0.0	0.0	0.0	0.0	0.0	0.0	0.0	0.0	0.0	0.0	0.0	0.0	0.0	0.0	0.0	0.0	0.0	0.0	0.0	0.0	0.0	0.0	0.0	0.0	0.0	0.0	0.0	0.0	0.0	0.0	0.0	0.0	0.0	0.0	0.0	0.0	0.0	0.0	42	91.8
sub-M2172	65647	0.0	0.0	0.0	0.0	0.0	0.0	0.0	0.0	0.0	0.0	0.0	0.0	0.0	0.0	0.0	0.0	0.0	0.0	0.0	0.0	0.0	0.0	0.0	0.0	0.0	0.0	0.0	0.0	0.0	0.0	0.0	0.0	0.0	0.0	0.0	0.0	0.0	0.0	0.0	0.0	0.0	0.0	0.0	0.0	0.0	0.0	0.0	0.0	0.0	0.0	0.0	0.0	0.0	0.0	0.0	0.0	0.0	0.0	0.0	0.0	0.0	0.0	0.0	0.0	0.0	0.0	0.0	0.0	0.002245508982035928	0.0	0.0	0.0	0.024430740037950663	0.0	0.29041519434628976	0.0	0.6331967213114754	0.0	0.042328042328042326	0.0	0.35523715415019763	0.0	0.9648058252427184	0.0	0.5531609195402298	0.0	0.364247311827957	0.0	0.37962962962962965	0.0	0.12458333333333334	0.0	0.8115264797507789	0.0	0.7932242990654206	0.0	0.8457943925233645	0.0	0.9422442244224423	0.0	0.9905268022181146	0.0	0.8765306122448979	0.0	0.7698863636363636	0.0	0.9140625	0.0	0.5462724935732648	0.0	0.9724047306176085	0.0	0.6687322946175638	0.0	0.0	0.0	0.0	0.0	0.0	0.0	0.0	0.0	0.0	0.0	0.0	0.0	0.0	0.0	0.0	0.0	0.0	0.0	0.0007560483870967742	0.0	0.0	0.0	0.05631188118811881	0.0	0.1986914600550964	0.0	0.0	0.0	0.0	0.0	0.0	0.0	0.0	0.0	0.0	0.0	0.0	0.0	0.0	0.0	0.013407367280606717	0.0	0.0	0.0	0.0	0.0	0.0	0.0	0.0	0.0	0.2503930817610063	0.0	0.0907451923076923	0.0	0.0	0.0	0.0	0.0	0.0021860095389507153	0.0	0.46748442367601245	0.0	0.9321378340365682	0.0	0.0	0.0	0.0	0.0	0.0	0.0	0.03679435483870968	0.0	0.0	0.0	0.0	0.0	0.0	0.0	0.0	0.0	0.0	0.0	0.0	0.0	0.0	0.0	0.0	0.0	0.0	0.0	0.0	0.0	0.0	0.0	0.0	0.0	0.0	0.0	0.0	0.0	0.0	0.0	0.0	0.0	0.0	0.0	0.0	0.0	0.0	0.0	0.0	0.0	0.0	0.0	0.0	0.0	0.0	0.0	0.0	0.0	0.0	0.0	0.010362694300518135	0.0	0.00048638132295719845	0.0	0.0	0.0	0.0	0.0	0.0	0.0	0.0	0.0	0.0	0.0	0.0	0.0	0.0	0.0	0.0	0.0	0.0	0.0	0.0	0.0	0.0	0.0	0.0	0.0	0.0	0.0	0.0	0.0	0.010752688172043012	0.0	0.0	0.0	0.07253086419753087	0.0	0.125	0.0	0.0	0.0	0.000744047619047619	0.0	0.18963414634146342	0.0	0.0	0.0	0.0	0.0	0.0	0.0	0.0	0.0	0.0	0.0	0.0	0.0	0.0	0.0	0.0	0.0	0.0	0.0	0.0	0.0	0.0	0.0	0.0	0.0	0.0	0.0	0.0	0.0	0.0	0.0	0.0	0.0	0.0	0.0	0.0	0.0	0.0	0.0	0.0	0.0	0.0	0.0	0.0	0.0	0.0	0.0	0.0	0.0	0.0	0.0	0.0	0.0	0.0	0.0	0.0	0.0	0.0	0.0	0.0	0.0	0.0	0.0	0.0	0.0	0.0	0.0	0.0	0.0	0.0	0.0	0.0	0.0	0.0	0.0	0.0	0.0	0.0	0.0	0.0	0.0	0.0	0.0	0.0	0.0	0.0	0.0	0.0	0.0	0.0	0.0	0.0	0.0	0.0	0.0	0.0	0.0	0.0	0.0	0.0	0.0	0.0	0.0	68	77.2
sub-M2173	94136	0.0	0.0	0.0	0.0	0.0	0.0	0.0	0.0	0.0	0.0	0.12244094488188977	0.0	0.16866629464285715	0.0	0.3602807971014493	0.0	0.21729390681003585	0.0	0.1870404411764706	0.0	0.044631093544137024	0.0	0.4660714285714286	0.0	0.8246492985971944	0.0	0.9530612244897959	0.0	0.5920940170940171	0.0	0.9965277777777778	0.0	0.7204228083785881	0.0	0.0	0.0	0.0	0.0	0.00024752475247524753	0.0	0.0	0.0	0.0	0.0	0.0	0.0	0.0	0.0	0.0	0.0	1.0	0.0	0.025244299674267102	0.0	0.0	0.0	0.8479107648725213	0.0	0.9726027397260274	0.0	0.0	0.0	0.6556341045415596	0.0	0.2402088772845953	0.0	0.0	0.0	0.0	0.0	0.027061855670103094	0.0	0.020398481973434534	0.0	0.04770318021201413	0.0	0.0	0.0	0.0	0.0	0.0	0.0	0.0	0.0	0.0	0.0	0.0	0.0	0.0	0.0	0.0	0.0	0.0	0.0	0.0	0.0	0.0	0.0	0.0	0.0	0.0	0.0	0.0	0.0	0.0	0.0	0.0	0.0	0.0	0.0	0.0	0.0	0.0	0.0	0.0	0.0	0.0	0.0	0.0	0.0	0.0	0.0	0.0	0.0	0.0	0.0	0.0	0.0	0.0	0.0	0.0	0.0	0.0	0.0	0.0	0.0	0.0	0.0	0.0	0.0	0.0	0.0	0.0	0.0	0.0	0.0	0.09053884711779449	0.0	0.6649786780383795	0.0	0.8232288828337875	0.0	0.11446037099494098	0.0	0.1067172264355363	0.0	0.9823076923076923	0.0	0.6538636363636363	0.0	0.5464285714285714	0.0	0.010957792207792208	0.0	0.0	0.0	0.0	0.0	0.0	0.0	0.0	0.0	0.0	0.0	0.0	0.0	0.0	0.0	0.0	0.0	0.0	0.0	0.0	0.0	0.0	0.0	0.0	0.0	0.0	0.0	0.0	0.0	0.0	0.0	0.0	0.0	0.0	0.0	0.0	0.0	0.0	0.0	0.0	0.0	0.0	0.0	0.0	0.0	0.0	0.0	0.0	0.0	0.0	0.0	0.0	0.0	0.0	0.0	0.0	0.0	0.0	0.0	0.0	0.0	0.0	0.0	0.0	0.0	0.0	0.0	0.0	0.0	0.0	0.0	0.0	0.0	0.0	0.0	0.0	0.0	0.0	0.0	0.0	0.0	0.0	0.0	0.0	0.0	0.0	0.0	0.0	0.0	0.0	0.0	0.0	0.0	0.0	0.0	0.0	0.0	0.0	0.0	0.0	0.0	0.0	0.0	0.0	0.0	0.0	0.0	0.0	0.0	0.0	0.0	0.0	0.0	0.0	0.0	0.0	0.0	0.0	0.0	0.0	0.0	0.0	0.0	0.0	0.0	0.0	0.0	0.0	0.0	0.0	0.0	0.0	0.0	0.0	0.0	0.0	0.0	0.0	0.0	0.0	0.0	0.0	0.0	0.0	0.0	0.0	0.0	0.0	0.0	0.0	0.0	0.0	0.0	0.0	0.0	0.0	0.0	0.0	0.0	0.0	0.0	0.0	0.0	0.0	0.0	0.0	0.0	0.0	0.0	0.0	0.0	0.0	0.0	0.0	0.0	0.0	0.0	0.0	0.0	0.0	0.0	0.0	0.0	0.0	0.0	0.0	0.0	0.0	0.0	0.0	0.0	0.0	0.0	0.0	0.0	0.0	0.0	0.0	0.0	0.2537109375	0.0	0.240234375	0.0	0.0	0.0	0.0	0.0	0.0	0.0	0.0	0.0	0.0	0.0	0.0	0.0	0.0	0.0	0.0	0.0	0.0	0.0	71	57.8
sub-M2175	46948	0.0	0.0	0.0	0.0	0.0	0.0	0.0	0.0	0.0	0.0	0.0	0.0	0.0	0.0	0.0	0.0	0.02620967741935484	0.0	0.0	0.0	0.0	0.0	0.0	0.0	0.0	0.0	0.0	0.0	0.0	0.0	0.003472222222222222	0.0	0.0	0.0	0.0	0.0	0.0	0.0	0.0	0.0	0.0	0.0	0.005385996409335727	0.0	0.05935251798561151	0.0	0.06055555555555556	0.0	0.0	0.0	0.0	0.0	0.016693811074918567	0.0	0.0	0.0	0.0	0.0	0.0	0.0	0.0	0.0	0.0	0.0	0.0	0.0	0.0	0.0	0.0	0.0	0.0	0.0	0.0	0.0	0.0	0.0	0.0	0.0	0.0	0.0	0.0	0.0	0.0	0.0	0.0	0.0	0.0	0.0	0.0	0.0	0.0	0.0	0.0	0.0	0.0	0.0	0.0	0.0	0.0	0.0	0.0	0.0	0.0	0.0	0.0	0.0	0.0	0.0	0.0	0.0	0.0	0.0	0.0	0.0	0.0	0.0	0.0	0.0	0.0	0.0	0.0	0.0	0.0	0.0	0.0	0.0	0.0	0.0	0.0	0.0	0.0	0.0	0.0	0.0	0.0	0.0	0.0	0.0	0.0	0.0	0.0	0.0	0.0	0.0	0.001488095238095238	0.0	0.25093984962406013	0.0	0.3019722814498934	0.0	0.20674386920980928	0.0	0.4279089376053963	0.0	0.2600216684723727	0.0	0.1901923076923077	0.0	0.2365909090909091	0.0	0.0	0.0	0.2564935064935065	0.0	0.012054507337526206	0.0	0.0016526442307692308	0.0	0.0	0.0	0.0	0.0	0.0	0.0	0.0	0.0	0.0	0.0	0.0	0.0	0.0	0.0	0.0	0.0	0.0	0.0	0.0	0.0	0.0	0.0	0.0	0.0	0.0	0.0	0.0	0.0	0.0	0.0	0.009950248756218905	0.0	0.0	0.0	0.0	0.0	0.0	0.0	0.0	0.0	0.0	0.0	0.0	0.0	0.0	0.0	0.0	0.0	0.0	0.0	0.0	0.0	0.0	0.0	0.0	0.0	0.0	0.0	0.0	0.0	0.0	0.0	0.0	0.0	0.0	0.0	0.0	0.0	0.0	0.0	0.0	0.0	0.0	0.0	0.0	0.0	0.0	0.0	0.0	0.0	0.0	0.0	0.0	0.0	0.0	0.0	0.0	0.0	0.0	0.0	0.0	0.0	0.0	0.0	0.0	0.0	0.0	0.0	0.0	0.0	0.0	0.0	0.0	0.0	0.0	0.0	0.0	0.0	0.0	0.0	0.0	0.0	0.0	0.0	0.0	0.0	0.0	0.0	0.0	0.0	0.0	0.0	0.0	0.0	0.0	0.0	0.0	0.0	0.0	0.0	0.0	0.0	0.0	0.0	0.0	0.0	0.0	0.0	0.0	0.0	0.0	0.0	0.0	0.0	0.0	0.0	0.0	0.0	0.0	0.0	0.0008581235697940503	0.0	0.0	0.0	0.0	0.0	0.0	0.0	0.0	0.0	0.0	0.0	0.0	0.0	0.0	0.0	0.0	0.0	0.0	0.0	0.0	0.0	0.0	0.0	0.0	0.0	0.08254716981132075	0.0	0.0	0.0	0.0	0.0	0.07158753709198813	0.0	0.0	0.0	0.006709039548022599	0.0	0.0030737704918032786	0.0	0.0	0.0	0.9791666666666666	0.0	0.9111328125	0.0	0.9534801136363636	0.0	0.0	0.0	0.017201834862385322	0.0	0.0	0.0	0.005747126436781609	0.0	0.47003968253968254	0.0	0.01875	0.0	0.15	0.0	0.0	0.0	0.01585144927536232	0.0	52	23.7
sub-M2176	122040	0.0	0.0	0.0	0.0	0.0	0.0	0.0	0.0	0.0	0.0	0.0	0.0	0.0	0.0	0.0	0.0	0.09296594982078853	0.0	0.0	0.0	0.0	0.0	0.0	0.0	0.0	0.0	0.0	0.0	0.0	0.0	0.0114247311827957	0.0	0.000969743987587277	0.0	0.0	0.0	0.0	0.0	0.0	0.0	0.0	0.0	0.0	0.0	0.0	0.0	0.0	0.0	0.0	0.0	0.386	0.0	0.44747557003257327	0.0	0.0	0.0	0.2473441926345609	0.0	0.791095890410959	0.0	0.48484848484848486	0.0	0.9925021422450728	0.0	0.9980417754569191	0.0	0.7392199612403101	0.0	0.22367764471057885	0.0	1.0	0.0	0.931214421252372	0.0	1.0	0.0	0.6065573770491803	0.0	0.16865079365079366	0.0	0.5953557312252964	0.0	0.42961165048543687	0.0	0.05775862068965517	0.0	0.996415770609319	0.0	0.9737654320987654	0.0	0.9754166666666667	0.0	0.9505451713395638	0.0	0.947429906542056	0.0	0.9976635514018691	0.0	0.8399339933993399	0.0	0.6039741219963032	0.0	0.0010204081632653062	0.0	0.00040584415584415587	0.0	0.7682291666666666	0.0	0.9691516709511568	0.0	0.439388961892247	0.0	0.3029390934844193	0.0	0.0	0.0	0.0	0.0	0.0	0.0	0.0	0.0	0.0	0.0	0.0	0.0	0.0	0.0	0.0	0.0	0.0	0.0	0.0	0.0	0.0	0.0	0.0	0.0	0.0	0.0	0.0	0.0	0.0	0.0	0.0	0.0	0.0	0.0	0.0	0.0	0.0	0.0	0.013490725126475547	0.0	0.8787919826652221	0.0	0.2398076923076923	0.0	0.9288636363636363	0.0	0.36547619047619045	0.0	0.1708603896103896	0.0	0.9195492662473794	0.0	0.3347355769230769	0.0	0.0	0.0	0.007133995037220843	0.0	0.03954689984101749	0.0	0.45950155763239875	0.0	0.3802742616033755	0.0	0.0	0.0	0.0	0.0	0.0	0.0	0.05216733870967742	0.0	0.0	0.0	0.0	0.0	0.0	0.0	0.0	0.0	0.0	0.0	0.0	0.0	0.0	0.0	0.0	0.0	0.0	0.0	0.0	0.0	0.0	0.0	0.0	0.0	0.0	0.0	0.0	0.0	0.0	0.0	0.0	0.0	0.0	0.0	0.0	0.0	0.0	0.0	0.0	0.0	0.0	0.0	0.0	0.0	0.0	0.0	0.0	0.0	0.0	0.0	0.0	0.0	0.0038910505836575876	0.0	0.0	0.0	0.0	0.0	0.0	0.0	0.0	0.0	0.0	0.0	0.0	0.0	0.0	0.0	0.0	0.0	0.0	0.0	0.0	0.0	0.0	0.0	0.0	0.0	0.0	0.0	0.0	0.0	0.0	0.0	0.0	0.0	0.0	0.0	0.0	0.0	0.0	0.0	0.0	0.0	0.0	0.0	0.0	0.0	0.0	0.0	0.0	0.0	0.0	0.0	0.0	0.0	0.0	0.0	0.0	0.0	0.0	0.0	0.0	0.0	0.0	0.0	0.0	0.0	0.0	0.0	0.0	0.0	0.0	0.0	0.0	0.0	0.0	0.0	0.0	0.0	0.0	0.0	0.0	0.0	0.0	0.0	0.0	0.0	0.0	0.0	0.0	0.0	0.0	0.0	0.0	0.0	0.0	0.0	0.0	0.0	0.0	0.0	0.0	0.0	0.0	0.0	0.0	0.0	0.0	0.0	0.0	0.0	0.0	0.0	0.0	0.0	0.0	0.0	0.0	0.0	0.0	0.0	0.0	0.0	0.0	0.0	0.0	0.0	0.026278409090909092	0.0	0.0	0.0	0.0	0.0	0.0	0.0	0.0	0.0	0.0	0.0	0.0	0.0	0.0	0.0	0.0	0.0	0.0	0.0	66	68.9
sub-M2177	8260	0.0	0.0	0.0	0.0	0.0	0.0	0.0	0.0	0.0	0.0	0.0	0.0	0.0	0.0	0.0	0.0	0.0	0.0	0.0	0.0	0.0	0.0	0.0	0.0	0.0	0.0	0.0	0.0	0.0	0.0	0.023745519713261647	0.0	0.0	0.0	0.0	0.0	0.0	0.0	0.0	0.0	0.0	0.0	0.0	0.0	0.0	0.0	0.0	0.0	0.0	0.0	0.1355	0.0	0.0	0.0	0.0	0.0	0.0	0.0	0.004280821917808219	0.0	0.0	0.0	0.005784061696658098	0.0	0.00489556135770235	0.0	0.011143410852713179	0.0	0.0	0.0	0.07280927835051547	0.0	0.0801707779886148	0.0	0.10490282685512367	0.0	0.0	0.0	0.0	0.0	0.0	0.0	0.0	0.0	0.0	0.0	0.017025089605734768	0.0	0.15792181069958847	0.0	0.35333333333333333	0.0	0.06619937694704049	0.0	0.01985981308411215	0.0	0.005841121495327103	0.0	0.0008250825082508251	0.0	0.0	0.0	0.0	0.0	0.0	0.0	0.0	0.0	0.01992287917737789	0.0	0.0	0.0	0.0	0.0	0.0	0.0	0.0	0.0	0.0	0.0	0.0	0.0	0.0	0.0	0.0	0.0	0.0	0.0	0.0	0.0	0.0	0.0	0.0	0.0	0.0	0.0	0.0	0.0	0.0	0.0	0.0	0.0	0.0	0.0	0.0	0.0	0.0	0.0	0.0	0.0	0.0	0.0	0.0	0.0	0.0013542795232936078	0.0	0.0	0.0	0.0	0.0	0.0	0.0	0.0	0.0	0.0	0.0	0.0	0.0	0.0	0.0	0.0	0.0	0.0	0.0	0.0	0.0	0.0	0.0	0.0	0.0	0.0	0.0	0.0	0.0	0.0	0.0	0.0	0.0	0.0	0.0	0.0	0.0	0.0	0.0	0.0	0.0	0.0	0.0	0.0	0.0	0.0	0.0	0.0	0.0	0.0	0.0	0.0	0.0	0.0	0.0	0.0	0.0	0.0	0.0	0.0	0.0	0.0	0.0	0.0	0.0	0.0	0.0	0.0	0.0	0.0	0.0	0.0	0.0	0.0	0.0	0.0	0.0	0.0	0.0	0.0	0.0	0.0	0.0	0.0	0.0	0.0	0.0	0.0	0.0	0.0	0.0	0.0	0.0	0.0	0.0	0.0	0.0	0.0	0.0	0.0	0.0	0.0	0.0	0.0	0.0	0.0	0.0	0.0	0.0	0.0	0.0	0.0	0.0	0.0	0.0	0.0	0.0	0.0	0.0	0.0	0.0	0.0	0.0	0.0	0.0	0.0	0.0	0.0	0.0	0.0	0.0	0.0	0.0	0.0	0.0	0.0	0.0	0.0	0.0	0.0	0.0	0.0	0.0	0.0	0.0	0.0	0.0	0.0	0.0	0.0	0.0	0.0	0.0	0.0	0.0	0.0	0.0	0.0	0.0	0.0	0.0	0.0	0.0	0.0	0.0	0.0	0.0	0.0	0.0	0.0	0.0	0.0	0.0	0.0	0.0	0.0	0.0	0.0	0.0	0.0	0.0	0.0	0.0	0.0	0.0	0.0	0.0	0.0	0.0	0.0	0.0	0.0	0.0	0.0	0.0	0.0	0.0	0.0	0.0	0.0	0.0	0.0	0.0	0.0	0.0	0.0	0.0	0.0	0.0	0.0	0.0	0.0	0.0	0.0	0.0	0.0	0.0	0.0	0.0	0.0	0.0	0.0	0.0	0.0	0.0	0.0	0.0	0.0	0.0	70	91.3
sub-M2178	92690	0.0	0.0	0.0	0.0	0.0	0.0	0.0	0.0	0.001756066411238825	0.0	0.19940944881889763	0.0	0.12123325892857142	0.0	0.3530344202898551	0.0	0.16666666666666666	0.0	0.14659926470588236	0.0	0.14558629776021081	0.0	0.49375	0.0	0.6796092184368737	0.0	0.6683673469387755	0.0	0.32927350427350427	0.0	0.8932571684587813	0.0	0.6867726920093096	0.0	0.0	0.0	0.0	0.0	0.2913366336633663	0.0	0.05763888888888889	0.0	0.0	0.0	0.0013489208633093526	0.0	0.19444444444444445	0.0	0.0	0.0	0.9755	0.0	0.02035830618892508	0.0	0.0	0.0	0.7804532577903682	0.0	0.7534246575342466	0.0	0.0	0.0	0.2930591259640103	0.0	0.17983028720626631	0.0	0.0	0.0	0.0	0.0	0.0	0.0	0.0	0.0	0.0	0.0	0.0	0.0	0.0	0.0	0.0	0.0	0.0	0.0	0.0	0.0	0.0	0.0	0.0	0.0	0.0	0.0	0.0	0.0	0.0	0.0	0.0	0.0	0.0	0.0	0.0	0.0	0.0	0.0	0.0	0.0	0.0	0.0	0.0	0.0	0.0	0.0	0.0	0.0	0.0	0.0	0.0	0.0	0.0	0.0	0.0	0.0	0.0	0.0	0.0	0.0	0.0	0.0	0.0	0.0	0.0	0.0	0.0	0.0	0.0	0.0	0.0	0.0	0.0	0.0	0.0	0.0	0.0	0.0	0.0	0.0	0.18421052631578946	0.0	0.9677505330490405	0.0	0.8707425068119891	0.0	0.07778246205733558	0.0	0.08261105092091008	0.0	0.813076923076923	0.0	0.5270454545454546	0.0	0.24047619047619048	0.0	0.0	0.0	0.0	0.0	0.0	0.0	0.0	0.0	0.0	0.0	0.0	0.0	0.0	0.0	0.0	0.0	0.0	0.0	0.0	0.0	0.0	0.0	0.0	0.0	0.0	0.0	0.0	0.0	0.0	0.0	0.0	0.0	0.0	0.0	0.0	0.0	0.0	0.0	0.0	0.0	0.0	0.0	0.0	0.0	0.0	0.0	0.0	0.0	0.0	0.0	0.0	0.0	0.0	0.0	0.0	0.0	0.0	0.0	0.0	0.0	0.0	0.0	0.0	0.0	0.024671052631578948	0.0	0.005555555555555556	0.0	0.0	0.0	0.0	0.0	0.0	0.0	0.0	0.0	0.0	0.0	0.0	0.0	0.0007374631268436578	0.0	0.0	0.0	0.0	0.0	0.0	0.0	0.0	0.0	0.0	0.0	0.0	0.0	0.0	0.0	0.0	0.0	0.0	0.0	0.0	0.0	0.0	0.0	0.0	0.0	0.0	0.0	0.0	0.0	0.0	0.0	0.0	0.0	0.0	0.0	0.0	0.0	0.0	0.0	0.0	0.0	0.0	0.0	0.0	0.0	0.0	0.0	0.0	0.0	0.0	0.0	0.0	0.0	0.0	0.0	0.0	0.0	0.0	0.0	0.0	0.0	0.0	0.0	0.0	0.0	0.0	0.0	0.0	0.0	0.0	0.0	0.0	0.0	0.0	0.0	0.0	0.0	0.0	0.0	0.0	0.0	0.0	0.0	0.0	0.0	0.0	0.0	0.0	0.0	0.0	0.0	0.0	0.0	0.0	0.0	0.0	0.0	0.0	0.0	0.0	0.0	0.0	0.0	0.015625	0.0	0.0	0.0	0.002225519287833828	0.0	0.05303030303030303	0.0	0.023305084745762712	0.0	0.017418032786885244	0.0	0.0	0.0	0.0	0.0	0.2548828125	0.0	0.2294034090909091	0.0	0.0	0.0	0.0	0.0	0.0	0.0	0.0	0.0	0.0	0.0	0.0	0.0	0.0	0.0	0.0	0.0	0.0	0.0	75	30.6
sub-M2179	113655	0.0	0.0	0.0	0.0	0.0	0.0	0.0	0.0	0.0	0.0	0.0	0.0	0.0	0.0	0.0	0.0	0.0	0.0	0.0	0.0	0.0	0.0	0.0	0.0	0.0	0.0	0.015306122448979591	0.0	0.011538461538461539	0.0	0.1226478494623656	0.0	0.1306245151280062	0.0	0.0	0.0	0.0	0.0	0.0	0.0	0.0	0.0	0.0002244165170556553	0.0	0.0	0.0	0.023333333333333334	0.0	0.0	0.0	0.0825	0.0	0.0	0.0	0.0	0.0	0.00141643059490085	0.0	0.015410958904109588	0.0	0.0	0.0	0.08643958868894601	0.0	0.01370757180156658	0.0	0.0	0.0	0.000124750499001996	0.0	0.24548969072164947	0.0	0.0448292220113852	0.0	0.28113957597173145	0.0	0.0	0.0	0.0	0.0	0.0	0.0	0.0	0.0	0.0	0.0	0.8109318996415771	0.0	0.4655349794238683	0.0	0.08583333333333333	0.0	0.10825545171339564	0.0	0.4053738317757009	0.0	0.0	0.0	0.37293729372937295	0.0	0.16104436229205177	0.0	0.2653061224489796	0.0	0.6785714285714286	0.0	0.10546875	0.0	0.05719794344473008	0.0	0.11300919842312747	0.0	0.032577903682719546	0.0	0.00510204081632653	0.0	0.0	0.0	0.0	0.0	0.0	0.0	0.0	0.0	0.11443298969072165	0.0	0.14412217659137577	0.0	0.0	0.0	0.02555110220440882	0.0	0.2404233870967742	0.0	0.4288888888888889	0.0	0.6237623762376238	0.0	0.16287878787878787	0.0	0.00539568345323741	0.0	0.08049738219895287	0.0	0.0	0.0	0.19047619047619047	0.0	0.6473880597014925	0.0	0.5681198910081744	0.0	0.3758431703204047	0.0	0.9660075839653305	0.0	0.6665384615384615	0.0	0.6040909090909091	0.0	0.5285714285714286	0.0	0.8502435064935064	0.0	0.7790880503144654	0.0	0.4480168269230769	0.0	0.0	0.0	0.15601736972704713	0.0	0.526033386327504	0.0	0.4742990654205608	0.0	0.5411392405063291	0.0	0.0006868131868131869	0.0	0.002798507462686567	0.0	0.03336466165413534	0.0	0.40549395161290325	0.0	0.0	0.0	0.0	0.0	0.026567278287461773	0.0	0.02103658536585366	0.0	0.6020220588235294	0.0	0.0	0.0	0.0	0.0	0.0	0.0	0.0	0.0	0.0	0.0	0.0	0.0	0.0	0.0	0.0	0.0	0.0	0.0	0.0	0.0	0.0	0.0	0.0	0.0	0.0	0.0	0.0	0.0	0.0	0.0	0.0	0.0	0.0	0.0	0.0	0.0	0.0	0.0	0.0	0.0	0.0	0.0	0.0	0.0	0.0	0.0	0.0	0.0	0.0	0.0	0.0	0.0	0.0	0.0	0.0	0.0	0.0	0.0	0.0	0.0	0.0	0.0	0.0	0.0	0.0	0.0	0.0	0.0	0.012587822014051522	0.0	0.0	0.0	0.0031362007168458782	0.0	0.0	0.0	0.0	0.0	0.0	0.0	0.0	0.0	0.0	0.0	0.0	0.0	0.0	0.0	0.0125	0.0	0.0	0.0	0.0	0.0	0.0	0.0	0.0	0.0	0.0	0.0	0.0	0.0	0.0	0.0	0.0	0.0	0.0	0.0	0.0	0.0	0.0	0.0	0.0	0.0	0.0	0.0	0.0	0.0	0.0	0.0	0.0	0.0	0.0	0.0	0.0	0.0	0.0	0.0	0.0	0.0	0.0	0.0	0.0	0.0	0.0	0.0	0.0	0.0	0.0	0.0	0.0002729257641921397	0.0	0.0	0.0	0.004796839729119639	0.0	0.005639097744360902	0.0	0.005306603773584905	0.0	0.0	0.0	0.0	0.0	0.001112759643916914	0.0	0.0	0.0	0.0	0.0	0.0	0.0	0.0	0.0	0.01231060606060606	0.0	0.34609375	0.0	0.5493607954545454	0.0	0.0	0.0	0.0	0.0	0.0	0.0	0.0	0.0	0.0	0.0	0.0	0.0	0.0	0.0	0.0	0.0	0.0	0.0	46	25.2
sub-M2181	55656	0.0	0.0	0.0	0.0	0.0	0.0	0.0	0.0	0.0	0.0	0.0	0.0	0.0	0.0	0.0	0.0	0.0	0.0	0.0	0.0	0.0	0.0	0.0	0.0	0.0	0.0	0.0	0.0	0.2153846153846154	0.0	0.347334229390681	0.0	0.6659231962761831	0.0	0.0	0.0	0.0	0.0	0.0	0.0	0.0	0.0	0.0	0.0	0.0	0.0	0.0	0.0	0.0	0.0	0.4615	0.0	0.0	0.0	0.0	0.0	0.0	0.0	0.22174657534246575	0.0	0.0	0.0	0.495929734361611	0.0	0.005548302872062663	0.0	0.0	0.0	0.0	0.0	0.49291237113402064	0.0	0.0	0.0	0.0	0.0	0.0	0.0	0.0	0.0	0.0	0.0	0.0	0.0	0.0	0.0	0.492831541218638	0.0	0.227880658436214	0.0	0.007083333333333333	0.0	0.0	0.0	0.0	0.0	0.0	0.0	0.0	0.0	0.0	0.0	0.0	0.0	0.0	0.0	0.0	0.0	0.0	0.0	0.0	0.0	0.0	0.0	0.0	0.0	0.0	0.0	0.0	0.0	0.0	0.0	0.0	0.0	0.0	0.0	0.0	0.0	0.0	0.0	0.0	0.0	0.0	0.0	0.0	0.0	0.0	0.0	0.0	0.0	0.0	0.0	0.0	0.0	0.0	0.0	0.022243107769423558	0.0	0.4925373134328358	0.0	0.7580040871934605	0.0	0.13322091062394603	0.0	0.7246749729144095	0.0	0.8930769230769231	0.0	0.9452272727272727	0.0	0.719047619047619	0.0	0.15665584415584416	0.0	0.11831761006289308	0.0	0.0	0.0	0.0	0.0	0.0	0.0	0.0	0.0	0.0	0.0	0.0	0.0	0.0	0.0	0.0	0.0	0.0	0.0	0.0	0.0	0.0	0.0	0.0	0.0	0.0	0.0	0.0	0.0	0.0	0.0	0.0	0.0	0.0	0.0	0.0	0.0	0.0	0.0	0.0	0.0	0.0	0.0	0.0	0.0	0.0	0.0	0.0	0.0	0.0	0.0	0.0	0.0	0.0	0.0	0.0	0.0	0.0	0.0	0.0	0.0	0.0	0.0	0.0	0.0	0.0	0.0	0.0	0.0	0.0	0.0	0.0	0.0	0.0	0.0	0.0	0.0	0.0	0.0	0.0	0.0	0.0	0.0	0.0	0.0	0.0	0.0	0.0	0.0	0.0	0.0	0.0	0.0	0.0	0.0	0.0	0.0	0.0	0.0	0.0	0.0	0.0	0.0	0.0	0.0	0.0	0.0	0.0	0.0	0.0	0.0	0.0	0.0	0.0	0.0	0.0	0.0	0.0	0.0	0.0	0.0	0.0	0.0	0.0	0.0	0.0	0.0	0.0	0.0	0.0	0.0	0.0	0.0	0.0	0.0	0.0	0.0	0.0	0.0	0.0	0.0	0.0	0.0	0.0	0.0	0.0	0.0	0.0	0.0	0.0	0.0	0.0	0.0	0.0	0.0	0.0	0.0	0.0	0.0	0.0	0.0	0.0	0.0	0.0	0.0	0.0	0.0	0.0	0.0	0.0	0.0	0.0	0.0	0.0	0.0	0.0	0.0	0.0	0.0	0.0	0.0	0.0	0.0	0.0	0.0	0.0	0.0	0.0	0.0	0.0	0.0	0.0	0.0	0.0	0.0	0.0	0.0	0.0001953125	0.0	0.13707386363636365	0.0	0.0	0.0	0.0	0.0	0.0	0.0	0.0	0.0	0.0	0.0	0.0	0.0	0.0	0.0	0.0	0.0	0.0	0.0	42	73.9
sub-M2182	207456	0.0	0.0	0.0	0.0	0.0	0.0	0.0	0.0	0.0019157088122605363	0.0	0.01594488188976378	0.0	0.0068359375	0.0	0.17821557971014493	0.0	0.3449820788530466	0.0	0.6332720588235294	0.0	0.1674901185770751	0.0	0.375	0.0	0.561122244488978	0.0	0.7841836734693878	0.0	0.713034188034188	0.0	0.8230286738351255	0.0	0.8358223429014741	0.0	0.0	0.0	0.0	0.0	0.11757425742574257	0.0	0.5784722222222223	0.0	0.012791741472172352	0.0	0.0	0.0	0.008888888888888889	0.0	0.0	0.0	0.9755	0.0	0.30781758957654726	0.0	0.0	0.0	0.9945113314447592	0.0	0.8904109589041096	0.0	0.40625	0.0	0.9891816623821765	0.0	0.9389686684073107	0.0	0.763687015503876	0.0	0.11501996007984032	0.0	0.9948453608247423	0.0	0.8702561669829222	0.0	1.0	0.0	0.27459016393442626	0.0	0.005952380952380952	0.0	0.1857707509881423	0.0	0.09223300970873786	0.0	0.0	0.0	1.0	0.0	1.0	0.0	0.9995833333333334	0.0	0.9832554517133957	0.0	0.9661214953271028	0.0	0.9964953271028038	0.0	0.6476897689768977	0.0	0.6661275415896488	0.0	0.1239795918367347	0.0	0.00040584415584415587	0.0	0.8209635416666666	0.0	0.8801413881748072	0.0	0.42181340341655715	0.0	0.24557365439093484	0.0	0.0	0.0	0.0	0.0	0.0	0.0	0.0	0.0	0.0	0.0	0.0	0.0	0.0	0.0	0.0	0.0	0.0	0.0	0.0	0.0	0.0	0.0	0.0	0.0	0.0	0.0	0.0	0.0	0.0	0.0	0.0	0.0	0.46616541353383456	0.0	0.7452025586353944	0.0	0.8428133514986376	0.0	0.7917369308600337	0.0	0.8708017334777898	0.0	0.9836538461538461	0.0	0.9970454545454546	0.0	1.0	0.0	0.939935064935065	0.0	0.9040880503144654	0.0	0.9833233173076923	0.0	0.24233128834355827	0.0	0.9754962779156328	0.0	0.879570747217806	0.0	0.7887461059190031	0.0	0.3808016877637131	0.0	0.9285714285714286	0.0	0.5608675373134329	0.0	0.8613721804511278	0.0	0.1927923387096774	0.0	0.07782258064516129	0.0	0.5472972972972973	0.0	0.02503822629969419	0.0	0.0	0.0	0.0	0.0	0.03409090909090909	0.0	0.40298507462686567	0.0	0.1207897793263647	0.0	0.0	0.0	0.0	0.0	0.0	0.0	0.0	0.0	0.0	0.0	0.0	0.0	0.0	0.0	0.0	0.0	0.0	0.0	0.0	0.0	0.0	0.0	0.0	0.0	0.0	0.0	0.0	0.0	0.0	0.0	0.0	0.0	0.0	0.0	0.0	0.0	0.0	0.0	0.0	0.0	0.0	0.0	0.0	0.0	0.0	0.0	0.0	0.0	0.0	0.0	0.0	0.0	0.0	0.0	0.0	0.0	0.0	0.0	0.0	0.0	0.0	0.0	0.0	0.0	0.0	0.0	0.0	0.0	0.0	0.0	0.0	0.0	0.0	0.0	0.0	0.0	0.0	0.0	0.0	0.0	0.0	0.0	0.0	0.0	0.0	0.0	0.0	0.0	0.0	0.0	0.0	0.0	0.0	0.0	0.0	0.0	0.0	0.0	0.0	0.0	0.0	0.0	0.0	0.0	0.0	0.0	0.0	0.0	0.0	0.0	0.0	0.0	0.0	0.0	0.0	0.0	0.0	0.0	0.0	0.0	0.0	0.0	0.0	0.0	0.0	0.0	0.0	0.0	0.0	0.0	0.0	0.0	0.0	0.0	0.0	0.0	0.0	0.0	0.0	0.0	0.0	0.0	0.007075471698113208	0.0	0.0	0.0	0.0	0.0	0.0	0.0	0.0	0.0	0.0	0.0	0.0	0.0	0.0	0.0	0.0	0.0	0.010546875	0.0	0.3760653409090909	0.0	0.0	0.0	0.0	0.0	0.0	0.0	0.0	0.0	0.0	0.0	0.0	0.0	0.0	0.0	0.0	0.0	0.0	0.0	27	79.2
sub-M2183	34783	0.0	0.0	0.0	0.0	0.0	0.0	0.0	0.0	0.0	0.0	0.0	0.0	0.0	0.0	0.0	0.0	0.0	0.0	0.008272058823529412	0.0	0.0	0.0	0.0	0.0	0.0	0.0	0.0	0.0	0.1579059829059829	0.0	0.00022401433691756272	0.0	0.15118308766485647	0.0	0.0	0.0	0.0	0.0	0.0	0.0	0.0	0.0	0.0	0.0	0.0	0.0	0.0	0.0	0.0	0.0	0.0	0.0	0.0	0.0	0.0	0.0	0.0	0.0	0.0	0.0	0.0	0.0	0.0	0.0	0.0	0.0	0.0	0.0	0.0	0.0	0.0	0.0	0.0	0.0	0.0	0.0	0.0	0.0	0.0	0.0	0.0	0.0	0.0	0.0	0.0	0.0	0.0	0.0	0.0	0.0	0.0	0.0	0.0	0.0	0.0	0.0	0.0	0.0	0.0	0.0	0.0	0.0	0.0	0.0	0.0	0.0	0.0	0.0	0.0	0.0	0.0	0.0	0.0	0.0	0.0	0.0	0.6324503311258278	0.0	0.6903089887640449	0.0	0.609375	0.0	0.721551724137931	0.0	0.26778350515463917	0.0	0.3862936344969199	0.0	0.0020380434782608695	0.0	0.24549098196392785	0.0	0.0	0.0	0.0	0.0	0.0	0.0	0.0	0.0	0.02697841726618705	0.0	0.275196335078534	0.0	0.0	0.0	0.0	0.0	0.32142857142857145	0.0	0.22513623978201636	0.0	0.0	0.0	0.0	0.0	0.007692307692307693	0.0	0.0	0.0	0.0	0.0	0.0	0.0	0.0	0.0	0.0	0.0	0.0	0.0	0.0	0.0	0.0	0.0	0.0	0.0	0.0	0.0	0.0	0.0	0.0	0.0	0.0	0.0	0.0	0.0	0.0	0.0	0.0	0.0	0.0005733944954128441	0.0	0.048170731707317074	0.0	0.0	0.0	0.0	0.0	0.0	0.0	0.0	0.0	0.0	0.0	0.0	0.0	0.0	0.0	0.0	0.0	0.0	0.0	0.0	0.0	0.0	0.0	0.0	0.0	0.0	0.0	0.0	0.0	0.0	0.0	0.0	0.0	0.0	0.0	0.0	0.0	0.0	0.0	0.0	0.0	0.0	0.0	0.0	0.0	0.0	0.0	0.0	0.0	0.0	0.0	0.0	0.0	0.0	0.0	0.0	0.0	0.0	0.0	0.0	0.0	0.0	0.0	0.0	0.0	0.0	0.0	0.0	0.0	0.0	0.0	0.0	0.0	0.0	0.0	0.0	0.0	0.0	0.0	0.0	0.0	0.0	0.0	0.0	0.0	0.0	0.0	0.0	0.0	0.0	0.0	0.0	0.0	0.0	0.0	0.005417956656346749	0.0	0.0	0.0	0.0	0.0	0.3046875	0.0	0.4666095890410959	0.0	0.1648148148148148	0.0	0.520505617977528	0.0	0.4322354211663067	0.0	0.0	0.0	0.14840989399293286	0.0	0.09989539748953975	0.0	0.9177631578947368	0.0	0.8803571428571428	0.0	0.672360248447205	0.0	0.0	0.0	0.0	0.0	0.0	0.0	0.0	0.0	0.0	0.0	0.0	0.0	0.0	0.0	0.0	0.0	0.0	0.0	0.0	0.0	0.043668122270742356	0.0	0.0	0.0	0.09057562076749436	0.0	0.9111842105263158	0.0	0.0	0.0	0.0	0.0	0.0	0.0	0.0	0.0	0.0	0.0	0.0	0.0	0.0	0.0	0.0	0.0	0.0	0.0	0.0	0.0	0.0	0.0	0.0	0.0	0.0	0.0	0.0	0.0	0.0	0.0	0.0	0.0	0.0	0.0	0.0	0.0	0.0	0.0	0.0	0.0	75	80.3
sub-M2184	70142	0.0	0.0	0.0	0.0	0.0	0.0	0.0	0.0	0.0	0.0	0.0	0.0	0.0	0.0	0.024003623188405796	0.0	0.11133512544802868	0.0	0.0	0.0	0.0	0.0	0.0	0.0	0.030561122244488977	0.0	0.029081632653061223	0.0	0.10876068376068376	0.0	0.2548163082437276	0.0	0.09377424359968968	0.0	0.0	0.0	0.0	0.0	0.0012376237623762376	0.0	0.0	0.0	0.002468581687612208	0.0	0.0044964028776978415	0.0	0.11888888888888889	0.0	0.0	0.0	0.3005	0.0	0.0741042345276873	0.0	0.0	0.0	0.4293555240793201	0.0	0.0779109589041096	0.0	0.0	0.0	0.14599400171379606	0.0	0.18276762402088773	0.0	0.029554263565891473	0.0	0.05114770459081836	0.0	0.226159793814433	0.0	0.06451612903225806	0.0	0.26501766784452296	0.0	0.01639344262295082	0.0	0.0	0.0	0.0	0.0	0.0	0.0	0.0	0.0	0.10259856630824372	0.0	0.1388888888888889	0.0	0.13	0.0	0.0969626168224299	0.0	0.011682242990654205	0.0	0.0	0.0	0.06105610561056106	0.0	0.0	0.0	0.0	0.0	0.0016233766233766235	0.0	0.0	0.0	0.15102827763496143	0.0	0.0	0.0	0.0060198300283286115	0.0	0.0	0.0	0.0	0.0	0.0	0.0	0.0	0.0	0.0	0.0	0.0	0.0	0.0	0.0	0.0	0.0	0.0	0.0	0.0	0.0	0.0	0.0	0.0	0.0	0.0	0.0	0.0	0.0	0.0	0.0	0.0	0.0	0.03665413533834586	0.0	0.2966417910447761	0.0	0.0885558583106267	0.0	0.0037942664418212477	0.0	0.13204225352112675	0.0	0.0275	0.0	0.03659090909090909	0.0	0.0	0.0	0.0	0.0	0.038653039832285116	0.0	0.10982572115384616	0.0	0.025690184049079755	0.0	0.19106699751861042	0.0	0.404610492845787	0.0	0.18146417445482865	0.0	0.056082981715893106	0.0	0.0013736263736263737	0.0	0.0	0.0	0.028665413533834585	0.0	0.032006048387096774	0.0	0.0034946236559139786	0.0	0.0	0.0	0.0	0.0	0.0	0.0	0.0	0.0	0.024449035812672177	0.0	0.0	0.0	0.15940766550522648	0.0	0.26902173913043476	0.0	0.004545454545454545	0.0	0.0	0.0	0.0	0.0	0.0	0.0	0.0	0.0	0.0	0.0	0.0	0.0	0.0	0.0	0.0	0.0	0.0	0.0	0.0	0.0	0.0	0.0	0.0	0.0	0.0	0.0	0.0	0.0	0.0	0.0	0.0	0.0	0.0	0.0	0.0	0.0	0.0	0.0	0.0	0.0	0.0	0.0	0.0	0.0	0.0	0.0	0.0	0.0	0.0	0.0	0.0	0.0	0.0	0.0	0.0	0.0	0.0	0.0	0.0	0.0	0.0	0.0	0.0	0.0	0.0	0.0	0.0	0.0	0.0	0.0	0.0	0.0	0.0	0.0	0.0	0.0	0.0	0.0	0.0	0.0	0.0	0.0	0.0	0.0	0.0	0.0	0.0	0.0	0.0	0.0	0.0	0.0	0.0	0.0	0.0	0.0	0.0	0.0	0.0	0.0	0.0	0.0	0.0	0.0	0.0	0.0	0.0	0.0	0.0	0.0	0.028617710583153346	0.0	0.0	0.0	0.0	0.0	0.0	0.0	0.0	0.0	0.0	0.0	0.0	0.0	0.008637709772951628	0.0	0.0	0.0	0.0	0.0	0.0	0.0	0.0	0.0	0.0	0.0	0.0	0.0	0.11615566037735849	0.0	0.0	0.0	0.0	0.0	0.01483679525222552	0.0	0.11742424242424243	0.0	0.0	0.0	0.24692622950819673	0.0	0.2025862068965517	0.0	0.35795454545454547	0.0	0.656640625	0.0	0.6063565340909091	0.0	0.0	0.0	0.0	0.0	0.0	0.0	0.0	0.0	0.0	0.0	0.0	0.0	0.0	0.0	0.0	0.0	0.0	0.0	45	14.8
sub-M2185	199768	0.0	0.0	0.01527518656716418	0.0	0.08771929824561403	0.0	0.0	0.0	0.0	0.0	0.0	0.0	0.0005580357142857143	0.0	0.004076086956521739	0.0	0.693100358422939	0.0	0.0	0.0	0.0	0.0	0.0	0.0	0.0	0.0	0.0	0.0	0.0	0.0	0.1477374551971326	0.0	0.0001939487975174554	0.0	0.0	0.0	0.0	0.0	0.0	0.0	0.0	0.0	0.0	0.0	0.0	0.0	0.0	0.0	0.0	0.0	0.4825	0.0	0.9047231270358306	0.0	0.9869402985074627	0.0	0.3401203966005666	0.0	0.2851027397260274	0.0	0.6183712121212122	0.0	0.7284704370179949	0.0	0.8661879895561357	0.0	0.9070978682170543	0.0	0.9956337325349301	0.0	0.854381443298969	0.0	0.9466318785578748	0.0	0.9880742049469965	0.0	1.0	0.0	1.0	0.0	0.958498023715415	0.0	0.9975728155339806	0.0	0.9183908045977012	0.0	0.9663978494623656	0.0	0.9444444444444444	0.0	0.8895833333333333	0.0	0.7605140186915887	0.0	0.6717289719626168	0.0	0.9544392523364486	0.0	0.06311881188118812	0.0	0.5651571164510166	0.0	0.08418367346938775	0.0	0.0	0.0	0.8326822916666666	0.0	0.9845758354755784	0.0	0.846419185282523	0.0	0.7057365439093485	0.0	0.0	0.0	0.0	0.0	0.0	0.0	0.0	0.0	0.0	0.0	0.0	0.0	0.0	0.0	0.0	0.0	0.0	0.0	0.0	0.0	0.0	0.0	0.0	0.0	0.0	0.0	0.0	0.0	0.0	0.0	0.0	0.0	0.0	0.0	0.0	0.0	0.0003405994550408719	0.0	0.07904721753794267	0.0	0.9707475622968581	0.0	0.5123076923076924	0.0	0.8320454545454545	0.0	0.3547619047619048	0.0	0.2585227272727273	0.0	0.6723008385744235	0.0	0.11448317307692307	0.0	0.0	0.0	0.0	0.0	0.0	0.0	0.09423676012461059	0.0	0.11269338959212377	0.0	0.0	0.0	0.0	0.0	0.0	0.0	0.005292338709677419	0.0	0.0	0.0	0.0	0.0	0.0	0.0	0.0	0.0	0.0	0.0	0.0	0.0	0.0	0.0	0.0	0.0	0.0	0.0	0.0	0.0	0.0	0.0	0.0	0.0	0.0	0.0	0.0	0.0	0.0	0.0	0.0	0.0	0.0	0.0	0.047115384615384615	0.0	0.7103544776119403	0.0	0.6814671814671814	0.0	0.0	0.0	0.18101851851851852	0.0	0.3624320652173913	0.0	0.5968406593406593	0.0	0.6688432835820896	0.0	0.8536269430051814	0.0	0.7407587548638133	0.0	0.0	0.0	0.0	0.0	0.0	0.0	0.0	0.0	0.08274647887323944	0.0	0.0	0.0	0.01715686274509804	0.0	0.0	0.0	0.5886075949367089	0.0	0.7997282608695652	0.0	0.6383928571428571	0.0	0.763215859030837	0.0	0.02781030444964871	0.0	0.0021551724137931034	0.0	0.12589605734767026	0.0	0.4186802973977695	0.0	0.5991512345679012	0.0	0.6405660377358491	0.0	0.1650943396226415	0.0	0.27046130952380953	0.0	0.39939024390243905	0.0	0.0	0.0	0.07596153846153846	0.0	0.003707627118644068	0.0	0.0	0.0	0.0	0.0	0.0	0.0	0.0	0.0	0.0	0.0	0.0	0.0	0.0	0.0	0.0	0.0	0.0	0.0	0.0	0.0	0.0	0.0	0.0	0.0	0.0	0.0	0.0	0.0	0.0	0.0	0.0	0.0	0.0	0.0	0.0	0.0	0.0	0.0	0.0	0.0	0.0	0.0	0.0	0.0	0.0	0.0	0.0	0.0	0.0	0.0	0.0	0.0	0.0	0.0	0.0	0.0	0.0	0.0	0.0	0.0	0.0	0.0	0.0	0.0	0.0	0.0	0.0	0.0	0.0	0.0	0.0	0.0	0.17140151515151514	0.0	0.0353515625	0.0	0.3575994318181818	0.0	0.0	0.0	0.0	0.0	0.0	0.0	0.0	0.0	0.022023809523809525	0.0	0.0	0.0	0.0	0.0	0.0	0.0	0.0	0.0	49	53.0
sub-M2186	187892	0.0	0.0	0.0	0.0	0.0	0.0	0.0	0.0	0.0	0.0	0.00826771653543307	0.0	0.0030691964285714285	0.0	0.04868659420289855	0.0	0.0264336917562724	0.0	0.15441176470588236	0.0	0.0	0.0	0.58125	0.0	0.6177354709418837	0.0	0.9943877551020408	0.0	0.4307692307692308	0.0	0.9963037634408602	0.0	0.6678626842513576	0.0	0.0	0.0	0.0	0.0	0.0	0.0	0.1125	0.0	0.002244165170556553	0.0	0.0	0.0	0.0	0.0	0.0	0.0	1.0	0.0	0.00040716612377850165	0.0	0.0	0.0	0.9351983002832861	0.0	0.9888698630136986	0.0	0.0	0.0	0.9892887746358183	0.0	0.5150130548302873	0.0	0.2280765503875969	0.0	0.058632734530938126	0.0	0.9987113402061856	0.0	0.7303130929791272	0.0	0.8871466431095406	0.0	0.0389344262295082	0.0	0.0	0.0	0.03804347826086957	0.0	0.0	0.0	0.0	0.0	1.0	0.0	1.0	0.0	0.9891666666666666	0.0	0.9957165109034268	0.0	0.9941588785046729	0.0	1.0	0.0	0.9067656765676567	0.0	0.32717190388170053	0.0	0.022193877551020407	0.0	0.009334415584415584	0.0	0.4654947916666667	0.0	0.6789845758354756	0.0	0.1424113009198423	0.0	0.09012039660056657	0.0	0.0	0.0	0.0	0.0	0.0	0.0	0.0	0.0	0.0	0.0	0.0	0.0	0.0	0.0	0.0	0.0	0.0	0.0	0.0	0.0	0.0	0.0	0.0049504950495049506	0.0	0.0	0.0	0.0	0.0	0.0	0.0	0.0	0.0	0.36403508771929827	0.0	0.8784648187633263	0.0	0.9724114441416893	0.0	0.9085160202360877	0.0	0.9983748645720477	0.0	0.9871153846153846	0.0	0.9988636363636364	0.0	1.0	0.0	0.9955357142857143	0.0	0.997772536687631	0.0	0.9615384615384616	0.0	0.9654907975460123	0.0	0.9953473945409429	0.0	0.5492845786963434	0.0	0.7061915887850467	0.0	0.6517229254571026	0.0	0.6435439560439561	0.0	0.013059701492537313	0.0	0.2932330827067669	0.0	0.16532258064516128	0.0	0.0	0.0	0.0	0.0	0.0	0.0	0.0	0.0	0.0	0.0	0.5454545454545454	0.0	0.7574626865671642	0.0	0.3254936120789779	0.0	0.30434782608695654	0.0	0.0032670454545454543	0.0	0.0	0.0	0.0	0.0	0.0	0.0	0.0	0.0	0.0	0.0	0.0	0.0	0.0	0.0	0.0	0.0	0.0	0.0	0.0	0.0	0.0	0.0	0.0	0.0	0.0	0.0	0.0	0.0	0.0	0.0	0.0	0.0	0.0	0.0	0.0	0.0	0.0	0.0	0.0	0.0	0.0	0.0	0.0	0.0	0.0	0.0	0.0	0.0	0.0	0.0	0.0	0.0	0.0	0.0	0.0	0.0	0.0	0.0	0.0	0.0	0.0	0.0	0.0	0.0	0.0	0.0	0.0	0.0	0.0	0.0	0.0	0.0	0.0	0.0	0.0	0.0	0.0	0.0	0.0	0.0	0.0	0.0	0.0	0.0	0.0	0.0	0.0	0.0	0.0	0.0	0.0	0.0	0.0	0.0	0.0	0.0	0.0	0.0	0.0	0.0	0.0	0.0	0.0	0.0	0.0	0.0	0.0	0.0	0.0	0.0	0.148488120950324	0.0	0.0	0.0	0.0	0.0	0.0	0.0	0.0	0.0	0.0	0.0	0.0	0.0	0.0	0.0	0.0	0.0	0.0	0.0	0.0	0.0	0.0	0.0	0.0	0.0	0.0	0.0	0.04009433962264151	0.0	0.0	0.0	0.0	0.0	0.0	0.0	0.0	0.0	0.0	0.0	0.0	0.0	0.0	0.0	0.0	0.0	0.0048828125	0.0	0.3425071022727273	0.0	0.0	0.0	0.0	0.0	0.0	0.0	0.0	0.0	0.0	0.0	0.0	0.0	0.0	0.0	0.0	0.0	0.0	0.0	36	65.5
sub-M2191	124113	0.0	0.0	0.0	0.0	0.0	0.0	0.0	0.0	0.0	0.0	0.08740157480314961	0.0	0.16476004464285715	0.0	0.19927536231884058	0.0	0.05421146953405018	0.0	0.015625	0.0	0.001152832674571805	0.0	0.13660714285714284	0.0	0.407064128256513	0.0	0.563265306122449	0.0	0.03397435897435897	0.0	0.8300851254480287	0.0	0.3182699767261443	0.0	0.0	0.0	0.0	0.0	0.0	0.0	0.0	0.0	0.0	0.0	0.0	0.0	0.0	0.0	0.0	0.0	0.8255	0.0	0.0	0.0	0.0	0.0	0.22291076487252123	0.0	0.1875	0.0	0.0	0.0	0.1766281062553556	0.0	0.1843994778067885	0.0	0.2766472868217054	0.0	0.07984031936127745	0.0	0.7132731958762887	0.0	0.7433586337760911	0.0	0.9770318021201413	0.0	0.055327868852459015	0.0	0.0	0.0	0.09486166007905138	0.0	0.36104368932038833	0.0	0.05603448275862069	0.0	0.9977598566308243	0.0	0.9861111111111112	0.0	0.9004166666666666	0.0	0.955607476635514	0.0	0.9941588785046729	0.0	0.9077102803738317	0.0	0.7372112211221122	0.0	0.663354898336414	0.0	0.3413265306122449	0.0	0.6566558441558441	0.0	0.583984375	0.0	0.8274421593830334	0.0	0.4973718791064389	0.0	0.5577195467422096	0.0	0.14795918367346939	0.0	0.0	0.0	0.0	0.0	0.0	0.0	0.0	0.0	0.0	0.0	0.0	0.0	0.0	0.0	0.0	0.0	0.13432459677419356	0.0	0.0	0.0	0.47957920792079206	0.0	0.3608815426997245	0.0	0.0	0.0	0.0	0.0	0.0	0.0	0.0	0.0	0.015991471215351813	0.0	0.031846049046321524	0.0	0.10581787521079258	0.0	0.8907096424702059	0.0	0.06461538461538462	0.0	0.40386363636363637	0.0	0.35714285714285715	0.0	0.15381493506493507	0.0	0.8256027253668763	0.0	0.36268028846153844	0.0	0.0	0.0	0.0	0.0	0.19038155802861687	0.0	0.4694314641744548	0.0	0.7454289732770746	0.0	0.0	0.0	0.0	0.0	0.0	0.0	0.012852822580645162	0.0	0.0	0.0	0.0	0.0	0.0	0.0	0.0	0.0	0.0	0.0	0.0	0.0	0.0	0.0	0.0	0.0	0.0	0.0	0.0	0.0	0.0	0.0	0.0	0.0	0.0	0.0	0.0	0.0	0.0	0.0	0.0	0.0	0.0	0.0	0.0	0.0	0.0	0.0	0.0	0.0	0.0	0.0	0.0	0.0	0.0	0.0	0.0	0.0	0.0	0.0	0.0009715025906735751	0.0	0.0	0.0	0.0	0.0	0.0	0.0	0.0	0.0	0.0	0.0	0.0	0.0	0.0	0.0	0.0	0.0	0.0	0.0	0.0	0.0	0.0	0.0	0.0	0.0	0.0	0.0	0.002927400468384075	0.0	0.0	0.0	0.0020161290322580645	0.0	0.011152416356877323	0.0	0.005401234567901234	0.0	0.0	0.0	0.0	0.0	0.0	0.0	0.01951219512195122	0.0	0.0	0.0	0.0028846153846153848	0.0	0.0	0.0	0.0	0.0	0.0	0.0	0.0	0.0	0.0	0.0	0.0	0.0	0.0	0.0	0.0	0.0	0.0	0.0	0.0	0.0	0.0	0.0	0.0	0.0	0.0	0.0	0.0	0.0	0.0	0.0	0.0	0.0	0.0	0.0	0.0	0.0	0.0	0.0	0.0	0.0	0.0	0.0	0.0	0.0	0.0	0.0	0.0	0.0	0.0	0.0	0.0	0.0	0.0	0.0	0.0	0.0	0.0	0.0	0.0	0.0	0.0	0.0	0.0	0.0	0.0	0.0	0.0	0.0	0.0	0.0	0.0	0.0	0.0	0.0	0.0	0.0	0.0	0.0	0.06818181818181818	0.0	0.0	0.0	0.0	0.0	0.0	0.0	0.0	0.0	0.0	0.0	0.0	0.0	0.0	0.0	0.0	0.0	0.0	0.0	64	30.3
sub-M2192	145048	0.014388489208633094	0.0	0.2957089552238806	0.0	0.6973684210526315	0.0	0.07771535580524344	0.0	0.5787037037037037	0.0	0.9149606299212598	0.0	0.8088727678571429	0.0	0.9791666666666666	0.0	0.6211917562724014	0.0	0.9839154411764706	0.0	0.9510869565217391	0.0	0.8973214285714286	0.0	0.9842184368737475	0.0	0.9739795918367347	0.0	0.9762820512820513	0.0	0.9214829749103942	0.0	0.6450737005430567	0.0	0.0	0.0	0.6595238095238095	0.0	0.7930693069306931	0.0	0.3486111111111111	0.0	0.14721723518850988	0.0	0.24640287769784172	0.0	0.46111111111111114	0.0	0.0	0.0	0.94	0.0	0.05985342019543974	0.0	0.0	0.0	0.5826841359773371	0.0	0.4777397260273973	0.0	0.022727272727272728	0.0	0.08740359897172237	0.0	0.04242819843342036	0.0	0.0	0.0	0.0	0.0	0.001288659793814433	0.0	0.0009487666034155598	0.0	0.11771201413427562	0.0	0.0	0.0	0.0	0.0	0.0	0.0	0.0	0.0	0.0	0.0	0.0985663082437276	0.0	0.5174897119341564	0.0	0.5695833333333333	0.0	0.139797507788162	0.0	0.018691588785046728	0.0	0.0	0.0	0.0	0.0	0.0	0.0	0.0	0.0	0.0	0.0	0.0	0.0	0.055269922879177376	0.0	0.0	0.0	0.0	0.0	0.0	0.0	0.0	0.0	0.0	0.0	0.0	0.0	0.0	0.0	0.0	0.0	0.0	0.0	0.0	0.0	0.0	0.0	0.0	0.0	0.0	0.0	0.0	0.0	0.0	0.0	0.0	0.0	0.0	0.0	0.037698412698412696	0.0	0.5839598997493735	0.0	0.4275053304904051	0.0	0.4994891008174387	0.0	0.38069139966273186	0.0	0.052410617551462625	0.0	0.5192307692307693	0.0	0.2015909090909091	0.0	0.14642857142857144	0.0	0.09821428571428571	0.0	0.0002620545073375262	0.0	0.12755408653846154	0.0	0.571319018404908	0.0	0.2326302729528536	0.0	0.0	0.0	0.0	0.0	0.0	0.0	0.02712912087912088	0.0	0.0	0.0	0.0	0.0	0.0	0.0	0.0	0.0	0.0025834658187599362	0.0	0.0	0.0	0.0	0.0	0.0	0.0	0.34366391184573003	0.0	0.28171641791044777	0.0	0.397212543554007	0.0	0.41032608695652173	0.0	0.012642045454545454	0.0	0.01410761154855643	0.0	0.0720081135902637	0.0	0.34777227722772275	0.0	0.0	0.0	0.0	0.0	0.0	0.0	0.0	0.0	0.12403846153846154	0.0	0.5816231343283582	0.0	0.0065154440154440154	0.0	0.016036184210526317	0.0	0.004166666666666667	0.0	0.0	0.0	0.0	0.0	0.0	0.0	0.0	0.0	0.0	0.0	0.0	0.0	0.03982300884955752	0.0	0.0	0.0	0.0	0.0	0.0	0.0	0.0	0.0	0.0	0.0	0.0	0.0	0.0	0.0	0.0	0.0	0.0	0.0	0.0	0.0	0.0	0.0	0.0	0.0	0.0	0.0	0.0	0.0	0.0	0.0	0.0	0.0	0.0	0.0	0.0	0.0	0.0	0.0	0.0	0.0	0.0	0.0	0.0	0.0	0.0	0.0	0.0	0.0	0.0	0.0	0.0	0.0	0.0	0.0	0.0	0.0	0.0	0.0	0.0	0.0	0.0	0.0	0.0	0.0	0.0	0.0	0.0	0.0	0.0	0.0	0.0	0.0	0.12014038876889849	0.0	0.0	0.0	0.0	0.0	0.0	0.0	0.0	0.0	0.0	0.0	0.0	0.0	0.0	0.0	0.0	0.0	0.0	0.0	0.0	0.0	0.0	0.0	0.0	0.0	0.0	0.0	0.24351415094339623	0.0	0.0	0.0	0.0	0.0	0.05341246290801187	0.0	0.0	0.0	0.0	0.0	0.0	0.0	0.0	0.0	0.12310606060606061	0.0	0.63125	0.0	0.71875	0.0	0.0	0.0	0.0	0.0	0.0	0.0	0.0	0.0	0.0	0.0	0.0	0.0	0.0	0.0	0.0	0.0	0.0	0.0	56	82.3
sub-M2195	36996	0.0	0.0	0.0	0.0	0.0	0.0	0.0	0.0	0.0	0.0	0.0	0.0	0.0	0.0	0.0	0.0	0.0	0.0	0.0	0.0	0.0	0.0	0.0	0.0	0.0	0.0	0.0005102040816326531	0.0	0.0	0.0	0.04413082437275986	0.0	0.0	0.0	0.0	0.0	0.0	0.0	0.0	0.0	0.0	0.0	0.0002244165170556553	0.0	0.0	0.0	0.0	0.0	0.0	0.0	0.0	0.0	0.0	0.0	0.0	0.0	0.0	0.0	0.0	0.0	0.0	0.0	0.0	0.0	0.0019582245430809398	0.0	0.0	0.0	0.0	0.0	0.0	0.0	0.0	0.0	0.0	0.0	0.0	0.0	0.0	0.0	0.0	0.0	0.0	0.0	0.0	0.0	0.0	0.0	0.0	0.0	0.0	0.0	0.0	0.0	0.0	0.0	0.0	0.0	0.0	0.0	0.0	0.0	0.0	0.0	0.0	0.0	0.0	0.0	0.0	0.0	0.0	0.0	0.0	0.0	0.0	0.0	0.0	0.0	0.0	0.0	0.0	0.0	0.0	0.0	0.0	0.0	0.0	0.0	0.0	0.0	0.0	0.0	0.0	0.0	0.0	0.0	0.0	0.0	0.0	0.0	0.0	0.0	0.0	0.0	0.000992063492063492	0.0	0.150062656641604	0.0	0.19482942430703626	0.0	0.18835149863760217	0.0	0.4763912310286678	0.0	0.32015167930660887	0.0	0.22423076923076923	0.0	0.21477272727272728	0.0	0.0	0.0	0.28530844155844154	0.0	0.11189727463312368	0.0	0.014122596153846154	0.0	0.0	0.0	0.010856079404466501	0.0	0.03457869634340222	0.0	0.0	0.0	0.0	0.0	0.0	0.0	0.0	0.0	0.0	0.0	0.0	0.0	0.0	0.0	0.0	0.0	0.0	0.0	0.0	0.0	0.0	0.0	0.009297520661157025	0.0	0.030472636815920398	0.0	0.0	0.0	0.0	0.0	0.0	0.0	0.0	0.0	0.0	0.0	0.0	0.0	0.0	0.0	0.0	0.0	0.0	0.0	0.0	0.0	0.0	0.0	0.0	0.0	0.0	0.0	0.0	0.0	0.0	0.0	0.0	0.0	0.0	0.0	0.0	0.0	0.0	0.0	0.0	0.0	0.0	0.0	0.0	0.0	0.0	0.0	0.0	0.0	0.0	0.0	0.0	0.0	0.0	0.0	0.0	0.0	0.0	0.0	0.0	0.0	0.0	0.0	0.0	0.0	0.0	0.0	0.0	0.0	0.0	0.0	0.0	0.0	0.0	0.0	0.0	0.0	0.0	0.0	0.0	0.0	0.0	0.0	0.0	0.0	0.0	0.0	0.0	0.0	0.0	0.0	0.0	0.0	0.0	0.0	0.0	0.0	0.0	0.0	0.0	0.0	0.0	0.0	0.0	0.0	0.0	0.0	0.0	0.0	0.0	0.0	0.0	0.0	0.0	0.0	0.0	0.0	0.002429805615550756	0.0	0.0	0.0	0.0	0.0	0.0	0.0	0.0	0.0	0.0	0.0	0.0	0.0	0.0	0.0	0.0	0.0	0.0	0.0	0.0	0.0	0.0	0.0	0.0	0.0	0.0	0.0	0.31721698113207547	0.0	0.0	0.0	0.0	0.0	0.01112759643916914	0.0	0.0	0.0	0.0	0.0	0.0	0.0	0.0	0.0	0.24431818181818182	0.0	0.7064453125	0.0	0.8803267045454546	0.0	0.0	0.0	0.0	0.0	0.0	0.0	0.0	0.0	0.0	0.0	0.0	0.0	0.0	0.0	0.0	0.0	0.0	0.0	53	51.9
sub-M2196	85638	0.0	0.0	0.0	0.0	0.0	0.0	0.0	0.0	0.0	0.0	0.0	0.0	0.0	0.0	0.0	0.0	0.0	0.0	0.0059742647058823525	0.0	0.0	0.0	0.0	0.0	0.0	0.0	0.0	0.0	0.050213675213675216	0.0	0.021617383512544802	0.0	0.5621605896043445	0.0	0.0	0.0	0.0	0.0	0.030198019801980197	0.0	0.5888888888888889	0.0	0.13779174147217235	0.0	0.040467625899280574	0.0	0.4816666666666667	0.0	0.0	0.0	0.057	0.0	0.0	0.0	0.0	0.0	0.0	0.0	0.0	0.0	0.0	0.0	0.003106255355612682	0.0	0.0	0.0	0.0	0.0	0.0	0.0	0.0	0.0	0.0	0.0	0.0	0.0	0.0	0.0	0.0	0.0	0.0	0.0	0.0	0.0	0.0	0.0	0.0	0.0	0.0	0.0	0.0	0.0	0.0	0.0	0.0	0.0	0.0	0.0	0.0	0.0	0.0	0.0	0.0	0.0	0.0	0.0	0.0	0.0	0.0	0.0	0.0	0.0	0.0	0.0	0.0	0.0	0.0	0.0	0.0	0.0	0.0	0.0	0.0	0.0	0.0	0.0	0.0	0.0	0.0	0.0	0.0	0.0	0.0	0.0	0.0	0.0	0.0	0.0	0.0	0.0	0.0	0.0	0.0	0.0	0.17857142857142858	0.0	1.0	0.0	0.9989339019189766	0.0	0.9887602179836512	0.0	1.0	0.0	0.3808234019501625	0.0	0.8113461538461538	0.0	0.3325	0.0	0.9095238095238095	0.0	0.9728084415584416	0.0	0.12434486373165618	0.0	0.2551081730769231	0.0	0.8251533742331288	0.0	0.9646401985111662	0.0	0.02007154213036566	0.0	0.0	0.0	0.0	0.0	0.5013736263736264	0.0	0.0004664179104477612	0.0	0.0018796992481203006	0.0	0.0	0.0	0.01989247311827957	0.0	0.02344992050874404	0.0	0.0	0.0	0.0	0.0	0.0	0.0	0.5671487603305785	0.0	1.0	0.0	0.2550813008130081	0.0	0.0	0.0	0.0	0.0	0.0	0.0	0.0	0.0	0.0	0.0	0.0	0.0	0.0	0.0	0.0	0.0	0.0	0.0	0.0	0.0	0.0	0.0	0.0	0.0	0.0	0.0	0.0	0.0	0.0	0.0	0.0	0.0	0.0	0.0	0.0	0.0	0.0	0.0	0.0	0.0	0.0	0.0	0.0	0.0	0.0	0.0	0.0	0.0	0.0	0.0	0.0	0.0	0.0	0.0	0.0	0.0	0.0	0.0	0.0	0.0	0.0	0.0	0.0	0.0	0.0	0.0	0.0	0.0	0.0	0.0	0.0	0.0	0.0	0.0	0.0	0.0	0.0	0.0	0.0	0.0	0.0	0.0	0.0	0.0	0.0	0.0	0.0	0.0	0.0	0.0	0.0	0.0	0.0	0.0	0.0	0.0	0.0	0.0	0.0	0.0	0.0	0.0	0.0	0.0	0.0	0.0	0.0	0.0	0.0	0.0	0.0	0.0	0.0	0.0	0.07748380129589633	0.0	0.0	0.0	0.0	0.0	0.0	0.0	0.0	0.0	0.0	0.0	0.0	0.0	0.0	0.0	0.0	0.0	0.0	0.0	0.0	0.0	0.0	0.0	0.0	0.0	0.0	0.0	0.6479952830188679	0.0	0.0	0.0	0.0	0.0	0.03301186943620178	0.0	0.00946969696969697	0.0	0.005296610169491525	0.0	0.02663934426229508	0.0	0.004310344827586207	0.0	0.540719696969697	0.0	0.8001953125	0.0	0.9442471590909091	0.0	0.0	0.0	0.006880733944954129	0.0	0.0	0.0	0.0	0.0	0.005158730158730159	0.0	0.0	0.0	0.0	0.0	0.0	0.0	0.0	0.0	68	82.7
sub-M2197	161582	0.0	0.0	0.0	0.0	0.0	0.0	0.0	0.0	0.0	0.0	0.013385826771653543	0.0	0.18010602678571427	0.0	0.5450634057971014	0.0	0.48118279569892475	0.0	0.0	0.0	0.0	0.0	0.008035714285714285	0.0	0.5423346693386774	0.0	0.35153061224489796	0.0	0.001282051282051282	0.0	0.6112231182795699	0.0	0.09018619084561676	0.0	0.0	0.0	0.0	0.0	0.0	0.0	0.0	0.0	0.0	0.0	0.0	0.0	0.0	0.0	0.0	0.0	0.9585	0.0	0.9381107491856677	0.0	0.4925373134328358	0.0	0.8797804532577904	0.0	0.9118150684931506	0.0	0.9924242424242424	0.0	0.9712939160239932	0.0	0.6641644908616188	0.0	0.6148255813953488	0.0	0.7156936127744511	0.0	0.9387886597938144	0.0	0.8261385199240987	0.0	0.9337455830388692	0.0	0.8709016393442623	0.0	0.7579365079365079	0.0	0.2791501976284585	0.0	0.4836165048543689	0.0	0.37270114942528737	0.0	0.7280465949820788	0.0	0.7566872427983539	0.0	0.7808333333333334	0.0	0.33450155763239875	0.0	0.3119158878504673	0.0	0.26985981308411217	0.0	0.2145214521452145	0.0	0.1481053604436229	0.0	0.10153061224489796	0.0	0.006899350649350649	0.0	0.07161458333333333	0.0	0.3643958868894602	0.0	0.09543363994743759	0.0	0.14589235127478753	0.0	0.0	0.0	0.0	0.0	0.0	0.0	0.0	0.0	0.0	0.0	0.0	0.0	0.0	0.0	0.0	0.0	0.0	0.0	0.0	0.0	0.0	0.0	0.0	0.0	0.0	0.0	0.0	0.0	0.0	0.0	0.0	0.0	0.007832080200501253	0.0	0.02185501066098081	0.0	0.21849455040871935	0.0	0.05733558178752108	0.0	0.8071505958829902	0.0	0.8142307692307692	0.0	0.9875	0.0	0.6142857142857143	0.0	0.003246753246753247	0.0	0.3397536687631027	0.0	0.05739182692307692	0.0	0.0	0.0	0.0	0.0	0.0	0.0	0.11137071651090343	0.0	0.204817158931083	0.0	0.0	0.0	0.0	0.0	0.0	0.0	0.0	0.0	0.0	0.0	0.0	0.0	0.0	0.0	0.0	0.0	0.0	0.0	0.0	0.0	0.0	0.0	0.0	0.0	0.0	0.0	0.0	0.0	0.0	0.0	0.0	0.0	0.0	0.0	0.0	0.0	0.0	0.0	0.0	0.0	0.0	0.0	0.0028846153846153848	0.0	0.10261194029850747	0.0	0.27437258687258687	0.0	0.0	0.0	0.1337962962962963	0.0	0.3029891304347826	0.0	0.42948717948717946	0.0	0.13805970149253732	0.0	0.16968911917098445	0.0	0.316147859922179	0.0	0.0	0.0	0.0	0.0	0.0	0.0	0.0	0.0	0.008215962441314555	0.0	0.0	0.0	0.0	0.0	0.0	0.0	0.3391350210970464	0.0	0.5209239130434783	0.0	0.32206632653061223	0.0	0.2615638766519824	0.0	0.0	0.0	0.0	0.0	0.06137992831541219	0.0	0.11013011152416356	0.0	0.04359567901234568	0.0	0.06839622641509434	0.0	0.0007861635220125787	0.0	0.0	0.0	0.0	0.0	0.0	0.0	0.0	0.0	0.0	0.0	0.0	0.0	0.0	0.0	0.0	0.0	0.0	0.0	0.0	0.0	0.0	0.0	0.0	0.0	0.0	0.0	0.0	0.0	0.0	0.0	0.0	0.0	0.0	0.0	0.0	0.0	0.0	0.0	0.0	0.0	0.0	0.0	0.0	0.0	0.0	0.0	0.0	0.0	0.0	0.0	0.0	0.0	0.0	0.0	0.0	0.0	0.0	0.0	0.0	0.0	0.0	0.0	0.0	0.0	0.0	0.0	0.0	0.0	0.0	0.0	0.0	0.0	0.0	0.0	0.0	0.0	0.0	0.0	0.0	0.0	0.0	0.0	0.0	0.0	0.06484375	0.0	0.2547940340909091	0.0	0.0	0.0	0.0	0.0	0.0	0.0	0.0	0.0	0.0	0.0	0.0	0.0	0.0	0.0	0.0	0.0	0.0	0.0	68	22.8
sub-M2198	232589	0.0	0.0	0.0	0.0	0.0	0.0	0.0	0.0	0.01181353767560664	0.0	0.27086614173228346	0.0	0.28111049107142855	0.0	0.3426177536231884	0.0	0.21057347670250895	0.0	0.8065257352941176	0.0	0.33218050065876153	0.0	0.8089285714285714	0.0	0.8967935871743486	0.0	0.9984693877551021	0.0	0.7957264957264957	0.0	0.9717741935483871	0.0	0.7997478665632273	0.0	0.0	0.0	0.0	0.0	0.013118811881188118	0.0	0.0	0.0	0.0	0.0	0.0	0.0	0.007222222222222222	0.0	0.0	0.0	0.846	0.0	0.13355048859934854	0.0	0.0	0.0	0.3277266288951841	0.0	0.2328767123287671	0.0	0.0	0.0	0.2997000856898029	0.0	0.13413838120104438	0.0	0.02119670542635659	0.0	0.04403692614770459	0.0	0.4722938144329897	0.0	0.16555977229601518	0.0	0.4017226148409894	0.0	0.4979508196721312	0.0	0.082010582010582	0.0	0.017786561264822136	0.0	0.3088592233009709	0.0	0.0	0.0	0.2692652329749104	0.0	0.05709876543209876	0.0	0.04958333333333333	0.0	0.0019470404984423676	0.0	0.06425233644859812	0.0	0.0	0.0	0.2999174917491749	0.0	0.15526802218114602	0.0	0.18903061224489795	0.0	0.22564935064935066	0.0	0.036458333333333336	0.0	0.06266066838046272	0.0	0.2463863337713535	0.0	0.3371104815864023	0.0	0.7729591836734694	0.0	0.0	0.0	0.0	0.0	0.0	0.0	0.0	0.0	0.0	0.0	0.04709958932238193	0.0	0.043478260869565216	0.0	0.0	0.0	0.29485887096774194	0.0	0.07666666666666666	0.0	0.40717821782178215	0.0	0.11398071625344353	0.0	0.572841726618705	0.0	0.4155759162303665	0.0	0.0	0.0	0.18107769423558898	0.0	0.9208422174840085	0.0	0.9301771117166212	0.0	0.8876475548060708	0.0	0.9656013001083423	0.0	0.9513461538461538	0.0	0.9206818181818182	0.0	1.0	0.0	0.658685064935065	0.0	0.5715408805031447	0.0	0.34615384615384615	0.0	0.45015337423312884	0.0	0.7053349875930521	0.0	0.5135135135135135	0.0	0.21690031152647976	0.0	0.5070323488045007	0.0	0.7884615384615384	0.0	0.6919309701492538	0.0	0.362312030075188	0.0	0.2772177419354839	0.0	0.6693548387096774	0.0	0.9292527821939587	0.0	0.5326834862385321	0.0	0.6634146341463415	0.0	0.39705882352941174	0.0	0.14359504132231404	0.0	0.6032338308457711	0.0	0.36469221835075494	0.0	0.06521739130434782	0.0	0.0	0.0	0.0	0.0	0.0	0.0	0.0	0.0	0.0	0.0	0.0	0.0	0.0	0.0	0.0	0.0	0.0	0.0	0.0	0.0	0.002171814671814672	0.0	0.0	0.0	0.007407407407407408	0.0	0.0	0.0	0.0	0.0	0.002798507462686567	0.0	0.04015544041450777	0.0	0.15904669260700388	0.0	0.0	0.0	0.0	0.0	0.0	0.0	0.0	0.0	0.0	0.0	0.0	0.0	0.0	0.0	0.0	0.0	0.0	0.0	0.004076086956521739	0.0	0.0	0.0	0.0	0.0	0.05181498829039813	0.0	0.0	0.0	0.009408602150537635	0.0	0.0	0.0	0.0	0.0	0.0	0.0	0.0007861635220125787	0.0	0.0011160714285714285	0.0	0.0	0.0	0.002931769722814499	0.0	0.1576923076923077	0.0	0.019597457627118644	0.0	0.0	0.0	0.007352941176470588	0.0	0.054378531073446326	0.0	0.0	0.0	0.0	0.0	0.012268518518518519	0.0	0.06629213483146068	0.0	0.0	0.0	0.0	0.0	0.04858657243816254	0.0	0.0	0.0	0.0	0.0	0.0	0.0	0.0	0.0	0.041576673866090715	0.0	0.020881006864988557	0.0	0.0	0.0	0.014817629179331307	0.0	0.0	0.0	0.0	0.0	0.004521963824289405	0.0	0.18632773938795658	0.0	0.3615771812080537	0.0	0.627521613832853	0.0	0.8763646288209607	0.0	0.3541666666666667	0.0	0.30276523702031605	0.0	0.0	0.0	0.06839622641509434	0.0	0.0	0.0	0.008333333333333333	0.0	0.027077151335311574	0.0	0.000946969696969697	0.0	0.0	0.0	0.0	0.0	0.0021551724137931034	0.0	0.0	0.0	0.1787109375	0.0	0.5417258522727273	0.0	0.0	0.0	0.0	0.0	0.0	0.0	0.0	0.0	0.0	0.0	0.0	0.0	0.0	0.0	0.0	0.0	0.0	0.0	46	31.3
sub-M2199	169158	0.0	0.0	0.0	0.0	0.0	0.0	0.0	0.0	0.004629629629629629	0.0	0.0021653543307086614	0.0	0.0006975446428571429	0.0	0.0	0.0	0.01904121863799283	0.0	0.09375	0.0	0.018115942028985508	0.0	0.0	0.0	0.006763527054108216	0.0	0.058163265306122446	0.0	0.5091880341880342	0.0	0.4917114695340502	0.0	0.7990690457719162	0.0	0.0	0.0	0.0	0.0	0.10148514851485149	0.0	0.2548611111111111	0.0	0.1732495511669659	0.0	0.041816546762589925	0.0	0.45944444444444443	0.0	0.0	0.0	0.439	0.0	0.18363192182410423	0.0	0.0	0.0	0.023548158640226628	0.0	0.1643835616438356	0.0	0.10700757575757576	0.0	0.3829263067694944	0.0	0.08942558746736293	0.0	0.0	0.0	0.026072854291417164	0.0	0.5689432989690721	0.0	0.12405123339658444	0.0	0.185291519434629	0.0	0.5655737704918032	0.0	0.0958994708994709	0.0	0.2198616600790514	0.0	0.1929611650485437	0.0	0.0	0.0	0.6850358422939068	0.0	0.6003086419753086	0.0	0.23458333333333334	0.0	0.004283489096573208	0.0	0.0	0.0	0.010514018691588784	0.0	0.08044554455445545	0.0	0.003234750462107209	0.0	0.0	0.0	0.016233766233766232	0.0	0.0	0.0	0.1211439588688946	0.0	0.0075558475689881735	0.0	0.03151558073654391	0.0	0.0	0.0	0.0	0.0	0.0	0.0	0.0	0.0	0.0	0.0	0.0	0.0	0.0	0.0	0.0	0.0	0.0	0.0	0.0	0.0	0.0	0.0	0.02599009900990099	0.0	0.0	0.0	0.0	0.0	0.0	0.0	0.2361111111111111	0.0	0.9570802005012531	0.0	1.0	0.0	0.9976158038147139	0.0	1.0	0.0	1.0	0.0	0.9282692307692307	0.0	0.9747727272727272	0.0	0.9464285714285714	0.0	1.0	0.0	0.9061844863731656	0.0	0.5375600961538461	0.0	0.5605828220858896	0.0	0.2704714640198511	0.0	0.5570349761526232	0.0	0.5085669781931464	0.0	0.08825597749648383	0.0	0.0	0.0	0.0324160447761194	0.0	0.24671052631578946	0.0	0.17817540322580644	0.0	0.0004032258064516129	0.0	0.0	0.0	0.007071865443425076	0.0	0.0	0.0	0.0	0.0	0.7902892561983471	0.0	0.9937810945273632	0.0	0.4727061556329849	0.0	0.9565217391304348	0.0	0.21704545454545454	0.0	0.0	0.0	0.0	0.0	0.0	0.0	0.0	0.0	0.0	0.0	0.0	0.0	0.0	0.0	0.0	0.0	0.0	0.0	0.0	0.0	0.0	0.0	0.001851851851851852	0.0	0.0	0.0	0.0	0.0	0.0	0.0	0.0048575129533678756	0.0	0.0014591439688715954	0.0	0.0	0.0	0.0	0.0	0.0	0.0	0.0	0.0	0.0	0.0	0.0	0.0	0.0	0.0	0.0	0.0	0.0	0.0	0.0	0.0	0.0	0.0	0.0	0.0	0.0	0.0	0.0	0.0	0.0	0.0	0.0	0.0	0.0	0.0	0.0	0.0	0.0	0.0	0.0	0.0	0.0	0.0	0.0	0.0	0.0	0.0	0.0	0.0	0.0	0.0	0.0	0.0	0.0	0.0	0.0	0.0	0.0	0.0	0.0	0.0	0.0	0.0	0.0	0.0	0.0	0.0	0.0	0.0	0.0	0.0	0.0	0.0	0.0	0.0	0.0	0.0	0.34233261339092874	0.0	0.0	0.0	0.0	0.0	0.0	0.0	0.0	0.0	0.0	0.0	0.0	0.0	0.022581441263573546	0.0	0.0	0.0	0.0	0.0	0.0	0.0	0.0	0.0	0.0	0.0	0.0	0.0	0.3555424528301887	0.0	0.053125	0.0	0.1125	0.0	0.1394658753709199	0.0	0.058712121212121215	0.0	0.033192090395480225	0.0	0.004098360655737705	0.0	0.0	0.0	0.0946969696969697	0.0	0.8728515625	0.0	0.8686079545454546	0.0	0.0	0.0	0.0	0.0	0.0	0.0	0.0	0.0	0.0	0.0	0.0	0.0	0.0	0.0	0.0	0.0	0.0	0.0	66	27.7
sub-M2200	116170	0.0	0.0	0.0	0.0	0.0	0.0	0.0	0.0	0.0	0.0	0.11338582677165354	0.0	0.04157366071428571	0.0	0.03691123188405797	0.0	0.14180107526881722	0.0	0.12178308823529412	0.0	0.051712779973649536	0.0	0.27232142857142855	0.0	0.25400801603206413	0.0	0.8153061224489796	0.0	0.27008547008547007	0.0	0.988239247311828	0.0	0.5126066718386346	0.0	0.0	0.0	0.0	0.0	0.0	0.0	0.0	0.0	0.0	0.0	0.0	0.0	0.0	0.0	0.0	0.0	0.994	0.0	0.18485342019543974	0.0	0.0	0.0	0.6995396600566572	0.0	0.863013698630137	0.0	0.054924242424242424	0.0	0.8097686375321337	0.0	0.48074412532637073	0.0	0.19198158914728683	0.0	0.017714570858283433	0.0	0.6984536082474226	0.0	0.5251423149905123	0.0	0.7424911660777385	0.0	0.018442622950819672	0.0	0.0	0.0	0.0024703557312252965	0.0	0.0012135922330097086	0.0	0.0	0.0	0.3781362007168459	0.0	0.3472222222222222	0.0	0.75625	0.0	0.26090342679127726	0.0	0.04088785046728972	0.0	0.11565420560747663	0.0	0.007838283828382838	0.0	0.0009242144177449168	0.0	0.0	0.0	0.0	0.0	0.0	0.0	0.22718508997429307	0.0	0.0016425755584756898	0.0	0.00017705382436260624	0.0	0.0	0.0	0.0	0.0	0.0	0.0	0.0	0.0	0.0	0.0	0.0	0.0	0.0	0.0	0.0	0.0	0.0	0.0	0.0	0.0	0.0	0.0	0.0	0.0	0.0	0.0	0.0	0.0	0.0	0.0	0.0	0.0	0.23433583959899748	0.0	0.5335820895522388	0.0	0.8693801089918256	0.0	0.28309443507588533	0.0	0.2333423618634886	0.0	0.9813461538461539	0.0	0.8218181818181818	0.0	0.944047619047619	0.0	0.1765422077922078	0.0	0.023846960167714884	0.0	0.005108173076923077	0.0	0.0	0.0	0.0	0.0	0.0	0.0	0.0	0.0	0.003867791842475387	0.0	0.0	0.0	0.0	0.0	0.0	0.0	0.0	0.0	0.0	0.0	0.0	0.0	0.0	0.0	0.0	0.0	0.0	0.0	0.0	0.0	0.0	0.0	0.0	0.0	0.0	0.0	0.0	0.0	0.0	0.0	0.0	0.0	0.0	0.0	0.0	0.0	0.0	0.0	0.0	0.0	0.0	0.0	0.0	0.0	0.0	0.0	0.0	0.0	0.0	0.0	0.0	0.0	0.0	0.0	0.0	0.0	0.0	0.0	0.0	0.0	0.0	0.0	0.0	0.0	0.0003687315634218289	0.0	0.0	0.0	0.0	0.0	0.0	0.0	0.0	0.0	0.0	0.0	0.0	0.0	0.0	0.0	0.0	0.0	0.0	0.0	0.0	0.0	0.0	0.0	0.0	0.0	0.0	0.0	0.0	0.0	0.0	0.0	0.0	0.0	0.0	0.0	0.0	0.0	0.0	0.0	0.0	0.0	0.0	0.0	0.0	0.0	0.0	0.0	0.0	0.0	0.0	0.0	0.0	0.0	0.0	0.0	0.0	0.0	0.0	0.0	0.0	0.0	0.0	0.0	0.0	0.0	0.0	0.0	0.0	0.0	0.0	0.0	0.0	0.0	0.0	0.0	0.0	0.0	0.0	0.0	0.0	0.0	0.0	0.0	0.0	0.0	0.0	0.0	0.0	0.0	0.0	0.0	0.0	0.0	0.0	0.0	0.0	0.0	0.0	0.0	0.0	0.0	0.00884433962264151	0.0	0.021875	0.0	0.0375	0.0	0.0	0.0	0.004734848484848485	0.0	0.0	0.0	0.0	0.0	0.0	0.0	0.0	0.0	0.2365234375	0.0	0.39612926136363635	0.0	0.0	0.0	0.0	0.0	0.0	0.0	0.0	0.0	0.0	0.0	0.0	0.0	0.0	0.0	0.0	0.0	0.0	0.0	58	31.4
sub-M2201	491	0.0	0.0	0.0	0.0	0.0	0.0	0.0	0.0	0.0	0.0	0.0	0.0	0.0	0.0	0.0	0.0	0.0	0.0	0.0	0.0	0.0	0.0	0.0	0.0	0.0	0.0	0.0	0.0	0.0	0.0	0.0	0.0	0.0	0.0	0.0	0.0	0.0	0.0	0.0	0.0	0.0	0.0	0.0	0.0	0.0	0.0	0.0	0.0	0.0	0.0	0.0	0.0	0.0	0.0	0.0	0.0	0.0	0.0	0.0	0.0	0.0	0.0	0.0	0.0	0.0	0.0	0.0	0.0	0.0	0.0	0.0	0.0	0.0	0.0	0.0	0.0	0.0	0.0	0.0	0.0	0.0	0.0	0.0	0.0	0.0	0.0	0.0	0.0	0.0	0.0	0.0	0.0	0.0	0.0	0.0	0.0	0.0	0.0	0.0	0.0	0.0	0.0	0.0	0.0	0.0	0.0	0.0	0.0	0.0	0.0	0.0	0.0	0.0	0.0	0.0	0.0	0.0	0.0	0.0	0.0	0.0	0.0	0.0	0.0	0.0	0.0	0.0	0.0	0.0	0.0	0.0	0.0	0.0	0.0	0.0	0.0	0.0	0.0	0.0	0.0	0.0	0.0	0.0	0.0	0.0	0.0	0.0	0.0	0.0	0.0	0.0	0.0	0.0	0.0	0.0	0.0	0.0	0.0	0.0	0.0	0.0	0.0	0.0	0.0	0.0	0.0	0.0	0.0	0.0	0.0	0.0	0.0	0.0	0.0	0.0	0.0	0.0	0.0	0.0	0.0	0.0	0.0	0.0	0.0	0.0	0.0	0.0	0.0	0.0	0.0	0.0	0.0	0.0	0.0	0.0	0.0	0.0	0.0	0.0	0.0	0.0	0.0	0.0	0.0	0.0	0.0	0.0	0.0	0.0	0.0	0.0	0.0	0.0	0.0	0.0	0.0	0.0	0.0	0.0	0.0	0.0	0.0	0.0	0.0	0.0	0.0	0.0	0.0	0.0	0.0	0.0	0.0	0.0	0.0	0.0	0.0	0.0	0.0	0.0	0.0	0.0	0.0	0.0	0.0	0.0	0.0	0.0	0.0	0.0	0.0	0.0	0.0	0.0	0.0	0.0	0.0	0.0	0.0	0.0	0.0	0.0	0.0	0.0	0.0	0.0	0.0	0.0	0.0	0.0	0.0	0.0	0.0	0.0	0.0	0.0	0.0	0.0	0.0	0.0	0.0	0.0	0.0	0.0	0.0	0.0	0.0	0.0	0.0	0.0	0.0	0.0	0.0	0.0	0.0	0.0	0.0	0.0	0.0	0.0	0.0	0.0	0.0	0.0	0.0	0.0	0.0	0.0	0.0	0.0	0.0	0.0	0.0	0.0	0.0	0.0	0.0	0.0	0.0	0.0	0.0	0.0	0.0	0.0	0.0	0.0	0.0	0.0	0.0	0.0	0.0	0.0	0.0	0.0	0.0	0.0	0.0	0.0	0.0	0.0	0.0	0.0	0.0	0.0	0.0	0.0	0.0	0.0	0.0	0.0	0.0	0.0	0.0	0.0	0.0	0.0	0.0	0.0	0.0	0.0	0.0	0.0	0.0	0.0	0.0	0.0	0.0	0.0015432098765432098	0.0	0.0005733944954128441	0.0	0.22413793103448276	0.0	0.01293103448275862	0.0	0.03253968253968254	0.0	0.0	0.0	0.0	0.0	0.0	0.0	0.026268115942028984	0.0	43	99.7
sub-M2202	150202	0.0	0.0	0.0	0.0	0.0	0.0	0.0	0.0	0.0	0.0	0.0	0.0	0.0	0.0	0.0	0.0	0.043234767025089604	0.0	0.0	0.0	0.0	0.0	0.0	0.0	0.0	0.0	0.0	0.0	0.0	0.0	0.2793458781362007	0.0	0.24641194724592708	0.0	0.0	0.0	0.0	0.0	0.0	0.0	0.009722222222222222	0.0	0.0105475763016158	0.0	0.0	0.0	0.0	0.0	0.0	0.0	0.793	0.0	0.06596091205211727	0.0	0.0	0.0	0.18519830028328613	0.0	0.21147260273972604	0.0	0.0	0.0	0.07829905741216796	0.0	0.057441253263707574	0.0	0.0	0.0	0.0	0.0	0.0	0.0	0.0	0.0	0.0	0.0	0.0	0.0	0.0	0.0	0.0	0.0	0.0	0.0	0.0	0.0	0.15725806451612903	0.0	0.04989711934156379	0.0	0.0	0.0	0.0	0.0	0.07009345794392523	0.0	0.0	0.0	0.24257425742574257	0.0	0.5300369685767098	0.0	0.46658163265306124	0.0	0.34862012987012986	0.0	0.15755208333333334	0.0	0.028277634961439587	0.0	0.16245072273324573	0.0	0.05984419263456091	0.0	0.02040816326530612	0.0	0.0	0.0	0.0	0.0	0.0	0.0	0.0	0.0	0.0	0.0	0.0	0.0	0.0	0.0	0.0	0.0	0.009324596774193549	0.0	0.0	0.0	0.08663366336633663	0.0	0.040289256198347105	0.0	0.008992805755395683	0.0	0.0	0.0	0.060515873015873016	0.0	0.5457393483709273	0.0	0.39418976545842216	0.0	0.8632493188010899	0.0	0.9955733558178752	0.0	0.4989165763813651	0.0	0.8484615384615385	0.0	0.5179545454545454	0.0	0.9095238095238095	0.0	1.0	0.0	0.6530398322851153	0.0	0.8165564903846154	0.0	0.4674079754601227	0.0	0.9221464019851117	0.0	0.9880763116057234	0.0	0.7007398753894081	0.0	0.6935654008438819	0.0	0.7654532967032966	0.0	0.7943097014925373	0.0	0.9736842105263158	0.0	0.7855342741935484	0.0	0.5853494623655914	0.0	0.662758346581876	0.0	0.31173547400611623	0.0	0.16219512195121952	0.0	0.4053308823529412	0.0	0.7293388429752066	0.0	0.9869402985074627	0.0	0.962253193960511	0.0	0.9972826086956522	0.0	0.2177556818181818	0.0	0.0	0.0	0.0	0.0	0.0	0.0	0.0	0.0	0.0	0.0	0.0	0.0	0.0	0.0	0.0	0.0	0.0	0.0	0.0	0.0	0.0	0.0	0.0	0.0	0.0	0.0	0.0	0.0	0.0	0.0	0.0	0.0	0.0	0.0	0.0	0.0	0.0	0.0	0.0	0.0	0.0	0.0	0.0	0.0	0.0	0.0	0.0	0.0	0.0	0.0	0.0	0.0	0.0	0.0	0.0	0.0	0.0	0.0	0.0	0.0	0.0	0.0	0.0	0.0	0.0	0.0	0.0	0.0	0.0	0.0	0.0	0.0	0.0	0.0	0.0	0.0	0.007729211087420042	0.0	0.0	0.0	0.0	0.0	0.06578947368421052	0.0	0.0	0.0	0.0	0.0	0.0	0.0	0.0	0.0	0.0	0.0	0.0	0.0	0.0	0.0	0.08873456790123457	0.0	0.0357773851590106	0.0	0.030334728033472803	0.0	0.0	0.0	0.0	0.0	0.0	0.0	0.36123110151187904	0.0	0.07837528604118993	0.0	0.0	0.0	0.04977203647416414	0.0	0.0	0.0	0.0	0.0	0.18895348837209303	0.0	0.21618953603158933	0.0	0.1837248322147651	0.0	0.09474063400576369	0.0	0.0810589519650655	0.0	0.015625	0.0	0.0	0.0	0.0	0.0	0.45931603773584906	0.0	0.015625	0.0	0.0	0.0	0.23998516320474778	0.0	0.0	0.0	0.0	0.0	0.0	0.0	0.0	0.0	0.13446969696969696	0.0	0.7294921875	0.0	0.7436079545454546	0.0	0.0	0.0	0.0	0.0	0.0	0.0	0.0	0.0	0.0	0.0	0.0	0.0	0.0	0.0	0.0	0.0	0.0	0.0	55	27.4
sub-M2204	181161	0.0	0.0	0.0	0.0	0.0	0.0	0.0	0.0	0.0	0.0	0.0	0.0	0.0	0.0	0.0	0.0	0.007840501792114695	0.0	0.0	0.0	0.0	0.0	0.0	0.0	0.0	0.0	0.0	0.0	0.0	0.0	0.06922043010752688	0.0	0.08553141970519783	0.0	0.0	0.0	0.0	0.0	0.0	0.0	0.041666666666666664	0.0	0.0	0.0	0.0	0.0	0.0	0.0	0.0	0.0	0.2485	0.0	0.33672638436482083	0.0	0.292910447761194	0.0	0.051699716713881017	0.0	0.16866438356164384	0.0	0.915719696969697	0.0	0.7491431019708654	0.0	0.672976501305483	0.0	0.8246124031007752	0.0	0.7471307385229541	0.0	0.8646907216494846	0.0	0.7466793168880456	0.0	0.8140459363957597	0.0	0.004098360655737705	0.0	0.0	0.0	0.10968379446640317	0.0	0.0	0.0	0.0	0.0	0.9865591397849462	0.0	0.9248971193415638	0.0	0.7775	0.0	0.6304517133956387	0.0	0.6191588785046729	0.0	0.7009345794392523	0.0	0.3551980198019802	0.0	0.13170055452865065	0.0	0.0	0.0	0.0	0.0	0.23046875	0.0	0.6089331619537275	0.0	0.09559789750328515	0.0	0.09206798866855524	0.0	0.0	0.0	0.0	0.0	0.0	0.0	0.0	0.0	0.0	0.0	0.0	0.0	0.0	0.0	0.0	0.0	0.0	0.0	0.0	0.0	0.0	0.0	0.0	0.0	0.0	0.0	0.0	0.0	0.0	0.0	0.36259920634920634	0.0	0.44298245614035087	0.0	0.5455756929637526	0.0	0.7368869209809265	0.0	0.9981028667790893	0.0	1.0	0.0	0.8869230769230769	0.0	0.9529545454545455	0.0	0.9571428571428572	0.0	1.0	0.0	0.9516509433962265	0.0	0.69921875	0.0	0.8044478527607362	0.0	0.9410669975186104	0.0	0.5880365659777425	0.0	0.4273753894080997	0.0	0.19743319268635726	0.0	0.5865384615384616	0.0	0.043843283582089554	0.0	0.11842105263157894	0.0	0.08618951612903226	0.0	0.012634408602150538	0.0	0.08585055643879173	0.0	0.0	0.0	0.0	0.0	0.0009191176470588235	0.0	0.8267906336088154	0.0	0.9906716417910447	0.0	0.860191637630662	0.0	1.0	0.0	0.5741477272727272	0.0	0.0	0.0	0.0	0.0	0.0	0.0	0.0	0.0	0.0	0.0	0.0	0.0	0.0	0.0	0.0	0.0	0.0	0.0	0.0	0.0	0.0	0.0	0.0	0.0	0.0	0.0	0.022664835164835164	0.0	0.0	0.0	0.0	0.0	0.0	0.0	0.0	0.0	0.0	0.0	0.0	0.0	0.0	0.0	0.0	0.0	0.0	0.0	0.0	0.0	0.0	0.0	0.0	0.0	0.4176630434782609	0.0	0.32334183673469385	0.0	0.1855726872246696	0.0	0.0	0.0	0.0	0.0	0.0	0.0	0.0	0.0	0.0	0.0	0.0	0.0	0.0	0.0	0.0	0.0	0.0	0.0	0.0	0.0	0.0	0.0	0.0	0.0	0.0	0.0	0.0	0.0	0.0	0.0	0.0	0.0	0.0	0.0	0.0	0.0	0.0	0.0	0.0	0.0	0.0	0.0	0.0	0.0	0.0	0.0	0.0	0.0	0.0	0.0	0.0	0.0	0.5294276457883369	0.0	0.0	0.0	0.3262987012987013	0.0	0.02127659574468085	0.0	0.0	0.0	0.0	0.0	0.0	0.0	0.22433366238894373	0.0	0.0	0.0	0.00036023054755043225	0.0	0.0	0.0	0.0	0.0	0.0	0.0	0.0	0.0	0.5866745283018868	0.0	0.0	0.0	0.0	0.0	0.0	0.0	0.03409090909090909	0.0	0.002824858757062147	0.0	0.07581967213114754	0.0	0.01293103448275862	0.0	0.71875	0.0	0.5615234375	0.0	0.9424715909090909	0.0	0.0	0.0	0.017201834862385322	0.0	0.0	0.0	0.0	0.0	0.007341269841269841	0.0	0.0	0.0	0.0	0.0	0.0	0.0	0.0	0.0	63	14.5
sub-M2205	16557	0.0	0.0	0.0	0.0	0.0	0.0	0.0	0.0	0.0	0.0	0.0	0.0	0.0	0.0	0.0	0.0	0.0	0.0	0.0	0.0	0.0	0.0	0.0	0.0	0.0	0.0	0.0	0.0	0.0	0.0	0.0	0.0	0.0	0.0	0.0	0.0	0.0	0.0	0.0	0.0	0.0	0.0	0.0	0.0	0.0	0.0	0.0	0.0	0.0	0.0	0.0	0.0	0.0	0.0	0.0	0.0	0.0	0.0	0.0	0.0	0.0	0.0	0.0	0.0	0.0	0.0	0.0	0.0	0.0	0.0	0.0	0.0	0.0	0.0	0.0	0.0	0.0	0.0	0.0	0.0	0.0	0.0	0.0	0.0	0.0	0.0	0.42786738351254483	0.0	0.2767489711934156	0.0	0.0	0.0	0.07904984423676012	0.0	0.4462616822429907	0.0	0.1366822429906542	0.0	0.14727722772277227	0.0	0.3126155268022181	0.0	0.10127551020408163	0.0	0.020292207792207792	0.0	0.19075520833333334	0.0	0.009318766066838046	0.0	0.06537450722733246	0.0	0.021246458923512748	0.0	0.0	0.0	0.0	0.0	0.0	0.0	0.0	0.0	0.0	0.0	0.0	0.0	0.0	0.0	0.0	0.0	0.0	0.0	0.0	0.0	0.0	0.0	0.0	0.0	0.0	0.0	0.0	0.0	0.0	0.0	0.0	0.0	0.0	0.0	0.0	0.0	0.0	0.0	0.0	0.0	0.0	0.0	0.0	0.0	0.0	0.0	0.0	0.0	0.0	0.0	0.12853773584905662	0.0	0.12034254807692307	0.0	0.0	0.0	0.0	0.0	0.0	0.0	0.20171339563862928	0.0	0.4451476793248945	0.0	0.0	0.0	0.0	0.0	0.0	0.0	0.0	0.0	0.0	0.0	0.0	0.0	0.0	0.0	0.0	0.0	0.0	0.0	0.0	0.0	0.0	0.0	0.0	0.0	0.0	0.0	0.0	0.0	0.0	0.0	0.0	0.0	0.0	0.0	0.0	0.0	0.0	0.0	0.0	0.0	0.0	0.0	0.0	0.0	0.0	0.0	0.0	0.0	0.0	0.0	0.0	0.0	0.0	0.0	0.0	0.0	0.0	0.0	0.0	0.0	0.0	0.0	0.0	0.0	0.0	0.0	0.0	0.0	0.0	0.0	0.0	0.0	0.0	0.0	0.0	0.0	0.0	0.0	0.0	0.0	0.0	0.0	0.0	0.0	0.0	0.0	0.006733021077283372	0.0	0.0	0.0	0.0	0.0	0.0	0.0	0.0	0.0	0.0	0.0	0.0	0.0	0.0	0.0	0.0	0.0	0.0	0.0	0.0	0.0	0.0	0.0	0.0	0.0	0.0	0.0	0.0	0.0	0.0	0.0	0.0	0.0	0.0	0.0	0.0	0.0	0.0	0.0	0.0	0.0	0.0	0.0	0.0	0.0	0.0	0.0	0.0	0.0	0.0	0.0	0.0	0.0	0.0	0.0	0.0	0.0	0.0	0.0	0.0	0.0	0.0	0.0	0.0	0.0	0.0	0.0	0.0	0.0	0.0	0.0	0.0	0.0	0.0	0.0	0.0	0.0	0.0	0.0	0.0	0.0	0.0	0.0	0.0	0.0	0.0	0.0	0.0	0.0	0.0	0.0	0.0	0.0	0.0	0.0	0.0	0.0	0.0	0.0	0.0	0.0	0.0	0.0	0.0	0.0	0.0	0.0	0.0	0.0	0.0	0.0	0.0	0.0	0.0	0.0	0.0	0.0	0.0	0.0	78	98.8
sub-M2207	27927	0.0	0.0	0.0	0.0	0.0	0.0	0.0	0.0	0.0	0.0	0.010039370078740157	0.0	0.009207589285714286	0.0	0.012681159420289856	0.0	0.00022401433691756272	0.0	0.0	0.0	0.0	0.0	0.0	0.0	0.0	0.0	0.0	0.0	0.00042735042735042735	0.0	0.013776881720430107	0.0	0.0	0.0	0.0	0.0	0.0	0.0	0.0	0.0	0.0	0.0	0.0	0.0	0.0	0.0	0.0	0.0	0.0	0.0	0.0	0.0	0.0	0.0	0.0	0.0	0.0	0.0	0.0	0.0	0.0	0.0	0.0	0.0	0.0	0.0	0.0	0.0	0.0	0.0	0.0	0.0	0.0	0.0	0.0	0.0	0.0	0.0	0.0	0.0	0.0	0.0	0.0	0.0	0.0	0.0	0.002688172043010753	0.0	0.0	0.0	0.0	0.0	0.0	0.0	0.0	0.0	0.0	0.0	0.02268976897689769	0.0	0.0	0.0	0.0	0.0	0.0	0.0	0.0	0.0	0.0	0.0	0.0	0.0	0.0	0.0	0.0	0.0	0.0	0.0	0.0	0.0	0.0	0.0	0.0	0.0	0.0	0.0	0.0	0.0	0.0	0.0	0.0	0.0	0.0	0.0	0.0	0.0	0.0	0.0	0.0	0.0	0.0	0.0	0.0	0.0	0.0	0.0	0.0003132832080200501	0.0	0.02478678038379531	0.0	0.04529972752043597	0.0	0.0	0.0	0.009479956663055254	0.0	0.03942307692307692	0.0	0.007272727272727273	0.0	0.0	0.0	0.0	0.0	0.00799266247379455	0.0	0.0006009615384615385	0.0	0.0	0.0	0.0	0.0	0.0	0.0	0.00837227414330218	0.0	0.005977496483825597	0.0	0.0	0.0	0.0	0.0	0.0	0.0	0.0	0.0	0.0	0.0	0.0	0.0	0.0	0.0	0.0	0.0	0.0	0.0	0.0	0.0	0.0	0.0	0.0	0.0	0.0	0.0	0.0	0.0	0.0	0.0	0.0	0.0	0.0	0.0	0.0	0.0	0.0	0.0	0.0	0.0	0.0	0.0	0.0	0.0	0.0	0.0	0.0	0.0	0.004934210526315789	0.0	0.0023148148148148147	0.0	0.0	0.0	0.0	0.0	0.0	0.0	0.0	0.0	0.0	0.0	0.0	0.0	0.0	0.0	0.0	0.0	0.0	0.0	0.0	0.0	0.0	0.0	0.0	0.0	0.0	0.0	0.0	0.0	0.0	0.0	0.0	0.0	0.0	0.0	0.0	0.0	0.0	0.0	0.0	0.0	0.0	0.0	0.0	0.0	0.0	0.0	0.0	0.0	0.0	0.0	0.0	0.0	0.0	0.0	0.0	0.0	0.0	0.0	0.0	0.0	0.0	0.0	0.0	0.0	0.0	0.0	0.0	0.0	0.0	0.0	0.0	0.0	0.0	0.0	0.0	0.0	0.0	0.0	0.0	0.0	0.0	0.0	0.0	0.0	0.0	0.0	0.0	0.0	0.0	0.0	0.0	0.0	0.0	0.0	0.0	0.0	0.0	0.0	0.0	0.0	0.0	0.0	0.0	0.0	0.0	0.0	0.0	0.0	0.0	0.0	0.0	0.0	0.0	0.0	0.08726415094339622	0.0	0.00625	0.0	0.016666666666666666	0.0	0.07603857566765579	0.0	0.0	0.0	0.0	0.0	0.0	0.0	0.0	0.0	0.08049242424242424	0.0	0.7150390625	0.0	0.28178267045454547	0.0	0.0	0.0	0.0	0.0	0.0	0.0	0.0	0.0	0.0	0.0	0.0	0.0	0.0	0.0	0.0	0.0	0.0	0.0	63	91.3
sub-M2208	14449	0.0	0.0	0.0	0.0	0.0	0.0	0.0	0.0	0.0	0.0	0.0	0.0	0.0	0.0	0.0	0.0	0.0	0.0	0.0	0.0	0.0	0.0	0.0	0.0	0.0	0.0	0.0	0.0	0.001282051282051282	0.0	0.0054883512544802865	0.0	0.0	0.0	0.0	0.0	0.0	0.0	0.0	0.0	0.0	0.0	0.0	0.0	0.0	0.0	0.0	0.0	0.0	0.0	0.0	0.0	0.0	0.0	0.0	0.0	0.0	0.0	0.0	0.0	0.0	0.0	0.008783204798628963	0.0	0.0	0.0	0.0	0.0	0.0	0.0	0.0	0.0	0.0	0.0	0.0	0.0	0.0	0.0	0.0	0.0	0.0	0.0	0.0	0.0	0.0	0.0	0.0	0.0	0.0	0.0	0.0	0.0	0.0	0.0	0.0	0.0	0.0	0.0	0.0	0.0	0.0	0.0	0.0	0.0	0.0	0.0	0.0	0.0	0.0	0.0	0.0	0.0	0.0	0.0	0.0	0.0	0.0	0.0	0.0	0.0	0.0	0.0	0.0	0.0	0.0	0.0	0.0	0.0	0.0	0.0	0.0	0.0	0.0	0.0	0.0	0.0	0.0	0.0	0.0	0.0	0.0	0.0	0.0	0.0	0.0	0.0	0.0	0.0	0.010660980810234541	0.0	0.035592643051771115	0.0	0.0	0.0	0.019907908992416033	0.0	0.04346153846153846	0.0	0.07522727272727273	0.0	0.0	0.0	0.0	0.0	0.0	0.0	0.0	0.0	0.0	0.0	0.0	0.0	0.0	0.0	0.0	0.0	0.0	0.0	0.0	0.0	0.0	0.0	0.0	0.0	0.0	0.0	0.0	0.0	0.0	0.0	0.0	0.0	0.0	0.0	0.0	0.0	0.0	0.0	0.0	0.0	0.0	0.0	0.0	0.0	0.0	0.0	0.0	0.0	0.0	0.0	0.0	0.0	0.0	0.0	0.0	0.0	0.0	0.0	0.0	0.0	0.0	0.0	0.0	0.0	0.0	0.0	0.0	0.0	0.0	0.0	0.0	0.0	0.0	0.0	0.0	0.0	0.0	0.0	0.0	0.0	0.0	0.0	0.0	0.0	0.0	0.0	0.0	0.0	0.0	0.0	0.0	0.0	0.0	0.0	0.0	0.0	0.0	0.0	0.0	0.0	0.0	0.0	0.0	0.0	0.0	0.0	0.0	0.0	0.0	0.0	0.0	0.0	0.0	0.0	0.0	0.0	0.0	0.0	0.0	0.0	0.0	0.0	0.0	0.0	0.0	0.0	0.0	0.0	0.0	0.0	0.0	0.0	0.0	0.0	0.0	0.0	0.0	0.0	0.0	0.0	0.0	0.0	0.0	0.0	0.0	0.0	0.0	0.0	0.0	0.0	0.0	0.0	0.0	0.0	0.0	0.0	0.0	0.0	0.0	0.0	0.0	0.0	0.0	0.0	0.0	0.0	0.0	0.0	0.0	0.0	0.0	0.0	0.0	0.0	0.0	0.0	0.0	0.0	0.0	0.0	0.0	0.0	0.0	0.0	0.0	0.0	0.040625	0.0	0.004166666666666667	0.0	0.0	0.0	0.041666666666666664	0.0	0.0	0.0	0.012295081967213115	0.0	0.015086206896551725	0.0	0.0	0.0	0.005859375	0.0	0.003728693181818182	0.0	0.0	0.0	0.0028669724770642203	0.0	0.0	0.0	0.0	0.0	0.0	0.0	0.0	0.0	0.0	0.0	0.0	0.0	0.0	0.0	50	51.1
sub-M2209	72497	0.0	0.0	0.0	0.0	0.0	0.0	0.0	0.0	0.0	0.0	0.0	0.0	0.0	0.0	0.0	0.0	0.0	0.0	0.0	0.0	0.0	0.0	0.0	0.0	0.0	0.0	0.0	0.0	0.0	0.0	0.0	0.0	0.0011636927851047323	0.0	0.0	0.0	0.0	0.0	0.0	0.0	0.0	0.0	0.0	0.0	0.0	0.0	0.0	0.0	0.0	0.0	0.0	0.0	0.0	0.0	0.0	0.0	0.0	0.0	0.0	0.0	0.0	0.0	0.0	0.0	0.0	0.0	0.0	0.0	0.0	0.0	0.0	0.0	0.0	0.0	0.011484098939929329	0.0	0.0	0.0	0.0	0.0	0.0	0.0	0.0	0.0	0.0	0.0	0.35439068100358423	0.0	0.1970164609053498	0.0	0.0	0.0	0.16705607476635514	0.0	0.6507009345794392	0.0	0.3072429906542056	0.0	0.7388613861386139	0.0	0.15942698706099814	0.0	0.13316326530612244	0.0	0.6424512987012987	0.0	0.193359375	0.0	0.08772493573264782	0.0	0.10052562417871222	0.0	0.03629603399433428	0.0	0.0	0.0	0.0	0.0	0.0	0.0	0.0	0.0	0.0	0.0	0.13969072164948454	0.0	0.11293634496919917	0.0	0.0	0.0	0.001002004008016032	0.0	0.42111895161290325	0.0	0.4066666666666667	0.0	0.9275990099009901	0.0	0.4221763085399449	0.0	0.0044964028776978415	0.0	0.028795811518324606	0.0	0.0	0.0	0.05043859649122807	0.0	0.0007995735607675906	0.0	0.0710149863760218	0.0	0.3503372681281619	0.0	0.15425243770314193	0.0	0.005961538461538462	0.0	0.05840909090909091	0.0	0.23333333333333334	0.0	0.8039772727272727	0.0	0.8615041928721174	0.0	0.826171875	0.0	0.0	0.0	0.1076302729528536	0.0	0.8827503974562798	0.0	0.9484034267912772	0.0	0.8060829817158931	0.0	0.0	0.0	0.22691231343283583	0.0	0.5634398496240601	0.0	0.7600806451612904	0.0	0.0	0.0	0.001589825119236884	0.0	0.05561926605504587	0.0	0.06310975609756098	0.0	0.6516544117647058	0.0	0.0	0.0	0.060945273631840796	0.0	0.0	0.0	0.0	0.0	0.0	0.0	0.0	0.0	0.0	0.0	0.0	0.0	0.0	0.0	0.0	0.0	0.0	0.0	0.0	0.0	0.0	0.0	0.0	0.0	0.0	0.0	0.0	0.0	0.0	0.0	0.0	0.0	0.0	0.0	0.0	0.0	0.0	0.0	0.0	0.0	0.0	0.0	0.0	0.0	0.0	0.0	0.0	0.0	0.0	0.0	0.0	0.0	0.0	0.0	0.0	0.0	0.0	0.0	0.0	0.0	0.0	0.0	0.0	0.0	0.0	0.0	0.0	0.0	0.0	0.0	0.0	0.0	0.0	0.0	0.0	0.0	0.0	0.0	0.0	0.0	0.0	0.0	0.0	0.0	0.0	0.0	0.0	0.0	0.0	0.0	0.0	0.0	0.0	0.0	0.0	0.0	0.0	0.0	0.0011574074074074073	0.0	0.0	0.0	0.0	0.0	0.0	0.0	0.0	0.0	0.0	0.0	0.0	0.0	0.0	0.0	0.0	0.0	0.0	0.0	0.0	0.0	0.0	0.0	0.0	0.0	0.0	0.0	0.0	0.0	0.0	0.0	0.0	0.0	0.0	0.0	0.0	0.0	0.0024563318777292577	0.0	0.01171875	0.0	0.0	0.0	0.0	0.0	0.0	0.0	0.0	0.0	0.0	0.0	0.0	0.0	0.0	0.0	0.0	0.0	0.0	0.0	0.0	0.0	0.0	0.0	0.0	0.0	0.014382102272727272	0.0	0.0	0.0	0.0	0.0	0.0	0.0	0.0	0.0	0.0	0.0	0.0	0.0	0.0	0.0	0.0	0.0	0.0	0.0	73	63.1
sub-M2210	12881	0.0	0.0	0.0	0.0	0.0	0.0	0.0	0.0	0.0	0.0	0.0	0.0	0.0	0.0	0.0	0.0	0.0	0.0	0.0	0.0	0.0	0.0	0.0	0.0	0.0	0.0	0.0	0.0	0.0	0.0	0.0	0.0	0.0	0.0	0.0	0.0	0.0	0.0	0.0	0.0	0.0	0.0	0.0	0.0	0.0	0.0	0.0	0.0	0.0	0.0	0.0	0.0	0.0	0.0	0.0	0.0	0.0	0.0	0.0	0.0	0.0	0.0	0.0	0.0	0.0	0.0	0.0	0.0	0.0	0.0	0.0	0.0	0.0	0.0	0.0	0.0	0.0	0.0	0.0	0.0	0.0	0.0	0.0	0.0	0.0	0.0	0.6303763440860215	0.0	0.294238683127572	0.0	0.0020833333333333333	0.0	0.08021806853582554	0.0	0.18808411214953272	0.0	0.02336448598130841	0.0	0.24711221122112212	0.0	0.0027726432532347504	0.0	0.0	0.0	0.0	0.0	0.0	0.0	0.0	0.0	0.0	0.0	0.0	0.0	0.0	0.0	0.0	0.0	0.0	0.0	0.0	0.0	0.0	0.0	0.0	0.0	0.0	0.0	0.0	0.0	0.0	0.0	0.0	0.0	0.0	0.0	0.0	0.0	0.0	0.0	0.0	0.0	0.0	0.0	0.0	0.0	0.0	0.0	0.0	0.0	0.0	0.0	0.0	0.0	0.20205850487540628	0.0	0.0	0.0	0.0022727272727272726	0.0	0.0	0.0	0.0	0.0	0.17636268343815514	0.0	0.11778846153846154	0.0	0.0	0.0	0.0	0.0	0.16991255961844198	0.0	0.15556853582554517	0.0	0.03287623066104079	0.0	0.0	0.0	0.0	0.0	0.0	0.0	0.0	0.0	0.0	0.0	0.0	0.0	0.0	0.0	0.0	0.0	0.0	0.0	0.0	0.0	0.0	0.0	0.0	0.0	0.0	0.0	0.0	0.0	0.0	0.0	0.0	0.0	0.0	0.0	0.0	0.0	0.0	0.0	0.0	0.0	0.0	0.0	0.0	0.0	0.0	0.0	0.0	0.0	0.0	0.0	0.0	0.0	0.0	0.0	0.0	0.0	0.0	0.0	0.0	0.0	0.0	0.0	0.0	0.0	0.0	0.0	0.0	0.0	0.0	0.0	0.0	0.0	0.0	0.0	0.0	0.0	0.0	0.0	0.0	0.0	0.0	0.0	0.0	0.0	0.0	0.0	0.0	0.0	0.0	0.0	0.0	0.0	0.0	0.0	0.0	0.0	0.0	0.0	0.0	0.0	0.0	0.0	0.0	0.0	0.0	0.0	0.0	0.0	0.0	0.0	0.0	0.0	0.0	0.0	0.0	0.0	0.0	0.0	0.0	0.0	0.0	0.0	0.0	0.0	0.0	0.0	0.0	0.0	0.0	0.0	0.0	0.0	0.0	0.0	0.0	0.0	0.0	0.0	0.0	0.0	0.0	0.0	0.0	0.0	0.0	0.0	0.0	0.0	0.0	0.0	0.0	0.0	0.0	0.0	0.0	0.0	0.0	0.0	0.0	0.0	0.0	0.0	0.0	0.0	0.0	0.0	0.0	0.0	0.0	0.0	0.0	0.0	0.0	0.0	0.0	0.0	0.0	0.0	0.0	0.0	0.0	0.0	0.0	0.0	0.0	0.0	0.0	0.0	0.0	0.0	0.0	0.0	0.0	0.0	0.0	0.0	0.0	0.0	0.0	0.0	0.0	0.0	0.0	0.0	0.0	0.0	64	89.4
sub-M2211	160972	0.0	0.0	0.0022154850746268656	0.0	0.03728070175438596	0.0	0.5374531835205992	0.0	0.30603448275862066	0.0	0.020078740157480315	0.0	0.29771205357142855	0.0	0.5389492753623188	0.0	0.00022401433691756272	0.0	0.1213235294117647	0.0	0.03359683794466403	0.0	0.05892857142857143	0.0	0.5876753507014028	0.0	0.48112244897959183	0.0	0.3	0.0	0.527665770609319	0.0	0.6817300232738557	0.0	0.22713776722090262	0.0	0.925	0.0	0.7896039603960396	0.0	0.8451388888888889	0.0	0.38195691202872534	0.0	0.8367805755395683	0.0	0.995	0.0	0.0	0.0	0.7585	0.0	0.006921824104234527	0.0	0.0	0.0	0.33250708215297453	0.0	0.3544520547945205	0.0	0.0	0.0	0.3667523564695801	0.0	0.44223237597911225	0.0	0.421390503875969	0.0	0.23989520958083832	0.0	0.970360824742268	0.0	0.5974857685009488	0.0	0.8696996466431095	0.0	0.4098360655737705	0.0	0.1302910052910053	0.0	0.011363636363636364	0.0	0.09283980582524272	0.0	0.0	0.0	0.35080645161290325	0.0	0.5396090534979424	0.0	0.7195833333333334	0.0	0.024143302180685357	0.0	0.04322429906542056	0.0	0.0	0.0	0.0	0.0	0.0	0.0	0.0	0.0	0.0	0.0	0.0	0.0	0.1095758354755784	0.0	0.0	0.0	0.020538243626062325	0.0	0.0	0.0	0.0	0.0	0.0	0.0	0.0	0.0	0.0	0.0	0.0	0.0	0.0	0.0	0.0	0.0	0.0	0.0	0.0	0.0	0.0	0.0	0.0	0.0	0.0	0.0	0.0	0.0	0.0	0.0	0.0679563492063492	0.0	0.9135338345864662	0.0	1.0	0.0	0.9543596730245232	0.0	0.5868465430016864	0.0	0.33274647887323944	0.0	0.76	0.0	0.5015909090909091	0.0	0.0035714285714285713	0.0	0.1185064935064935	0.0	0.01939203354297694	0.0	0.015024038461538462	0.0	0.061733128834355826	0.0	0.020471464019851116	0.0	0.0	0.0	0.0	0.0	0.0	0.0	0.0	0.0	0.0	0.0	0.0	0.0	0.0	0.0	0.0	0.0	0.0	0.0	0.0	0.0	0.0	0.0	0.0	0.0	0.03684573002754821	0.0	0.21890547263681592	0.0	0.0	0.0	0.0	0.0	0.0	0.0	0.0	0.0	0.0	0.0	0.0	0.0	0.002094972067039106	0.0	0.0	0.0	0.0	0.0	0.0	0.0	0.0	0.0	0.01632462686567164	0.0	0.0	0.0	0.0	0.0	0.0	0.0	0.0	0.0	0.0	0.0	0.020988805970149255	0.0	0.1133419689119171	0.0	0.11381322957198443	0.0	0.0	0.0	0.0	0.0	0.0	0.0	0.0	0.0	0.0	0.0	0.0	0.0	0.0	0.0	0.0	0.0	0.0058016877637130804	0.0	0.02608695652173913	0.0	0.0006377551020408163	0.0	0.0	0.0	0.0	0.0	0.0	0.0	0.0	0.0	0.0	0.0	0.0	0.0	0.0	0.0	0.0	0.0	0.0	0.0	0.0	0.0	0.0	0.0	0.0	0.0	0.0	0.0	0.0	0.0	0.0	0.0	0.0	0.0	0.0	0.0	0.0	0.0	0.0	0.0	0.0	0.0	0.0	0.0	0.0	0.0	0.0	0.0	0.0	0.0	0.0	0.0	0.0	0.0	0.0	0.0	0.0016198704103671706	0.0	0.0	0.0	0.0016233766233766235	0.0	0.0	0.0	0.0	0.0	0.0	0.0	0.0	0.0	0.0	0.0	0.0	0.0	0.0	0.0	0.0	0.0	0.0	0.0	0.0	0.0	0.0	0.0	0.44752358490566035	0.0	0.08125	0.0	0.20833333333333334	0.0	0.3512611275964392	0.0	0.11079545454545454	0.0	0.048375706214689264	0.0	0.1834016393442623	0.0	0.0	0.0	0.5018939393939394	0.0	0.970703125	0.0	0.9508167613636364	0.0	0.0	0.0	0.0	0.0	0.0	0.0	0.0	0.0	0.0	0.0	0.0	0.0	0.0	0.0	0.0	0.0	0.0	0.0	60	57.9
sub-M2212	145789	0.0	0.0	0.0	0.0	0.0	0.0	0.0	0.0	0.005427841634738187	0.0	0.0281496062992126	0.0	0.006556919642857143	0.0	0.025815217391304348	0.0	0.023521505376344086	0.0	0.23667279411764705	0.0	0.036231884057971016	0.0	0.2	0.0	0.30435871743486975	0.0	0.7974489795918367	0.0	0.661965811965812	0.0	0.9559811827956989	0.0	0.875	0.0	0.0	0.0	0.0	0.0	0.3264851485148515	0.0	0.3729166666666667	0.0	0.13644524236983843	0.0	0.125	0.0	0.6094444444444445	0.0	0.0	0.0	0.991	0.0	0.0	0.0	0.0	0.0	0.4004957507082153	0.0	0.7277397260273972	0.0	0.0	0.0	0.22922022279348758	0.0	0.00489556135770235	0.0	0.0	0.0	0.0	0.0	0.0	0.0	0.0030834914611005695	0.0	0.08083038869257951	0.0	0.0	0.0	0.0	0.0	0.0	0.0	0.0	0.0	0.0	0.0	0.02867383512544803	0.0	0.0	0.0	0.0	0.0	0.0	0.0	0.014018691588785047	0.0	0.0	0.0	0.056518151815181515	0.0	0.0	0.0	0.0	0.0	0.002435064935064935	0.0	0.0	0.0	0.004177377892030848	0.0	0.0	0.0	0.0	0.0	0.0	0.0	0.0	0.0	0.0	0.0	0.0	0.0	0.0	0.0	0.0	0.0	0.0	0.0	0.0	0.0	0.0	0.0	0.0	0.0	0.0	0.0	0.0	0.0	0.0	0.0	0.0	0.0	0.0	0.0	0.08978174603174603	0.0	0.9896616541353384	0.0	0.9994669509594882	0.0	0.9935286103542235	0.0	0.9477234401349073	0.0	0.6852654387865655	0.0	0.9176923076923077	0.0	0.6815909090909091	0.0	0.9035714285714286	0.0	0.4586038961038961	0.0	0.11006289308176101	0.0	0.0967548076923077	0.0	0.15030674846625766	0.0	0.018610421836228287	0.0	0.0025834658187599362	0.0	0.04478193146417445	0.0	0.12165963431786217	0.0	0.0	0.0	0.0	0.0	0.0	0.0	0.0005040322580645161	0.0	0.0	0.0	0.0	0.0	0.0	0.0	0.0	0.0	0.0	0.0	0.38636363636363635	0.0	0.9564676616915423	0.0	0.013937282229965157	0.0	0.0	0.0	0.0	0.0	0.0	0.0	0.0	0.0	0.0	0.0	0.0	0.0	0.0	0.0	0.0	0.0	0.0	0.0	0.0	0.0	0.0	0.0	0.0	0.0	0.0	0.0	0.000925925925925926	0.0	0.0	0.0	0.0	0.0	0.0	0.0	0.0012953367875647669	0.0	0.0	0.0	0.0	0.0	0.0	0.0	0.0	0.0	0.0	0.0	0.0	0.0	0.0	0.0	0.0	0.0	0.0	0.0	0.0	0.0	0.0	0.0	0.0	0.0	0.0	0.0	0.0	0.0	0.0	0.0	0.0	0.0	0.0	0.0	0.0	0.0	0.0	0.0	0.0	0.0	0.0	0.0	0.0	0.0	0.0	0.0	0.0	0.0	0.0	0.0	0.0	0.0	0.0	0.0	0.0	0.0	0.0	0.0	0.0	0.0	0.002777777777777778	0.0	0.0	0.0	0.0	0.0	0.0	0.0	0.0	0.0	0.0	0.0	0.0	0.0	0.0	0.0	0.0	0.0	0.04508639308855292	0.0	0.0	0.0	0.0	0.0	0.0	0.0	0.0	0.0	0.0	0.0	0.0	0.0	0.00012339585389930897	0.0	0.0	0.0	0.0	0.0	0.0	0.0	0.0	0.0	0.0	0.0	0.0	0.0	0.36556603773584906	0.0	0.0625	0.0	0.05416666666666667	0.0	0.12574183976261127	0.0	0.21496212121212122	0.0	0.08298022598870057	0.0	0.23668032786885246	0.0	0.45905172413793105	0.0	0.7490530303030303	0.0	0.919921875	0.0	0.9731889204545454	0.0	0.0	0.0	0.060206422018348624	0.0	0.0	0.0	0.0	0.0	0.09484126984126984	0.0	0.0	0.0	0.0	0.0	0.0	0.0	0.0	0.0	46	64.0
sub-M2213	231861	0.0	0.0	0.16756063432835822	0.0	0.20614035087719298	0.0	0.011235955056179775	0.0	0.39846743295019155	0.0	0.4732283464566929	0.0	0.5636160714285714	0.0	0.734375	0.0	0.8116039426523297	0.0	0.9802389705882353	0.0	0.9003623188405797	0.0	0.9553571428571429	0.0	0.9544088176352705	0.0	0.9760204081632653	0.0	0.9420940170940171	0.0	0.983646953405018	0.0	0.8882854926299457	0.0	0.0	0.0	0.48095238095238096	0.0	0.8603960396039604	0.0	0.6486111111111111	0.0	0.34313285457809695	0.0	0.5310251798561151	0.0	0.9722222222222222	0.0	0.0	0.0	0.9975	0.0	0.7984527687296417	0.0	0.292910447761194	0.0	0.9240439093484419	0.0	0.886986301369863	0.0	0.3475378787878788	0.0	0.8974935732647815	0.0	0.9392950391644909	0.0	0.8330910852713178	0.0	0.6954840319361277	0.0	0.9587628865979382	0.0	0.924573055028463	0.0	0.9799028268551236	0.0	0.4139344262295082	0.0	0.5006613756613757	0.0	0.1773715415019763	0.0	0.21419902912621358	0.0	0.0	0.0	0.8557347670250897	0.0	0.9259259259259259	0.0	0.9675	0.0	0.5132398753894081	0.0	0.4205607476635514	0.0	0.6588785046728972	0.0	0.25825082508250824	0.0	0.19292975970425139	0.0	0.0	0.0	0.0	0.0	0.19661458333333334	0.0	0.7323264781491002	0.0	0.05535479632063075	0.0	0.16094192634560905	0.0	0.0	0.0	0.0	0.0	0.0	0.0	0.0	0.0	0.0	0.0	0.0	0.0	0.0	0.0	0.0	0.0	0.0	0.0	0.0	0.0	0.0	0.0	0.0	0.0	0.0	0.0	0.0	0.0	0.0	0.0	0.05406746031746032	0.0	0.9016290726817042	0.0	0.974680170575693	0.0	0.926941416893733	0.0	0.6462900505902193	0.0	0.8248916576381365	0.0	0.9726923076923077	0.0	0.8759090909090909	0.0	0.8571428571428571	0.0	0.46266233766233766	0.0	0.3081761006289308	0.0	0.13521634615384615	0.0	0.005368098159509203	0.0	0.12903225806451613	0.0	0.09062003179650238	0.0	0.1286993769470405	0.0	0.16051336146272854	0.0	0.0	0.0	0.0	0.0	0.0	0.0	0.0	0.0	0.0	0.0	0.0	0.0	0.0	0.0	0.0	0.0	0.0	0.0	0.1284435261707989	0.0	0.10883084577114428	0.0	0.038037166085946574	0.0	0.06793478260869565	0.0	0.0	0.0	0.006889763779527559	0.0	0.0	0.0	0.08085808580858085	0.0	0.02909683426443203	0.0	0.0014150943396226414	0.0	0.0	0.0	0.0	0.0	0.025	0.0	0.7122201492537313	0.0	0.3178088803088803	0.0	0.00041118421052631577	0.0	0.0	0.0	0.051290760869565216	0.0	0.09271978021978022	0.0	0.0	0.0	0.003562176165803109	0.0	0.05982490272373541	0.0	0.031322505800464036	0.0	0.023230088495575223	0.0	0.0	0.0	0.0	0.0	0.0	0.0	0.0	0.0	0.0	0.0	0.0	0.0	0.004746835443037975	0.0	0.18967391304347825	0.0	0.04400510204081633	0.0	0.003854625550660793	0.0	0.0	0.0	0.0	0.0	0.00985663082437276	0.0	0.0055762081784386614	0.0	0.0	0.0	0.0	0.0	0.0	0.0	0.0	0.0	0.0	0.0	0.0	0.0	0.0	0.0	0.0	0.0	0.0	0.0	0.0	0.0	0.0	0.0	0.0	0.0	0.0	0.0	0.0	0.0	0.0	0.0	0.0	0.0	0.0	0.0	0.0	0.0	0.0	0.0	0.0	0.0	0.0	0.0	0.0	0.0	0.044816414686825054	0.0	0.0	0.0	0.003787878787878788	0.0	0.0	0.0	0.0	0.0	0.0	0.0	0.0	0.0	0.0	0.0	0.0	0.0	0.0	0.0	0.0	0.0	0.0	0.0	0.0	0.0	0.0	0.0	0.6474056603773585	0.0	0.0	0.0	0.0	0.0	0.1717359050445104	0.0	0.0	0.0	0.0	0.0	0.0	0.0	0.0	0.0	0.6382575757575758	0.0	0.43671875	0.0	0.8354048295454546	0.0	0.0	0.0	0.0	0.0	0.0	0.0	0.0	0.0	0.0	0.0	0.0	0.0	0.0	0.0	0.0	0.0	0.0	0.0	71	25.4
sub-M2214	66979	0.0	0.0	0.0	0.0	0.0	0.0	0.0	0.0	0.0	0.0	0.0	0.0	0.0	0.0	0.0	0.0	0.0	0.0	0.0	0.0	0.0	0.0	0.0	0.0	0.0	0.0	0.0	0.0	0.0	0.0	0.0	0.0	0.00843677269200931	0.0	0.0	0.0	0.0	0.0	0.0	0.0	0.05555555555555555	0.0	0.0	0.0	0.0	0.0	0.0	0.0	0.0	0.0	0.0	0.0	0.0	0.0	0.0	0.0	0.0	0.0	0.0	0.0	0.0	0.0	0.0	0.0	0.0	0.0	0.0	0.0	0.0	0.0	0.0	0.0	0.0	0.0	0.0	0.0	0.0	0.0	0.0	0.0	0.0	0.0	0.0	0.0	0.0	0.0	0.0	0.0	0.0	0.0	0.0	0.0	0.0	0.0	0.0	0.0	0.0	0.0	0.0	0.0	0.0	0.0	0.0	0.0	0.0	0.0	0.0	0.0	0.0	0.0	0.0	0.0	0.0	0.0	0.0	0.0	0.0	0.0	0.0	0.0	0.0	0.0	0.0	0.0	0.0	0.0	0.0	0.0	0.0	0.0	0.0	0.0	0.0	0.0	0.0	0.0	0.0	0.0	0.0	0.0	0.0	0.0	0.0	0.0	0.06448412698412699	0.0	0.4924812030075188	0.0	0.17937100213219617	0.0	0.6030313351498637	0.0	0.8825885328836425	0.0	0.002437703141928494	0.0	0.16807692307692307	0.0	0.015681818181818182	0.0	0.42857142857142855	0.0	0.8376623376623377	0.0	0.1871069182389937	0.0	0.4573317307692308	0.0	0.9528374233128835	0.0	1.0	0.0	0.5125198728139905	0.0	0.0	0.0	0.0	0.0	1.0	0.0	0.27052238805970147	0.0	0.6752819548872181	0.0	0.0	0.0	0.04959677419354839	0.0	0.22515898251192368	0.0	0.0	0.0	0.0	0.0	0.0	0.0	0.7909779614325069	0.0	0.8246268656716418	0.0	0.8265098722415796	0.0	0.967391304347826	0.0	0.28267045454545453	0.0	0.0	0.0	0.0	0.0	0.0	0.0	0.0	0.0	0.0	0.0	0.0	0.0	0.0	0.0	0.0	0.0	0.0	0.0	0.0	0.0	0.0	0.0	0.0	0.0	0.0	0.0	0.0	0.0	0.0	0.0	0.0	0.0	0.0	0.0	0.0	0.0	0.0	0.0	0.0	0.0	0.0	0.0	0.0	0.0	0.0	0.0	0.0	0.0	0.0	0.0	0.0	0.0	0.0	0.0	0.0	0.0	0.0	0.0	0.0	0.0	0.0	0.0	0.0	0.0	0.0	0.0	0.0	0.0	0.0	0.0	0.0	0.0	0.0	0.0	0.0	0.0	0.0	0.0	0.0	0.0	0.0	0.0	0.0	0.0	0.0	0.0	0.0	0.0	0.0	0.0	0.0	0.0	0.0	0.0	0.0	0.0	0.0	0.0	0.0	0.0	0.0	0.0	0.0	0.0	0.0	0.0	0.0	0.0	0.0	0.0	0.22273218142548595	0.0	0.0	0.0	0.0	0.0	0.0	0.0	0.0	0.0	0.0	0.0	0.0	0.0	0.004565646594274432	0.0	0.0	0.0	0.0	0.0	0.0	0.0	0.0	0.0	0.0	0.0	0.0	0.0	0.03596698113207547	0.0	0.021875	0.0	0.0	0.0	0.0	0.0	0.09659090909090909	0.0	0.07415254237288135	0.0	0.13319672131147542	0.0	0.015086206896551725	0.0	0.002840909090909091	0.0	0.6568359375	0.0	0.6127485795454546	0.0	0.0	0.0	0.0	0.0	0.0	0.0	0.0	0.0	0.0	0.0	0.0	0.0	0.0	0.0	0.0	0.0	0.0	0.0	74	85.0
sub-M2215	202473	0.29406474820143885	0.0	0.15671641791044777	0.0	0.0	0.0	0.0023408239700374533	0.0	0.3563218390804598	0.0	0.9283464566929134	0.0	0.25558035714285715	0.0	0.6381340579710145	0.0	0.40479390681003585	0.0	0.8474264705882353	0.0	0.9085968379446641	0.0	0.9571428571428572	0.0	1.0	0.0	0.9489795918367347	0.0	0.6316239316239316	0.0	0.9429883512544803	0.0	0.37946082234290146	0.0	0.0	0.0	0.0	0.0	0.07054455445544554	0.0	0.0	0.0	0.043761220825852785	0.0	0.011690647482014389	0.0	0.08944444444444444	0.0	0.0	0.0	0.974	0.0	0.2723941368078176	0.0	0.0	0.0	0.9789305949008499	0.0	0.7200342465753424	0.0	0.32670454545454547	0.0	0.8740359897172236	0.0	0.9546344647519582	0.0	0.7154796511627907	0.0	0.5583832335329342	0.0	0.9007731958762887	0.0	0.2924573055028463	0.0	0.3401060070671378	0.0	0.0	0.0	0.0	0.0	0.0	0.0	0.0	0.0	0.0	0.0	0.2540322580645161	0.0	0.22016460905349794	0.0	0.36666666666666664	0.0	0.17757009345794392	0.0	0.3107476635514019	0.0	0.017523364485981307	0.0	0.03341584158415842	0.0	0.0002310536044362292	0.0	0.0	0.0	0.0	0.0	0.0	0.0	0.08611825192802057	0.0	0.0	0.0	0.019475920679886686	0.0	0.0	0.0	0.0	0.0	0.0	0.0	0.0	0.0	0.0	0.0	0.0	0.0	0.0	0.0	0.0	0.0	0.0	0.0	0.0	0.0	0.0	0.0	0.0	0.0	0.0	0.0	0.0	0.0	0.0	0.0	0.06349206349206349	0.0	0.2700501253132832	0.0	0.994136460554371	0.0	0.7574931880108992	0.0	0.09844013490725126	0.0	0.45815276273022754	0.0	0.7890384615384616	0.0	0.8161363636363637	0.0	0.25357142857142856	0.0	0.016639610389610388	0.0	0.01270964360587002	0.0	0.0010516826923076923	0.0	0.0	0.0	0.0	0.0	0.0	0.0	0.0009735202492211838	0.0	0.0007032348804500703	0.0	0.0	0.0	0.0	0.0	0.0	0.0	0.0	0.0	0.0	0.0	0.0	0.0	0.0	0.0	0.0	0.0	0.0	0.0	0.0	0.0	0.0	0.0	0.0	0.0	0.0	0.0	0.0	0.0	0.8001968503937008	0.05013736263736264	0.3313894523326572	0.00047709923664122136	0.0	0.0	0.8817504655493482	0.02454780361757106	0.07641509433962264	0.0	0.31727574750830567	0.0	0.4287909836065574	0.0	0.0	0.0	0.0	0.0	0.0	0.0	0.0	0.0	0.001388888888888889	0.0	0.0	0.0	0.0	0.0	0.0	0.0	0.0	0.0	0.0038910505836575876	0.0	0.7296983758700696	0.0194777397260274	0.06342182890855458	0.0	0.0	0.0	0.0	0.0	0.0	0.0	0.0	0.0	0.0	0.0	0.0	0.0	0.0	0.0	0.41304347826086957	0.0	0.16964285714285715	0.0	0.43061674008810574	0.0	0.0	0.0	0.0	0.0	0.0	0.0	0.0	0.0	0.0	0.0	0.0	0.0	0.0	0.0	0.0	0.0	0.0	0.0	0.0	0.0	0.0	0.0	0.0	0.0	0.0	0.0	0.0	0.0	0.0	0.0	0.0	0.0	0.0	0.0	0.0	0.0	0.0	0.0	0.0	0.0	0.0	0.0	0.0	0.0	0.0	0.0	0.0	0.0	0.0	0.0	0.0	0.0	0.008369330453563716	0.0	0.0	0.0	0.013528138528138528	0.0	0.0	0.0	0.0	0.0	0.0	0.0	0.0	0.0	0.0	0.0	0.0	0.0	0.0	0.0	0.0	0.0	0.0	0.0	0.0	0.0	0.0	0.0	0.46403301886792453	0.0	0.63125	0.0	0.8416666666666667	0.0	0.9046735905044511	0.0	0.603219696969697	0.0	0.3905367231638418	0.0	0.42008196721311475	0.0	0.5086206896551724	0.0	0.7320075757575758	0.0	0.9962890625	0.0	0.8824573863636364	0.0	0.004629629629629629	0.0	0.05217889908256881	0.0	0.0	0.0	0.0	0.0	0.005158730158730159	0.0	0.0	0.0	0.0	0.0	0.0	0.0	0.007246376811594203	0.0	51	23.1
sub-M2216	152214	0.0	0.0	0.0	0.0	0.0	0.0	0.0	0.0	0.0	0.0	0.01830708661417323	0.0	0.0033482142857142855	0.0	0.0	0.0	0.0114247311827957	0.0	0.0	0.0	0.0	0.0	0.0625	0.0	0.23296593186372747	0.0	0.7494897959183674	0.0	0.15598290598290598	0.0	0.8055555555555556	0.0	0.5244375484871994	0.0	0.0	0.0	0.0	0.0	0.030445544554455445	0.0	0.034027777777777775	0.0	0.0026929982046678637	0.0	0.0	0.0	0.01888888888888889	0.0	0.0	0.0	1.0	0.0	0.035830618892508145	0.0	0.0	0.0	0.31993626062322944	0.0	0.9563356164383562	0.0	0.058712121212121215	0.0	0.8107326478149101	0.0	0.39654046997389036	0.0	0.10707364341085271	0.0	0.14471057884231536	0.0	0.7377577319587629	0.0	0.4841081593927894	0.0	0.5658127208480566	0.0	0.6557377049180327	0.0	0.2222222222222222	0.0	0.07213438735177866	0.0	0.4532766990291262	0.0	0.03936781609195402	0.0	0.5810931899641577	0.0	0.45627572016460904	0.0	0.3125	0.0	0.02453271028037383	0.0	0.07359813084112149	0.0	0.035046728971962614	0.0	0.0	0.0	0.0	0.0	0.0	0.0	0.0	0.0	0.014322916666666666	0.0	0.25482005141388175	0.0	0.005256241787122208	0.0	0.08286118980169972	0.0	0.0	0.0	0.0	0.0	0.0	0.0	0.0	0.0	0.0	0.0	0.0	0.0	0.0	0.0	0.0	0.0	0.0	0.0	0.0	0.0	0.0	0.0	0.0	0.0	0.0	0.0	0.0	0.0	0.0	0.0	0.07837301587301587	0.0	0.8007518796992481	0.0	0.9968017057569296	0.0	0.9984673024523161	0.0	0.9829258010118044	0.0	0.8643011917659805	0.0	0.9925	0.0	0.9775	0.0	1.0	0.0	0.9995941558441559	0.0	0.8363469601677149	0.0	0.7225060096153846	0.0	0.696319018404908	0.0	0.7475186104218362	0.0	0.23390302066772656	0.0	0.028426791277258567	0.0	0.0	0.0	0.13564560439560439	0.0	0.0	0.0	0.008458646616541353	0.0	0.0	0.0	0.011559139784946236	0.0	0.016693163751987282	0.0	0.0	0.0	0.0	0.0	0.0	0.0	0.7854683195592287	0.0	0.9925373134328358	0.0	0.4400406504065041	0.0	0.25815217391304346	0.0	0.002130681818181818	0.0	0.0	0.0	0.0	0.0	0.0	0.0	0.0	0.0	0.0	0.0	0.0	0.0	0.0	0.0	0.0	0.0	0.0	0.0	0.0	0.0	0.0	0.0	0.0	0.0	0.0	0.0	0.0	0.0	0.0	0.0	0.006800518134715026	0.0	0.008268482490272374	0.0	0.0	0.0	0.0	0.0	0.0	0.0	0.0	0.0	0.0	0.0	0.0	0.0	0.0	0.0	0.0	0.0	0.0	0.0	0.0	0.0	0.0	0.0	0.0	0.0	0.0	0.0	0.0	0.0	0.0	0.0	0.0	0.0	0.04243827160493827	0.0	0.0	0.0	0.0	0.0	0.0	0.0	0.0	0.0	0.0	0.0	0.0	0.0	0.0	0.0	0.0	0.0	0.0	0.0	0.0	0.0	0.0	0.0	0.0	0.0	0.0	0.0	0.0	0.0	0.0	0.0	0.0	0.0	0.0	0.0	0.0	0.0	0.0	0.0	0.0	0.0	0.0	0.0	0.17926565874730022	0.0	0.0	0.0	0.0	0.0	0.0	0.0	0.0	0.0	0.0	0.0	0.0	0.0	0.0	0.0	0.0	0.0	0.0	0.0	0.0	0.0	0.0	0.0	0.0	0.0	0.0	0.0	0.12735849056603774	0.0	0.0	0.0	0.0	0.0	0.01112759643916914	0.0	0.001893939393939394	0.0	0.0	0.0	0.036885245901639344	0.0	0.0	0.0	0.04640151515151515	0.0	0.3697265625	0.0	0.7214133522727273	0.0	0.0	0.0	0.0	0.0	0.0	0.0	0.0	0.0	0.0	0.0	0.0	0.0	0.0	0.0	0.0	0.0	0.0	0.0	56	67.0
sub-M2220	63906	0.0	0.0	0.0	0.0	0.0	0.0	0.0	0.0	0.0	0.0	0.0	0.0	0.0	0.0	0.0	0.0	0.0	0.0	0.0	0.0	0.0	0.0	0.0	0.0	0.0	0.0	0.0	0.0	0.0	0.0	0.0	0.0	0.0	0.0	0.0	0.0	0.0	0.0	0.0	0.0	0.0	0.0	0.0	0.0	0.0	0.0	0.0	0.0	0.0	0.0	0.0	0.0	0.0	0.0	0.0	0.0	0.0	0.0	0.0	0.0	0.0	0.0	0.07701371036846615	0.0	0.0	0.0	0.0	0.0	0.0	0.0	0.31829896907216493	0.0	0.0	0.0	0.07332155477031801	0.0	0.0	0.0	0.0	0.0	0.0	0.0	0.0	0.0	0.0	0.0	0.632168458781362	0.0	0.9254115226337448	0.0	0.5129166666666667	0.0	0.19976635514018692	0.0	0.5490654205607477	0.0	0.0	0.0	0.48968646864686466	0.0	0.06492606284658041	0.0	0.1663265306122449	0.0	0.7325487012987013	0.0	0.0026041666666666665	0.0	0.002570694087403599	0.0	0.013140604467805518	0.0	0.006373937677053824	0.0	0.017857142857142856	0.0	0.0	0.0	0.028441011235955056	0.0	0.0028211805555555555	0.0	0.0	0.0	0.0002577319587628866	0.0	0.0011550308008213552	0.0	0.0	0.0	0.0	0.0	0.13130040322580644	0.0	0.006111111111111111	0.0	0.3780940594059406	0.0	0.15013774104683195	0.0	0.2077338129496403	0.0	0.01832460732984293	0.0	0.0	0.0	0.0	0.0	0.0	0.0	0.0	0.0	0.19561551433389546	0.0	0.1287919826652221	0.0	0.0	0.0	0.08454545454545455	0.0	0.0	0.0	0.38189935064935066	0.0	0.752751572327044	0.0	0.6912560096153846	0.0	0.1058282208588957	0.0	0.9308312655086849	0.0	0.6810413354531002	0.0	0.6218847352024922	0.0	0.6207805907172996	0.0	0.521978021978022	0.0	0.38526119402985076	0.0	0.7824248120300752	0.0	0.5488911290322581	0.0	0.050806451612903224	0.0	0.014904610492845787	0.0	0.1345565749235474	0.0	0.16189024390243903	0.0	0.20036764705882354	0.0	0.0337465564738292	0.0	0.12126865671641791	0.0	0.11701509872241579	0.0	0.0	0.0	0.0	0.0	0.0	0.0	0.0	0.0	0.0	0.0	0.0	0.0	0.0	0.0	0.0	0.0	0.0	0.0	0.0	0.0	0.0	0.0	0.0	0.0	0.0	0.0	0.0	0.0	0.0	0.0	0.0	0.0	0.0	0.0	0.0	0.0	0.0	0.0	0.0	0.0	0.0	0.0	0.0	0.0	0.0	0.0	0.0	0.0	0.0	0.0	0.0	0.0	0.0	0.0	0.0	0.0	0.0	0.0	0.0	0.0	0.0	0.0	0.0008782201405152225	0.0	0.0	0.0	0.0	0.0	0.0	0.0	0.0	0.0	0.0	0.0	0.0	0.0	0.0	0.0	0.0	0.0	0.002398720682302772	0.0	0.0	0.0	0.0	0.0	0.0	0.0	0.17279411764705882	0.0	0.0	0.0	0.0	0.0	0.0	0.0	0.020370370370370372	0.0	0.044382022471910115	0.0	0.020788336933045357	0.0	0.0	0.0	0.05256183745583039	0.0	0.0020920502092050207	0.0	0.049342105263157895	0.0	0.09821428571428571	0.0	0.02562111801242236	0.0	0.0	0.0	0.0	0.0	0.0	0.0	0.0	0.0	0.0	0.0	0.0	0.0	0.0	0.0	0.0	0.0	0.0	0.0	0.0	0.0	0.0	0.0	0.0	0.0	0.09875846501128668	0.0	0.0756578947368421	0.0	0.011202830188679245	0.0	0.0	0.0	0.0	0.0	0.0	0.0	0.0	0.0	0.0	0.0	0.0	0.0	0.0	0.0	0.0	0.0	0.0	0.0	0.026455965909090908	0.0	0.0	0.0	0.0	0.0	0.0	0.0	0.0	0.0	0.0	0.0	0.0	0.0	0.0	0.0	0.0	0.0	0.0	0.0	58	57.7
sub-M2221	124302	0.0	0.0	0.0	0.0	0.0	0.0	0.0	0.0	0.0	0.0	0.0	0.0	0.0	0.0	0.0	0.0	0.0	0.0	0.0	0.0	0.0	0.0	0.0	0.0	0.0	0.0	0.0	0.0	0.0	0.0	0.0	0.0	0.0004848719937936385	0.0	0.0	0.0	0.0	0.0	0.0	0.0	0.007638888888888889	0.0	0.0	0.0	0.0	0.0	0.0	0.0	0.0	0.0	0.0	0.0	0.0	0.0	0.0	0.0	0.0	0.0	0.0	0.0	0.0	0.0	0.046593830334190234	0.0	0.0	0.0	0.23340600775193798	0.0	0.0656187624750499	0.0	0.6971649484536082	0.0	0.5220588235294118	0.0	0.7151060070671378	0.0	0.09221311475409837	0.0	0.0	0.0	0.0	0.0	0.0	0.0	0.0	0.0	0.9919354838709677	0.0	0.9593621399176955	0.0	0.8629166666666667	0.0	0.9026479750778816	0.0	0.9964953271028038	0.0	0.7348130841121495	0.0	1.0	0.0	0.8354898336414048	0.0	0.676530612244898	0.0	0.8141233766233766	0.0	0.46875	0.0	0.47654241645244216	0.0	0.3919185282522996	0.0	0.12199008498583569	0.0	0.05102040816326531	0.0	0.0	0.0	0.0	0.0	0.0	0.0	0.0	0.0	0.0	0.0	0.0	0.0	0.0	0.0	0.0	0.0	0.06980846774193548	0.0	0.0	0.0	0.5290841584158416	0.0	0.1284435261707989	0.0	0.0	0.0	0.0	0.0	0.0	0.0	0.016604010025062656	0.0	0.0	0.0	0.03661444141689373	0.0	0.6675801011804384	0.0	0.7757313109425785	0.0	0.006923076923076923	0.0	0.09136363636363637	0.0	0.4714285714285714	0.0	0.9123376623376623	0.0	0.9854559748427673	0.0	0.962890625	0.0	0.23274539877300612	0.0	0.8706575682382134	0.0	0.995429252782194	0.0	0.9908489096573209	0.0	0.9876933895921237	0.0	0.13701923076923078	0.0	0.47154850746268656	0.0	0.956766917293233	0.0	0.7323588709677419	0.0	0.003763440860215054	0.0	0.03557233704292528	0.0	0.1349388379204893	0.0	0.09390243902439024	0.0	0.1056985294117647	0.0	0.15461432506887052	0.0	0.5279850746268657	0.0	0.013066202090592335	0.0	0.0	0.0	0.0	0.0	0.0	0.0	0.0	0.0	0.0	0.0	0.0	0.0	0.0	0.0	0.0	0.0	0.0	0.0	0.0	0.0	0.0	0.0	0.0	0.0	0.0	0.0	0.0	0.0	0.0	0.0	0.0	0.0	0.0	0.0	0.0	0.0	0.0	0.0	0.0	0.0	0.0	0.0	0.0	0.0	0.0	0.0	0.0	0.0	0.0	0.0	0.0	0.0	0.0	0.0	0.0	0.0	0.0	0.0	0.0	0.0	0.0	0.0	0.0002927400468384075	0.0	0.0	0.0	0.0017921146953405018	0.0	0.0	0.0	0.0	0.0	0.0	0.0	0.0	0.0	0.0	0.0	0.0	0.0	0.0	0.0	0.0	0.0	0.0	0.0	0.0	0.0	0.0	0.0	0.0	0.0	0.0	0.0	0.0	0.0	0.0	0.0	0.0	0.0	0.0	0.0	0.0	0.0	0.0	0.0	0.0	0.0	0.0	0.0	0.0	0.0	0.0	0.0	0.0013498920086393088	0.0	0.0	0.0	0.0	0.0	0.0	0.0	0.0	0.0	0.0	0.0	0.0	0.0	0.00012339585389930897	0.0	0.00587248322147651	0.0	0.0446685878962536	0.0	0.025655021834061136	0.0	0.0	0.0	0.0	0.0	0.0	0.0	0.0047169811320754715	0.0	0.0	0.0	0.0	0.0	0.0	0.0	0.0	0.0	0.0	0.0	0.0	0.0	0.0	0.0	0.0	0.0	0.0	0.0	0.04030539772727273	0.0	0.0	0.0	0.0	0.0	0.0	0.0	0.0	0.0	0.0	0.0	0.0	0.0	0.0	0.0	0.0	0.0	0.0	0.0	59	83.4
sub-M2222	73388	0.0	0.0	0.0	0.0	0.0	0.0	0.0	0.0	0.0	0.0	0.0	0.0	0.0	0.0	0.0	0.0	0.0	0.0	0.0	0.0	0.0	0.0	0.0	0.0	0.0	0.0	0.0	0.0	0.0	0.0	0.3961693548387097	0.0	0.17028704422032584	0.0	0.0	0.0	0.0	0.0	0.0	0.0	0.0	0.0	0.0	0.0	0.0	0.0	0.0	0.0	0.0	0.0	0.997	0.0	0.0	0.0	0.0	0.0	0.13827903682719547	0.0	0.886986301369863	0.0	0.0	0.0	0.19312339331619538	0.0	0.00881201044386423	0.0	0.0	0.0	0.0	0.0	0.001288659793814433	0.0	0.0004743833017077799	0.0	0.005742049469964664	0.0	0.0	0.0	0.0	0.0	0.0	0.0	0.0	0.0	0.0	0.0	0.8001792114695341	0.0	0.6604938271604939	0.0	0.19833333333333333	0.0	0.5665887850467289	0.0	0.6600467289719626	0.0	0.3399532710280374	0.0	0.2009075907590759	0.0	0.04320702402957486	0.0	0.08647959183673469	0.0	0.008522727272727272	0.0	0.022135416666666668	0.0	0.017352185089974295	0.0	0.020203679369250986	0.0	0.00017705382436260624	0.0	0.0	0.0	0.0	0.0	0.0	0.0	0.0	0.0	0.0	0.0	0.0	0.0	0.0	0.0	0.0	0.0	0.0	0.0	0.0	0.0	0.0	0.0	0.0	0.0	0.0	0.0	0.0	0.0	0.0	0.0	0.0	0.0	0.12656641604010024	0.0	0.03704690831556503	0.0	0.6834128065395095	0.0	0.29047217537942666	0.0	0.388136511375948	0.0	0.9865384615384616	0.0	0.6022727272727273	0.0	0.819047619047619	0.0	0.040990259740259744	0.0	0.5762578616352201	0.0	0.11328125	0.0	0.0007668711656441718	0.0	0.0	0.0	0.0	0.0	0.09014797507788162	0.0	0.1970815752461322	0.0	0.0	0.0	0.0	0.0	0.0	0.0	0.0	0.0	0.0	0.0	0.0	0.0	0.0	0.0	0.0	0.0	0.0	0.0	0.0	0.0	0.0006218905472636816	0.0	0.0	0.0	0.0	0.0	0.0	0.0	0.0	0.0	0.0	0.0	0.0	0.0	0.0	0.0	0.0	0.0	0.0	0.0	0.0	0.0	0.0	0.0	0.0	0.0	0.0	0.0	0.0	0.0	0.0	0.0	0.0	0.0	0.0	0.0	0.0	0.0	0.0	0.0	0.0	0.0	0.0	0.0	0.0	0.0	0.0	0.0	0.0	0.0	0.0	0.0	0.0	0.0	0.0	0.0	0.0	0.0	0.0	0.0	0.0	0.0	0.0	0.0	0.0	0.0	0.0	0.0	0.0	0.0	0.0	0.0	0.0	0.0	0.0	0.0	0.0	0.0	0.0	0.0	0.0	0.0	0.0	0.0	0.0	0.0	0.0	0.0	0.0	0.0	0.0	0.0	0.0	0.0	0.0	0.0	0.0	0.0	0.0	0.0	0.0	0.0	0.0	0.0	0.0	0.0	0.0	0.0	0.0	0.0	0.0	0.0	0.0	0.0	0.0	0.0	0.0	0.0	0.0	0.0	0.0	0.0	0.0	0.0	0.0	0.0	0.0	0.0	0.0	0.0	0.0	0.0	0.0	0.0	0.0	0.0	0.0	0.0	0.0	0.0	0.0	0.0	0.0	0.0	0.0	0.0	0.04481132075471698	0.0	0.0	0.0	0.0	0.0	0.0	0.0	0.03787878787878788	0.0	0.0	0.0	0.031762295081967214	0.0	0.0	0.0	0.027462121212121212	0.0	0.13046875	0.0	0.572265625	0.0	0.0	0.0	0.0	0.0	0.0	0.0	0.0	0.0	0.0015873015873015873	0.0	0.0	0.0	0.0	0.0	0.0	0.0	0.0	0.0	75	71.4
sub-M2223	119404	0.37859712230215825	0.0	0.2013759328358209	0.0	0.0	0.0	0.05945692883895131	0.0	0.22270114942528735	0.0	0.25216535433070864	0.0	0.0	0.0	0.0	0.0	0.0	0.0	0.09099264705882353	0.0	0.026021080368906456	0.0	0.13214285714285715	0.0	0.001503006012024048	0.0	0.3352040816326531	0.0	0.35491452991452993	0.0	0.49439964157706096	0.0	0.6742629945694336	0.0	0.2081353919239905	0.0	0.0	0.0	0.00024752475247524753	0.0	0.13541666666666666	0.0	0.341786355475763	0.0	0.35611510791366907	0.0	0.26666666666666666	0.0	0.5901595744680851	0.0	0.4285	0.0	0.0	0.0	0.0	0.0	0.0	0.0	0.10017123287671233	0.0	0.0	0.0	0.1541345329905741	0.0	0.0	0.0	0.0	0.0	0.0	0.0	0.5367268041237113	0.0	0.07495256166982922	0.0	0.4450088339222615	0.0	0.0	0.0	0.0	0.0	0.0009881422924901185	0.0	0.0	0.0	0.0	0.0	0.9789426523297491	0.0	0.9022633744855967	0.0	0.8204166666666667	0.0	0.8578660436137072	0.0	0.9228971962616822	0.0	0.969626168224299	0.0	0.591996699669967	0.0	0.352818853974122	0.0	0.015306122448979591	0.0	0.0	0.0	0.3958333333333333	0.0	0.5276349614395887	0.0	0.07818659658344283	0.0	0.02496458923512748	0.0	0.0	0.0	0.0	0.0	0.0	0.0	0.0	0.0	0.0	0.0	0.0	0.0	0.0	0.0	0.0	0.0	0.0	0.0	0.0	0.0	0.0	0.0	0.0	0.0	0.0	0.0	0.0	0.0	0.0	0.0	0.18799603174603174	0.0	0.8590225563909775	0.0	0.9989339019189766	0.0	0.8637602179836512	0.0	0.38596121416526136	0.0	0.5926327193932828	0.0	0.796923076923077	0.0	0.6854545454545454	0.0	0.07380952380952381	0.0	0.18952922077922077	0.0	0.442479035639413	0.0	0.1182391826923077	0.0	0.0015337423312883436	0.0	0.009925558312655087	0.0	0.018680445151033388	0.0	0.21066978193146418	0.0	0.5367440225035162	0.0	0.0	0.0	0.0	0.0	0.0	0.0	0.0	0.0	0.0	0.0	0.0	0.0	0.0	0.0	0.0	0.0	0.0	0.0	0.014807162534435262	0.0	0.004353233830845771	0.0	0.0	0.0	0.0	0.0	0.0	0.0	0.14041994750656167	0.0	0.00988843813387424	0.0	0.0	0.0	0.23975791433891994	0.0	0.4882075471698113	0.0	0.38953488372093026	0.0	0.8278688524590164	0.038702928870292884	0.0	0.0	0.0	0.0	0.0	0.0	0.0	0.0	0.0	0.0	0.0	0.0	0.0	0.0	0.0	0.0	0.0	0.0	0.0	0.0	0.11919953596287702	0.0	0.0	0.0	0.0	0.0	0.0	0.0	0.0	0.0	0.0	0.0	0.0	0.0	0.0	0.0	0.0	0.0	0.0	0.0	0.0	0.0	0.0	0.0	0.0	0.0	0.0	0.0	0.0	0.0	0.0	0.0	0.0	0.0	0.0	0.0	0.0	0.0	0.0	0.0	0.0	0.0	0.0	0.0	0.0	0.0	0.0	0.0	0.0	0.0	0.0	0.0	0.0	0.0	0.0	0.0	0.0	0.0	0.0	0.0	0.0	0.0	0.0	0.0	0.0	0.0	0.0	0.0	0.0	0.0	0.0	0.0	0.0	0.0	0.0	0.0	0.013228941684665227	0.0	0.0	0.0	0.0367965367965368	0.0	0.0	0.0	0.0	0.0	0.0	0.0	0.0	0.0	0.0	0.0	0.0	0.0	0.0	0.0	0.0	0.0	0.0	0.0	0.0	0.0	0.0	0.0	0.5218160377358491	0.0	0.1	0.0	0.14583333333333334	0.0	0.9013353115727003	0.0	0.001893939393939394	0.0	0.02401129943502825	0.0	0.0	0.0	0.0	0.0	0.05397727272727273	0.0	0.29140625	0.0	0.2080965909090909	0.0	0.10493827160493827	0.0018656716417910447	0.0	0.0	0.21551724137931033	0.06521739130434782	0.0	0.0	0.0	0.0	0.0	0.0	0.0	0.0	0.0	0.0	0.26132246376811596	0.059931506849315065	37	92.2
sub-M2226	162651	0.0	0.0	0.0	0.0	0.0	0.0	0.0	0.0	0.0007982120051085569	0.0	0.025393700787401576	0.0	0.004603794642857143	0.0	0.001585144927536232	0.0	0.0	0.0	0.5215992647058824	0.0	0.05648880105401845	0.0	0.23839285714285716	0.0	0.4531563126252505	0.0	0.8913265306122449	0.0	0.736965811965812	0.0	0.9475806451612904	0.0	0.8821761055081458	0.0	0.0	0.0	0.0	0.0	0.0	0.0	0.02013888888888889	0.0	0.0006732495511669659	0.0	0.0	0.0	0.04888888888888889	0.0	0.0	0.0	0.9615	0.0	0.0	0.0	0.0	0.0	0.20042492917847027	0.0	0.7902397260273972	0.0	0.0	0.0	0.4902527849185947	0.0	0.0	0.0	0.0	0.0	0.0	0.0	0.4259020618556701	0.0	0.0	0.0	0.015459363957597174	0.0	0.0	0.0	0.0	0.0	0.0	0.0	0.0	0.0	0.0	0.0	0.8611111111111112	0.0	0.7546296296296297	0.0	0.2945833333333333	0.0	0.0588006230529595	0.0	0.3866822429906542	0.0	0.0	0.0	0.7636138613861386	0.0	0.16127541589648797	0.0	0.10918367346938776	0.0	0.08238636363636363	0.0	0.00390625	0.0	0.0	0.0	0.026281208935611037	0.0	0.1820113314447592	0.0	0.15306122448979592	0.0	0.0	0.0	0.0	0.0	0.0	0.0	0.0	0.0	0.0	0.0	0.0	0.0	0.0	0.0	0.0	0.0	0.02444556451612903	0.0	0.0	0.0	0.10457920792079207	0.0	0.1119146005509642	0.0	0.0	0.0	0.0	0.0	0.02132936507936508	0.0	0.6171679197994987	0.0	0.9861407249466951	0.0	0.9976158038147139	0.0	0.9915682967959528	0.0	0.933911159263272	0.0	0.9830769230769231	0.0	0.9979545454545454	0.0	1.0	0.0	0.9995941558441559	0.0	0.9837526205450734	0.0	0.9834735576923077	0.0	0.39033742331288346	0.0	0.9968982630272953	0.0	1.0	0.0	0.9100467289719626	0.0	0.855309423347398	0.0	0.9059065934065934	0.0	0.472714552238806	0.0	0.9591165413533834	0.0	0.703125	0.0	0.11155913978494623	0.0	0.2527821939586645	0.0	0.03765290519877676	0.0	0.010670731707317074	0.0	0.203125	0.0	0.2434573002754821	0.0	0.7524875621890548	0.0	0.042682926829268296	0.0	0.0	0.0	0.0	0.0	0.0	0.0	0.0	0.0	0.0	0.0	0.0	0.0	0.0	0.0	0.0	0.0	0.0	0.0	0.0	0.0	0.0	0.0	0.0	0.0	0.0	0.0	0.0	0.0	0.0	0.0	0.0	0.0	0.0	0.0	0.0	0.0	0.0	0.0	0.0	0.0	0.0	0.0	0.0	0.0	0.0	0.0	0.0	0.0	0.0	0.0	0.0	0.0	0.0	0.0	0.0	0.0	0.0	0.0	0.0	0.0	0.0	0.0	0.0	0.0	0.0	0.0	0.0	0.0	0.0	0.0	0.0	0.0	0.0	0.0	0.0	0.0	0.0	0.0	0.0	0.0	0.0	0.0	0.0	0.0	0.0	0.0	0.0	0.0	0.0	0.0	0.0	0.0	0.0	0.0	0.0	0.0	0.0	0.0	0.0	0.0	0.0	0.0	0.0	0.0	0.0	0.0	0.0	0.0	0.0	0.0	0.0	0.0	0.0	0.0	0.005399568034557235	0.0	0.0	0.0	0.0	0.0	0.0	0.0	0.0	0.0	0.0	0.0	0.0	0.0	0.0	0.0	0.0	0.0	0.0	0.0	0.0	0.0	0.0	0.0	0.0	0.0	0.0	0.0	0.13856132075471697	0.0	0.0	0.0	0.0	0.0	0.0	0.0	0.0	0.0	0.0	0.0	0.0	0.0	0.0	0.0	0.0	0.0	0.0279296875	0.0	0.44566761363636365	0.0	0.0	0.0	0.0	0.0	0.0	0.0	0.0	0.0	0.0	0.0	0.0	0.0	0.0	0.0	0.0	0.0	0.0	0.0	56	69.2
sub-M2227	43528	0.0	0.0	0.0	0.0	0.0	0.0	0.0	0.0	0.0	0.0	0.0	0.0	0.0	0.0	0.0	0.0	0.0	0.0	0.0	0.0	0.0	0.0	0.0	0.0	0.0	0.0	0.0	0.0	0.0	0.0	0.008064516129032258	0.0	0.20616757176105507	0.0	0.0	0.0	0.0	0.0	0.0	0.0	0.0	0.0	0.0	0.0	0.0	0.0	0.0	0.0	0.0	0.0	0.1425	0.0	0.0	0.0	0.0	0.0	0.0	0.0	0.005136986301369863	0.0	0.0	0.0	0.0418808911739503	0.0	0.0	0.0	0.0	0.0	0.0	0.0	0.001288659793814433	0.0	0.0	0.0	0.0	0.0	0.0	0.0	0.0	0.0	0.0	0.0	0.0	0.0	0.0	0.0	0.0	0.0	0.0	0.0	0.0	0.0	0.0	0.0	0.0	0.0	0.0	0.0	0.0	0.0	0.0	0.0	0.0	0.0	0.0	0.0	0.0	0.0	0.0	0.0	0.0	0.0	0.0	0.0	0.0	0.0	0.0	0.0	0.0	0.0	0.0	0.0	0.0	0.0	0.0	0.0	0.0	0.0	0.0	0.0	0.0	0.0	0.0	0.0	0.0	0.0	0.0	0.0	0.0	0.0	0.0	0.0	0.0	0.0	0.09375	0.0	0.06484962406015038	0.0	0.24680170575692964	0.0	0.7465940054495913	0.0	0.36572512647554806	0.0	0.33924702058504874	0.0	0.9165384615384615	0.0	0.6881818181818182	0.0	0.4785714285714286	0.0	0.1075487012987013	0.0	0.011923480083857442	0.0	0.0	0.0	0.0	0.0	0.0	0.0	0.0	0.0	0.0	0.0	0.0	0.0	0.0	0.0	0.0	0.0	0.0	0.0	0.0	0.0	0.0	0.0	0.0	0.0	0.0	0.0	0.0	0.0	0.0	0.0	0.0	0.0	0.009328358208955223	0.0	0.0	0.0	0.0	0.0	0.0069602272727272724	0.0	0.0	0.0	0.0	0.0	0.0	0.0	0.0	0.0	0.0	0.0	0.0	0.0	0.0	0.0	0.0	0.0	0.0	0.0	0.0	0.0	0.0	0.0	0.0	0.0	0.0	0.0	0.0	0.0	0.0	0.0	0.0	0.0	0.0	0.0	0.0	0.0	0.0	0.0	0.0	0.0	0.0	0.0	0.0	0.0	0.0	0.0	0.0	0.0	0.0	0.0	0.0	0.0	0.0	0.0	0.0	0.0	0.0	0.0	0.0	0.0	0.0	0.0	0.0	0.0	0.0	0.0	0.0	0.0	0.0	0.0	0.0	0.0	0.0	0.0	0.0	0.0	0.0	0.0	0.0	0.0	0.0	0.0	0.0	0.0	0.0	0.0	0.0	0.0	0.0	0.0	0.0	0.0	0.0	0.0	0.0	0.0	0.0	0.0	0.0	0.0	0.0	0.0	0.0	0.0	0.0	0.0	0.0	0.0	0.0	0.0	0.14308855291576675	0.0	0.0014302059496567505	0.0	0.10497835497835498	0.0	0.0	0.0	0.0	0.0	0.0	0.0	0.0	0.0	0.0007403751233958539	0.0	0.0	0.0	0.0	0.0	0.0	0.0	0.0	0.0	0.0	0.0	0.0	0.0	0.7163915094339622	0.0	0.0	0.0	0.0	0.0	0.0	0.0	0.0	0.0	0.0	0.0	0.0	0.0	0.0	0.0	0.3390151515151515	0.0	0.5587890625	0.0	0.8616832386363636	0.0	0.0	0.0	0.0	0.0	0.0	0.0	0.0	0.0	0.0	0.0	0.0	0.0	0.0	0.0	0.0	0.0	0.0	0.0	58	78.2
sub-M2228	286425	0.0	0.0	0.0	0.0	0.02631578947368421	0.0	0.0	0.0	0.0015964240102171138	0.0	0.06614173228346457	0.0	0.07659040178571429	0.0	0.3820199275362319	0.0	0.567652329749104	0.0	0.03814338235294118	0.0	0.0983201581027668	0.0	0.12589285714285714	0.0	0.09919839679358718	0.0	0.13316326530612244	0.0	0.08974358974358974	0.0	0.539986559139785	0.0	0.0893134212567882	0.0	0.0	0.0	0.0	0.0	0.0	0.0	0.0	0.0	0.0	0.0	0.0	0.0	0.0	0.0	0.0	0.0	0.697	0.0	0.7744299674267101	0.0	0.40298507462686567	0.0	0.3546388101983003	0.0	0.4486301369863014	0.0	0.9128787878787878	0.0	0.8600042844901457	0.0	0.5868146214099217	0.0	0.5396075581395349	0.0	0.6483283433133733	0.0	0.9394329896907216	0.0	0.9165085388994307	0.0	0.9995583038869258	0.0	0.8688524590163934	0.0	0.9431216931216931	0.0	0.3132411067193676	0.0	0.9593446601941747	0.0	0.9408045977011494	0.0	0.9825268817204301	0.0	0.9567901234567902	0.0	0.9345833333333333	0.0	0.9431464174454829	0.0	0.9707943925233645	0.0	0.9801401869158879	0.0	0.9228547854785478	0.0	0.8264787430683919	0.0	0.9290816326530612	0.0	0.9155844155844156	0.0	0.923828125	0.0	0.9591902313624678	0.0	0.9461235216819974	0.0	0.9603399433427762	0.0	1.0	0.0	0.0	0.0	0.020365168539325844	0.0	0.04188368055555555	0.0	0.0	0.0	0.5131443298969072	0.0	0.352541067761807	0.0	0.9463315217391305	0.0	0.5961923847695391	0.0	0.9254032258064516	0.0	0.9327777777777778	0.0	0.9306930693069307	0.0	0.8119834710743802	0.0	0.20593525179856115	0.0	0.32231675392670156	0.0	0.0	0.0	0.04887218045112782	0.0	0.1337953091684435	0.0	0.4591280653950954	0.0	0.5657672849915683	0.0	0.9856446370530878	0.0	0.7975	0.0	0.9379545454545455	0.0	0.6392857142857142	0.0	0.625	0.0	0.9846698113207547	0.0	0.6858473557692307	0.0	0.0	0.0	0.022022332506203474	0.0	0.8821542130365659	0.0	0.9669003115264797	0.0	0.9578059071729957	0.0	0.0010302197802197802	0.0	0.29361007462686567	0.0	0.8035714285714286	0.0	0.8999495967741935	0.0	0.05887096774193548	0.0	0.07730524642289348	0.0	0.11314984709480122	0.0	0.1253048780487805	0.0	0.9908088235294118	0.0	0.0	0.0	0.09514925373134328	0.0	0.0	0.0	0.0	0.0	0.006107954545454546	0.0	0.0	0.0	0.0	0.0	0.0	0.0	0.0	0.0	0.0	0.0	0.0	0.0	0.0	0.0	0.0	0.0	0.0	0.0	0.0	0.0	0.028782894736842105	0.0	0.014814814814814815	0.0	0.025815217391304348	0.0	0.08195970695970696	0.0	0.13386194029850745	0.0	0.27979274611398963	0.0	0.24610894941634243	0.0	0.0	0.0	0.022123893805309734	0.0	0.0	0.0	0.0	0.0	0.00528169014084507	0.0	0.0	0.0	0.007352941176470588	0.0	0.0	0.0	0.01529535864978903	0.0	0.13342391304347825	0.0	0.078125	0.0	0.02973568281938326	0.0	0.2298009367681499	0.0	0.0016163793103448276	0.0	0.17495519713261648	0.0	0.15102230483271376	0.0	0.5335648148148148	0.0	0.5155660377358491	0.0	0.015723270440251572	0.0	0.013764880952380952	0.0	0.42378048780487804	0.0	0.046108742004264396	0.0	0.3730769230769231	0.0	0.4719279661016949	0.0	0.02786377708978328	0.0	0.5845588235294118	0.0	0.7429378531073446	0.0	0.31884765625	0.0	0.1113013698630137	0.0	0.07037037037037037	0.0	0.10056179775280899	0.0	0.006209503239740821	0.0	0.0015432098765432098	0.0	0.013250883392226149	0.0	0.006276150627615063	0.0	0.0	0.0	0.054464285714285715	0.0	0.09006211180124224	0.0	0.20437365010799136	0.0	0.08123569794050343	0.0	0.0	0.0	0.022796352583586626	0.0	0.0	0.0	0.0	0.0	0.04941860465116279	0.0	0.08896841066140178	0.0	0.07466442953020135	0.0	0.015129682997118156	0.0	0.11299126637554585	0.0	0.07291666666666667	0.0	0.050790067720090294	0.0	0.0037593984962406013	0.0	0.001768867924528302	0.0	0.021875	0.0	0.10416666666666667	0.0	0.0	0.0	0.08996212121212122	0.0	0.00423728813559322	0.0	0.29200819672131145	0.0	0.3146551724137931	0.0	0.0634469696969697	0.0	0.0556640625	0.0	0.2890625	0.0	0.0	0.0	0.11926605504587157	0.0	0.0	0.0	0.0	0.0	0.14126984126984127	0.0	0.051041666666666666	0.0	0.0	0.0	0.0	0.0	0.0	0.0	65	19.9
sub-M2230	30315	0.0	0.0	0.03194962686567164	0.0	0.02631578947368421	0.0	0.0	0.0	0.0	0.0	0.0	0.0	0.007533482142857143	0.0	0.013134057971014492	0.0	0.07482078853046595	0.0	0.0	0.0	0.0	0.0	0.0	0.0	0.0	0.0	0.0	0.0	0.0	0.0	0.0	0.0	0.0	0.0	0.0	0.0	0.0	0.0	0.0	0.0	0.0	0.0	0.0	0.0	0.0	0.0	0.0	0.0	0.0	0.0	0.0	0.0	0.1449511400651466	0.0	0.7873134328358209	0.0	0.0	0.0	0.0	0.0	0.000946969696969697	0.0	0.0	0.0	0.0	0.0	0.0	0.0	0.007859281437125748	0.0	0.0	0.0	0.0	0.0	0.0	0.0	0.0	0.0	0.0	0.0	0.0	0.0	0.0	0.0	0.0	0.0	0.0	0.0	0.0	0.0	0.0	0.0	0.0	0.0	0.0	0.0	0.0	0.0	0.0	0.0	0.0	0.0	0.0	0.0	0.0	0.0	0.0	0.0	0.0	0.0	0.0	0.0	0.0	0.0	0.0	0.0	0.0	0.0	0.0	0.0	0.0	0.0	0.0	0.0	0.0	0.0	0.0	0.0	0.0	0.0	0.0	0.0	0.0	0.0	0.0	0.0	0.0	0.0	0.0	0.0	0.0	0.0	0.0	0.0	0.0	0.0	0.0	0.0	0.0	0.0	0.0	0.0	0.0	0.0	0.0	0.0	0.0	0.0	0.0	0.0	0.0	0.0	0.0	0.0	0.0	0.0	0.0	0.0	0.0	0.0	0.0	0.0	0.0	0.0	0.0	0.0	0.0	0.0	0.0	0.0	0.0	0.0	0.0	0.0	0.0	0.0	0.0	0.0	0.0	0.0	0.0	0.0	0.0	0.0	0.0	0.0	0.0	0.0	0.0	0.0	0.0	0.0	0.0	0.0	0.0	0.0	0.039698162729658794	0.0	0.0763184584178499	0.0	0.4084158415841584	0.0	0.0	0.0	0.0	0.0	0.0	0.0	0.0	0.0	0.8971153846153846	0.0	0.36847014925373134	0.0	0.6042471042471043	0.0	0.7557565789473685	0.0	0.9305555555555556	0.0	0.8074048913043478	0.0	0.663003663003663	0.0	0.0004664179104477612	0.0	0.0	0.0	0.0	0.0	0.0	0.0	0.5483038348082596	0.0	0.07670454545454546	0.0	0.0	0.0	0.0	0.0	0.0	0.0	0.0	0.0	0.0	0.0	0.1819620253164557	0.0	0.14619565217391303	0.0	0.19005102040816327	0.0	0.12444933920704845	0.0	0.0	0.0	0.0	0.0	0.0	0.0	0.0	0.0	0.0	0.0	0.0	0.0	0.0	0.0	0.0	0.0	0.0	0.0	0.0	0.0	0.0	0.0	0.0	0.0	0.0	0.0	0.0	0.0	0.0	0.0	0.0	0.0	0.0	0.0	0.0	0.0	0.0	0.0	0.0	0.0	0.0	0.0	0.0	0.0	0.0	0.0	0.0	0.0	0.0	0.0	0.0	0.0	0.0	0.0	0.0	0.0	0.0	0.0	0.0	0.0	0.0	0.0	0.0	0.0	0.0	0.0	0.0	0.0	0.0	0.0	0.0	0.0	0.0	0.0	0.0	0.0	0.0	0.0	0.0	0.0	0.0	0.0	0.0	0.0	0.0	0.0	0.0	0.0	0.0	0.0	0.0	0.0	0.0	0.0	0.0	0.0	0.0	0.0	0.0	0.0	0.0	0.0	0.0	0.0	0.0	0.0	0.0	0.0	0.0	0.0	0.0	0.0	0.0	0.0	0.0	0.0	0.0	0.0	0.0	0.0	76	98.0
sub-M2232	68876	0.0	0.0	0.0	0.0	0.0	0.0	0.0	0.0	0.0	0.0	0.006889763779527559	0.0	0.0	0.0	0.0	0.0	0.0017921146953405018	0.0	0.17095588235294118	0.0	0.0327733860342556	0.0	0.29375	0.0	0.04809619238476954	0.0	0.37244897959183676	0.0	0.43974358974358974	0.0	0.9136424731182796	0.0	0.6415826221877424	0.0	0.0	0.0	0.0	0.0	0.0	0.0	0.0	0.0	0.0	0.0	0.0	0.0	0.009444444444444445	0.0	0.0	0.0	0.948	0.0	0.0	0.0	0.0	0.0	0.17422096317280453	0.0	0.3210616438356164	0.0	0.0	0.0	0.05227077977720651	0.0	0.0009791122715404699	0.0	0.0	0.0	0.0	0.0	0.0	0.0	0.0	0.0	0.0	0.0	0.0	0.0	0.0	0.0	0.0	0.0	0.0	0.0	0.0	0.0	0.0	0.0	0.0	0.0	0.0	0.0	0.0	0.0	0.0	0.0	0.0	0.0	0.0	0.0	0.0	0.0	0.0	0.0	0.0	0.0	0.0	0.0	0.0	0.0	0.0	0.0	0.0	0.0	0.0	0.0	0.0	0.0	0.0	0.0	0.0	0.0	0.0	0.0	0.0	0.0	0.0	0.0	0.0	0.0	0.0	0.0	0.0	0.0	0.0	0.0	0.0	0.0	0.0	0.0	0.0	0.0	0.0	0.0	0.0	0.0	0.29949874686716793	0.0	0.9261727078891258	0.0	0.948058583106267	0.0	0.4565767284991568	0.0	0.16007583965330444	0.0	0.9278846153846154	0.0	0.46	0.0	0.5369047619047619	0.0	0.12337662337662338	0.0	0.054245283018867926	0.0	0.0006009615384615385	0.0	0.0	0.0	0.0	0.0	0.0	0.0	0.0	0.0	0.0	0.0	0.0	0.0	0.0	0.0	0.0	0.0	0.0	0.0	0.0	0.0	0.0	0.0	0.0	0.0	0.0	0.0	0.0	0.0	0.049586776859504134	0.0	0.19962686567164178	0.0	0.0	0.0	0.0	0.0	0.0	0.0	0.0	0.0	0.0	0.0	0.0	0.0	0.0	0.0	0.0	0.0	0.0	0.0	0.0	0.0	0.0	0.0	0.0	0.0	0.0	0.0	0.0	0.0	0.0	0.0	0.0	0.0	0.0	0.0	0.0	0.0	0.0	0.0	0.0	0.0	0.0	0.0	0.0	0.0	0.0	0.0	0.0	0.0	0.0	0.0	0.0	0.0	0.0	0.0	0.0	0.0	0.0	0.0	0.0	0.0	0.0	0.0	0.0	0.0	0.0	0.0	0.0	0.0	0.0	0.0	0.0	0.0	0.0	0.0	0.0	0.0	0.0	0.0	0.0	0.0	0.0	0.0	0.0	0.0	0.0	0.0	0.0	0.0	0.0	0.0	0.0	0.0	0.0	0.0	0.0	0.0	0.0	0.0	0.0	0.0	0.0	0.0	0.0	0.0	0.0	0.0	0.0	0.0	0.0	0.0	0.0	0.0	0.0	0.0	0.0	0.0	0.0	0.0	0.0	0.0	0.0	0.0	0.0	0.0	0.0	0.0	0.0	0.0	0.0	0.0	0.0	0.0	0.0	0.0	0.0	0.0	0.0	0.0	0.0	0.0	0.0	0.0	0.0	0.0	0.014150943396226415	0.0	0.0	0.0	0.0	0.0	0.0	0.0	0.0	0.0	0.0014124293785310734	0.0	0.0	0.0	0.0	0.0	0.0	0.0	0.28359375	0.0	0.31214488636363635	0.0	0.0	0.0	0.0	0.0	0.0	0.0	0.0	0.0	0.0	0.0	0.0	0.0	0.0	0.0	0.0	0.0	0.0	0.0	64	90.4
sub-M2234	104368	0.0	0.0	0.0	0.0	0.0	0.0	0.0	0.0	0.0	0.0	0.0	0.0	0.0	0.0	0.0	0.0	0.13844086021505375	0.0	0.0	0.0	0.0	0.0	0.0	0.0	0.0	0.0	0.0010204081632653062	0.0	0.001282051282051282	0.0	0.28270609318996415	0.0	0.01347944142746315	0.0	0.0	0.0	0.0	0.0	0.0	0.0	0.0	0.0	0.0	0.0	0.0	0.0	0.0	0.0	0.0	0.0	0.5215	0.0	0.30781758957654726	0.0	0.0	0.0	0.5108002832861189	0.0	0.4332191780821918	0.0	0.21117424242424243	0.0	0.5524850042844901	0.0	0.5724543080939948	0.0	0.21753875968992248	0.0	0.12337824351297405	0.0	0.24355670103092783	0.0	0.45161290322580644	0.0	0.6519434628975265	0.0	0.13524590163934427	0.0	0.0	0.0	0.06867588932806325	0.0	0.07827669902912622	0.0	0.0	0.0	0.20743727598566308	0.0	0.026234567901234566	0.0	0.04666666666666667	0.0	0.006230529595015576	0.0	0.02453271028037383	0.0	0.0	0.0	0.07590759075907591	0.0	0.009935304990757857	0.0	0.0	0.0	0.008928571428571428	0.0	0.005208333333333333	0.0	0.22204370179948585	0.0	0.03613666228646518	0.0	0.09401558073654391	0.0	0.0	0.0	0.0	0.0	0.0	0.0	0.0	0.0	0.0	0.0	0.0	0.0	0.0	0.0	0.0	0.0	0.0	0.0	0.0	0.0	0.0	0.0	0.0	0.0	0.0	0.0	0.0	0.0	0.0	0.0	0.0	0.0	0.16102756892230577	0.0	0.18949893390191896	0.0	0.5626702997275205	0.0	0.8585581787521079	0.0	0.8907096424702059	0.0	0.7148076923076923	0.0	0.5397727272727273	0.0	0.7571428571428571	0.0	0.9862012987012987	0.0	0.640461215932914	0.0	0.4612379807692308	0.0	0.4831288343558282	0.0	0.6988213399503722	0.0	0.3990461049284579	0.0	0.029789719626168224	0.0	0.13361462728551335	0.0	0.2551510989010989	0.0	0.324160447761194	0.0	0.21945488721804512	0.0	0.009576612903225807	0.0	0.07567204301075268	0.0	0.3767885532591415	0.0	0.0	0.0	0.0	0.0	0.0	0.0	0.41253443526170797	0.0	0.763681592039801	0.0	0.14663182346109174	0.0	0.2717391304347826	0.0	0.00014204545454545454	0.0	0.0	0.0	0.0	0.0	0.0	0.0	0.0	0.0	0.0	0.0	0.0	0.0	0.0	0.0	0.0	0.0	0.0	0.0	0.0	0.0	0.0	0.0	0.0	0.0	0.0	0.0	0.0	0.0	0.0	0.0	0.0	0.0	0.0	0.0	0.0	0.0	0.0	0.0	0.0	0.0	0.0	0.0	0.0	0.0	0.0	0.0	0.0	0.0	0.0	0.0	0.0	0.0	0.0	0.0	0.0	0.0	0.0	0.0	0.0	0.0	0.0	0.0	0.0	0.0	0.0	0.0	0.0	0.0	0.0	0.0	0.0	0.0	0.0	0.0	0.0	0.0	0.0	0.0	0.0	0.0	0.0	0.0	0.0	0.0	0.0	0.0	0.0	0.0	0.0	0.0	0.0	0.0	0.0	0.0	0.0	0.0	0.0	0.0	0.0	0.0	0.0	0.0	0.0	0.0	0.0	0.0	0.0	0.0	0.0	0.0	0.0699244060475162	0.0	0.0	0.0	0.0	0.0	0.0	0.0	0.0	0.0	0.0	0.0	0.0	0.0	0.0020977295162882526	0.0	0.0	0.0	0.0	0.0	0.0	0.0	0.0	0.0	0.0	0.0	0.0	0.0	0.0005896226415094339	0.0	0.0	0.0	0.0	0.0	0.0	0.0	0.0	0.0	0.0	0.0	0.0	0.0	0.0	0.0	0.0	0.0	0.001953125	0.0	0.17542613636363635	0.0	0.0	0.0	0.0	0.0	0.0	0.0	0.0	0.0	0.0	0.0	0.0	0.0	0.0	0.0	0.0	0.0	0.0	0.0	53	28.3
sub-M2235	120982	0.0	0.0	0.0	0.0	0.0	0.0	0.0	0.0	0.039112388250319284	0.0	0.0312992125984252	0.0	0.013253348214285714	0.0	0.08333333333333333	0.0	0.24596774193548387	0.0	0.3717830882352941	0.0	0.10111989459815547	0.0	0.3767857142857143	0.0	0.23697394789579157	0.0	0.2755102040816326	0.0	0.6213675213675214	0.0	0.796146953405018	0.0	0.7761830876648564	0.0	0.0	0.0	0.0	0.0	0.13267326732673268	0.0	0.002777777777777778	0.0	0.0	0.0	0.2072841726618705	0.0	0.35833333333333334	0.0	0.0	0.0	0.966	0.0	0.1763029315960912	0.0	0.0	0.0	0.43944759206798867	0.0	0.839041095890411	0.0	0.043560606060606064	0.0	0.867395029991431	0.0	0.43048302872062666	0.0	0.16521317829457363	0.0	0.08532934131736528	0.0	0.5985824742268041	0.0	0.1131404174573055	0.0	0.04770318021201413	0.0	0.0	0.0	0.0	0.0	0.0	0.0	0.0	0.0	0.0	0.0	0.06586021505376344	0.0	0.06018518518518518	0.0	0.08625	0.0	0.0	0.0	0.0	0.0	0.0	0.0	0.0	0.0	0.0	0.0	0.0	0.0	0.0	0.0	0.0	0.0	0.0	0.0	0.0	0.0	0.0	0.0	0.0	0.0	0.0	0.0	0.0	0.0	0.0	0.0	0.0	0.0	0.0	0.0	0.0	0.0	0.0	0.0	0.0	0.0	0.0	0.0	0.0	0.0	0.0	0.0	0.0	0.0	0.0	0.0	0.0	0.0	0.0	0.0	0.19924812030075187	0.0	0.8256929637526652	0.0	0.896457765667575	0.0	0.3182967959527825	0.0	0.44176598049837484	0.0	0.9911538461538462	0.0	0.9152272727272728	0.0	0.7119047619047619	0.0	0.1416396103896104	0.0	0.025157232704402517	0.0	0.0	0.0	0.0	0.0	0.0	0.0	0.0	0.0	0.0	0.0	0.0	0.0	0.0	0.0	0.0	0.0	0.0	0.0	0.0	0.0	0.0	0.0	0.0	0.0	0.0	0.0	0.0	0.0	0.0	0.0	0.0	0.0	0.0	0.0	0.0	0.0	0.0	0.0	0.0	0.0	0.0	0.0	0.0	0.0	0.0	0.0	0.0	0.0	0.0	0.0	0.0	0.0	0.0	0.0	0.0	0.0	0.0	0.0	0.0	0.0	0.07401315789473684	0.0	0.016203703703703703	0.0	0.0	0.0	0.00022893772893772894	0.0	0.0	0.0	0.0	0.0	0.0	0.0	0.0	0.0	0.03171091445427729	0.0	0.0	0.0	0.0	0.0	0.0	0.0	0.0	0.0	0.0	0.0	0.0	0.0	0.0	0.0	0.0	0.0	0.0	0.0	0.0	0.0	0.0	0.0	0.0	0.0	0.0	0.0	0.0	0.0	0.0	0.0	0.0	0.0	0.0	0.0	0.0	0.0	0.0	0.0	0.0	0.0	0.0	0.0	0.0	0.0	0.0	0.0	0.0	0.0	0.0	0.0	0.0	0.0	0.0	0.0	0.0	0.0	0.0	0.0	0.0	0.0	0.0	0.0	0.0	0.0	0.0	0.0	0.0	0.0	0.0	0.0	0.0	0.0	0.0	0.0	0.0	0.0	0.0	0.0	0.0	0.0	0.0	0.0	0.0	0.0	0.0	0.0	0.0	0.0	0.0	0.0	0.0	0.0	0.0	0.0	0.0	0.0	0.0	0.0	0.0	0.0	0.0607311320754717	0.0	0.0	0.0	0.17083333333333334	0.0	0.0	0.0	0.002840909090909091	0.0	0.002824858757062147	0.0	0.0	0.0	0.0	0.0	0.0	0.0	0.465625	0.0	0.501953125	0.0	0.0	0.0	0.0	0.0	0.0	0.0	0.0	0.0	0.0	0.0	0.0	0.0	0.0	0.0	0.0	0.0	0.0	0.0	61	77.4
sub-M2236	19430	0.0	0.0	0.0	0.0	0.0	0.0	0.0	0.0	0.0	0.0	0.0	0.0	0.0	0.0	0.0	0.0	0.0	0.0	0.0	0.0	0.0	0.0	0.0	0.0	0.0	0.0	0.0	0.0	0.0	0.0	0.0	0.0	0.0	0.0	0.0	0.0	0.0	0.0	0.0	0.0	0.0	0.0	0.0	0.0	0.0	0.0	0.0	0.0	0.0	0.0	0.0085	0.0	0.0	0.0	0.0	0.0	0.0	0.0	0.0	0.0	0.0	0.0	0.037275064267352186	0.0	0.0	0.0	0.0	0.0	0.0	0.0	0.33118556701030927	0.0	0.023719165085388995	0.0	0.1521643109540636	0.0	0.0	0.0	0.0	0.0	0.0	0.0	0.0	0.0	0.0	0.0	0.04390681003584229	0.0	0.06018518518518518	0.0	0.07166666666666667	0.0	0.0	0.0	0.0	0.0	0.0	0.0	0.0	0.0	0.0013863216266173752	0.0	0.0	0.0	0.0	0.0	0.0	0.0	0.08290488431876607	0.0	0.0	0.0	0.013101983002832862	0.0	0.0	0.0	0.0	0.0	0.0	0.0	0.0	0.0	0.0	0.0	0.0	0.0	0.0	0.0	0.0	0.0	0.0	0.0	0.0	0.0	0.0	0.0	0.0	0.0	0.0	0.0	0.0	0.0	0.0	0.0	0.0	0.0	0.0	0.0	0.0	0.0	0.0	0.0	0.0	0.0	0.34141386782231853	0.0	0.06346153846153846	0.0	0.4809090909090909	0.0	0.0	0.0	0.0	0.0	0.0	0.0	0.0	0.0	0.0	0.0	0.0	0.0	0.0	0.0	0.0	0.0	0.0022855133614627285	0.0	0.0	0.0	0.0	0.0	0.0	0.0	0.0	0.0	0.0	0.0	0.0	0.0	0.0	0.0	0.0	0.0	0.0	0.0	0.0	0.0	0.0	0.0	0.0	0.0	0.0	0.0	0.0	0.0	0.0	0.0	0.0	0.0	0.0	0.0	0.0	0.0	0.0	0.0	0.0	0.0	0.0	0.0	0.0	0.0	0.0	0.0	0.0	0.0	0.0	0.0	0.0	0.0	0.0	0.0	0.0	0.0	0.0	0.0	0.0	0.0	0.0	0.0	0.0	0.0	0.0	0.0	0.0	0.0	0.0	0.0	0.0	0.0	0.0	0.0	0.0	0.0	0.0	0.0	0.0	0.0	0.0	0.0	0.0	0.0	0.0	0.0	0.0	0.0	0.0	0.0	0.0	0.0	0.0	0.0	0.0	0.0	0.0	0.0	0.0	0.0	0.0	0.0	0.0	0.0	0.0	0.0	0.0	0.0	0.0	0.0	0.0	0.0	0.0	0.0	0.0	0.0	0.0	0.0	0.0	0.0	0.0	0.0	0.0	0.0	0.0	0.0	0.0	0.0	0.0	0.0	0.0	0.0	0.0	0.0	0.0	0.0	0.0	0.0	0.0	0.0	0.0	0.0	0.0	0.0	0.0	0.0	0.0	0.0	0.0	0.0	0.0	0.0	0.0	0.0	0.0	0.0	0.0	0.0	0.0	0.0	0.0	0.0	0.0	0.0	0.0	0.0	0.0	0.0	0.0	0.0	0.0	0.0	0.0	0.0	0.0	0.0	0.0	0.0	0.0	0.0	0.0	0.0	0.0	0.0	0.0	0.0	0.0015980113636363637	0.0	0.0	0.0	0.0	0.0	0.0	0.0	0.0	0.0	0.0	0.0	0.0	0.0	0.0	0.0	0.0	0.0	0.0	0.0	60	98.0
sub-M2237	69681	0.0	0.0	0.0	0.0	0.0	0.0	0.0	0.0	0.0	0.0	0.0007874015748031496	0.0	0.004743303571428571	0.0	0.10280797101449275	0.0	0.039874551971326166	0.0	0.003676470588235294	0.0	0.0	0.0	0.0017857142857142857	0.0	0.2790581162324649	0.0	0.5311224489795918	0.0	0.003205128205128205	0.0	0.8663754480286738	0.0	0.22051978277734677	0.0	0.0	0.0	0.0	0.0	0.0	0.0	0.0	0.0	0.0	0.0	0.0	0.0	0.0	0.0	0.0	0.0	0.973	0.0	0.03745928338762215	0.0	0.0	0.0	0.5516997167138811	0.0	0.6361301369863014	0.0	0.0	0.0	0.5946872322193659	0.0	0.1325065274151436	0.0	0.012596899224806201	0.0	0.00249500998003992	0.0	0.5077319587628866	0.0	0.017314990512333966	0.0	0.004637809187279152	0.0	0.0	0.0	0.0	0.0	0.0	0.0	0.0	0.0	0.0	0.0	0.18996415770609318	0.0	0.06172839506172839	0.0	0.0625	0.0	0.0	0.0	0.0	0.0	0.0	0.0	0.0	0.0	0.0	0.0	0.0	0.0	0.0	0.0	0.0	0.0	0.0	0.0	0.0	0.0	0.0	0.0	0.0	0.0	0.0	0.0	0.0	0.0	0.0	0.0	0.0	0.0	0.0	0.0	0.0	0.0	0.0	0.0	0.0	0.0	0.0	0.0	0.0	0.0	0.0	0.0	0.0	0.0	0.0	0.0	0.0	0.0	0.0	0.0	0.0	0.0	0.015191897654584221	0.0	0.3077316076294278	0.0	0.036045531197301854	0.0	0.22711267605633803	0.0	0.775576923076923	0.0	0.8184090909090909	0.0	0.6404761904761904	0.0	0.00040584415584415587	0.0	0.019129979035639413	0.0	0.0	0.0	0.0	0.0	0.0	0.0	0.0	0.0	0.0	0.0	0.0	0.0	0.0	0.0	0.0	0.0	0.0	0.0	0.0	0.0	0.0	0.0	0.0	0.0	0.0	0.0	0.0	0.0	0.0	0.0	0.0	0.0	0.0	0.0	0.0	0.0	0.0	0.0	0.0	0.0	0.0	0.0	0.0	0.0	0.0	0.0	0.0	0.0	0.0	0.0	0.0	0.0	0.0	0.0	0.0	0.0	0.0	0.0	0.0	0.0	0.0	0.0	0.0	0.0	0.008152173913043478	0.0	0.009157509157509158	0.0	0.07182835820895522	0.0	0.010686528497409326	0.0	0.0	0.0	0.0	0.0	0.0	0.0	0.0	0.0	0.0	0.0	0.0	0.0	0.0	0.0	0.0	0.0	0.0	0.0	0.005274261603375527	0.0	0.0	0.0	0.0	0.0	0.0	0.0	0.0	0.0	0.0	0.0	0.0	0.0	0.0	0.0	0.0	0.0	0.0	0.0	0.0	0.0	0.0	0.0	0.0	0.0	0.0	0.0	0.0	0.0	0.0	0.0	0.0	0.0	0.0	0.0	0.0	0.0	0.0	0.0	0.0	0.0	0.0	0.0	0.0	0.0	0.0	0.0	0.0	0.0	0.0	0.0	0.0	0.0	0.0	0.0	0.0	0.0	0.0	0.0	0.0	0.0	0.0	0.0	0.0	0.0	0.0	0.0	0.0	0.0	0.0	0.0	0.0	0.0	0.0	0.0	0.0	0.0	0.0	0.0	0.0	0.0	0.0	0.0	0.0	0.0	0.0	0.0	0.0	0.0	0.0	0.0	0.0	0.0	0.0	0.0	0.0	0.0	0.0	0.0	0.0	0.0	0.0	0.0	0.0	0.0	0.00859375	0.0	0.025390625	0.0	0.0	0.0	0.0	0.0	0.0	0.0	0.0	0.0	0.0	0.0	0.0	0.0	0.0	0.0	0.0	0.0	0.0	0.0	79	56.2
sub-M2238	49938	0.0	0.0	0.0	0.0	0.0	0.0	0.0	0.0	0.0	0.0	0.0	0.0	0.0	0.0	0.0	0.0	0.0	0.0	0.0	0.0	0.0	0.0	0.0	0.0	0.0	0.0	0.0	0.0	0.0	0.0	0.0	0.0	0.0	0.0	0.0	0.0	0.0	0.0	0.0	0.0	0.0	0.0	0.0	0.0	0.0	0.0	0.0	0.0	0.0	0.0	0.0	0.0	0.0	0.0	0.0	0.0	0.0	0.0	0.0	0.0	0.0	0.0	0.012639245929734361	0.0	0.0009791122715404699	0.0	0.06964631782945736	0.0	0.1460828343313373	0.0	0.27190721649484534	0.0	0.38330170777988615	0.0	0.5141342756183745	0.0	0.3094262295081967	0.0	0.037698412698412696	0.0	0.0	0.0	0.1553398058252427	0.0	0.0	0.0	0.6644265232974911	0.0	0.7700617283950617	0.0	0.37958333333333333	0.0	0.48520249221183803	0.0	0.508177570093458	0.0	0.338785046728972	0.0	0.31765676567656764	0.0	0.054297597042513863	0.0	0.030612244897959183	0.0	0.06574675324675325	0.0	0.12109375	0.0	0.23296915167095117	0.0	0.026445466491458607	0.0	0.059490084985835696	0.0	0.0	0.0	0.0	0.0	0.0	0.0	0.0	0.0	0.0	0.0	0.0	0.0	0.0	0.0	0.0	0.0	0.0	0.0	0.004284274193548387	0.0	0.0	0.0	0.019801980198019802	0.0	0.0003443526170798898	0.0	0.0	0.0	0.0	0.0	0.0	0.0	0.0	0.0	0.0	0.0	0.0	0.0	0.0	0.0	0.42456663055254606	0.0	0.0025	0.0	0.18454545454545454	0.0	0.0	0.0	0.0	0.0	0.3689727463312369	0.0	0.11658653846153846	0.0	0.0	0.0	0.0	0.0	0.09042130365659777	0.0	0.2965342679127726	0.0	0.21466244725738395	0.0	0.0	0.0	0.0	0.0	0.0	0.0	0.03755040322580645	0.0	0.0	0.0	0.0	0.0	0.0	0.0	0.0	0.0	0.09650735294117647	0.0	0.0	0.0	0.0	0.0	0.0	0.0	0.0	0.0	0.0	0.0	0.0	0.0	0.0	0.0	0.0	0.0	0.0	0.0	0.0	0.0	0.0	0.0	0.0	0.0	0.0	0.0	0.0	0.0	0.0	0.0	0.0	0.0	0.0	0.0	0.0	0.0	0.0	0.0	0.0	0.0	0.022020725388601035	0.0	0.0029182879377431907	0.0	0.0	0.0	0.0	0.0	0.0	0.0	0.0	0.0	0.0	0.0	0.0	0.0	0.0	0.0	0.0	0.0	0.0	0.0	0.0	0.0	0.0	0.0	0.0	0.0	0.0055620608899297425	0.0	0.0	0.0	0.0038082437275985663	0.0	0.0	0.0	0.0	0.0	0.0	0.0	0.0	0.0	0.0	0.0	0.0	0.0	0.0	0.0	0.0038461538461538464	0.0	0.0	0.0	0.0003869969040247678	0.0	0.0	0.0	0.0	0.0	0.0	0.0	0.0	0.0	0.0006944444444444445	0.0	0.0	0.0	0.0	0.0	0.0	0.0	0.0	0.0	0.0	0.0	0.0	0.0	0.0	0.0	0.0	0.0	0.0	0.0	0.0	0.0	0.0	0.0	0.0	0.0	0.0	0.0	0.0	0.0	0.0	0.0	0.0	0.0	0.0	0.0	0.0	0.0	0.0	0.0	0.0	0.0	0.0	0.0	0.0	0.0	0.0	0.0	0.0	0.0	0.0	0.0	0.0	0.0	0.0	0.0	0.0	0.0	0.0	0.0	0.0	0.0	0.0	0.0	0.000390625	0.0	0.046342329545454544	0.0	0.0	0.0	0.0	0.0	0.0	0.0	0.0	0.0	0.0	0.0	0.0	0.0	0.0	0.0	0.0	0.0	0.0	0.0	62	79.9
sub-M2239	369592	0.0	0.0	0.0	0.0	0.0	0.0	0.0	0.0	0.10328863346104726	0.0	0.2828740157480315	0.0	0.3452845982142857	0.0	0.32971014492753625	0.0	0.2217741935483871	0.0	0.9181985294117647	0.0	0.3689064558629776	0.0	0.9401785714285714	0.0	0.8091182364729459	0.0	0.9806122448979592	0.0	0.9967948717948718	0.0	0.9947356630824373	0.0	0.9979635376260667	0.0	0.0	0.0	0.004761904761904762	0.0	0.7893564356435644	0.0	0.6909722222222222	0.0	0.08168761220825853	0.0	0.0822841726618705	0.0	0.4761111111111111	0.0	0.0	0.0	0.997	0.0	0.008957654723127036	0.0	0.0	0.0	0.6400495750708215	0.0	0.9426369863013698	0.0	0.0	0.0	0.7984147386461011	0.0	0.12826370757180156	0.0	0.060077519379844964	0.0	0.01434630738522954	0.0	0.9806701030927835	0.0	0.5744781783681214	0.0	0.9781360424028268	0.0	0.3319672131147541	0.0	0.05423280423280423	0.0	0.0291501976284585	0.0	0.49089805825242716	0.0	0.025	0.0	1.0	0.0	1.0	0.0	0.97875	0.0	0.9968847352024922	0.0	1.0	0.0	0.9894859813084113	0.0	1.0	0.0	0.8253234750462107	0.0	0.5441326530612245	0.0	0.9078733766233766	0.0	0.7389322916666666	0.0	0.8441516709511568	0.0	0.5928055190538765	0.0	0.36225212464589235	0.0	0.24489795918367346	0.0	0.0	0.0	0.0	0.0	0.0	0.0	0.0	0.0	0.0	0.0	0.037217659137577006	0.0	0.001358695652173913	0.0	0.013527054108216433	0.0	0.4410282258064516	0.0	0.4727777777777778	0.0	0.9504950495049505	0.0	0.6515151515151515	0.0	0.38489208633093525	0.0	0.25523560209424084	0.0	0.5620039682539683	0.0	0.9968671679197995	0.0	1.0	0.0	0.9994891008174387	0.0	1.0	0.0	1.0	0.0	0.999423076923077	0.0	0.9938636363636364	0.0	0.9904761904761905	0.0	1.0	0.0	0.9975104821802935	0.0	0.97265625	0.0	0.9133435582822086	0.0	0.9959677419354839	0.0	0.9998012718600954	0.0	1.0	0.0	1.0	0.0	0.9948489010989011	0.0	0.9997667910447762	0.0	1.0	0.0	0.9994959677419355	0.0	0.38615591397849464	0.0	0.8155802861685215	0.0	0.5424311926605505	0.0	0.5024390243902439	0.0	0.9972426470588235	0.0	0.8946280991735537	0.0	1.0	0.0	0.9930313588850174	0.0	1.0	0.0	0.8122159090909091	0.0	0.0	0.0	0.0	0.0	0.0	0.0	0.0	0.0	0.0	0.0	0.0	0.0	0.0	0.0	0.0	0.0	0.0	0.0	0.0	0.0	0.0	0.0	0.0	0.0	0.0	0.0	0.0	0.0	0.0	0.0	0.010038860103626942	0.0	0.0	0.0	0.0	0.0	0.0	0.0	0.005681818181818182	0.0	0.0	0.0	0.0	0.0	0.039909638554216864	0.0	0.0	0.0	0.0	0.0	0.0	0.0	0.0	0.0	0.0	0.0	0.0	0.0	0.10187353629976581	0.0	0.0	0.0	0.023969534050179212	0.0	0.0009293680297397769	0.0	0.0	0.0	0.0	0.0	0.0	0.0	0.0	0.0	0.0	0.0	0.034381663113006396	0.0	0.026923076923076925	0.0	0.0	0.0	0.08126934984520123	0.0	0.014705882352941176	0.0	0.0	0.0	0.0	0.0	0.0	0.0	0.03518518518518519	0.0	0.014325842696629213	0.0	0.0	0.0	0.0763888888888889	0.0	0.2040636042402827	0.0	0.06642259414225941	0.0	0.0	0.0	0.014285714285714285	0.0	0.0	0.0	0.9092872570194385	0.0	0.2797482837528604	0.0	0.32196969696969696	0.0	0.08206686930091185	0.0	0.0	0.0	0.07432432432432433	0.0	0.17635658914728683	0.0	0.4422507403751234	0.0	0.12248322147651007	0.0	0.0792507204610951	0.0	0.12554585152838427	0.0	0.055989583333333336	0.0	0.03132054176072235	0.0	0.0	0.0	0.8242924528301887	0.0	0.0625	0.0	0.0875	0.0	0.16135014836795253	0.0	0.13257575757575757	0.0	0.4442090395480226	0.0	0.15881147540983606	0.0	0.08189655172413793	0.0	0.8087121212121212	0.0	0.9498046875	0.0	0.9930752840909091	0.0	0.004629629629629629	0.0	0.4690366972477064	0.0	0.0	0.0	0.01293103448275862	0.0	0.24801587301587302	0.0	0.008333333333333333	0.0	0.0	0.0	0.0	0.0	0.0	0.0	40	44.5
sub-M2240	44730	0.0	0.0	0.0	0.0	0.0	0.0	0.0	0.0	0.0	0.0	0.0	0.0	0.0	0.0	0.0	0.0	0.0	0.0	0.0	0.0	0.0	0.0	0.0	0.0	0.0	0.0	0.0	0.0	0.0	0.0	0.0	0.0	0.0	0.0	0.0	0.0	0.0	0.0	0.0	0.0	0.0	0.0	0.0	0.0	0.0	0.0	0.0	0.0	0.0	0.0	0.0	0.0	0.0	0.0	0.0	0.0	0.0	0.0	0.0	0.0	0.0	0.0	0.0	0.0	0.0	0.0	0.0	0.0	0.0	0.0	0.010309278350515464	0.0	0.004506641366223909	0.0	0.05653710247349823	0.0	0.0	0.0	0.0	0.0	0.0	0.0	0.0	0.0	0.0	0.0	0.5165770609318996	0.0	0.4454732510288066	0.0	0.14625	0.0	0.4084890965732087	0.0	0.8936915887850467	0.0	0.1133177570093458	0.0	0.47566006600660066	0.0	0.021025878003696857	0.0	0.0	0.0	0.10917207792207792	0.0	0.07356770833333333	0.0	0.021208226221079693	0.0	0.32752956636005254	0.0	0.044794617563739376	0.0	0.0	0.0	0.0	0.0	0.0	0.0	0.0	0.0	0.0	0.0	0.1231958762886598	0.0	0.15798254620123203	0.0	0.010869565217391304	0.0	0.09118236472945891	0.0	0.30267137096774194	0.0	0.6966666666666667	0.0	0.4746287128712871	0.0	0.0	0.0	0.0	0.0	0.025850785340314136	0.0	0.0	0.0	0.0	0.0	0.0	0.0	0.0	0.0	0.01918212478920742	0.0	0.12486457204767064	0.0	0.0	0.0	0.0	0.0	0.0	0.0	0.3262987012987013	0.0	0.3604559748427673	0.0	0.3058894230769231	0.0	0.0	0.0	0.0	0.0	0.22138314785373608	0.0	0.6403816199376947	0.0	0.37570323488045004	0.0	0.0	0.0	0.0	0.0	0.0	0.0	0.24949596774193547	0.0	0.0	0.0	0.0	0.0	0.0	0.0	0.0	0.0	0.3235294117647059	0.0	0.0	0.0	0.0	0.0	0.0	0.0	0.0	0.0	0.0	0.0	0.0	0.0	0.0	0.0	0.0	0.0	0.0	0.0	0.0	0.0	0.0	0.0	0.0	0.0	0.0	0.0	0.0	0.0	0.0	0.0	0.0	0.0	0.0	0.0	0.0	0.0	0.0	0.0	0.0	0.0	0.0	0.0	0.0	0.0	0.0	0.0	0.0	0.0	0.0	0.0	0.0	0.0	0.0	0.0	0.0	0.0	0.0	0.0	0.0	0.0	0.0	0.0	0.0	0.0	0.0	0.0	0.0	0.0	0.0	0.0	0.0	0.0	0.0	0.0	0.0	0.0	0.0	0.0	0.0	0.0	0.0	0.0	0.0	0.0	0.0	0.0	0.0	0.0	0.0	0.0	0.0	0.0	0.0	0.0	0.0	0.0	0.0	0.0	0.0	0.0	0.0	0.0	0.005555555555555556	0.0	0.0053370786516853935	0.0	0.0	0.0	0.0	0.0	0.0	0.0	0.0	0.0	0.0	0.0	0.0	0.0	0.0	0.0	0.0	0.0	0.0	0.0	0.0	0.0	0.0	0.0	0.0	0.0	0.0	0.0	0.0	0.0	0.0	0.0	0.0	0.0	0.0	0.0	0.0	0.0	0.0	0.0	0.0	0.0	0.0	0.0	0.0	0.0	0.0	0.0	0.0	0.0	0.0	0.0	0.0	0.0	0.0	0.0	0.0	0.0	0.0	0.0	0.0	0.0	0.0	0.0	0.0	0.0	0.0	0.0	0.0	0.0	0.0	0.0	0.0	0.0	0.0	0.0	0.0	0.0	0.0	0.0	0.0	0.0	0.0	0.0	58	82.2
sub-M2243	21744	0.0	0.0	0.0	0.0	0.0	0.0	0.0	0.0	0.0	0.0	0.0	0.0	0.0	0.0	0.0	0.0	0.0	0.0	0.0	0.0	0.0	0.0	0.0	0.0	0.0	0.0	0.0	0.0	0.0	0.0	0.0	0.0	0.0	0.0	0.0	0.0	0.0	0.0	0.0	0.0	0.0	0.0	0.0	0.0	0.0	0.0	0.0	0.0	0.0	0.0	0.0	0.0	0.0	0.0	0.0	0.0	0.0	0.0	0.0	0.0	0.0	0.0	0.0	0.0	0.0	0.0	0.0	0.0	0.0	0.0	0.0	0.0	0.0	0.0	0.0	0.0	0.0	0.0	0.0	0.0	0.0	0.0	0.0	0.0	0.0	0.0	0.09050179211469533	0.0	0.0	0.0	0.0	0.0	0.0	0.0	0.0	0.0	0.0	0.0	0.29826732673267325	0.0	0.0	0.0	0.007142857142857143	0.0	0.1387987012987013	0.0	0.0	0.0	0.0	0.0	0.0	0.0	0.0	0.0	0.0	0.0	0.0	0.0	0.0	0.0	0.0	0.0	0.0	0.0	0.0	0.0	0.0	0.0	0.0	0.0	0.0	0.0	0.0	0.0	0.0	0.0	0.09158415841584158	0.0	0.0	0.0	0.0	0.0	0.0	0.0	0.0	0.0	0.0	0.0	0.0	0.0	0.0	0.0	0.0	0.0	0.06473456121343445	0.0	0.0	0.0	0.0	0.0	0.0	0.0	0.032873376623376624	0.0	0.5765199161425576	0.0	0.41030649038461536	0.0	0.0	0.0	0.0	0.0	0.1647456279809221	0.0	0.677570093457944	0.0	0.27056962025316456	0.0	0.0	0.0	0.0	0.0	0.0	0.0	0.23336693548387097	0.0	0.0	0.0	0.0	0.0	0.0	0.0	0.0	0.0	0.0	0.0	0.0	0.0	0.0	0.0	0.0	0.0	0.0	0.0	0.0	0.0	0.0	0.0	0.0	0.0	0.0	0.0	0.0	0.0	0.0	0.0	0.0	0.0	0.0	0.0	0.0	0.0	0.0	0.0	0.0	0.0	0.0	0.0	0.0	0.0	0.0	0.0	0.0	0.0	0.0	0.0	0.0	0.0	0.0	0.0	0.0	0.0	0.0	0.0	0.0	0.0	0.0	0.0	0.0	0.0	0.0	0.0	0.0	0.0	0.0	0.0	0.0	0.0	0.0	0.0	0.0	0.0	0.0	0.0	0.0	0.0	0.0	0.0	0.0	0.0	0.0	0.0	0.0	0.0	0.0	0.0	0.0	0.0	0.0	0.0	0.0	0.0	0.0	0.0	0.0	0.0	0.0	0.0	0.0	0.0	0.0	0.0	0.0	0.0	0.0	0.0	0.0	0.0	0.0	0.0	0.0	0.0	0.0	0.0	0.0	0.0	0.0	0.0	0.0	0.0	0.0	0.0	0.0	0.0	0.0	0.0	0.0	0.0	0.0	0.0	0.0	0.0	0.0	0.0	0.0	0.0	0.0	0.0	0.0	0.0	0.0	0.0	0.0	0.0	0.0	0.0	0.0	0.0	0.0	0.0	0.0	0.0	0.0	0.0	0.0	0.0	0.0	0.0	0.0	0.0	0.0	0.0	0.0	0.0	0.0	0.0	0.0	0.0	0.0	0.0	0.0	0.0	0.0	0.0	0.0	0.0	0.0	0.0	0.0	0.0	0.0	0.0	0.0	0.0	0.0	0.0	0.0	0.0	0.0	0.0	0.0	0.0	0.0	0.0	70	86.5
sub-M2245	138269	0.0	0.0	0.03929570895522388	0.0	0.19956140350877194	0.0	0.0	0.0	0.0	0.0	0.2078740157480315	0.0	0.18959263392857142	0.0	0.39288949275362317	0.0	0.6462813620071685	0.0	0.021599264705882353	0.0	0.0266798418972332	0.0	0.05357142857142857	0.0	0.07239478957915832	0.0	0.25204081632653064	0.0	0.03632478632478633	0.0	0.3260528673835125	0.0	0.024437548487199378	0.0	0.0	0.0	0.0	0.0	0.0	0.0	0.0	0.0	0.0	0.0	0.0	0.0	0.0	0.0	0.0	0.0	0.106	0.0	0.40757328990228014	0.0	0.4291044776119403	0.0	0.523371104815864	0.0	0.2517123287671233	0.0	0.22348484848484848	0.0	0.48264781491002573	0.0	0.4298302872062663	0.0	0.18483527131782945	0.0	0.5364271457085829	0.0	0.36211340206185566	0.0	0.3183111954459203	0.0	0.4536219081272085	0.0	0.42827868852459017	0.0	0.167989417989418	0.0	0.0004940711462450593	0.0	0.027305825242718445	0.0	0.014367816091954023	0.0	0.29435483870967744	0.0	0.4382716049382716	0.0	0.29583333333333334	0.0	0.39602803738317754	0.0	0.19742990654205608	0.0	0.4532710280373832	0.0	0.15099009900990099	0.0	0.10859519408502773	0.0	0.029846938775510205	0.0	0.060876623376623376	0.0	0.271484375	0.0	0.26124678663239076	0.0	0.28367279894875164	0.0	0.19741501416430596	0.0	0.20918367346938777	0.0	0.0	0.0	0.0	0.0	0.0	0.0	0.0	0.0	0.0	0.0	0.0	0.0	0.0	0.0	0.0	0.0	0.04158266129032258	0.0	0.0	0.0	0.01485148514851485	0.0	0.0048209366391184574	0.0	0.0	0.0	0.0	0.0	0.0	0.0	0.05983709273182957	0.0	0.04450959488272921	0.0	0.1643392370572207	0.0	0.27318718381112983	0.0	0.4576110509209101	0.0	0.4330769230769231	0.0	0.6656818181818182	0.0	0.25476190476190474	0.0	0.20900974025974026	0.0	0.054769392033542974	0.0	0.025691105769230768	0.0	0.0	0.0	0.0	0.0	0.012718600953895072	0.0	0.03290498442367601	0.0	0.16877637130801687	0.0	0.0	0.0	0.0	0.0	0.0	0.0	0.0020161290322580645	0.0	0.0	0.0	0.0	0.0	0.0	0.0	0.0	0.0	0.0	0.0	0.0	0.0	0.0	0.0	0.0	0.0	0.0	0.0	0.0	0.0	0.0	0.0	0.0	0.0	0.01608910891089109	0.0	0.0	0.0	0.0	0.0	0.0	0.0	0.0	0.0	0.09711538461538462	0.0	0.42723880597014924	0.0	0.4534266409266409	0.0	0.025082236842105265	0.0	0.06296296296296296	0.0	0.18138586956521738	0.0	0.2135989010989011	0.0	0.08675373134328358	0.0	0.18847150259067358	0.0	0.11819066147859922	0.0	0.0	0.0	0.0029498525073746312	0.0	0.0	0.0	0.0	0.0	0.0	0.0	0.0	0.0	0.0	0.0	0.0	0.0	0.09124472573839662	0.0	0.4703804347826087	0.0	0.23469387755102042	0.0	0.0947136563876652	0.0	0.001756440281030445	0.0	0.0	0.0	0.028225806451612902	0.0	0.027881040892193308	0.0	0.021219135802469136	0.0	0.0	0.0	0.018867924528301886	0.0	0.009300595238095238	0.0	0.0024390243902439024	0.0	0.0007995735607675906	0.0	0.1076923076923077	0.0	0.006355932203389831	0.0	0.0	0.0	0.007352941176470588	0.0	0.0	0.0	0.0	0.0	0.0	0.0	0.0	0.0	0.0	0.0	0.0	0.0	0.0	0.0	0.0	0.0	0.0	0.0	0.0	0.0	0.0	0.0	0.0	0.0	0.03347732181425486	0.0	0.007151029748283753	0.0	0.0	0.0	0.0	0.0	0.0	0.0	0.0	0.0	0.0	0.0	0.0	0.0	0.0	0.0	0.0	0.0	0.0	0.0	0.0	0.0	0.0	0.0	0.0	0.0	0.3001179245283019	0.0	0.0	0.0	0.0	0.0	0.0	0.0	0.0	0.0	0.0	0.0	0.0	0.0	0.0	0.0	0.6619318181818182	0.0	0.5193359375	0.0	0.9018110795454546	0.0	0.0	0.0	0.0	0.0	0.0	0.0	0.0	0.0	0.37996031746031744	0.0	0.0	0.0	0.0	0.0	0.0	0.0	0.09057971014492754	0.0	58	32.4
sub-M2246	13324	0.0	0.0	0.0	0.0	0.0	0.0	0.0	0.0	0.0	0.0	0.0	0.0	0.0	0.0	0.0	0.0	0.0	0.0	0.0	0.0	0.0	0.0	0.0	0.0	0.0	0.0	0.0	0.0	0.0	0.0	0.0	0.0	0.0	0.0	0.0	0.0	0.0	0.0	0.0	0.0	0.0	0.0	0.0	0.0	0.0	0.0	0.0	0.0	0.0	0.0	0.0	0.0	0.0	0.0	0.0	0.0	0.0	0.0	0.0	0.0	0.0	0.0	0.0	0.0	0.0	0.0	0.0	0.0	0.0	0.0	0.0	0.0	0.0	0.0	0.0	0.0	0.0	0.0	0.0	0.0	0.0	0.0	0.0	0.0	0.0	0.0	0.0	0.0	0.0	0.0	0.0	0.0	0.0	0.0	0.0	0.0	0.0	0.0	0.0	0.0	0.0	0.0	0.0	0.0	0.0	0.0	0.0	0.0	0.0	0.0	0.0	0.0	0.0	0.0	0.0	0.0	0.0	0.0	0.0	0.0	0.0	0.0	0.0	0.0	0.0	0.0	0.0	0.0	0.0	0.0	0.0	0.0	0.0	0.0	0.0	0.0	0.0	0.0	0.0	0.0	0.0	0.0	0.0	0.0	0.0	0.0	0.0	0.0	0.0	0.0	0.0	0.0	0.0	0.0	0.0	0.0	0.0	0.0	0.0	0.0	0.0	0.0	0.0	0.0	0.0	0.0	0.024338942307692308	0.0	0.0	0.0	0.011786600496277916	0.0	0.6269872813990461	0.0	0.03874610591900311	0.0	0.0	0.0	0.09993131868131869	0.0	0.6583488805970149	0.0	0.7072368421052632	0.0	0.0	0.0	0.0114247311827957	0.0	0.17368839427662958	0.0	0.3769113149847095	0.0	0.013109756097560975	0.0	0.0	0.0	0.0	0.0	0.0	0.0	0.0	0.0	0.0	0.0	0.0	0.0	0.0	0.0	0.0	0.0	0.0	0.0	0.0	0.0	0.0	0.0	0.0	0.0	0.0	0.0	0.0	0.0	0.0	0.0	0.0	0.0	0.0	0.0	0.0	0.0	0.0	0.0	0.0	0.0	0.0	0.0	0.0	0.0	0.0	0.0	0.0	0.0	0.0	0.0	0.0	0.0	0.0	0.0	0.0	0.0	0.0	0.0	0.0	0.0	0.0	0.0	0.0	0.0	0.0	0.0	0.0	0.0	0.0	0.0	0.0	0.0	0.0	0.0	0.0	0.0	0.0	0.0	0.0	0.0	0.0	0.0	0.0	0.0	0.0	0.0	0.0	0.0	0.0	0.0	0.0	0.0	0.0	0.0	0.0	0.0	0.0	0.0	0.0	0.0	0.0	0.0	0.0	0.0	0.0	0.0	0.0	0.0	0.0	0.0	0.0	0.0	0.0	0.0	0.0	0.0	0.0	0.0	0.0	0.0	0.0	0.0	0.0	0.0	0.0	0.0	0.0	0.0	0.0	0.0	0.0	0.0	0.0	0.0	0.0	0.0	0.0	0.0	0.0	0.0	0.032780979827089336	0.0	0.007914847161572052	0.0	0.0	0.0	0.0	0.0	0.0	0.0	0.0	0.0	0.0	0.0	0.0	0.0	0.0	0.0	0.0	0.0	0.0	0.0	0.0	0.0	0.0	0.0	0.0	0.0	0.0	0.0	0.0	0.0	0.0	0.0	0.0	0.0	0.0	0.0	0.0	0.0	0.0	0.0	0.0	0.0	0.0	0.0	0.0	0.0	0.0	0.0	71	86.2
sub-M2248	29067	0.0	0.0	0.0	0.0	0.0	0.0	0.0	0.0	0.0	0.0	0.0	0.0	0.0	0.0	0.0	0.0	0.0	0.0	0.0	0.0	0.0	0.0	0.0	0.0	0.0	0.0	0.0	0.0	0.0	0.0	0.0	0.0	0.0	0.0	0.0	0.0	0.0	0.0	0.0	0.0	0.0	0.0	0.0	0.0	0.0	0.0	0.0	0.0	0.0	0.0	0.0	0.0	0.0	0.0	0.0	0.0	0.0	0.0	0.0	0.0	0.0	0.0	0.0	0.0	0.0	0.0	0.0	0.0	0.0	0.0	0.0	0.0	0.0	0.0	0.0	0.0	0.0	0.0	0.0	0.0	0.0	0.0	0.0	0.0	0.0	0.0	0.21729390681003585	0.0	0.030864197530864196	0.0	0.0	0.0	0.005451713395638629	0.0	0.029205607476635514	0.0	0.002336448598130841	0.0	0.2924917491749175	0.0	0.006931608133086876	0.0	0.0125	0.0	0.13839285714285715	0.0	0.0	0.0	0.0	0.0	0.0	0.0	0.0	0.0	0.0	0.0	0.0	0.0	0.0	0.0	0.0	0.0	0.0	0.0	0.0	0.0	0.0	0.0	0.0	0.0	0.0	0.0	0.0	0.0	0.0	0.0	0.09344059405940594	0.0	0.0	0.0	0.0	0.0	0.0	0.0	0.0	0.0	0.0	0.0	0.0	0.0	0.0	0.0	0.0006323777403035413	0.0	0.11335319609967497	0.0	0.0	0.0	0.0	0.0	0.0	0.0	0.09821428571428571	0.0	0.6291928721174004	0.0	0.435546875	0.0	0.0	0.0	0.0006203473945409429	0.0	0.2821939586645469	0.0	0.6359034267912772	0.0	0.2899085794655415	0.0	0.0	0.0	0.0	0.0	0.0	0.0	0.25	0.0	0.0	0.0	0.0	0.0	0.0	0.0	0.0	0.0	0.009191176470588236	0.0	0.0	0.0	0.0	0.0	0.0	0.0	0.0	0.0	0.0	0.0	0.0	0.0	0.0	0.0	0.0	0.0	0.0	0.0	0.0	0.0	0.0	0.0	0.0	0.0	0.0	0.0	0.0	0.0	0.0	0.0	0.0	0.0	0.0	0.0	0.0	0.0	0.0	0.0	0.0	0.0	0.0	0.0	0.0	0.0	0.0	0.0	0.0	0.0	0.0	0.0	0.0	0.0	0.0	0.0	0.0	0.0	0.0	0.0	0.0	0.0	0.0	0.0	0.0	0.0	0.0	0.0	0.0	0.0	0.0	0.0	0.0	0.0	0.0	0.0	0.0	0.0	0.0	0.0	0.0	0.0	0.0	0.0	0.0	0.0	0.0	0.0	0.0	0.0	0.0	0.0	0.0	0.0	0.0	0.0	0.0	0.0	0.0	0.0	0.0	0.0	0.0	0.0	0.0	0.0	0.0	0.0	0.0	0.0	0.0	0.0	0.0	0.0	0.0	0.0	0.0	0.0	0.0	0.0	0.0	0.0	0.0	0.0	0.0	0.0	0.0	0.0	0.0	0.0	0.0	0.0	0.0	0.0	0.0	0.0	0.0	0.0	0.0	0.0	0.0	0.0	0.0	0.0	0.0	0.0	0.0	0.0	0.0	0.0	0.0	0.0	0.0	0.0	0.0	0.0	0.0	0.0	0.0	0.0	0.0	0.0	0.0	0.0	0.0	0.0	0.0	0.0	0.0	0.0	0.0012428977272727273	0.0	0.0	0.0	0.0	0.0	0.0	0.0	0.0	0.0	0.0	0.0	0.0	0.0	0.0	0.0	0.0	0.0	0.0	0.0	54	54.9
sub-M2252	55457	0.0	0.0	0.0	0.0	0.0	0.0	0.0	0.0	0.0	0.0	0.0	0.0	0.0	0.0	0.0	0.0	0.0	0.0	0.0	0.0	0.0	0.0	0.0	0.0	0.0	0.0	0.0	0.0	0.0	0.0	0.0	0.0	0.0	0.0	0.0	0.0	0.0	0.0	0.0	0.0	0.0	0.0	0.0	0.0	0.0	0.0	0.0	0.0	0.0	0.0	0.0	0.0	0.0	0.0	0.0	0.0	0.0	0.0	0.0	0.0	0.0	0.0	0.00021422450728363326	0.0	0.0	0.0	0.01247577519379845	0.0	0.045284431137724554	0.0	0.0019329896907216496	0.0	0.14990512333965844	0.0	0.26104240282685515	0.0	0.4733606557377049	0.0	0.17063492063492064	0.0	0.025691699604743084	0.0	0.8228155339805825	0.0	0.07816091954022988	0.0	0.0	0.0	0.0	0.0	0.0	0.0	0.0	0.0	0.0	0.0	0.0	0.0	0.04579207920792079	0.0	0.33271719038817005	0.0	0.624234693877551	0.0	0.5815746753246753	0.0	0.13020833333333334	0.0	0.22589974293059126	0.0	0.5767082785808147	0.0	0.8487960339943342	0.0	0.5969387755102041	0.0	0.0	0.0	0.0	0.0	0.0	0.0	0.0	0.0	0.0	0.0	0.011806981519507187	0.0	0.0	0.0	0.0	0.0	0.44329637096774194	0.0	0.23333333333333334	0.0	0.5903465346534653	0.0	0.6198347107438017	0.0	0.17086330935251798	0.0	0.06642670157068063	0.0	0.0	0.0	0.0	0.0	0.0	0.0	0.0	0.0	0.0	0.0	0.007313109425785482	0.0	0.0	0.0	0.0	0.0	0.0	0.0	0.0	0.0	0.0007861635220125787	0.0	0.008713942307692308	0.0	0.0	0.0	0.0	0.0	0.1043322734499205	0.0	0.1499221183800623	0.0	0.2986990154711674	0.0	0.0	0.0	0.0	0.0	0.0	0.0	0.36970766129032256	0.0	0.0	0.0	0.0	0.0	0.008983180428134556	0.0	0.14542682926829267	0.0	0.3446691176470588	0.0	0.0	0.0	0.0	0.0	0.0	0.0	0.0	0.0	0.0	0.0	0.0	0.0	0.0	0.0	0.0	0.0	0.0	0.0	0.0	0.0	0.0	0.0	0.0	0.0	0.0	0.0	0.0	0.0	0.0	0.0	0.0	0.0	0.0	0.0	0.0	0.0	0.0	0.0	0.0	0.0	0.057966321243523314	0.0	0.026264591439688716	0.0	0.0	0.0	0.0	0.0	0.0	0.0	0.0	0.0	0.0	0.0	0.0	0.0	0.0	0.0	0.0	0.0	0.0	0.0	0.0	0.0	0.0	0.0	0.0	0.0	0.0	0.0	0.0	0.0	0.023745519713261647	0.0	0.016263940520446097	0.0	0.0	0.0	0.0	0.0	0.0	0.0	0.004464285714285714	0.0	0.03841463414634146	0.0	0.0	0.0	0.0	0.0	0.028072033898305086	0.0	0.0	0.0	0.0	0.0	0.020480225988700564	0.0	0.0	0.0	0.0	0.0	0.0	0.0	0.0	0.0	0.0	0.0	0.0	0.0	0.0	0.0	0.0	0.0	0.0	0.0	0.0	0.0	0.0	0.0	0.0	0.0	0.18878718535469108	0.0	0.0	0.0	0.0	0.0	0.0	0.0	0.0	0.0	0.0	0.0	0.0	0.0	0.0	0.0	0.0	0.0	0.0	0.0	0.0	0.0	0.0	0.0	0.0	0.0	0.0	0.0	0.0	0.0	0.0	0.0	0.0	0.0	0.0	0.0	0.0	0.0	0.0	0.0	0.0	0.0	0.0	0.0	0.0	0.0	0.006924715909090909	0.0	0.0	0.0	0.0	0.0	0.0	0.0	0.0	0.0	0.07996031746031745	0.0	0.196875	0.0	0.0	0.0	0.0	0.0	0.0	0.0	51	72.9
sub-M2254	312075	0.0	0.0	0.0	0.0	0.20833333333333334	0.0	0.0	0.0	0.0011174968071519795	0.0	0.09862204724409449	0.0	0.15778459821428573	0.0	0.8399003623188406	0.0	0.48476702508960573	0.0	0.34191176470588236	0.0	0.08185111989459816	0.0	0.5214285714285715	0.0	0.7527555110220441	0.0	0.8923469387755102	0.0	0.6694444444444444	0.0	0.9650537634408602	0.0	0.8510473235065943	0.0	0.0	0.0	0.0	0.0	0.030693069306930693	0.0	0.06666666666666667	0.0	0.0015709156193895871	0.0	0.04091726618705036	0.0	0.23055555555555557	0.0	0.0	0.0	0.998	0.0	0.6583876221498371	0.0	0.011194029850746268	0.0	0.8919971671388102	0.0	0.9023972602739726	0.0	0.6316287878787878	0.0	0.8519708654670094	0.0	0.881201044386423	0.0	0.5324612403100775	0.0	0.26372255489021956	0.0	0.8801546391752577	0.0	0.9044117647058824	0.0	0.9995583038869258	0.0	0.9610655737704918	0.0	0.6666666666666666	0.0	0.7549407114624506	0.0	0.9921116504854369	0.0	0.8152298850574713	0.0	0.9955197132616488	0.0	0.9876543209876543	0.0	0.9375	0.0	0.9902647975077882	0.0	0.9766355140186916	0.0	0.9964953271028038	0.0	0.9042904290429042	0.0	0.9237523105360443	0.0	0.8790816326530613	0.0	0.9715909090909091	0.0	0.99609375	0.0	0.9938946015424165	0.0	0.9978646517739816	0.0	0.9704320113314447	0.0	0.9260204081632653	0.0	0.0	0.0	0.07865168539325842	0.0	0.1410590277777778	0.0	0.0	0.0	0.6845360824742268	0.0	0.40438911704312114	0.0	0.35258152173913043	0.0	0.44263527054108215	0.0	0.8238407258064516	0.0	0.9588888888888889	0.0	0.9523514851485149	0.0	0.9132231404958677	0.0	0.17446043165467626	0.0	0.17539267015706805	0.0	0.0	0.0	0.04918546365914787	0.0	0.8403518123667377	0.0	0.9438010899182562	0.0	0.6629426644182125	0.0	0.9588299024918743	0.0	0.9875	0.0	0.9293181818181818	0.0	0.969047619047619	0.0	0.9890422077922078	0.0	0.9544025157232704	0.0	0.7982271634615384	0.0	0.0	0.0	0.20967741935483872	0.0	0.9217011128775835	0.0	0.9382788161993769	0.0	0.9498945147679325	0.0	0.03777472527472527	0.0	0.3568097014925373	0.0	0.8444548872180451	0.0	0.9556451612903226	0.0	0.0013440860215053765	0.0	0.00814785373608903	0.0	0.24827981651376146	0.0	0.41859756097560974	0.0	0.9908088235294118	0.0	0.009986225895316805	0.0	0.07587064676616916	0.0	0.00014518002322880372	0.0	0.0	0.0	0.0	0.0	0.0	0.0	0.0	0.0	0.0	0.0	0.0	0.0	0.0	0.0	0.0	0.0	0.0	0.0	0.010576923076923078	0.0	0.0	0.0	0.0222007722007722	0.0	0.06291118421052631	0.0	0.09722222222222222	0.0	0.10665760869565218	0.0	0.0277014652014652	0.0	0.0065298507462686565	0.0	0.27299222797927464	0.0	0.3463035019455253	0.0	0.0	0.0	0.011430678466076696	0.0	0.0	0.0	0.0	0.0	0.0029342723004694834	0.0	0.0	0.0	0.0	0.0	0.0	0.0	0.04746835443037975	0.0	0.08722826086956521	0.0	0.0009566326530612245	0.0	0.0	0.0	0.010245901639344262	0.0	0.0	0.0	0.1364247311827957	0.0	0.20027881040892193	0.0	0.36689814814814814	0.0	0.22358490566037736	0.0	0.046383647798742135	0.0	0.17819940476190477	0.0	0.31158536585365854	0.0	0.012526652452025586	0.0	0.058653846153846154	0.0	0.03072033898305085	0.0	0.03173374613003096	0.0	0.22794117647058823	0.0	0.06850282485875706	0.0	0.08984375	0.0	0.07534246575342465	0.0	0.05115740740740741	0.0	0.11825842696629213	0.0	0.033207343412527	0.0	0.005401234567901234	0.0	0.02871024734982332	0.0	0.007322175732217573	0.0	0.0	0.0	0.0	0.0	0.0015527950310559005	0.0	0.0	0.0	0.0	0.0	0.0	0.0	0.0011398176291793312	0.0	0.0	0.0	0.0	0.0	0.00872093023255814	0.0	0.0	0.0	0.0050335570469798654	0.0	0.04430835734870317	0.0	0.06959606986899564	0.0	0.053385416666666664	0.0	0.1012979683972912	0.0	0.04887218045112782	0.0	0.04068396226415094	0.0	0.046875	0.0	0.15833333333333333	0.0	0.014094955489614243	0.0	0.12878787878787878	0.0	0.00882768361581921	0.0	0.07581967213114754	0.0	0.01939655172413793	0.0	0.08143939393939394	0.0	0.426171875	0.0	0.6029829545454546	0.0	0.0	0.0	0.0	0.0	0.0	0.0	0.0	0.0	0.014484126984126985	0.0	0.0	0.0	0.0	0.0	0.0	0.0	0.0	0.0	55	22.1
sub-M2259	57835	0.0	0.0	0.0	0.0	0.0	0.0	0.0	0.0	0.0	0.0	0.0	0.0	0.026925223214285716	0.0	0.08446557971014493	0.0	0.06362007168458782	0.0	0.0	0.0	0.0	0.0	0.0	0.0	0.11347695390781563	0.0	0.1377551020408163	0.0	0.0	0.0	0.4578853046594982	0.0	0.08941039565554694	0.0	0.0	0.0	0.0	0.0	0.0	0.0	0.0	0.0	0.0	0.0	0.0	0.0	0.0	0.0	0.0	0.0	0.938	0.0	0.3986156351791531	0.0	0.0	0.0	0.6072946175637394	0.0	0.8202054794520548	0.0	0.4356060606060606	0.0	0.6029348757497858	0.0	0.40013054830287204	0.0	0.06770833333333333	0.0	0.05738522954091816	0.0	0.09858247422680412	0.0	0.10436432637571158	0.0	0.1515017667844523	0.0	0.0020491803278688526	0.0	0.0	0.0	0.0	0.0	0.0	0.0	0.0	0.0	0.06137992831541219	0.0	0.1507201646090535	0.0	0.0725	0.0	0.21690031152647976	0.0	0.13434579439252337	0.0	0.5642523364485982	0.0	0.030115511551155116	0.0	0.04043438077634011	0.0	0.0	0.0	0.0	0.0	0.09635416666666667	0.0	0.06876606683804627	0.0	0.11185939553219448	0.0	0.04001416430594901	0.0	0.0	0.0	0.0	0.0	0.0	0.0	0.0	0.0	0.0	0.0	0.0	0.0	0.0	0.0	0.0	0.0	0.0	0.0	0.0	0.0	0.0	0.0	0.0	0.0	0.0	0.0	0.0	0.0	0.0	0.0	0.0	0.0	0.0	0.0	0.006396588486140725	0.0	0.1420299727520436	0.0	0.0016863406408094434	0.0	0.05864030335861322	0.0	0.6763461538461538	0.0	0.3054545454545455	0.0	0.4785714285714286	0.0	0.028003246753246752	0.0	0.002751572327044025	0.0	0.004957932692307692	0.0	0.0	0.0	0.0	0.0	0.0	0.0	0.0029205607476635513	0.0	0.022855133614627286	0.0	0.0	0.0	0.0	0.0	0.0	0.0	0.0	0.0	0.0	0.0	0.0	0.0	0.0	0.0	0.0	0.0	0.0	0.0	0.0	0.0	0.0	0.0	0.0	0.0	0.0	0.0	0.0	0.0	0.0	0.0	0.0	0.0	0.0	0.0	0.0	0.0	0.0	0.0	0.0	0.0	0.0	0.0	0.0	0.0	0.0	0.0	0.0	0.0	0.0	0.0	0.0	0.0	0.0	0.0	0.0	0.0	0.0	0.0	0.0009715025906735751	0.0	0.0	0.0	0.0	0.0	0.0	0.0	0.0	0.0	0.0	0.0	0.0	0.0	0.0	0.0	0.0	0.0	0.0	0.0	0.0	0.0	0.0	0.0	0.0	0.0	0.0	0.0	0.0	0.0	0.0	0.0	0.0	0.0	0.0	0.0	0.0	0.0	0.0	0.0	0.0	0.0	0.0	0.0	0.0	0.0	0.0	0.0	0.0	0.0	0.0	0.0	0.0	0.0	0.0	0.0	0.0	0.0	0.0	0.0	0.0	0.0	0.0	0.0	0.0	0.0	0.0	0.0	0.0	0.0	0.0	0.0	0.0	0.0	0.0	0.0	0.0	0.0	0.0	0.0	0.0	0.0	0.0	0.0	0.0	0.0	0.0	0.0	0.0	0.0	0.0	0.0	0.0	0.0	0.0	0.0	0.0	0.0	0.0	0.0	0.0	0.0	0.0	0.0	0.0	0.0	0.0	0.0	0.0	0.0	0.0	0.0	0.0	0.0	0.0	0.0	0.0	0.0	0.0	0.0	0.0	0.0	0.0	0.0	0.0	0.0	0.0033203125	0.0	0.013671875	0.0	0.0	0.0	0.0	0.0	0.0	0.0	0.0	0.0	0.0	0.0	0.0	0.0	0.0	0.0	0.0	0.0	0.0	0.0	69	76.9
sub-M2260	378487	0.0	0.0	0.3360541044776119	0.0	1.0	0.0	0.011235955056179775	0.0	0.39351851851851855	0.0	0.127755905511811	0.0	0.8670479910714286	0.0	1.0	0.0	1.0	0.0	0.9549632352941176	0.0	0.6203886693017128	0.0	0.9517857142857142	0.0	0.9819639278557114	0.0	0.9525510204081633	0.0	0.9762820512820513	0.0	0.9936155913978495	0.0	0.9841931730023273	0.0	0.0005938242280285036	0.0	0.425	0.0	0.8198019801980198	0.0	0.6756944444444445	0.0	0.06710053859964094	0.0	0.431205035971223	0.0	0.6772222222222222	0.0	0.0	0.0	0.994	0.0	1.0	0.0	1.0	0.0	0.9341359773371105	0.0	0.9075342465753424	0.0	1.0	0.0	0.9199871465295629	0.0	0.9079634464751958	0.0	0.9477955426356589	0.0	0.8885978043912176	0.0	0.9349226804123711	0.0	0.9874288425047438	0.0	0.9973498233215548	0.0	0.985655737704918	0.0	0.48214285714285715	0.0	0.9767786561264822	0.0	0.9884708737864077	0.0	0.4925287356321839	0.0	1.0	0.0	1.0	0.0	0.9754166666666667	0.0	0.9929906542056075	0.0	1.0	0.0	0.9964953271028038	0.0	0.988036303630363	0.0	0.9986136783733827	0.0	0.8826530612244898	0.0	0.9857954545454546	0.0	1.0	0.0	0.9910025706940874	0.0	0.9978646517739816	0.0	0.7052053824362606	0.0	0.1913265306122449	0.0	0.0	0.0	0.0	0.0	0.1171875	0.0	0.0	0.0	0.48762886597938143	0.0	0.3105749486652977	0.0	0.0	0.0	0.0022545090180360722	0.0	0.6733870967741935	0.0	0.7277777777777777	0.0	0.9969059405940595	0.0	0.8643250688705234	0.0	0.21762589928057555	0.0	0.17833769633507854	0.0	0.3501984126984127	0.0	0.693295739348371	0.0	0.9112473347547975	0.0	0.9472070844686649	0.0	0.9803962900505903	0.0	0.9153575297941495	0.0	0.9803846153846154	0.0	0.9840909090909091	0.0	0.9726190476190476	0.0	0.9780844155844156	0.0	0.9747117400419287	0.0	0.9684495192307693	0.0	0.9601226993865031	0.0	0.9990694789081885	0.0	0.9996025437201908	0.0	0.995132398753894	0.0	0.9876933895921237	0.0	0.8914835164835165	0.0	0.441464552238806	0.0	0.8265977443609023	0.0	0.8596270161290323	0.0	0.13951612903225807	0.0	0.18382352941176472	0.0	0.02198012232415902	0.0	0.08689024390243902	0.0	0.7693014705882353	0.0	0.8453856749311295	0.0	1.0	0.0	0.6218060394889663	0.0	1.0	0.0	0.2558238636363636	0.0	0.0006561679790026247	0.0	0.005324543610547667	0.0	0.7553630363036303	0.0	0.0	0.0	0.0	0.0	0.0	0.0	0.0	0.0	0.9788461538461538	0.0	0.9780783582089553	0.0	0.9686293436293436	0.0	0.21792763157894737	0.0	0.5888888888888889	0.0	0.5811820652173914	0.0	0.7076465201465202	0.0	0.0009328358208955224	0.0	0.0	0.0	0.011186770428015564	0.0	0.0	0.0	0.11061946902654868	0.0	0.0	0.0	0.0	0.0	0.0	0.0	0.0	0.0	0.0	0.0	0.0	0.0	0.5216244725738397	0.0	0.5948369565217392	0.0	0.7531887755102041	0.0	0.6795154185022027	0.0	0.0	0.0	0.0	0.0	0.0	0.0	0.0	0.0	0.013503086419753086	0.0	0.06179245283018868	0.0	0.0	0.0	0.0	0.0	0.007317073170731708	0.0	0.0	0.0	0.0	0.0	0.0	0.0	0.0003869969040247678	0.0	0.0	0.0	0.0	0.0	0.0	0.0	0.0	0.0	0.011574074074074073	0.0	0.0047752808988764045	0.0	0.0	0.0	0.0	0.0	0.0	0.0	0.0	0.0	0.0	0.0	0.0	0.0	0.0	0.0	0.33288336933045354	0.0	0.0	0.0	0.007575757575757576	0.0	0.0	0.0	0.0	0.0	0.0	0.0	0.0	0.0	0.02085389930898322	0.0	0.0025167785234899327	0.0	0.003962536023054755	0.0	0.0	0.0	0.0	0.0	0.0	0.0	0.0	0.0	0.16568396226415094	0.0	0.01875	0.0	0.0	0.0	0.000370919881305638	0.0	0.010416666666666666	0.0	0.00035310734463276836	0.0	0.0	0.0	0.0	0.0	0.16193181818181818	0.0	0.2802734375	0.0	0.7114701704545454	0.0	0.0	0.0	0.0	0.0	0.0	0.0	0.0	0.0	0.0	0.0	0.0	0.0	0.0	0.0	0.0	0.0	0.0	0.0	46	40.1
sub-M2262	29016	0.0	0.0	0.0	0.0	0.0	0.0	0.0	0.0	0.0	0.0	0.0	0.0	0.0	0.0	0.0	0.0	0.02307347670250896	0.0	0.0	0.0	0.0	0.0	0.0	0.0	0.0	0.0	0.0	0.0	0.0	0.0	0.05824372759856631	0.0	0.0	0.0	0.0	0.0	0.0	0.0	0.0	0.0	0.0	0.0	0.0	0.0	0.0	0.0	0.0	0.0	0.0	0.0	0.239	0.0	0.12133550488599348	0.0	0.0	0.0	0.5102691218130312	0.0	0.5428082191780822	0.0	0.2168560606060606	0.0	0.6362467866323908	0.0	0.618798955613577	0.0	0.1935562015503876	0.0	0.018962075848303395	0.0	0.07280927835051547	0.0	0.003795066413662239	0.0	0.005962897526501767	0.0	0.0	0.0	0.0	0.0	0.0	0.0	0.0	0.0	0.0	0.0	0.0	0.0	0.0	0.0	0.0004166666666666667	0.0	0.0	0.0	0.0	0.0	0.0	0.0	0.0	0.0	0.0	0.0	0.0	0.0	0.0	0.0	0.0	0.0	0.0	0.0	0.0	0.0	0.0	0.0	0.0	0.0	0.0	0.0	0.0	0.0	0.0	0.0	0.0	0.0	0.0	0.0	0.0	0.0	0.0	0.0	0.0	0.0	0.0	0.0	0.0	0.0	0.0	0.0	0.0	0.0	0.0	0.0	0.0	0.0	0.0	0.0	0.0	0.0	0.0	0.0	0.0	0.0	0.0	0.0	0.016251354279523293	0.0	0.07711538461538461	0.0	0.32386363636363635	0.0	0.05476190476190476	0.0	0.0	0.0	0.0	0.0	0.0	0.0	0.0	0.0	0.0	0.0	0.0	0.0	0.0	0.0	0.0	0.0	0.0	0.0	0.0	0.0	0.0	0.0	0.0	0.0	0.0	0.0	0.0	0.0	0.0	0.0	0.0	0.0	0.0	0.0	0.0	0.0	0.0	0.0	0.0	0.0	0.0	0.0	0.0	0.0	0.0	0.0	0.0	0.0	0.0	0.0	0.0	0.0	0.0	0.0	0.0	0.0	0.0	0.0	0.0	0.0	0.0	0.0	0.0	0.0	0.0	0.0	0.0	0.0	0.0	0.0	0.0	0.0	0.0	0.0	0.0	0.0	0.0	0.0	0.0	0.0	0.0	0.0	0.0	0.0	0.0	0.0	0.0	0.0	0.0	0.0	0.0	0.0	0.0	0.0	0.0	0.0	0.0	0.0	0.0	0.0	0.0	0.0	0.0	0.0	0.0	0.0	0.0	0.0	0.0	0.0	0.0	0.0	0.0	0.0	0.0	0.0	0.0	0.0	0.0	0.0	0.0	0.0	0.0	0.0	0.0	0.0	0.0	0.0	0.0	0.0	0.0	0.0	0.0	0.0	0.0	0.0	0.0	0.0	0.0	0.0	0.0	0.0	0.0	0.0	0.0	0.0	0.0	0.0	0.0	0.0	0.0	0.0	0.0	0.0	0.0	0.0	0.0	0.0	0.0	0.0	0.0	0.0	0.0	0.0	0.0	0.0	0.0	0.0	0.0	0.0	0.0	0.0	0.0	0.0	0.0	0.0	0.0	0.0	0.0	0.0	0.0	0.0	0.0	0.0	0.0	0.0	0.0	0.0	0.0	0.0	0.0	0.0	0.0	0.0	0.0	0.0	0.0	0.0	0.0	0.0	0.0	0.0	0.0	0.0	0.0	0.0	0.0	0.0	0.0	0.0	0.0	0.0	0.0	0.0	0.0	0.0	0.0	0.0	0.0	0.0	0.0	0.0	75	89.6
sub-M2265	100221	0.0	0.0	0.010611007462686567	0.0	0.47149122807017546	0.0	0.0	0.0	0.0	0.0	0.08720472440944882	0.0	0.17606026785714285	0.0	0.7463768115942029	0.0	0.9791666666666666	0.0	0.027113970588235295	0.0	0.04183135704874835	0.0	0.36964285714285716	0.0	0.8341683366733467	0.0	0.763265306122449	0.0	0.14465811965811967	0.0	0.8901209677419355	0.0	0.5503297129557797	0.0	0.0	0.0	0.0	0.0	0.0	0.0	0.0	0.0	0.0	0.0	0.0	0.0	0.0	0.0	0.0	0.0	0.9295	0.0	0.989413680781759	0.0	0.6063432835820896	0.0	0.8174575070821529	0.0	0.6001712328767124	0.0	0.771780303030303	0.0	0.14395886889460155	0.0	0.15861618798955612	0.0	0.013929263565891473	0.0	0.05651197604790419	0.0	0.0	0.0	0.0	0.0	0.0	0.0	0.0	0.0	0.0	0.0	0.0	0.0	0.0	0.0	0.0	0.0	0.0	0.0	0.0	0.0	0.0	0.0	0.0	0.0	0.0	0.0	0.0	0.0	0.0	0.0	0.0	0.0	0.0	0.0	0.0	0.0	0.0	0.0	0.0	0.0	0.0	0.0	0.0	0.0	0.0	0.0	0.0	0.0	0.0	0.0	0.0	0.0	0.0	0.0	0.0	0.0	0.0	0.0	0.0	0.0	0.0	0.0	0.0	0.0	0.0	0.0	0.0	0.0	0.0	0.0	0.0	0.0	0.0	0.0	0.0	0.0	0.09617794486215539	0.0	0.48480810234541577	0.0	0.909400544959128	0.0	0.22575885328836426	0.0	0.06094257854821235	0.0	0.9561538461538461	0.0	0.3015909090909091	0.0	0.2654761904761905	0.0	0.0625	0.0	0.0	0.0	0.0006009615384615385	0.0	0.019171779141104295	0.0	0.0	0.0	0.0	0.0	0.0	0.0	0.0	0.0	0.0	0.0	0.0	0.0	0.0	0.0	0.0	0.0	0.0	0.0	0.0	0.0	0.0	0.0	0.0	0.0	0.0	0.0	0.0	0.0	0.041044776119402986	0.0	0.0	0.0	0.0	0.0	0.0	0.0	0.0	0.0	0.0	0.0	0.011963696369636964	0.0	0.0	0.0	0.0	0.0	0.0	0.0	0.0	0.0	0.027884615384615386	0.0	0.47294776119402987	0.0	0.3137065637065637	0.0	0.021792763157894735	0.0	0.09074074074074075	0.0	0.2516983695652174	0.0	0.06341575091575091	0.0	0.0	0.0	0.0	0.0	0.0	0.0	0.0	0.0	0.0	0.0	0.0	0.0	0.0	0.0	0.0	0.0	0.0	0.0	0.0	0.0	0.0	0.0	0.0189873417721519	0.0	0.0038043478260869567	0.0	0.0	0.0	0.0	0.0	0.0	0.0	0.0	0.0	0.0	0.0	0.0	0.0	0.0	0.0	0.0	0.0	0.0	0.0	0.0	0.0	0.0	0.0	0.0	0.0	0.0	0.0	0.0	0.0	0.0	0.0	0.0	0.0	0.0	0.0	0.0	0.0	0.0	0.0	0.0	0.0	0.0	0.0	0.0	0.0	0.0	0.0	0.0	0.0	0.0	0.0	0.0	0.0	0.0	0.0	0.0	0.0	0.0	0.0	0.0	0.0	0.0	0.0	0.0	0.0	0.0	0.0	0.0	0.0	0.0	0.0	0.0	0.0	0.0	0.0	0.0	0.0	0.0	0.0	0.0	0.0	0.0	0.0	0.0	0.0	0.0	0.0	0.0	0.0	0.0	0.0	0.0	0.0	0.003787878787878788	0.0	0.0	0.0	0.009221311475409836	0.0	0.0	0.0	0.0	0.0	0.13515625	0.0	0.18980823863636365	0.0	0.0	0.0	0.0	0.0	0.0	0.0	0.0	0.0	0.0	0.0	0.0	0.0	0.0	0.0	0.0	0.0	0.0	0.0	76	76.9
sub-M2266	93571	0.0	0.0	0.0	0.0	0.0	0.0	0.0	0.0	0.0	0.0	0.0	0.0	0.0	0.0	0.0	0.0	0.0	0.0	0.0	0.0	0.0	0.0	0.0	0.0	0.0	0.0	0.0	0.0	0.0	0.0	0.0	0.0	0.0071761055081458495	0.0	0.0	0.0	0.0	0.0	0.0	0.0	0.050694444444444445	0.0	0.0013464991023339318	0.0	0.0	0.0	0.0	0.0	0.0	0.0	0.0	0.0	0.0	0.0	0.0	0.0	0.0	0.0	0.0	0.0	0.0	0.0	0.00021422450728363326	0.0	0.0	0.0	0.0	0.0	0.0	0.0	0.0	0.0	0.0030834914611005695	0.0	0.08988515901060071	0.0	0.5532786885245902	0.0	0.052248677248677246	0.0	0.21887351778656128	0.0	0.9538834951456311	0.0	0.34367816091954023	0.0	0.517921146953405	0.0	0.01286008230452675	0.0	0.0	0.0	0.018302180685358254	0.0	0.5432242990654206	0.0	0.030373831775700934	0.0	0.9113036303630363	0.0	0.8807763401109058	0.0	0.3594387755102041	0.0	0.056006493506493504	0.0	0.7122395833333334	0.0	0.21304627249357327	0.0	0.8886333771353482	0.0	0.6048158640226629	0.0	0.0	0.0	0.0	0.0	0.0	0.0	0.0	0.0	0.0	0.0	0.0	0.0	0.0	0.0	0.0	0.0	0.0	0.0	0.0015120967741935483	0.0	0.0	0.0	0.026608910891089108	0.0	0.0	0.0	0.0	0.0	0.0	0.0	0.025793650793650792	0.0	0.31453634085213034	0.0	0.010394456289978678	0.0	0.1369209809264305	0.0	0.9342327150084317	0.0	0.9111592632719393	0.0	0.07596153846153846	0.0	0.35818181818181816	0.0	0.02142857142857143	0.0	0.9935064935064936	0.0	0.9274109014675053	0.0	0.6717247596153846	0.0	0.28105828220858897	0.0	0.21650124069478907	0.0	0.8447933227344993	0.0	0.822429906542056	0.0	0.8284106891701828	0.0	0.008928571428571428	0.0	0.06273320895522388	0.0	0.41870300751879697	0.0	0.24848790322580644	0.0	0.0	0.0	0.000794912559618442	0.0	0.0	0.0	0.0	0.0	0.0	0.0	0.49449035812672176	0.0	0.8774875621890548	0.0	0.0007259001161440186	0.0	0.0	0.0	0.0026988636363636364	0.0	0.0	0.0	0.0	0.0	0.0	0.0	0.0	0.0	0.0	0.0	0.0	0.0	0.0	0.0	0.0	0.0	0.0	0.0	0.0	0.0	0.0	0.0	0.0	0.0	0.0	0.0	0.0	0.0	0.0	0.0	0.0	0.0	0.0	0.0	0.0	0.0	0.0	0.0	0.0	0.0	0.0	0.0	0.0	0.0	0.0	0.0	0.0	0.0	0.0	0.0	0.0	0.0	0.0	0.0	0.0	0.0	0.0	0.0	0.0	0.0	0.0	0.0	0.0	0.0	0.0	0.0	0.005787037037037037	0.0	0.027358490566037737	0.0	0.0	0.0	0.0	0.0	0.007317073170731708	0.0	0.0	0.0	0.0	0.0	0.0	0.0	0.0	0.0	0.0	0.0	0.0	0.0	0.0	0.0	0.0	0.0	0.0	0.0	0.0	0.0	0.0	0.0	0.0	0.0	0.0	0.0	0.0	0.0	0.0	0.0	0.0	0.0	0.0	0.0	0.02591792656587473	0.0	0.0	0.0	0.0	0.0	0.0	0.0	0.0	0.0	0.0	0.0	0.0	0.0	0.0	0.0	0.0	0.0	0.0	0.0	0.0	0.0	0.0	0.0	0.0	0.0	0.0	0.0	0.02358490566037736	0.0	0.0	0.0	0.0	0.0	0.0	0.0	0.0	0.0	0.0	0.0	0.0	0.0	0.0	0.0	0.007575757575757576	0.0	0.0	0.0	0.18288352272727273	0.0	0.0	0.0	0.0	0.0	0.0	0.0	0.0	0.0	0.0	0.0	0.0	0.0	0.0	0.0	0.0	0.0	0.0	0.0	62	62.9
sub-M2268	299176	0.6357913669064749	0.0	0.7281949626865671	0.0	0.37280701754385964	0.0	0.3600187265917603	0.0	0.8464240102171137	0.0	0.9283464566929134	0.0	0.9545200892857143	0.0	0.9809782608695652	0.0	0.7676971326164874	0.0	0.9044117647058824	0.0	0.9146903820816864	0.0	0.9473214285714285	0.0	0.9762024048096193	0.0	0.9612244897959183	0.0	0.9767094017094017	0.0	0.9917114695340502	0.0	0.980411171450737	0.0	0.06264845605700713	0.0	0.9357142857142857	0.0	0.9613861386138614	0.0	0.3972222222222222	0.0	0.38375224416517056	0.0	0.6016187050359713	0.0	0.7972222222222223	0.0	0.002127659574468085	0.0	0.997	0.0	0.5394951140065146	0.0	0.16044776119402984	0.0	0.9135977337110481	0.0	0.9023972602739726	0.0	0.8096590909090909	0.0	0.9305912596401028	0.0	0.7911227154046997	0.0	0.7090600775193798	0.0	0.7597305389221557	0.0	0.9677835051546392	0.0	0.9395161290322581	0.0	0.9951413427561837	0.0	0.8094262295081968	0.0	0.26587301587301587	0.0	0.375	0.0	0.5813106796116505	0.0	0.04971264367816092	0.0	0.9368279569892473	0.0	0.9933127572016461	0.0	0.9725	0.0	0.9450934579439252	0.0	0.5385514018691588	0.0	0.9731308411214953	0.0	0.2929042904290429	0.0	0.66728280961183	0.0	0.05357142857142857	0.0	0.002029220779220779	0.0	0.70703125	0.0	0.8277634961439588	0.0	0.2652759526938239	0.0	0.2521246458923513	0.0	0.0	0.0	0.0	0.0	0.0	0.0	0.0	0.0	0.0	0.0	0.0	0.0	0.0	0.0	0.0	0.0	0.0	0.0	0.0	0.0	0.0	0.0	0.0	0.0	0.0	0.0	0.0	0.0	0.0	0.0	0.08283730158730158	0.0	0.8236215538847118	0.0	0.9682835820895522	0.0	0.9865463215258855	0.0	0.7131112984822934	0.0	0.9865926327193932	0.0	0.9853846153846154	0.0	0.9834090909090909	0.0	0.9845238095238096	0.0	0.5746753246753247	0.0	0.3903301886792453	0.0	0.06610576923076923	0.0	0.016104294478527608	0.0	0.0	0.0	0.0	0.0	0.05821651090342679	0.0	0.3590014064697609	0.0	0.0	0.0	0.0	0.0	0.0	0.0	0.0	0.0	0.0	0.0	0.0	0.0	0.0	0.0	0.0	0.0	0.0	0.0	0.07334710743801653	0.0	0.0740049751243781	0.0	0.0	0.0	0.0	0.0	0.0	0.0	0.5042650918635171	0.0	0.4759127789046653	0.0	0.47194719471947194	0.0	0.24813780260707635	0.0	0.2919811320754717	0.0	0.09676079734219269	0.0	0.0020491803278688526	0.0	0.5144230769230769	0.0	0.7112873134328358	0.0	0.45222007722007723	0.0	0.2565789473684211	0.0	0.2740740740740741	0.0	0.28125	0.0	0.16575091575091574	0.0	0.19169776119402984	0.0	0.32221502590673573	0.0	0.2918287937743191	0.0	0.1261600928074246	0.0	0.375	0.0	0.0	0.0	0.0	0.0	0.004694835680751174	0.0	0.0	0.0	0.0	0.0	0.0	0.0	0.26845991561181437	0.0	0.40054347826086956	0.0	0.07079081632653061	0.0	0.0	0.0	0.0014637002341920376	0.0	0.0	0.0	0.10304659498207885	0.0	0.19144981412639406	0.0	0.05594135802469136	0.0	0.0	0.0	0.0	0.0	0.0	0.0	0.0	0.0	0.0	0.0	0.014423076923076924	0.0	0.0	0.0	0.0	0.0	0.0	0.0	0.0	0.0	0.0	0.0	0.0	0.0	0.0	0.0	0.0	0.0	0.0	0.0	0.0	0.0	0.0	0.0	0.0	0.0	0.0	0.0	0.0	0.0	0.0	0.0	0.0005399568034557236	0.0	0.0	0.0	0.0	0.0	0.0	0.0	0.0	0.0	0.0	0.0	0.0	0.0	0.0	0.0	0.0	0.0	0.0	0.0	0.0	0.0	0.0	0.0	0.0	0.0	0.0	0.0	0.34787735849056606	0.0	0.0	0.0	0.041666666666666664	0.0	0.09606824925816024	0.0	0.0	0.0	0.0	0.0	0.0	0.0	0.0	0.0	0.3399621212121212	0.0	0.471484375	0.0	0.8112571022727273	0.0	0.0	0.0	0.0	0.0	0.0	0.0	0.0	0.0	0.03432539682539683	0.0	0.0	0.0	0.0	0.0	0.0	0.0	0.00588768115942029	0.0	67	31.5
sub-M2269	310740	1.0	0.0	1.0	0.0	1.0	0.0	0.07631086142322098	0.0	0.5047892720306514	0.0	1.0	0.0	1.0	0.0	1.0	0.0	1.0	0.0	0.9981617647058824	0.0	0.9998353096179183	0.0	0.9955357142857143	0.0	1.0	0.0	0.9938775510204082	0.0	0.9850427350427351	0.0	0.9961917562724014	0.0	0.9310512024825446	0.0	0.0	0.0	0.0	0.0	0.18267326732673267	0.0	0.4048611111111111	0.0	0.041741472172351884	0.0	0.0	0.0	0.008333333333333333	0.0	0.0	0.0	0.9955	0.0	1.0	0.0	0.9888059701492538	0.0	0.9996458923512748	0.0	0.898972602739726	0.0	1.0	0.0	0.9259854327335048	0.0	0.9869451697127938	0.0	0.9441618217054264	0.0	0.5924401197604791	0.0	0.9162371134020618	0.0	0.8875711574952562	0.0	0.9472173144876325	0.0	0.010245901639344262	0.0	0.0	0.0	0.27223320158102765	0.0	0.0	0.0	0.0	0.0	0.9314516129032258	0.0	0.941358024691358	0.0	0.7870833333333334	0.0	0.5218068535825545	0.0	0.764018691588785	0.0	0.2932242990654206	0.0	0.052805280528052806	0.0	0.0027726432532347504	0.0	0.0	0.0	0.0	0.0	0.03125	0.0	0.6722365038560412	0.0	0.018889618922470434	0.0	0.03186968838526912	0.0	0.0	0.0	0.0	0.0	0.0	0.0	0.0	0.0	0.0	0.0	0.0	0.0	0.0	0.0	0.0	0.0	0.0	0.0	0.0	0.0	0.0	0.0	0.0	0.0	0.0	0.0	0.0	0.0	0.0	0.0	0.05853174603174603	0.0	0.9830827067669173	0.0	0.9709488272921108	0.0	0.9817779291553134	0.0	0.9555227655986509	0.0	0.8492686890574215	0.0	0.9863461538461539	0.0	0.9886363636363636	0.0	1.0	0.0	0.9472402597402597	0.0	0.46685010482180295	0.0	0.22506009615384615	0.0	0.5452453987730062	0.0	0.08498759305210918	0.0	0.0	0.0	0.011292834890965732	0.0	0.0	0.0	0.0	0.0	0.0	0.0	0.0	0.0	0.0	0.0	0.0	0.0	0.0	0.0	0.0	0.0	0.0	0.0	0.0	0.0	0.703168044077135	0.0	0.9944029850746269	0.0	0.14343786295005806	0.0	0.02717391304347826	0.0	0.003125	0.0	0.9963910761154856	0.0	1.0	0.0	1.0	0.0	0.2011173184357542	0.0	0.41415094339622643	0.0	0.0	0.0	0.0	0.0	0.9615384615384616	0.0	1.0	0.0	0.8494208494208494	0.0	0.9124177631578947	0.0	0.7388888888888889	0.0	0.2374320652173913	0.0	0.18108974358974358	0.0	0.0	0.0	0.0	0.0	0.0	0.0	0.3648491879350348	0.0	0.7632743362831859	0.0	0.13352272727272727	0.0	0.0	0.0	0.0	0.0	0.0	0.0	0.0	0.0	0.0	0.0	0.05063291139240506	0.0	0.005706521739130435	0.0	0.0	0.0	0.0	0.0	0.0	0.0	0.0	0.0	0.0	0.0	0.0	0.0	0.0	0.0	0.0	0.0	0.0	0.0	0.0	0.0	0.0	0.0	0.0	0.0	0.0	0.0	0.0	0.0	0.0	0.0	0.0	0.0	0.0	0.0	0.0	0.0	0.0	0.0	0.0	0.0	0.0	0.0	0.0	0.0	0.0	0.0	0.0	0.0	0.0	0.0	0.0	0.0	0.0	0.0	0.0	0.0	0.10394168466522678	0.0	0.0	0.0	0.0	0.0	0.0	0.0	0.0	0.0	0.0	0.0	0.0	0.0	0.0	0.0	0.0	0.0	0.0	0.0	0.0	0.0	0.0	0.0	0.0	0.0	0.0	0.0	0.21639150943396226	0.0	0.0375	0.0	0.008333333333333333	0.0	0.09310089020771513	0.0	0.017992424242424244	0.0	0.01694915254237288	0.0	0.03790983606557377	0.0	0.028017241379310345	0.0	0.45359848484848486	0.0	0.834765625	0.0	0.8551136363636364	0.0	0.0	0.0	0.0	0.0	0.0	0.0	0.0	0.0	0.0	0.0	0.0	0.0	0.0	0.0	0.0	0.0	0.0	0.0	61	72.9
sub-M2270	19987	0.0	0.0	0.0	0.0	0.0	0.0	0.0	0.0	0.0	0.0	0.0	0.0	0.0	0.0	0.0	0.0	0.0	0.0	0.0	0.0	0.0	0.0	0.0	0.0	0.0	0.0	0.0	0.0	0.0	0.0	0.0010080645161290322	0.0	0.0	0.0	0.0	0.0	0.0	0.0	0.0	0.0	0.0	0.0	0.0	0.0	0.0	0.0	0.0	0.0	0.0	0.0	0.0	0.0	0.0	0.0	0.0	0.0	0.0	0.0	0.0	0.0	0.0	0.0	0.012746358183376178	0.0	0.025456919060052218	0.0	0.0061773255813953485	0.0	0.0	0.0	0.005154639175257732	0.0	0.07044592030360532	0.0	0.04858657243816254	0.0	0.0	0.0	0.0	0.0	0.0	0.0	0.0	0.0	0.0	0.0	0.00044802867383512545	0.0	0.0	0.0	0.0	0.0	0.0	0.0	0.0011682242990654205	0.0	0.0	0.0	0.019389438943894388	0.0	0.0	0.0	0.0	0.0	0.0	0.0	0.0013020833333333333	0.0	0.02892030848329049	0.0	0.0016425755584756898	0.0	0.005311614730878187	0.0	0.0	0.0	0.0	0.0	0.0	0.0	0.0	0.0	0.0	0.0	0.0	0.0	0.0	0.0	0.0	0.0	0.0	0.0	0.0	0.0	0.0	0.0	0.0	0.0	0.0	0.0	0.0	0.0	0.0	0.0	0.0	0.0	0.0	0.0	0.0708955223880597	0.0	0.03780653950953679	0.0	0.0	0.0	0.030471289274106174	0.0	0.014038461538461538	0.0	0.03340909090909091	0.0	0.0	0.0	0.0	0.0	0.04808700209643606	0.0	0.001953125	0.0	0.0	0.0	0.0	0.0	0.0011923688394276629	0.0	0.010903426791277258	0.0	0.023206751054852322	0.0	0.0	0.0	0.0	0.0	0.0	0.0	0.0007560483870967742	0.0	0.0	0.0	0.0	0.0	0.0	0.0	0.0	0.0	0.0	0.0	0.0	0.0	0.0	0.0	0.0	0.0	0.0	0.0	0.0	0.0	0.0	0.0	0.0	0.0	0.0	0.0	0.0	0.0	0.0	0.0	0.0	0.0	0.0	0.0	0.0	0.0	0.0	0.0	0.0	0.0	0.0	0.0	0.0	0.0	0.0	0.0	0.0	0.0	0.0	0.0	0.0	0.0	0.0	0.0	0.0	0.0	0.0	0.0	0.0	0.0	0.0	0.0	0.0	0.0	0.0	0.0	0.0	0.0	0.0	0.0	0.0	0.0	0.0	0.0	0.0	0.0	0.0	0.0	0.0	0.0	0.0	0.0	0.0	0.0	0.0	0.0	0.0	0.0	0.0	0.0	0.0	0.0	0.0	0.0	0.0	0.0	0.0	0.0	0.0	0.0	0.0	0.0	0.0	0.0	0.0	0.0	0.0	0.0	0.0	0.0	0.0	0.0	0.0	0.0	0.0	0.0	0.0	0.0	0.0	0.0	0.0	0.0	0.0	0.0	0.0	0.0	0.0	0.0	0.0	0.0	0.0	0.0	0.0	0.0	0.0	0.0	0.0	0.0	0.0	0.0	0.0	0.0	0.0	0.0	0.0	0.0	0.0	0.0	0.0	0.0	0.0	0.0	0.0	0.0	0.0	0.0	0.0	0.0	0.0	0.0	0.0	0.0	0.0	0.0	0.0	0.0	0.0	0.0	0.0	0.0	0.0	0.0	0.0	0.0	0.0	0.0	0.0	0.0	0.006924715909090909	0.0	0.0	0.0	0.0	0.0	0.0	0.0	0.0	0.0	0.0	0.0	0.0	0.0	0.0	0.0	0.0	0.0	0.0	0.0	64	88.6
sub-M2271	186266	0.0	0.0	0.0	0.0	0.0	0.0	0.0	0.0	0.0	0.0	0.0	0.0	0.0	0.0	0.0	0.0	0.0	0.0	0.0	0.0	0.0	0.0	0.0	0.0	0.0	0.0	0.0	0.0	0.0	0.0	0.00011200716845878136	0.0	0.0	0.0	0.0	0.0	0.0	0.0	0.0	0.0	0.0	0.0	0.0	0.0	0.0	0.0	0.0	0.0	0.0	0.0	0.0	0.0	0.0	0.0	0.0	0.0	0.0	0.0	0.0	0.0	0.0	0.0	0.3675021422450728	0.0	0.2137728459530026	0.0	0.234859496124031	0.0	0.055264471057884235	0.0	0.8943298969072165	0.0	0.7654174573055028	0.0	0.9975706713780919	0.0	0.6659836065573771	0.0	0.03306878306878307	0.0	0.2964426877470356	0.0	0.6019417475728155	0.0	0.06091954022988506	0.0	1.0	0.0	1.0	0.0	0.9383333333333334	0.0	0.9968847352024922	0.0	1.0	0.0	1.0	0.0	1.0	0.0	0.8438077634011091	0.0	0.8022959183673469	0.0	0.9935064935064936	0.0	0.8717447916666666	0.0	0.929305912596401	0.0	0.6749342969776609	0.0	0.6099504249291785	0.0	0.40816326530612246	0.0	0.0	0.0	0.34094101123595505	0.0	0.4186197916666667	0.0	0.0	0.0	0.7850515463917526	0.0	0.5021817248459959	0.0	0.0	0.0	0.02755511022044088	0.0	0.7530241935483871	0.0	0.8855555555555555	0.0	1.0	0.0	0.9493801652892562	0.0	0.2733812949640288	0.0	0.4950916230366492	0.0	0.0	0.0	0.0	0.0	0.0	0.0	0.0	0.0	0.39376053962900504	0.0	0.972237269772481	0.0	0.1125	0.0	0.8004545454545454	0.0	0.19047619047619047	0.0	0.7694805194805194	0.0	0.997248427672956	0.0	0.7512019230769231	0.0	0.0	0.0	0.12096774193548387	0.0	0.8952702702702703	0.0	1.0	0.0	1.0	0.0	0.0020604395604395605	0.0	0.07649253731343283	0.0	0.5206766917293233	0.0	0.9972278225806451	0.0	0.0	0.0	0.0	0.0	0.15711009174311927	0.0	0.21432926829268292	0.0	0.9476102941176471	0.0	0.0	0.0	0.033582089552238806	0.0	0.0	0.0	0.0	0.0	0.0	0.0	0.0	0.0	0.0	0.0	0.0	0.0	0.0	0.0	0.0	0.0	0.0	0.0	0.0	0.0	0.0	0.0	0.0	0.0	0.0	0.0	0.0	0.0	0.0	0.0	0.0	0.0	0.0	0.0	0.0065298507462686565	0.0	0.16677461139896374	0.0	0.003404669260700389	0.0	0.0	0.0	0.0	0.0	0.0	0.0	0.0	0.0	0.0	0.0	0.0	0.0	0.0	0.0	0.0	0.0	0.0	0.0	0.0	0.0	0.0	0.0	0.0	0.0	0.06557377049180328	0.0	0.0	0.0	0.009408602150537635	0.0	0.00046468401486988845	0.0	0.017746913580246913	0.0	0.0	0.0	0.009433962264150943	0.0	0.004464285714285714	0.0	0.0	0.0	0.014658848614072495	0.0	0.23557692307692307	0.0	0.00847457627118644	0.0	0.0003869969040247678	0.0	0.1948529411764706	0.0	0.0007062146892655367	0.0	0.0	0.0	0.0	0.0	0.022916666666666665	0.0	0.04353932584269663	0.0	0.09854211663066954	0.0	0.0	0.0	0.00044169611307420494	0.0	0.0	0.0	0.0	0.0	0.07678571428571429	0.0	0.024844720496894408	0.0	0.0	0.0	0.002860411899313501	0.0	0.0	0.0	0.0	0.0	0.0	0.0	0.0	0.0	0.0	0.0	0.0	0.0	0.0	0.0	0.0	0.0	0.0016375545851528383	0.0	0.015625	0.0	0.1131489841986456	0.0	0.17058270676691728	0.0	0.0	0.0	0.0	0.0	0.0	0.0	0.0	0.0	0.0	0.0	0.0	0.0	0.0	0.0	0.0	0.0	0.0	0.0	0.0	0.0	0.11026278409090909	0.0	0.0	0.0	0.0	0.0	0.0	0.0	0.0	0.0	0.0003968253968253968	0.0	0.0	0.0	0.0	0.0	0.0	0.0	0.0	0.0	72	19.4
sub-M2272	112249	0.0	0.0	0.0	0.0	0.0	0.0	0.0	0.0	0.0	0.0	0.0	0.0	0.0	0.0	0.0	0.0	0.0	0.0	0.0	0.0	0.0	0.0	0.0	0.0	0.0	0.0	0.0	0.0	0.0	0.0	0.0	0.0	0.0	0.0	0.0	0.0	0.0	0.0	0.0	0.0	0.0	0.0	0.0	0.0	0.0	0.0	0.0	0.0	0.0	0.0	0.0	0.0	0.0	0.0	0.0	0.0	0.0	0.0	0.0	0.0	0.0	0.0	0.1509211653813196	0.0	0.03492167101827676	0.0	0.014171511627906976	0.0	0.05538922155688623	0.0	0.9452319587628866	0.0	0.29577798861480076	0.0	0.9041519434628975	0.0	0.030737704918032786	0.0	0.0	0.0	0.029644268774703556	0.0	0.0	0.0	0.0	0.0	0.9919354838709677	0.0	0.9938271604938271	0.0	1.0	0.0	0.9805295950155763	0.0	0.985981308411215	0.0	1.0	0.0	0.9806105610561056	0.0	0.9246765249537893	0.0	0.6158163265306122	0.0	0.9439935064935064	0.0	0.82421875	0.0	0.8200514138817481	0.0	0.5980617608409987	0.0	0.2811614730878187	0.0	0.0	0.0	0.0	0.0	0.0	0.0	0.0	0.0	0.0	0.0	0.0	0.0	0.002566735112936345	0.0	0.0	0.0	0.0	0.0	0.109375	0.0	0.14	0.0	0.536509900990099	0.0	0.1928374655647383	0.0	0.052158273381294966	0.0	0.08082460732984294	0.0	0.0	0.0	0.0	0.0	0.0	0.0	0.0	0.0	0.01960370994940978	0.0	0.671180931744312	0.0	0.0	0.0	0.12045454545454545	0.0	0.0	0.0	0.2471590909090909	0.0	0.8915094339622641	0.0	0.57421875	0.0	0.0	0.0	0.008064516129032258	0.0	0.5194753577106518	0.0	0.9680685358255452	0.0	0.9989451476793249	0.0	0.0	0.0	0.05853544776119403	0.0	0.28289473684210525	0.0	0.8717237903225806	0.0	0.0	0.0	0.0	0.0	0.016055045871559634	0.0	0.1679878048780488	0.0	0.9494485294117647	0.0	0.0	0.0	0.0	0.0	0.0	0.0	0.0	0.0	0.0	0.0	0.0	0.0	0.0	0.0	0.0	0.0	0.0	0.0	0.0	0.0	0.0	0.0	0.0	0.0	0.0	0.0	0.0	0.0	0.0	0.0	0.0	0.0	0.0	0.0	0.0	0.0	0.0	0.0	0.0	0.0	0.01910621761658031	0.0	0.0	0.0	0.0	0.0	0.0	0.0	0.0	0.0	0.0	0.0	0.0	0.0	0.0	0.0	0.0	0.0	0.0	0.0	0.0	0.0	0.0	0.0	0.0	0.0	0.0	0.0	0.000585480093676815	0.0	0.0	0.0	0.0	0.0	0.0	0.0	0.0	0.0	0.0	0.0	0.0	0.0	0.0	0.0	0.0024390243902439024	0.0	0.0	0.0	0.0038461538461538464	0.0	0.0	0.0	0.0	0.0	0.0	0.0	0.0	0.0	0.0	0.0	0.0	0.0	0.0	0.0	0.0	0.0	0.0	0.0	0.0	0.0	0.0	0.0	0.0	0.0	0.0	0.0	0.0	0.0	0.0	0.0	0.0	0.0	0.0	0.0	0.0	0.0	0.0	0.0	0.0	0.0	0.0	0.0	0.0	0.0	0.0	0.0	0.0	0.0	0.001440922190201729	0.0	0.007096069868995633	0.0	0.0	0.0	0.0	0.0	0.0	0.0	0.0	0.0	0.0	0.0	0.0	0.0	0.0	0.0	0.0	0.0	0.0	0.0	0.0	0.0	0.0	0.0	0.0	0.0	0.0	0.0	0.0035511363636363635	0.0	0.0	0.0	0.0	0.0	0.0	0.0	0.0	0.0	0.0	0.0	0.0	0.0	0.0	0.0	0.0	0.0	0.0	0.0	55	93.9
sub-M2275	233548	0.0	0.0	0.0	0.0	0.0	0.0	0.0	0.0	0.0	0.0	0.0	0.0	0.0	0.0	0.0	0.0	0.0	0.0	0.12591911764705882	0.0	0.0024703557312252965	0.0	0.0	0.0	0.0022545090180360722	0.0	0.05510204081632653	0.0	0.27542735042735045	0.0	0.3826164874551971	0.0	0.6991854150504266	0.0	0.0	0.0	0.0	0.0	0.0009900990099009901	0.0	0.0	0.0	0.0	0.0	0.0	0.0	0.0	0.0	0.0	0.0	0.8085	0.0	0.0	0.0	0.0	0.0	0.0060198300283286115	0.0	0.7097602739726028	0.0	0.0	0.0	0.8261568123393316	0.0	0.39033942558746737	0.0	0.5264050387596899	0.0	0.21644211576846306	0.0	1.0	0.0	0.7763282732447818	0.0	0.9949204946996466	0.0	0.16188524590163936	0.0	0.0	0.0	0.09881422924901186	0.0	0.10194174757281553	0.0	0.0	0.0	1.0	0.0	1.0	0.0	1.0	0.0	1.0	0.0	1.0	0.0	1.0	0.0	0.985973597359736	0.0	0.45055452865064693	0.0	0.1420918367346939	0.0	0.6331168831168831	0.0	0.6998697916666666	0.0	0.8602185089974294	0.0	0.15210249671484888	0.0	0.14961048158640228	0.0	0.0	0.0	0.0	0.0	0.05372191011235955	0.0	0.0028211805555555555	0.0	0.0	0.0	0.020618556701030927	0.0	0.18467659137577003	0.0	0.0	0.0	0.0	0.0	0.3137600806451613	0.0	0.6138888888888889	0.0	0.8149752475247525	0.0	0.028581267217630855	0.0	0.19694244604316546	0.0	0.2696335078534031	0.0	0.0	0.0	0.03383458646616541	0.0	0.8001066098081023	0.0	0.940224795640327	0.0	0.7786677908937606	0.0	1.0	0.0	1.0	0.0	1.0	0.0	1.0	0.0	0.9971590909090909	0.0	0.9984276729559748	0.0	0.9672475961538461	0.0	0.11042944785276074	0.0	0.9739454094292804	0.0	0.9924483306836248	0.0	0.9916277258566978	0.0	0.8779887482419128	0.0	0.9622252747252747	0.0	0.8138992537313433	0.0	0.8646616541353384	0.0	0.891633064516129	0.0	0.2524193548387097	0.0	0.5331875993640699	0.0	0.36659021406727826	0.0	0.3280487804878049	0.0	0.9990808823529411	0.0	0.058884297520661155	0.0	0.13059701492537312	0.0	0.1562137049941928	0.0	0.0	0.0	0.0	0.0	0.0	0.0	0.0	0.0	0.0	0.0	0.0	0.0	0.0	0.0	0.0	0.0	0.0	0.0	0.0	0.0	0.0	0.0	0.0	0.0	0.0	0.0	0.0	0.0	0.0	0.0	0.0	0.0	0.0	0.0	0.005505181347150259	0.0	0.0	0.0	0.0	0.0	0.0	0.0	0.0	0.0	0.0	0.0	0.0	0.0	0.0	0.0	0.0	0.0	0.0	0.0	0.0	0.0	0.0	0.0	0.0	0.0	0.0	0.0	0.0430327868852459	0.0	0.0	0.0	0.0	0.0	0.0	0.0	0.0	0.0	0.0	0.0	0.0	0.0	0.0	0.0	0.0	0.0	0.0005330490405117271	0.0	0.0	0.0	0.0	0.0	0.05804953560371517	0.0	0.0	0.0	0.0	0.0	0.0	0.0	0.0	0.0	0.01574074074074074	0.0	0.0	0.0	0.005804535637149028	0.0	0.0	0.0	0.018551236749116608	0.0	0.0	0.0	0.0	0.0	0.06875	0.0	0.0007763975155279503	0.0	0.013228941684665227	0.0	0.07408466819221968	0.0	0.0	0.0	0.0	0.0	0.0	0.0	0.00048262548262548264	0.0	0.00032299741602067185	0.0	0.025542941757156958	0.0	0.09563758389261745	0.0	0.15814121037463977	0.0	0.25327510917030566	0.0	0.11067708333333333	0.0	0.31123024830699775	0.0	0.3684210526315789	0.0	0.06780660377358491	0.0	0.0	0.0	0.0	0.0	0.0	0.0	0.0	0.0	0.0	0.0	0.0	0.0	0.0	0.0	0.021780303030303032	0.0	0.0435546875	0.0	0.49857954545454547	0.0	0.0	0.0	0.0	0.0	0.0	0.0	0.0	0.0	0.0	0.0	0.0	0.0	0.0	0.0	0.0	0.0	0.0	0.0	47	62.1
sub-M2276	144017	0.0	0.0	0.0	0.0	0.0	0.0	0.0	0.0	0.0	0.0	0.004921259842519685	0.0	0.004603794642857143	0.0	0.0004528985507246377	0.0	0.0	0.0	0.0027573529411764708	0.0	0.0	0.0	0.0	0.0	0.04483967935871744	0.0	0.3622448979591837	0.0	0.26816239316239315	0.0	0.6693548387096774	0.0	0.806245151280062	0.0	0.0	0.0	0.0	0.0	0.14207920792079207	0.0	0.3909722222222222	0.0	0.0020197486535008975	0.0	0.029676258992805755	0.0	0.2861111111111111	0.0	0.0	0.0	0.837	0.0	0.0	0.0	0.0	0.0	0.1476628895184136	0.0	0.5393835616438356	0.0	0.0	0.0	0.6812339331619537	0.0	0.06266318537859007	0.0	0.0	0.0	0.0	0.0	0.5006443298969072	0.0	0.060958254269449716	0.0	0.24315371024734983	0.0	0.0	0.0	0.0	0.0	0.0	0.0	0.0	0.0	0.0	0.0	1.0	0.0	1.0	0.0	0.5883333333333334	0.0	0.5167445482866043	0.0	0.4953271028037383	0.0	0.008177570093457943	0.0	0.24546204620462045	0.0	0.0	0.0	0.0	0.0	0.019886363636363636	0.0	0.0	0.0	0.006105398457583547	0.0	0.0	0.0	0.0	0.0	0.0	0.0	0.0	0.0	0.0	0.0	0.0	0.0	0.0	0.0	0.0	0.0	0.0	0.0	0.0	0.0	0.0	0.0	0.0	0.0	0.0	0.0	0.03403465346534654	0.0	0.0	0.0	0.0	0.0	0.0	0.0	0.016865079365079364	0.0	0.24812030075187969	0.0	0.6332622601279317	0.0	0.8055177111716622	0.0	0.7811973018549747	0.0	0.7345612134344529	0.0	0.9003846153846153	0.0	0.9347727272727273	0.0	1.0	0.0	0.2974837662337662	0.0	0.5107442348008385	0.0	0.6265024038461539	0.0	0.7741564417177914	0.0	0.9640198511166254	0.0	0.9864864864864865	0.0	0.5506230529595015	0.0	0.20464135021097046	0.0	0.9896978021978022	0.0	0.7241138059701493	0.0	0.9750939849624061	0.0	0.6295362903225806	0.0	0.1510752688172043	0.0	0.3217408585055644	0.0	0.08505351681957186	0.0	0.021646341463414633	0.0	0.12775735294117646	0.0	0.4166666666666667	0.0	0.32587064676616917	0.0	0.8373983739837398	0.0	1.0	0.0	0.33295454545454545	0.0	0.0	0.0	0.0	0.0	0.0	0.0	0.0	0.0	0.0	0.0	0.0	0.0	0.0	0.0	0.0	0.0	0.0	0.0	0.0	0.0	0.0	0.0	0.0	0.0	0.0	0.0	0.0	0.0	0.0	0.0	0.0	0.0	0.0	0.0	0.0	0.0	0.0	0.0	0.0	0.0	0.0	0.0	0.0	0.0	0.0	0.0	0.0	0.0	0.0	0.0	0.0	0.0	0.0	0.0	0.0	0.0	0.0	0.0	0.0	0.0	0.0	0.0	0.0	0.0	0.0	0.0	0.0	0.0	0.0	0.0	0.0	0.0	0.0	0.0	0.0	0.0	0.0	0.0	0.0	0.0	0.0	0.0	0.0	0.0	0.0	0.0	0.0	0.0	0.0	0.0	0.0	0.0	0.0	0.0	0.0	0.0	0.0	0.0	0.0	0.0	0.0	0.0	0.0	0.0	0.0	0.0	0.0	0.0	0.0	0.0	0.27510799136069114	0.0	0.0	0.0	0.0	0.0	0.0	0.0	0.0	0.0	0.0	0.0	0.0	0.0	0.08674728529121421	0.0	0.0	0.0	0.0032420749279538905	0.0	0.0	0.0	0.0	0.0	0.0	0.0	0.0	0.0	0.20872641509433962	0.0	0.0	0.0	0.0	0.0	0.0	0.0	0.0	0.0	0.0	0.0	0.0	0.0	0.0	0.0	0.0	0.0	0.008984375	0.0	0.23082386363636365	0.0	0.0	0.0	0.0	0.0	0.0	0.0	0.0	0.0	0.0	0.0	0.0	0.0	0.0	0.0	0.0	0.0	0.0	0.0	67	19.6
sub-M2277	8106	0.0	0.0	0.0	0.0	0.0	0.0	0.0	0.0	0.0	0.0	0.0	0.0	0.0	0.0	0.0	0.0	0.0	0.0	0.0	0.0	0.0	0.0	0.0	0.0	0.0	0.0	0.0	0.0	0.0	0.0	0.0	0.0	0.0	0.0	0.0	0.0	0.0	0.0	0.0	0.0	0.0	0.0	0.0	0.0	0.0	0.0	0.0	0.0	0.0	0.0	0.0	0.0	0.0	0.0	0.0	0.0	0.0	0.0	0.0	0.0	0.0	0.0	0.0	0.0	0.0	0.0	0.0	0.0	0.0	0.0	0.0	0.0	0.0	0.0	0.0	0.0	0.0	0.0	0.0	0.0	0.0	0.0	0.0	0.0	0.0	0.0	0.0	0.0	0.0	0.0	0.0	0.0	0.0	0.0	0.0	0.0	0.0	0.0	0.0	0.0	0.0	0.0	0.0	0.0	0.0	0.0	0.0	0.0	0.0	0.0	0.0	0.0	0.0	0.0	0.0	0.0	0.0	0.0	0.0	0.0	0.0	0.0	0.0	0.0	0.0	0.0	0.0	0.0	0.0	0.0	0.0	0.0	0.0	0.0	0.0	0.0	0.0	0.0	0.0	0.0	0.0	0.0	0.0	0.0	0.008432539682539682	0.0	0.0	0.0	0.0	0.0	0.0	0.0	0.0	0.0	0.0	0.0	0.0	0.0	0.0	0.0	0.0	0.0	0.0	0.0	0.0	0.0	0.0	0.0	0.0	0.0	0.0	0.0	0.0	0.0	0.0	0.0	0.0	0.0	0.0	0.0	0.0	0.0	0.0	0.0	0.0	0.0	0.0	0.0	0.0	0.0	0.0	0.0	0.0	0.0	0.0	0.0	0.0	0.0	0.0	0.0	0.0	0.0	0.0	0.0	0.007528409090909091	0.0	0.0	0.0	0.0	0.0	0.0	0.0	0.0	0.0	0.0	0.0	0.0	0.0	0.0	0.0	0.0	0.0	0.0	0.0	0.0	0.0	0.0	0.0	0.0	0.0	0.0	0.0	0.0	0.0	0.0	0.0	0.0	0.0	0.0	0.0	0.0	0.0	0.0	0.0	0.0	0.0	0.0	0.0	0.0	0.0	0.0	0.0	0.0	0.0	0.0	0.0	0.0	0.0	0.0	0.0	0.0	0.0	0.0	0.0	0.0	0.0	0.0	0.0	0.0	0.0	0.0	0.0	0.0	0.0	0.0	0.0	0.0	0.0	0.0	0.0	0.0	0.0	0.0	0.0	0.0	0.0	0.0	0.0	0.0	0.0	0.0	0.0	0.0	0.0	0.0	0.0	0.0	0.0	0.0	0.0	0.0	0.0	0.0	0.0	0.0	0.0	0.0	0.0	0.0	0.0	0.0	0.0	0.0	0.0	0.0	0.0	0.14794816414686826	0.0	0.0	0.0	0.010822510822510822	0.0	0.0	0.0	0.0	0.0	0.0	0.0	0.0	0.0	0.009254689042448173	0.0	0.0	0.0	0.0	0.0	0.0	0.0	0.0	0.0	0.0	0.0	0.0	0.0	0.17629716981132076	0.0	0.0	0.0	0.0	0.0	0.0	0.0	0.013257575757575758	0.0	0.007415254237288136	0.0	0.1598360655737705	0.0	0.0	0.0	0.4640151515151515	0.0	0.2662109375	0.0	0.4705255681818182	0.0	0.0	0.0	0.0	0.0	0.0	0.0	0.0	0.0	0.0	0.0	0.0	0.0	0.0	0.0	0.0	0.0	0.0	0.0	75	90.2
sub-M2278	113738	0.0	0.0	0.0	0.0	0.0	0.0	0.0	0.0	0.0	0.0	0.0	0.0	0.0	0.0	0.0	0.0	0.0	0.0	0.0	0.0	0.0	0.0	0.0	0.0	0.0	0.0	0.0	0.0	0.0	0.0	0.0	0.0	0.0	0.0	0.0	0.0	0.0	0.0	0.0	0.0	0.0	0.0	0.0	0.0	0.0	0.0	0.0	0.0	0.0	0.0	0.0	0.0	0.0	0.0	0.0	0.0	0.0	0.0	0.0	0.0	0.0	0.0	0.04755784061696658	0.0	0.026762402088772844	0.0	0.24152131782945738	0.0	0.28580339321357284	0.0	0.6662371134020618	0.0	0.7746679316888045	0.0	0.775839222614841	0.0	0.18442622950819673	0.0	0.003968253968253968	0.0	0.6907114624505929	0.0	0.3118932038834951	0.0	0.1968390804597701	0.0	1.0	0.0	1.0	0.0	0.9829166666666667	0.0	0.9754672897196262	0.0	0.9941588785046729	0.0	0.9941588785046729	0.0	0.9608085808580858	0.0	0.9868299445471349	0.0	0.7173469387755103	0.0	0.726461038961039	0.0	0.9993489583333334	0.0	0.7988431876606684	0.0	0.8332785808147175	0.0	0.3604815864022663	0.0	0.017857142857142856	0.0	0.0	0.0	0.0	0.0	0.0	0.0	0.0	0.0	0.0	0.0	0.0	0.0	0.0	0.0	0.0	0.0	0.08618951612903226	0.0	0.011111111111111112	0.0	0.5816831683168316	0.0	0.09366391184573003	0.0	0.0	0.0	0.0	0.0	0.0	0.0	0.0	0.0	0.0	0.0	0.0	0.0	0.09021922428330523	0.0	0.8313921993499458	0.0	0.0038461538461538464	0.0	0.31522727272727274	0.0	0.007142857142857143	0.0	0.32792207792207795	0.0	0.8840408805031447	0.0	0.5211838942307693	0.0	0.0	0.0	0.0	0.0	0.3600953895071542	0.0	0.9643691588785047	0.0	0.9750351617440225	0.0	0.0	0.0	0.0	0.0	0.10714285714285714	0.0	0.49117943548387094	0.0	0.0	0.0	0.0	0.0	0.0066896024464831805	0.0	0.00274390243902439	0.0	0.058823529411764705	0.0	0.0	0.0	0.0	0.0	0.0	0.0	0.0	0.0	0.0	0.0	0.0	0.0	0.0	0.0	0.0	0.0	0.0	0.0	0.0	0.0	0.0	0.0	0.0	0.0	0.0	0.0	0.0	0.0	0.0	0.0	0.0	0.0	0.0	0.0	0.0	0.0	0.0	0.0	0.0	0.0	0.0	0.0	0.0	0.0	0.0	0.0	0.0	0.0	0.0	0.0	0.0	0.0	0.0	0.0	0.0	0.0	0.0	0.0	0.0	0.0	0.0	0.0	0.05353260869565218	0.0	0.015625	0.0	0.0	0.0	0.002927400468384075	0.0	0.0	0.0	0.0	0.0	0.0	0.0	0.0	0.0	0.012735849056603774	0.0	0.0	0.0	0.0	0.0	0.0	0.0	0.0	0.0	0.0	0.0	0.0	0.0	0.0	0.0	0.0	0.0	0.0	0.0	0.0	0.0	0.0	0.0	0.0	0.0	0.0	0.0	0.0	0.0	0.0	0.0	0.0	0.0	0.0	0.0	0.0	0.0	0.0	0.0	0.0	0.0	0.0	0.0	0.0	0.0	0.0	0.0	0.0	0.0	0.0	0.0	0.0	0.0	0.0	0.0	0.0	0.0	0.0	0.0	0.0	0.0	0.0	0.0	0.0	0.0	0.0	0.0	0.0	0.0	0.0	0.0	0.0	0.0	0.0	0.0	0.0	0.0	0.0	0.0	0.0	0.0	0.0	0.0	0.0	0.0	0.0	0.0	0.0013671875	0.0	0.2334872159090909	0.0	0.0	0.0	0.0	0.0	0.0	0.0	0.0	0.0	0.0	0.0	0.0	0.0	0.0	0.0	0.0	0.0	0.0	0.0	70	44.0
sub-M2279	46531	0.0	0.0	0.0	0.0	0.0	0.0	0.0	0.0	0.0	0.0	0.0	0.0	0.0	0.0	0.0	0.0	0.0	0.0	0.0	0.0	0.0	0.0	0.0	0.0	0.0	0.0	0.0	0.0	0.0	0.0	0.0	0.0	0.0	0.0	0.0	0.0	0.0	0.0	0.0	0.0	0.0	0.0	0.0	0.0	0.0	0.0	0.0	0.0	0.0	0.0	0.0	0.0	0.0	0.0	0.0	0.0	0.0	0.0	0.0	0.0	0.0	0.0	0.0	0.0	0.0	0.0	0.0	0.0	0.0	0.0	0.0	0.0	0.0	0.0	0.0011042402826855124	0.0	0.0	0.0	0.0	0.0	0.0	0.0	0.0	0.0	0.0	0.0	0.19937275985663083	0.0	0.08590534979423868	0.0	0.0004166666666666667	0.0	0.19353582554517135	0.0	0.4392523364485981	0.0	0.102803738317757	0.0	0.6613036303630363	0.0	0.39995378927911274	0.0	0.5017857142857143	0.0	0.8108766233766234	0.0	0.2610677083333333	0.0	0.07037275064267352	0.0	0.2665900131406045	0.0	0.12446883852691218	0.0	0.0	0.0	0.0	0.0	0.0	0.0	0.0015190972222222222	0.0	0.0	0.0	0.15644329896907216	0.0	0.11178131416837782	0.0	0.0	0.0	0.0	0.0	0.32736895161290325	0.0	0.4683333333333333	0.0	0.880569306930693	0.0	0.4256198347107438	0.0	0.0	0.0	0.01668848167539267	0.0	0.0	0.0	0.0	0.0	0.0	0.0	0.0	0.0	0.0	0.0	0.028710725893824486	0.0	0.0	0.0	0.0	0.0	0.0	0.0	0.0	0.0	0.13076519916142557	0.0	0.13025841346153846	0.0	0.0	0.0	0.0	0.0	0.007750397456279809	0.0	0.41394080996884736	0.0	0.9272151898734177	0.0	0.0	0.0	0.0	0.0	0.0	0.0	0.3702116935483871	0.0	0.0	0.0	0.0	0.0	0.0	0.0	0.0	0.0	0.06158088235294118	0.0	0.0	0.0	0.0	0.0	0.0	0.0	0.0	0.0	0.0	0.0	0.0	0.0	0.0	0.0	0.0	0.0	0.0	0.0	0.0	0.0	0.0	0.0	0.0	0.0	0.0	0.0	0.0	0.0	0.0	0.0	0.0	0.0	0.0	0.0	0.0	0.0	0.0	0.0	0.0	0.0	0.0	0.0	0.0	0.0	0.0	0.0	0.0	0.0	0.0	0.0	0.0	0.0	0.0	0.0	0.0	0.0	0.0	0.0	0.0	0.0	0.0	0.0	0.0	0.0	0.0	0.0	0.0	0.0	0.00351288056206089	0.0	0.0	0.0	0.0	0.0	0.0	0.0	0.0	0.0	0.0	0.0	0.0	0.0	0.0	0.0	0.0	0.0	0.0	0.0	0.019230769230769232	0.0	0.0	0.0	0.0	0.0	0.0	0.0	0.0	0.0	0.0	0.0	0.0	0.0	0.0	0.0	0.0	0.0	0.0	0.0	0.0	0.0	0.0	0.0	0.0	0.0	0.0	0.0	0.0	0.0	0.0	0.0	0.0	0.0	0.0	0.0	0.0	0.0	0.0	0.0	0.0	0.0	0.0	0.0	0.0	0.0	0.0	0.0	0.0	0.0	0.0	0.0	0.0	0.0	0.0	0.0	0.0	0.0	0.0	0.0	0.0	0.0	0.0	0.0	0.0	0.0	0.0	0.0	0.0	0.0	0.0	0.0	0.0	0.0	0.0	0.0	0.0	0.0	0.0	0.0	0.0	0.0	0.0	0.0	0.0	0.0	0.0	0.0	0.0	0.0	0.0	0.0	0.0	0.0	0.0	0.0	0.0	0.0	0.0	0.0	78	81.9
sub-M2281	59313	0.0	0.0	0.0	0.0	0.0	0.0	0.0	0.0	0.0	0.0	0.0	0.0	0.0	0.0	0.0	0.0	0.0	0.0	0.0	0.0	0.0	0.0	0.0	0.0	0.0	0.0	0.0	0.0	0.0	0.0	0.0	0.0	0.0	0.0	0.0	0.0	0.0	0.0	0.0	0.0	0.0	0.0	0.0	0.0	0.0	0.0	0.0	0.0	0.0	0.0	0.0	0.0	0.0	0.0	0.0	0.0	0.0	0.0	0.0	0.0	0.0	0.0	0.0	0.0	0.0	0.0	0.0	0.0	0.0	0.0	0.0	0.0	0.0	0.0	0.0	0.0	0.0	0.0	0.0	0.0	0.0004940711462450593	0.0	0.01516990291262136	0.0	0.0	0.0	0.1232078853046595	0.0	0.044753086419753084	0.0	0.0	0.0	0.4365264797507788	0.0	0.985981308411215	0.0	0.6915887850467289	0.0	0.9913366336633663	0.0	0.9801293900184843	0.0	0.6614795918367347	0.0	0.8729707792207793	0.0	0.986328125	0.0	0.036632390745501286	0.0	0.5873850197109067	0.0	0.04798158640226629	0.0	0.0	0.0	0.0	0.0	0.0	0.0	0.00043402777777777775	0.0	0.01293103448275862	0.0	0.10025773195876289	0.0	0.2684804928131417	0.0	0.0	0.0	0.0	0.0	0.3258568548387097	0.0	0.6322222222222222	0.0	0.8991336633663366	0.0	0.3333333333333333	0.0	0.017985611510791366	0.0	0.17833769633507854	0.0	0.0	0.0	0.0	0.0	0.0	0.0	0.0	0.0	0.008220910623946037	0.0	0.0005417118093174431	0.0	0.0	0.0	0.0	0.0	0.0	0.0	0.13555194805194806	0.0	0.1584119496855346	0.0	0.26231971153846156	0.0	0.0	0.0	0.0	0.0	0.20846581875993642	0.0	0.9135514018691588	0.0	0.9940225035161744	0.0	0.0	0.0	0.0	0.0	0.00046992481203007516	0.0	0.5768649193548387	0.0	0.0	0.0	0.0	0.0	0.0	0.0	0.003353658536585366	0.0	0.53125	0.0	0.0	0.0	0.0	0.0	0.0	0.0	0.0	0.0	0.0	0.0	0.0	0.0	0.0	0.0	0.0	0.0	0.0	0.0	0.0	0.0	0.0	0.0	0.0	0.0	0.0	0.0	0.0	0.0	0.0	0.0	0.0	0.0	0.0	0.0	0.0	0.0	0.0	0.0	0.0	0.0	0.0	0.0	0.0	0.0	0.0	0.0	0.0	0.0	0.0	0.0	0.0	0.0	0.0	0.0	0.0	0.0	0.0	0.0	0.0	0.0	0.0	0.0	0.0	0.0	0.0	0.0	0.0	0.0	0.0032201405152224825	0.0	0.0	0.0	0.0	0.0	0.0	0.0	0.0	0.0	0.0	0.0	0.0	0.0	0.0	0.0	0.0	0.0	0.0	0.0	0.0	0.0	0.0	0.0	0.0	0.0	0.0	0.0	0.0	0.0	0.0	0.0	0.0	0.0	0.000925925925925926	0.0	0.0008426966292134832	0.0	0.0	0.0	0.0	0.0	0.0	0.0	0.0	0.0	0.0	0.0	0.0	0.0	0.0	0.0	0.0	0.0	0.0	0.0	0.0	0.0	0.0	0.0	0.0	0.0	0.0	0.0	0.0	0.0	0.0	0.0	0.0	0.0	0.0	0.0	0.0	0.0	0.0	0.0	0.0	0.0	0.0	0.0	0.0	0.0	0.0	0.0	0.0	0.0	0.0	0.0	0.0	0.0	0.0	0.0	0.0	0.0	0.0	0.0	0.0	0.0	0.0	0.0	0.0	0.0	0.0	0.0	0.0	0.0	0.0	0.0	0.0	0.0	0.0	0.0	0.0	0.0	0.0	0.0	0.0	0.0	0.0	0.0	39	92.0
sub-M2282	56156	0.0	0.0	0.0	0.0	0.0	0.0	0.0	0.0	0.0	0.0	0.0	0.0	0.0	0.0	0.0	0.0	0.0	0.0	0.0	0.0	0.0	0.0	0.0	0.0	0.0	0.0	0.0	0.0	0.0	0.0	0.0	0.0	0.0	0.0	0.0	0.0	0.0	0.0	0.0	0.0	0.0	0.0	0.0	0.0	0.0	0.0	0.0	0.0	0.0	0.0	0.0	0.0	0.0	0.0	0.0	0.0	0.0	0.0	0.0	0.0	0.0	0.0	0.0	0.0	0.0	0.0	0.0	0.0	0.0	0.0	0.0	0.0	0.0	0.0	0.0	0.0	0.0	0.0	0.0	0.0	0.0	0.0	0.0	0.0	0.0	0.0	0.553763440860215	0.0	0.2109053497942387	0.0	0.0	0.0	0.01557632398753894	0.0	0.2383177570093458	0.0	0.0	0.0	0.3110561056105611	0.0	0.0	0.0	0.0	0.0	0.11323051948051949	0.0	0.0	0.0	0.0	0.0	0.0	0.0	0.0	0.0	0.0	0.0	0.0	0.0	0.0	0.0	0.0	0.0	0.0	0.0	0.0	0.0	0.0	0.0	0.0	0.0	0.0	0.0	0.021169354838709676	0.0	0.0011111111111111111	0.0	0.359529702970297	0.0	0.0003443526170798898	0.0	0.03147482014388489	0.0	0.012761780104712041	0.0	0.0	0.0	0.0	0.0	0.0	0.0	0.010217983651226158	0.0	0.32230185497470487	0.0	0.032502708559046585	0.0	0.0003846153846153846	0.0	0.0027272727272727275	0.0	0.14761904761904762	0.0	0.783685064935065	0.0	0.7290356394129979	0.0	0.9412560096153846	0.0	0.01303680981595092	0.0	0.7955955334987593	0.0	0.9970190779014309	0.0	0.9209501557632399	0.0	0.10038677918424754	0.0	0.7688873626373627	0.0	0.8215951492537313	0.0	0.9948308270676691	0.0	0.9773185483870968	0.0	0.0	0.0	0.07352941176470588	0.0	0.44762996941896027	0.0	0.2527439024390244	0.0	0.5404411764705882	0.0	0.007231404958677686	0.0	0.21703980099502487	0.0	0.0010162601626016261	0.0	0.0	0.0	0.0	0.0	0.0	0.0	0.0	0.0	0.0	0.0	0.0	0.0	0.0	0.0	0.0	0.0	0.0	0.0	0.0	0.0	0.0	0.0	0.0	0.0	0.0	0.0	0.0	0.0	0.0	0.0	0.0	0.0	0.0	0.0	0.0	0.0	0.0	0.0	0.0	0.0	0.0	0.0	0.0	0.0	0.0	0.0	0.0	0.0	0.0	0.0	0.0	0.0	0.0	0.0	0.0	0.0	0.0	0.0	0.0	0.0	0.0	0.0	0.0	0.0	0.0	0.0	0.0	0.0	0.0	0.0	0.0	0.0	0.0	0.0	0.0	0.0	0.0	0.0	0.0	0.0	0.0	0.0	0.0	0.0	0.0	0.0	0.0	0.0	0.0	0.0	0.0	0.0	0.0	0.0	0.0	0.0	0.0	0.0	0.0	0.0	0.0	0.0	0.0	0.0	0.0	0.0	0.0	0.0	0.0	0.0	0.0	0.0	0.0	0.0	0.0	0.0	0.0	0.0	0.0	0.0	0.0	0.0	0.0	0.0	0.0	0.0	0.0	0.0	0.0	0.0	0.0	0.0	0.0	0.0	0.0	0.0	0.0	0.0	0.0	0.0	0.0	0.0	0.0	0.0	0.0	0.0	0.0	0.0	0.0	0.0	0.0	0.0	0.0	0.0	0.0	0.0	0.0	0.0	0.0	0.0	0.0	0.0	0.0	0.0	0.0	0.0	0.0	0.0	0.0	0.0	0.0	0.0	0.0	0.0	0.0	0.0	0.0	0.0	0.0	0.0	0.0	0.0	63	87.1
sub-M2283	57420	0.0	0.0	0.0	0.0	0.0	0.0	0.0	0.0	0.0	0.0	0.0	0.0	0.0025111607142857145	0.0	0.002943840579710145	0.0	0.013664874551971327	0.0	0.011029411764705883	0.0	0.0	0.0	0.0	0.0	0.0814128256513026	0.0	0.1346938775510204	0.0	0.2643162393162393	0.0	0.5487231182795699	0.0	0.5595422808378588	0.0	0.0	0.0	0.0	0.0	0.0	0.0	0.011111111111111112	0.0	0.0	0.0	0.0	0.0	0.0	0.0	0.0	0.0	0.7095	0.0	0.0	0.0	0.0	0.0	0.11118980169971672	0.0	0.3236301369863014	0.0	0.0	0.0	0.08515424164524421	0.0	0.0	0.0	0.0	0.0	0.0	0.0	0.0	0.0	0.0	0.0	0.0	0.0	0.0	0.0	0.0	0.0	0.0	0.0	0.0	0.0	0.0	0.0	0.0	0.0	0.0	0.0	0.0	0.0	0.0	0.0	0.0	0.0	0.0	0.0	0.0	0.0	0.0	0.0	0.0	0.0	0.0	0.0	0.0	0.0	0.0	0.0	0.0	0.0	0.0	0.0	0.0	0.0	0.0	0.0	0.0	0.0	0.0	0.0	0.0	0.0	0.0	0.0	0.0	0.0	0.0	0.0	0.0	0.0	0.0	0.0	0.0	0.0	0.0	0.0	0.0	0.0	0.0	0.0	0.0	0.0	0.003472222222222222	0.0	0.19298245614035087	0.0	0.6783049040511727	0.0	0.9264305177111717	0.0	0.4150505902192243	0.0	0.014355362946912243	0.0	0.8653846153846154	0.0	0.22204545454545455	0.0	0.5035714285714286	0.0	0.15422077922077923	0.0	0.0	0.0	0.025540865384615384	0.0	0.2791411042944785	0.0	0.00031017369727047146	0.0	0.0	0.0	0.0	0.0	0.0	0.0	0.0	0.0	0.0	0.0	0.0	0.0	0.0	0.0	0.0	0.0	0.0	0.0	0.0	0.0	0.0	0.0	0.0	0.0	0.10020661157024793	0.0	0.2798507462686567	0.0	0.031504065040650404	0.0	0.23097826086956522	0.0	0.048153409090909094	0.0	0.0	0.0	0.0	0.0	0.0	0.0	0.0	0.0	0.0	0.0	0.0	0.0	0.0	0.0	0.0	0.0	0.0	0.0	0.0	0.0	0.0	0.0	0.0	0.0	0.0	0.0	0.0	0.0	0.0	0.0	0.0	0.0	0.0	0.0	0.0	0.0	0.0	0.0	0.0	0.0	0.0	0.0	0.0	0.0	0.0	0.0	0.0	0.0	0.0	0.0	0.0	0.0	0.0	0.0	0.0	0.0	0.0	0.0	0.0	0.0	0.0	0.0	0.0	0.0	0.0	0.0	0.0	0.0	0.0	0.0	0.0	0.0	0.0	0.0	0.0	0.0	0.0	0.0	0.0	0.0	0.0	0.0	0.0	0.0	0.0	0.0	0.0	0.0	0.0	0.0	0.0	0.0	0.0	0.0	0.0	0.0	0.0	0.0	0.0	0.0	0.0	0.0	0.0	0.0	0.0	0.0	0.0	0.0	0.0	0.0	0.07991360691144708	0.0	0.0	0.0	0.0	0.0	0.0	0.0	0.0	0.0	0.0	0.0	0.0	0.0	0.0	0.0	0.0	0.0	0.0	0.0	0.0	0.0	0.0	0.0	0.0	0.0	0.0	0.0	0.0	0.0	0.0	0.0	0.0	0.0	0.0	0.0	0.0	0.0	0.0014124293785310734	0.0	0.0	0.0	0.0	0.0	0.0	0.0	0.122265625	0.0	0.22194602272727273	0.0	0.0	0.0	0.0	0.0	0.0	0.0	0.0	0.0	0.0	0.0	0.0	0.0	0.0	0.0	0.0	0.0	0.0	0.0	74	47.3
sub-M2285	34213	0.0	0.0	0.0	0.0	0.0	0.0	0.0	0.0	0.0	0.0	0.0	0.0	0.0	0.0	0.0	0.0	0.0	0.0	0.0	0.0	0.0	0.0	0.0	0.0	0.0	0.0	0.0	0.0	0.0	0.0	0.0	0.0	0.0	0.0	0.0	0.0	0.0	0.0	0.0	0.0	0.0	0.0	0.0	0.0	0.0	0.0	0.0	0.0	0.0	0.0	0.0	0.0	0.0	0.0	0.0	0.0	0.0	0.0	0.0	0.0	0.0	0.0	0.0	0.0	0.0	0.0	0.0	0.0	0.0	0.0	0.0	0.0	0.0	0.0	0.0	0.0	0.0	0.0	0.0	0.0	0.0	0.0	0.0	0.0	0.0	0.0	0.0	0.0	0.0	0.0	0.0	0.0	0.0	0.0	0.0	0.0	0.0	0.0	0.23143564356435645	0.0	0.0	0.0	0.24821428571428572	0.0	0.26339285714285715	0.0	0.0	0.0	0.0	0.0	0.015932982917214192	0.0	0.00017705382436260624	0.0	0.0	0.0	0.0	0.0	0.0	0.0	0.0	0.0	0.0	0.0	0.0	0.0	0.0	0.0	0.0	0.0	0.0	0.0	0.0	0.0	0.0	0.0	0.040222772277227724	0.0	0.0	0.0	0.0	0.0	0.0	0.0	0.0	0.0	0.0	0.0	0.0	0.0	0.0	0.0	0.0	0.0	0.0	0.0	0.0	0.0	0.0	0.0	0.0	0.0	0.003246753246753247	0.0	0.06918238993710692	0.0	0.39798677884615385	0.0	0.0	0.0	0.21246898263027295	0.0	0.6746820349761526	0.0	0.5151869158878505	0.0	0.4572784810126582	0.0	0.0	0.0	0.0	0.0	0.005169172932330827	0.0	0.32006048387096775	0.0	0.002150537634408602	0.0	0.0	0.0	0.00019113149847094801	0.0	0.00975609756097561	0.0	0.043198529411764705	0.0	0.0	0.0	0.0	0.0	0.0	0.0	0.0	0.0	0.0002840909090909091	0.0	0.0	0.0	0.0	0.0	0.0	0.0	0.0	0.0	0.0	0.0	0.0	0.0	0.0	0.0	0.0	0.0	0.0	0.0	0.0	0.0	0.0	0.0	0.0	0.0	0.0	0.0	0.0	0.0	0.0	0.0	0.0	0.0	0.0	0.0	0.0	0.0	0.0	0.0	0.0	0.0	0.0	0.0	0.0	0.0	0.0	0.0	0.0	0.0	0.0	0.0	0.0	0.0	0.0	0.0	0.0	0.0	0.0	0.0	0.0	0.0	0.0	0.0	0.0	0.0	0.0	0.0	0.0	0.0	0.0	0.0	0.0	0.0	0.0	0.0	0.0	0.0	0.0	0.0	0.0	0.0	0.0	0.0	0.011222910216718266	0.0	0.0	0.0	0.0	0.0	0.0	0.0	0.0	0.0	0.0	0.0	0.0	0.0	0.0	0.0	0.05478395061728395	0.0	0.0	0.0	0.002615062761506276	0.0	0.0	0.0	0.0	0.0	0.0	0.0	0.21436285097192226	0.0	0.28918764302059496	0.0	0.0	0.0	0.028875379939209727	0.0	0.0	0.0	0.0	0.0	0.1560077519379845	0.0	0.014313919052319843	0.0	0.018456375838926176	0.0	0.001080691642651297	0.0	0.002183406113537118	0.0	0.0	0.0	0.0	0.0	0.0	0.0	0.0	0.0	0.0	0.0	0.0	0.0	0.0	0.0	0.0	0.0	0.0	0.0	0.0	0.0	0.0	0.0	0.0	0.0	0.0	0.0	0.001065340909090909	0.0	0.0	0.0	0.0	0.0	0.0	0.0	0.0	0.0	0.018253968253968255	0.0	0.009375	0.0	0.0	0.0	0.0	0.0	0.0	0.0	62	76.4
sub-M2287	143685	0.0	0.0	0.0	0.0	0.0	0.0	0.0	0.0	0.0	0.0	0.04665354330708661	0.0	0.1064453125	0.0	0.31046195652173914	0.0	0.005600358422939068	0.0	0.0	0.0	0.0029644268774703555	0.0	0.22232142857142856	0.0	0.5841683366733467	0.0	0.5668367346938775	0.0	0.0	0.0	0.1802195340501792	0.0	0.0	0.0	0.0	0.0	0.0	0.0	0.0	0.0	0.0	0.0	0.0	0.0	0.0	0.0	0.0	0.0	0.0	0.0	0.0	0.0	0.0	0.0	0.0	0.0	0.05099150141643059	0.0	0.0	0.0	0.0	0.0	0.0	0.0	0.0	0.0	0.0009689922480620155	0.0	0.0561377245508982	0.0	0.0	0.0	0.15891840607210625	0.0	0.1704946996466431	0.0	0.9713114754098361	0.0	0.7857142857142857	0.0	0.8547430830039525	0.0	1.0	0.0	0.9382183908045977	0.0	0.06182795698924731	0.0	0.01440329218106996	0.0	0.0	0.0	0.020638629283489095	0.0	0.15070093457943926	0.0	0.07710280373831775	0.0	0.5911716171617162	0.0	0.7017097966728281	0.0	0.9864795918367347	0.0	0.9484577922077922	0.0	0.46484375	0.0	0.4315552699228792	0.0	0.9071944809461235	0.0	0.960871104815864	0.0	1.0	0.0	0.0008278145695364238	0.0	0.6618679775280899	0.0	0.5286458333333334	0.0	0.0034482758620689655	0.0	0.7832474226804124	0.0	0.49294147843942504	0.0	0.8811141304347826	0.0	0.7845691382765531	0.0	0.9506048387096774	0.0	0.9433333333333334	0.0	0.9851485148514851	0.0	0.9404269972451791	0.0	0.3669064748201439	0.0	0.3288612565445026	0.0	0.0	0.0	0.0	0.0	0.0	0.0	0.0	0.0	0.0	0.0	0.0	0.0	0.0	0.0	0.0	0.0	0.0	0.0	0.0	0.0	0.014281970649895177	0.0	0.21063701923076922	0.0	0.0	0.0	0.0	0.0	0.33962639109697934	0.0	0.8070482866043613	0.0	0.9196554149085795	0.0	0.0	0.0	0.003031716417910448	0.0	0.13674812030075187	0.0	0.5665322580645161	0.0	0.0	0.0	0.0	0.0	0.04357798165137615	0.0	0.22439024390243903	0.0	0.9163602941176471	0.0	0.0	0.0	0.0	0.0	0.0	0.0	0.0	0.0	0.0	0.0	0.0	0.0	0.0	0.0	0.0	0.0	0.0	0.0	0.0	0.0	0.0	0.0	0.0	0.0	0.0	0.0	0.0	0.0	0.0	0.0	0.0	0.0	0.0	0.0	0.0	0.0	0.0	0.0	0.0	0.0	0.03173575129533679	0.0	0.07830739299610895	0.0	0.0	0.0	0.0	0.0	0.0	0.0	0.0	0.0	0.0	0.0	0.0	0.0	0.0	0.0	0.0	0.0	0.0	0.0	0.0	0.0	0.0	0.0	0.0	0.0	0.07259953161592506	0.0	0.0	0.0	0.13127240143369176	0.0	0.2053903345724907	0.0	0.4158950617283951	0.0	0.21556603773584906	0.0	0.20361635220125787	0.0	0.45163690476190477	0.0	0.8847560975609756	0.0	0.05357142857142857	0.0	0.21923076923076923	0.0	0.4724576271186441	0.0	0.008126934984520124	0.0	0.6029411764705882	0.0	0.6588983050847458	0.0	0.572265625	0.0	0.3416095890410959	0.0	0.00949074074074074	0.0	0.01657303370786517	0.0	0.3636609071274298	0.0	0.0	0.0	0.009275618374558304	0.0	0.0	0.0	0.0	0.0	0.045535714285714284	0.0	0.03183229813664596	0.0	0.0	0.0	0.0	0.0	0.0	0.0	0.0	0.0	0.0	0.0	0.0	0.0	0.0	0.0	0.0	0.0	0.0	0.0	0.0	0.0	0.043941048034934496	0.0	0.016927083333333332	0.0	0.03978555304740406	0.0	0.21851503759398497	0.0	0.0	0.0	0.0	0.0	0.0	0.0	0.0	0.0	0.0	0.0	0.0	0.0	0.0	0.0	0.0	0.0	0.0	0.0	0.0	0.0	0.0	0.0	0.0	0.0	0.0	0.0	0.0	0.0	0.0	0.0	0.0	0.0	0.0	0.0	0.0	0.0	0.0	0.0	0.0	0.0	53	65.3
sub-M2290	102291	0.0	0.0	0.0	0.0	0.0	0.0	0.0	0.0	0.0	0.0	0.0	0.0	0.0	0.0	0.0	0.0	0.022401433691756272	0.0	0.0	0.0	0.0	0.0	0.0	0.0	0.0	0.0	0.0	0.0	0.0	0.0	0.0003360215053763441	0.0	0.0	0.0	0.0	0.0	0.0	0.0	0.0	0.0	0.0	0.0	0.0	0.0	0.0	0.0	0.0	0.0	0.0	0.0	0.0	0.0	0.08672638436482084	0.0	0.0	0.0	0.00424929178470255	0.0	0.0	0.0	0.30113636363636365	0.0	0.24967866323907456	0.0	0.32571801566579633	0.0	0.29857073643410853	0.0	0.2004740518962076	0.0	0.7152061855670103	0.0	0.4819734345351044	0.0	0.7926236749116607	0.0	0.5717213114754098	0.0	0.07936507936507936	0.0	0.0009881422924901185	0.0	0.3428398058252427	0.0	0.03132183908045977	0.0	1.0	0.0	1.0	0.0	0.8070833333333334	0.0	0.9310747663551402	0.0	1.0	0.0	0.7546728971962616	0.0	0.7974422442244224	0.0	0.8160813308687616	0.0	0.5349489795918367	0.0	0.16071428571428573	0.0	0.421875	0.0	0.4286632390745501	0.0	0.4178712220762155	0.0	0.4405099150141643	0.0	0.32908163265306123	0.0	0.0	0.0	0.0	0.0	0.0	0.0	0.0	0.0	0.0	0.0	0.0	0.0	0.004755434782608696	0.0	0.0	0.0	0.010584677419354838	0.0	0.0	0.0	0.017326732673267328	0.0	0.08367768595041322	0.0	0.0	0.0	0.0	0.0	0.0	0.0	0.0	0.0	0.0	0.0	0.0	0.0	0.25484822934232715	0.0	0.937703141928494	0.0	0.032692307692307694	0.0	0.6618181818181819	0.0	0.6023809523809524	0.0	0.7012987012987013	0.0	0.7446278825995807	0.0	0.27298677884615385	0.0	0.0	0.0	0.004032258064516129	0.0	0.10771065182829889	0.0	0.3633177570093458	0.0	0.6916315049226441	0.0	0.0	0.0	0.0	0.0	0.0	0.0	0.021421370967741934	0.0	0.0	0.0	0.0	0.0	0.0	0.0	0.0	0.0	0.0	0.0	0.0	0.0	0.00808457711442786	0.0	0.0	0.0	0.0	0.0	0.0	0.0	0.0	0.0	0.0	0.0	0.0	0.0	0.0	0.0	0.0	0.0	0.0	0.0	0.0	0.0	0.0	0.0	0.0	0.0	0.0	0.0	0.0	0.0	0.0	0.0	0.0	0.0	0.0	0.0	0.0	0.0	0.07383419689119171	0.0	0.006809338521400778	0.0	0.0	0.0	0.0	0.0	0.0	0.0	0.0	0.0	0.0	0.0	0.0	0.0	0.0	0.0	0.0	0.0	0.0	0.0	0.0	0.0	0.0	0.0	0.0	0.0	0.0	0.0	0.0	0.0	0.007168458781362007	0.0	0.016728624535315983	0.0	0.031635802469135804	0.0	0.0	0.0	0.0	0.0	0.0	0.0	0.031097560975609756	0.0	0.0	0.0	0.014423076923076924	0.0	0.015889830508474576	0.0	0.0	0.0	0.0	0.0	0.06002824858757062	0.0	0.0	0.0	0.0	0.0	0.0	0.0	0.0	0.0	0.0	0.0	0.0	0.0	0.0	0.0	0.0	0.0	0.0	0.0	0.0	0.0	0.0	0.0	0.0	0.0	0.0	0.0	0.0	0.0	0.0	0.0	0.0	0.0	0.0	0.0	0.0	0.0	0.0	0.0	0.0	0.0	0.0	0.0	0.0	0.0	0.0	0.0	0.0	0.0	0.0	0.0	0.0	0.0	0.0	0.0	0.0	0.0	0.0	0.0	0.0	0.0	0.0	0.0	0.0	0.0	0.0	0.0	0.0	0.0	0.0	0.0	0.05397727272727273	0.0	0.0	0.0	0.0	0.0	0.0	0.0	0.0	0.0	0.0	0.0	0.0	0.0	0.0	0.0	0.0	0.0	0.0	0.0	75	29.7
sub-M2291	136028	0.0	0.0	0.0	0.0	0.0	0.0	0.0	0.0	0.0	0.0	0.0	0.0	0.0	0.0	0.0	0.0	0.01478494623655914	0.0	0.0	0.0	0.0	0.0	0.0	0.0	0.0	0.0	0.0	0.0	0.0	0.0	0.04984318996415771	0.0	0.011152055857253686	0.0	0.0	0.0	0.0	0.0	0.0	0.0	0.0	0.0	0.0	0.0	0.0	0.0	0.0	0.0	0.0	0.0	0.1065	0.0	0.00040716612377850165	0.0	0.0	0.0	0.013456090651558074	0.0	0.003424657534246575	0.0	0.0	0.0	0.12542844901456726	0.0	0.12304177545691906	0.0	0.045542635658914726	0.0	0.04740518962075848	0.0	0.3228092783505155	0.0	0.34511385199240985	0.0	0.7400618374558304	0.0	0.1557377049180328	0.0	0.005952380952380952	0.0	0.0	0.0	0.003033980582524272	0.0	0.0	0.0	0.9059139784946236	0.0	0.8220164609053497	0.0	0.64875	0.0	0.4657320872274143	0.0	0.7091121495327103	0.0	0.3060747663551402	0.0	0.2528877887788779	0.0	0.23128465804066545	0.0	0.0010204081632653062	0.0	0.022727272727272728	0.0	0.11002604166666667	0.0	0.2573907455012853	0.0	0.056340341655716164	0.0	0.008321529745042492	0.0	0.0	0.0	0.0	0.0	0.0	0.0	0.0	0.0	0.0	0.0	0.0	0.0	0.0	0.0	0.0	0.0	0.0	0.0	0.0	0.0	0.0	0.0	0.05136138613861386	0.0	0.0	0.0	0.0	0.0	0.0	0.0	0.003472222222222222	0.0	0.24530075187969924	0.0	0.3041044776119403	0.0	0.667574931880109	0.0	0.9643760539629005	0.0	0.9783315276273022	0.0	0.6544230769230769	0.0	0.5377272727272727	0.0	0.6726190476190477	0.0	1.0	0.0	0.7327044025157232	0.0	0.7503004807692307	0.0	0.41142638036809814	0.0	0.9758064516129032	0.0	0.9972178060413355	0.0	0.5667834890965732	0.0	0.19198312236286919	0.0	0.5703983516483516	0.0	0.2390391791044776	0.0	0.8397556390977443	0.0	0.28049395161290325	0.0	0.043010752688172046	0.0	0.10373608903020667	0.0	0.03841743119266055	0.0	0.0375	0.0	0.034926470588235295	0.0	0.15668044077134985	0.0	0.681592039800995	0.0	0.07244483159117306	0.0	0.010869565217391304	0.0	0.0	0.0	0.0	0.0	0.0	0.0	0.0	0.0	0.0	0.0	0.0	0.0	0.0	0.0	0.0	0.0	0.0	0.0	0.0	0.0	0.0	0.0	0.0	0.0	0.0	0.0	0.0	0.0	0.0	0.0	0.0	0.0	0.0009715025906735751	0.0	0.0	0.0	0.0	0.0	0.0	0.0	0.0	0.0	0.0	0.0	0.0	0.0	0.0	0.0	0.0	0.0	0.0	0.0	0.0	0.0	0.0	0.0	0.0	0.0	0.0	0.0	0.0	0.0	0.0	0.0	0.0	0.0	0.0	0.0	0.0	0.0	0.0	0.0	0.0	0.0	0.0	0.0	0.0	0.0	0.0	0.0	0.0	0.0	0.0	0.0	0.0	0.0	0.0	0.0	0.0	0.0	0.0	0.0	0.0	0.0	0.0	0.0	0.0	0.0	0.0	0.0	0.0	0.0	0.0	0.0	0.0	0.0	0.0	0.0	0.0	0.0	0.0	0.0	0.03023758099352052	0.0	0.0014302059496567505	0.0	0.0	0.0	0.0	0.0	0.0	0.0	0.0	0.0	0.0	0.0	0.02073050345508391	0.0	0.034395973154362415	0.0	0.08105187319884727	0.0	0.03138646288209607	0.0	0.0	0.0	0.0	0.0	0.0	0.0	0.18278301886792453	0.0	0.0	0.0	0.0	0.0	0.000741839762611276	0.0	0.0	0.0	0.002824858757062147	0.0	0.0	0.0	0.0	0.0	0.2206439393939394	0.0	0.459765625	0.0	0.7863991477272727	0.0	0.0	0.0	0.0	0.0	0.0	0.0	0.0	0.0	0.000992063492063492	0.0	0.0	0.0	0.0	0.0	0.0	0.0	0.0	0.0	54	38.3
sub-M2292	110619	0.0	0.0	0.0	0.0	0.0	0.0	0.0	0.0	0.0	0.0	0.0	0.0	0.0	0.0	0.0	0.0	0.0	0.0	0.0	0.0	0.0	0.0	0.0	0.0	0.0	0.0	0.0	0.0	0.0	0.0	0.0	0.0	0.309833204034135	0.0	0.0	0.0	0.0	0.0	0.07549504950495049	0.0	0.8875	0.0	0.1867145421903052	0.0	0.0	0.0	0.08888888888888889	0.0	0.0	0.0	0.0335	0.0	0.0	0.0	0.0	0.0	0.0	0.0	0.0	0.0	0.0	0.0	0.058161953727506426	0.0	0.0	0.0	0.0	0.0	0.0	0.0	0.0	0.0	0.0	0.0	0.0	0.0	0.0	0.0	0.0	0.0	0.0	0.0	0.0	0.0	0.0	0.0	0.22849462365591397	0.0	0.0	0.0	0.0	0.0	0.0	0.0	0.0	0.0	0.0	0.0	0.0	0.0	0.0	0.0	0.0	0.0	0.0	0.0	0.0	0.0	0.0	0.0	0.0	0.0	0.0	0.0	0.0	0.0	0.0	0.0	0.0	0.0	0.0	0.0	0.0	0.0	0.0	0.0	0.0	0.0	0.0	0.0	0.0	0.0	0.0	0.0	0.0	0.0	0.0	0.0	0.0	0.0	0.0	0.0	0.0	0.0	0.5193452380952381	0.0	0.9774436090225563	0.0	0.521588486140725	0.0	0.7489782016348774	0.0	1.0	0.0	0.5685265438786565	0.0	0.8559615384615384	0.0	0.8759090909090909	0.0	1.0	0.0	0.9959415584415584	0.0	0.4753668763102725	0.0	0.7095853365384616	0.0	0.964340490797546	0.0	0.9941066997518611	0.0	0.6724960254372019	0.0	0.0397196261682243	0.0	0.0	0.0	0.9718406593406593	0.0	0.45009328358208955	0.0	0.5780075187969925	0.0	0.0	0.0	0.28817204301075267	0.0	0.5091414944356121	0.0	0.0	0.0	0.0	0.0	0.0	0.0	0.9190771349862259	0.0	1.0	0.0	0.9500580720092915	0.0	1.0	0.0	0.6230113636363637	0.0	0.0	0.0	0.0	0.0	0.0	0.0	0.0	0.0	0.0	0.0	0.0	0.0	0.0	0.0	0.0	0.0	0.0	0.0	0.0	0.0	0.0	0.0	0.0	0.0	0.0	0.0	0.0	0.0	0.0	0.0	0.0	0.0	0.0	0.0	0.0	0.0	0.0	0.0	0.0	0.0	0.0	0.0	0.0	0.0	0.0	0.0	0.0	0.0	0.0	0.0	0.0	0.0	0.0	0.0	0.0	0.0	0.0	0.0	0.0	0.0	0.0	0.0	0.0	0.0	0.0	0.0	0.0	0.0	0.0	0.0	0.0	0.0	0.0	0.0	0.0	0.0	0.0	0.0	0.0	0.0	0.0	0.0	0.0	0.0	0.0	0.0	0.0	0.0	0.0	0.0	0.0	0.0	0.0	0.0	0.0	0.0	0.0	0.0	0.0	0.0	0.0	0.0	0.0	0.0	0.0	0.0	0.0	0.0	0.0	0.0	0.8525917926565875	0.0	0.09725400457665904	0.0	0.5091991341991342	0.0	0.03723404255319149	0.0	0.0	0.0	0.0583976833976834	0.0	0.025193798449612403	0.0	0.2723346495557749	0.0	0.07550335570469799	0.0	0.001440922190201729	0.0	0.0	0.0	0.0	0.0	0.0	0.0	0.0	0.0	0.5112028301886793	0.0	0.0	0.0	0.0	0.0	0.0066765578635014835	0.0	0.0	0.0	0.0	0.0	0.0	0.0	0.0	0.0	0.02556818181818182	0.0	0.3234375	0.0	0.7301136363636364	0.0	0.0	0.0	0.0	0.0	0.0	0.0	0.0	0.0	0.0	0.0	0.0	0.0	0.0	0.0	0.0	0.0	0.0	0.0	39	90.1
sub-M2293	247416	0.8588129496402878	0.0	0.02728544776119403	0.0	0.0	0.0	0.5252808988764045	0.0	0.723978288633461	0.0	0.44133858267716536	0.0	0.23381696428571427	0.0	0.5072463768115942	0.0	0.19959677419354838	0.0	0.9857536764705882	0.0	0.9184782608695652	0.0	1.0	0.0	1.0	0.0	1.0	0.0	0.9891025641025641	0.0	1.0	0.0	0.9718774243599689	0.0	0.8242280285035629	0.0	0.9166666666666666	0.0	0.9014851485148515	0.0	0.7784722222222222	0.0	0.45556552962298025	0.0	0.4851618705035971	0.0	0.9788888888888889	0.0	0.7577127659574469	0.0	0.997	0.0	0.08591205211726384	0.0	0.0	0.0	0.9870750708215298	0.0	0.8398972602739726	0.0	0.10416666666666667	0.0	0.9172022279348757	0.0	0.7705613577023499	0.0	0.5881782945736435	0.0	0.3315868263473054	0.0	0.9574742268041238	0.0	0.9926470588235294	0.0	0.9962455830388692	0.0	0.6086065573770492	0.0	0.44047619047619047	0.0	0.5074110671936759	0.0	0.17597087378640777	0.0	0.0	0.0	0.8086917562724014	0.0	0.911522633744856	0.0	0.9420833333333334	0.0	0.5790498442367601	0.0	0.2605140186915888	0.0	0.0	0.0	0.0012376237623762376	0.0	0.0	0.0	0.0	0.0	0.0	0.0	0.0234375	0.0	0.7853470437017995	0.0	0.053055190538764785	0.0	0.08091359773371105	0.0	0.0	0.0	0.0	0.0	0.0	0.0	0.0	0.0	0.0	0.0	0.0	0.0	0.0	0.0	0.0	0.0	0.0	0.0	0.0	0.0	0.0	0.0	0.0	0.0	0.0	0.0	0.0	0.0	0.0	0.0	0.1810515873015873	0.0	0.9943609022556391	0.0	1.0	0.0	0.9807561307901907	0.0	0.3946037099494098	0.0	0.9381094257854822	0.0	0.9596153846153846	0.0	0.9209090909090909	0.0	0.8738095238095238	0.0	0.46266233766233766	0.0	0.22353249475890985	0.0	0.006310096153846154	0.0	0.07975460122699386	0.0	0.0	0.0	0.0	0.0	0.0005841121495327102	0.0	0.0	0.0	0.0	0.0	0.0	0.0	0.0	0.0	0.0	0.0	0.0	0.0	0.0	0.0	0.0	0.0	0.0	0.0	0.0	0.0	0.28271349862258954	0.0	0.251865671641791	0.0	0.0	0.0	0.0	0.0	0.0	0.0	0.21719160104986876	0.0	0.007352941176470588	0.0	0.0	0.0	0.7236964618249534	0.0029069767441860465	0.9193396226415095	0.0	0.6021594684385382	0.0	0.2838114754098361	0.0	0.0	0.0	0.0	0.0	0.0	0.0	0.0	0.0	0.08888888888888889	0.0	0.3736413043478261	0.0	0.42536630036630035	0.0	0.8264925373134329	0.0	0.2538860103626943	0.0	0.16731517509727625	0.0	0.11658932714617169	0.0	0.0	0.0	0.002840909090909091	0.0	0.0	0.0	0.0892018779342723	0.0	0.0	0.0	0.0	0.0	0.0	0.0	0.8502109704641351	0.0	0.2831521739130435	0.0	0.4257015306122449	0.0	0.08149779735682819	0.0	0.0	0.0	0.0	0.0	0.0	0.0	0.0	0.0	0.0	0.0	0.0	0.0	0.0	0.0	0.0	0.0	0.0	0.0	0.0	0.0	0.0	0.0	0.0	0.0	0.0	0.0	0.0	0.0	0.0	0.0	0.0	0.0	0.0	0.0	0.0	0.0	0.0	0.0	0.0	0.0	0.0	0.0	0.0	0.0	0.0	0.0	0.0	0.0	0.0	0.0	0.0	0.0	0.007289416846652268	0.0	0.0	0.0	0.0016233766233766235	0.0	0.0	0.0	0.0	0.0	0.0	0.0	0.0	0.0	0.0	0.0	0.0	0.0	0.0	0.0	0.0	0.0	0.0	0.0	0.0	0.0	0.0	0.0	0.326061320754717	0.0	0.034375	0.0	0.0	0.0	0.4617952522255193	0.0	0.2481060606060606	0.0	0.1338276836158192	0.0	0.2848360655737705	0.0	0.17025862068965517	0.0	0.35795454545454547	0.0	0.995703125	0.0	0.8109019886363636	0.0	0.0	0.0	0.0	0.0	0.0	0.0	0.0	0.0	0.0	0.0	0.0	0.0	0.0	0.0	0.0	0.0	0.0	0.0	56	20.2
sub-M2294	96437	0.0	0.0	0.0	0.0	0.0	0.0	0.0	0.0	0.0	0.0	0.0	0.0	0.0023716517857142855	0.0	0.0004528985507246377	0.0	0.05309139784946237	0.0	0.0	0.0	0.0	0.0	0.0	0.0	0.46417835671342683	0.0	0.7255102040816327	0.0	0.0	0.0	0.7791218637992832	0.0	0.3827579519006982	0.0	0.0	0.0	0.0	0.0	0.0	0.0	0.0	0.0	0.0	0.0	0.0	0.0	0.0	0.0	0.0	0.0	0.9885	0.0	0.0248371335504886	0.0	0.0	0.0	0.5826841359773371	0.0	0.5556506849315068	0.0	0.0	0.0	0.04787917737789203	0.0	0.0	0.0	0.0	0.0	0.0	0.0	0.008376288659793814	0.0	0.0	0.0	0.0	0.0	0.0	0.0	0.0	0.0	0.0	0.0	0.0	0.0	0.0	0.0	0.6137992831541219	0.0	0.4531893004115226	0.0	0.004583333333333333	0.0	0.2838785046728972	0.0	0.9077102803738317	0.0	0.0689252336448598	0.0	0.7945544554455446	0.0	0.33572088724584104	0.0	0.3709183673469388	0.0	0.5551948051948052	0.0	0.14192708333333334	0.0	0.015745501285347043	0.0	0.06422470433639947	0.0	0.03009915014164306	0.0	0.0	0.0	0.0	0.0	0.0	0.0	0.0	0.0	0.0	0.0	0.0	0.0	0.0	0.0	0.0	0.0	0.0	0.0	0.0	0.0	0.0	0.0	0.01608910891089109	0.0	0.20454545454545456	0.0	0.0	0.0	0.0	0.0	0.0	0.0	0.1651002506265664	0.0	0.2156183368869936	0.0	0.40037465940054495	0.0	0.2069983136593592	0.0	0.5812567713976164	0.0	0.6342307692307693	0.0	0.7006818181818182	0.0	0.6988095238095238	0.0	0.6396103896103896	0.0	0.7687368972746331	0.0	0.7985276442307693	0.0	0.0	0.0	0.28846153846153844	0.0	0.9686009538950715	0.0	0.9096573208722741	0.0	0.845112517580872	0.0	0.27300824175824173	0.0	0.6466884328358209	0.0	0.9689849624060151	0.0	0.5589717741935484	0.0	0.0	0.0	0.0	0.0	0.24980886850152906	0.0	0.0009146341463414635	0.0	0.0	0.0	0.0	0.0	0.013059701492537313	0.0	0.0	0.0	0.0	0.0	0.0	0.0	0.0	0.0	0.0	0.0	0.0	0.0	0.0	0.0	0.0	0.0	0.0	0.0	0.0	0.0	0.0	0.0	0.0	0.0	0.0	0.0	0.0	0.0	0.0	0.0	0.0	0.0	0.0	0.0	0.0	0.0	0.0	0.0	0.0	0.0	0.0	0.0	0.0	0.0	0.0	0.0	0.0	0.0	0.0	0.0	0.0	0.0	0.0	0.0	0.0	0.0	0.0	0.0	0.0	0.0	0.0	0.0	0.0	0.0	0.0	0.0	0.0	0.0	0.0	0.0	0.0	0.0	0.0	0.0	0.0	0.0	0.0	0.0	0.0	0.0	0.0	0.0	0.0	0.0	0.0	0.0	0.0	0.0	0.0	0.0	0.0	0.0	0.0	0.0	0.0	0.0	0.0	0.0	0.0	0.0	0.0	0.0	0.0	0.0	0.0	0.0	0.0	0.0	0.0	0.0	0.0	0.0	0.0	0.0	0.0	0.0	0.0	0.0	0.0	0.0	0.0	0.0	0.0	0.0	0.0	0.0	0.0	0.0	0.0	0.0	0.0	0.0	0.0	0.0	0.0	0.0	0.0	0.0	0.0	0.0	0.0	0.0	0.0	0.0	0.0	0.0	0.0	0.0	0.0	0.0	0.0	0.0	0.0	0.0	0.0	0.0	0.0	0.0	0.0	0.0	0.0	0.0	0.004296875	0.0	0.07475142045454546	0.0	0.0	0.0	0.0	0.0	0.0	0.0	0.0	0.0	0.0	0.0	0.0	0.0	0.0	0.0	0.0	0.0	0.0	0.0	54	92.8
sub-M2295	109961	0.0	0.0	0.0	0.0	0.0	0.0	0.0	0.0	0.0	0.0	0.0	0.0	0.0	0.0	0.0	0.0	0.05779569892473118	0.0	0.0	0.0	0.0	0.0	0.0	0.0	0.0	0.0	0.0	0.0	0.0	0.0	0.1519937275985663	0.0	0.047905352986811485	0.0	0.0	0.0	0.0	0.0	0.0	0.0	0.029861111111111113	0.0	0.005161579892280072	0.0	0.0	0.0	0.009444444444444445	0.0	0.0	0.0	0.321	0.0	0.004071661237785016	0.0	0.0	0.0	0.07524787535410765	0.0	0.021404109589041095	0.0	0.0	0.0	0.3227292202227935	0.0	0.07408616187989556	0.0	0.0	0.0	0.0	0.0	0.10373711340206186	0.0	0.0	0.0	0.004858657243816254	0.0	0.0	0.0	0.0	0.0	0.0	0.0	0.0	0.0	0.0	0.0	0.8655913978494624	0.0	0.5329218106995884	0.0	0.1275	0.0	0.5572429906542056	0.0	0.830607476635514	0.0	0.4766355140186916	0.0	0.3989273927392739	0.0	0.0316543438077634	0.0	0.0	0.0	0.0008116883116883117	0.0	0.013020833333333334	0.0	0.05430591259640103	0.0	0.010676741130091984	0.0	0.008852691218130312	0.0	0.0	0.0	0.0	0.0	0.0	0.0	0.0	0.0	0.0	0.0	0.0	0.0	0.0	0.0	0.0	0.0	0.0	0.0	0.004284274193548387	0.0	0.0044444444444444444	0.0	0.0	0.0	0.0	0.0	0.0	0.0	0.0032722513089005235	0.0	0.21279761904761904	0.0	0.2274436090225564	0.0	0.06343283582089553	0.0	0.642200272479564	0.0	0.9926222596964587	0.0	0.999593716143012	0.0	0.8930769230769231	0.0	0.8945454545454545	0.0	0.9928571428571429	0.0	1.0	0.0	0.9266247379454927	0.0	0.4616887019230769	0.0	0.3450920245398773	0.0	0.7375930521091811	0.0	0.34240858505564387	0.0	0.3068535825545171	0.0	0.1480309423347398	0.0	0.41380494505494503	0.0	0.0011660447761194029	0.0	0.0	0.0	0.10307459677419355	0.0	0.012903225806451613	0.0	0.05425278219395867	0.0	0.0	0.0	0.0	0.0	0.012867647058823529	0.0	0.800275482093664	0.0	0.9284825870646766	0.0	0.29805458768873405	0.0	0.11956521739130435	0.0	0.012642045454545454	0.0	0.0	0.0	0.0	0.0	0.0	0.0	0.0	0.0	0.0	0.0	0.0	0.0	0.0	0.0	0.0	0.0	0.0	0.0	0.0	0.0	0.0	0.0	0.0	0.0	0.0	0.0	0.0	0.0	0.0	0.0	0.0	0.0	0.0	0.0	0.0	0.0	0.0	0.0	0.0	0.0	0.0	0.0	0.0	0.0	0.0	0.0	0.0	0.0	0.0	0.0	0.0	0.0	0.0	0.0	0.0	0.0	0.0	0.0	0.0	0.0	0.0	0.0	0.0	0.0	0.0	0.0	0.0	0.0	0.0	0.0	0.0	0.0	0.0	0.0	0.0	0.0	0.0	0.0	0.0	0.0	0.0	0.0	0.0	0.0	0.0	0.0	0.0	0.0	0.0	0.0	0.0	0.0	0.0	0.0	0.0	0.0	0.0	0.0	0.0	0.0	0.0	0.0	0.0	0.0	0.0	0.0	0.0	0.0	0.0	0.0	0.09152267818574514	0.0	0.0	0.0	0.0	0.0	0.0	0.0	0.0	0.0	0.0	0.0	0.0	0.0	0.0024679170779861796	0.0	0.0	0.0	0.0	0.0	0.0	0.0	0.0	0.0	0.0	0.0	0.0	0.0	0.12441037735849056	0.0	0.0	0.0	0.0	0.0	0.0	0.0	0.019886363636363636	0.0	0.0	0.0	0.0942622950819672	0.0	0.09051724137931035	0.0	0.0	0.0	0.189453125	0.0	0.6033380681818182	0.0	0.0	0.0	0.0022935779816513763	0.0	0.0	0.0	0.0	0.0	0.0017857142857142857	0.0	0.0	0.0	0.0	0.0	0.0	0.0	0.0	0.0	58	15.5
sub-M2297	179015	0.0	0.0	0.13782649253731344	0.0	0.22149122807017543	0.0	0.0	0.0	0.0	0.0	0.09980314960629921	0.0	0.4150390625	0.0	0.3220108695652174	0.0	0.4760304659498208	0.0	0.0	0.0	0.0	0.0	0.0	0.0	0.19964929859719438	0.0	0.11581632653061225	0.0	0.00021367521367521368	0.0	0.1894041218637993	0.0	0.0	0.0	0.0	0.0	0.0	0.0	0.0	0.0	0.0	0.0	0.0	0.0	0.0	0.0	0.0	0.0	0.0	0.0	0.034	0.0	0.35952768729641693	0.0	0.0	0.0	0.2636331444759207	0.0	0.0	0.0	0.03977272727272727	0.0	0.04712939160239932	0.0	0.28524804177545693	0.0	0.19791666666666666	0.0	0.2375249500998004	0.0	0.5431701030927835	0.0	0.8346774193548387	0.0	0.9847614840989399	0.0	0.5163934426229508	0.0	0.2123015873015873	0.0	0.24110671936758893	0.0	0.7870145631067961	0.0	0.6063218390804598	0.0	1.0	0.0	0.9886831275720165	0.0	0.9129166666666667	0.0	0.9369158878504673	0.0	0.9766355140186916	0.0	1.0	0.0	0.9653465346534653	0.0	0.9974584103512015	0.0	0.9709183673469388	0.0	0.9991883116883117	0.0	0.998046875	0.0	0.9800771208226221	0.0	0.9996714848883048	0.0	0.9994688385269122	0.0	0.9846938775510204	0.0	0.0	0.0	0.0	0.0	0.0	0.0	0.0	0.0	0.13556701030927834	0.0	0.2076488706365503	0.0	0.07201086956521739	0.0	0.15831663326653306	0.0	0.8487903225806451	0.0	0.5916666666666667	0.0	1.0	0.0	0.9789944903581267	0.0	0.09082733812949641	0.0	0.013416230366492147	0.0	0.0	0.0	0.0	0.0	0.0	0.0	0.0	0.0	0.004005059021922428	0.0	0.6240520043336945	0.0	0.02423076923076923	0.0	0.13022727272727272	0.0	0.0	0.0	0.12256493506493507	0.0	0.72562893081761	0.0	0.36703725961538464	0.0	0.0	0.0	0.0	0.0	0.03835453100158982	0.0	0.8019859813084113	0.0	0.9970112517580872	0.0	0.0	0.0	0.0	0.0	0.0	0.0	0.7419354838709677	0.0	0.0	0.0	0.0	0.0	0.0191131498470948	0.0	0.26097560975609757	0.0	0.90625	0.0	0.0	0.0	0.0	0.0	0.0	0.0	0.0	0.0	0.0	0.0	0.0	0.0	0.0	0.0	0.050742574257425746	0.0	0.0	0.0	0.0	0.0	0.0	0.0	0.0	0.0	0.004807692307692308	0.0	0.3414179104477612	0.0	0.13055019305019305	0.0	0.0024671052631578946	0.0	0.014351851851851852	0.0	0.002377717391304348	0.0	0.0	0.0	0.0	0.0	0.027525906735751296	0.0	0.04571984435797665	0.0	0.0	0.0	0.0007374631268436578	0.0	0.0	0.0	0.0	0.0	0.0	0.0	0.0	0.0	0.0	0.0	0.0	0.0	0.0	0.0	0.005434782608695652	0.0	0.0	0.0	0.0	0.0	0.010245901639344262	0.0	0.0	0.0	0.004704301075268817	0.0	0.02462825278810409	0.0	0.12731481481481483	0.0	0.19150943396226416	0.0	0.0047169811320754715	0.0	0.021577380952380952	0.0	0.425	0.0	0.0	0.0	0.035576923076923075	0.0	0.046610169491525424	0.0	0.01238390092879257	0.0	0.0	0.0	0.1426553672316384	0.0	0.0	0.0	0.0	0.0	0.0763888888888889	0.0	0.07724719101123595	0.0	0.0	0.0	0.0	0.0	0.0	0.0	0.0	0.0	0.0	0.0	0.0	0.0	0.0	0.0	0.0	0.0	0.0	0.0	0.0	0.0	0.0	0.0	0.0	0.0	0.0	0.0	0.0	0.0	0.0	0.0	0.0	0.0	0.0	0.0	0.03329694323144105	0.0	0.0	0.0	0.0	0.0	0.0	0.0	0.0	0.0	0.0	0.0	0.0	0.0	0.0	0.0	0.0	0.0	0.0	0.0	0.0	0.0	0.0	0.0	0.0	0.0	0.0	0.0	0.020063920454545456	0.0	0.0	0.0	0.0	0.0	0.0	0.0	0.0	0.0	0.0	0.0	0.0	0.0	0.0	0.0	0.0	0.0	0.0	0.0	61	40.1
sub-M2298	183848	0.0	0.0	0.0003498134328358209	0.0	0.0	0.0	0.0	0.0	0.0	0.0	0.0	0.0	0.0	0.0	0.0	0.0	0.05152329749103943	0.0	0.0	0.0	0.0	0.0	0.0	0.0	0.0	0.0	0.0	0.0	0.0	0.0	0.0	0.0	0.0	0.0	0.0	0.0	0.0	0.0	0.0	0.0	0.0	0.0	0.0	0.0	0.0	0.0	0.0	0.0	0.0	0.0	0.064	0.0	0.039495114006514655	0.0	0.7817164179104478	0.0	0.0	0.0	0.1421232876712329	0.0	0.036931818181818184	0.0	0.4646529562982005	0.0	0.08289817232375979	0.0	0.42453972868217055	0.0	0.4281437125748503	0.0	0.9503865979381443	0.0	0.9544592030360531	0.0	0.8950971731448764	0.0	0.12090163934426229	0.0	0.0026455026455026454	0.0	0.2949604743083004	0.0	0.0	0.0	0.0	0.0	1.0	0.0	1.0	0.0	0.9566666666666667	0.0	0.9349688473520249	0.0	0.9614485981308412	0.0	0.5665887850467289	0.0	0.8787128712871287	0.0	0.6501848428835489	0.0	0.7318877551020408	0.0	0.3104707792207792	0.0	0.3515625	0.0	0.5620179948586118	0.0	0.29632063074901444	0.0	0.029213881019830027	0.0	0.0	0.0	0.0	0.0	0.0	0.0	0.0	0.0	0.0	0.0	0.0	0.0	0.0	0.0	0.0	0.0	0.0	0.0	0.0	0.0	0.0	0.0	0.0	0.0	0.04579889807162534	0.0	0.0	0.0	0.0	0.0	0.006944444444444444	0.0	0.02976190476190476	0.0	0.0	0.0	0.105074931880109	0.0	0.9319139966273187	0.0	0.9993228602383532	0.0	0.7763461538461538	0.0	0.9986363636363637	0.0	1.0	0.0	1.0	0.0	0.9944968553459119	0.0	0.9564302884615384	0.0	0.6744631901840491	0.0	0.989454094292804	0.0	0.9932432432432432	0.0	0.9242601246105919	0.0	0.7892053445850914	0.0	0.9728708791208791	0.0	0.9053171641791045	0.0	0.9219924812030075	0.0	0.29838709677419356	0.0	0.32768817204301076	0.0	0.879570747217806	0.0	0.26376146788990823	0.0	0.0039634146341463415	0.0	0.0	0.0	0.41391184573002754	0.0	0.8171641791044776	0.0	0.528164924506388	0.0	0.09239130434782608	0.0	0.0	0.0	0.0	0.0	0.0	0.0	0.0	0.0	0.0	0.0	0.0	0.0	0.0	0.0	0.0	0.0	0.0	0.0	0.27052238805970147	0.0	0.4370173745173745	0.0	0.0	0.0	0.0	0.0	0.12126358695652174	0.0	0.26053113553113555	0.0	0.0	0.0	0.0	0.0	0.0	0.0	0.0	0.0	0.0	0.0	0.0	0.0	0.0	0.0	0.0	0.0	0.0	0.0	0.0	0.0	0.0	0.0	0.007911392405063292	0.0	0.2269021739130435	0.0	0.4674744897959184	0.0	0.375	0.0	0.0	0.0	0.0	0.0	0.0	0.0	0.0	0.0	0.0	0.0	0.0	0.0	0.0	0.0	0.0	0.0	0.0	0.0	0.0	0.0	0.0	0.0	0.0	0.0	0.0	0.0	0.0	0.0	0.0	0.0	0.0	0.0	0.0	0.0	0.0	0.0	0.0	0.0	0.0	0.0	0.0	0.0	0.0	0.0	0.0	0.0	0.0	0.0	0.0	0.0	0.0	0.0	0.06236501079913607	0.0	0.0	0.0	0.0	0.0	0.0	0.0	0.0	0.0	0.0	0.0	0.0	0.0	0.0020977295162882526	0.0	0.007550335570469799	0.0	0.07780979827089338	0.0	0.03193231441048035	0.0	0.0	0.0	0.0	0.0	0.0	0.0	0.1008254716981132	0.0	0.0	0.0	0.0	0.0	0.0	0.0	0.021780303030303032	0.0	0.0	0.0	0.01639344262295082	0.0	0.021551724137931036	0.0	0.0	0.0	0.1140625	0.0	0.5578835227272727	0.0	0.0	0.0	0.0	0.0	0.0	0.0	0.0	0.0	0.0	0.0	0.0	0.0	0.0	0.0	0.0	0.0	0.0	0.0	51	25.2
sub-M2299	164960	0.0	0.0	0.0	0.0	0.0	0.0	0.0	0.0	0.0	0.0	0.0015748031496062992	0.0	0.0	0.0	0.0	0.0	0.0	0.0	0.0	0.0	0.0	0.0	0.0	0.0	0.1317635270541082	0.0	0.5867346938775511	0.0	0.022435897435897436	0.0	0.7738575268817204	0.0	0.7430178432893716	0.0	0.0	0.0	0.0	0.0	0.0007425742574257426	0.0	0.20069444444444445	0.0	0.008303411131059245	0.0	0.0013489208633093526	0.0	0.1238888888888889	0.0	0.0	0.0	0.993	0.0	0.0	0.0	0.0	0.0	0.19635269121813032	0.0	0.8681506849315068	0.0	0.0	0.0	0.6499571550985432	0.0	0.03231070496083551	0.0	0.010295542635658914	0.0	0.0	0.0	0.8981958762886598	0.0	0.22343453510436434	0.0	0.6665194346289752	0.0	0.0	0.0	0.0	0.0	0.125	0.0	0.0	0.0	0.0	0.0	1.0	0.0	1.0	0.0	0.9841666666666666	0.0	0.9805295950155763	0.0	0.9941588785046729	0.0	0.9988317757009346	0.0	0.8523102310231023	0.0	0.40134011090573013	0.0	0.0	0.0	0.006493506493506494	0.0	0.6640625	0.0	0.7451799485861182	0.0	0.15423784494086729	0.0	0.10747167138810199	0.0	0.0	0.0	0.0	0.0	0.0	0.0	0.0	0.0	0.0	0.0	0.0	0.0	0.0	0.0	0.0	0.0	0.0	0.0	0.0	0.0	0.0	0.0	0.0	0.0	0.0	0.0	0.0	0.0	0.0	0.0	0.044642857142857144	0.0	0.9642857142857143	0.0	0.9701492537313433	0.0	0.9979564032697548	0.0	0.9319139966273187	0.0	0.9516522210184182	0.0	0.9948076923076923	0.0	0.9956818181818182	0.0	0.9976190476190476	0.0	1.0	0.0	0.9532232704402516	0.0	0.9828725961538461	0.0	0.8293711656441718	0.0	0.9975186104218362	0.0	0.8791732909379968	0.0	0.9129672897196262	0.0	0.2758438818565401	0.0	0.7970467032967034	0.0	0.040345149253731345	0.0	0.25093984962406013	0.0	0.0846774193548387	0.0	0.0	0.0	0.016891891891891893	0.0	0.0	0.0	0.0	0.0	0.0	0.0	0.5692148760330579	0.0	0.9496268656716418	0.0	0.241869918699187	0.0	0.2798913043478261	0.0	0.0	0.0	0.0	0.0	0.0	0.0	0.0	0.0	0.0	0.0	0.0	0.0	0.0	0.0	0.0	0.0	0.0	0.0	0.0	0.0	0.0	0.0	0.0	0.0	0.0	0.0	0.0	0.0	0.0	0.0	0.0	0.0	0.0	0.0	0.0	0.0	0.0	0.0	0.0	0.0	0.0	0.0	0.0	0.0	0.0	0.0	0.0	0.0	0.0	0.0	0.0	0.0	0.0	0.0	0.0	0.0	0.0	0.0	0.0	0.0	0.0	0.0	0.0	0.0	0.0	0.0	0.0	0.0	0.0	0.0	0.0	0.0	0.0	0.0	0.0	0.0	0.0	0.0	0.0	0.0	0.0	0.0	0.0	0.0	0.0	0.0	0.0	0.0	0.0	0.0	0.0	0.0	0.0	0.0	0.0	0.0	0.0	0.0	0.0	0.0	0.0	0.0	0.0	0.0	0.0	0.0	0.0	0.0	0.0	0.0	0.0	0.0	0.10313174946004319	0.0	0.0	0.0	0.0	0.0	0.0	0.0	0.0	0.0	0.0	0.0	0.0	0.0	0.0	0.0	0.0	0.0	0.0	0.0	0.0	0.0	0.0	0.0	0.0	0.0	0.0	0.0	0.16627358490566038	0.0	0.0	0.0	0.0	0.0	0.008160237388724036	0.0	0.0	0.0	0.0	0.0	0.0	0.0	0.0	0.0	0.001893939393939394	0.0	0.265625	0.0	0.5751065340909091	0.0	0.0	0.0	0.0	0.0	0.0	0.0	0.0	0.0	0.0	0.0	0.0	0.0	0.0	0.0	0.0	0.0	0.0	0.0	64	52.5
sub-M2300	119067	0.0	0.0	0.0	0.0	0.0	0.0	0.0	0.0	0.0	0.0	0.0	0.0	0.0	0.0	0.0	0.0	0.0	0.0	0.017003676470588234	0.0	0.0	0.0	0.0	0.0	0.0	0.0	0.017857142857142856	0.0	0.43504273504273505	0.0	0.7279345878136201	0.0	0.7058766485647789	0.0	0.0	0.0	0.0	0.0	0.0	0.0	0.0	0.0	0.0	0.0	0.0	0.0	0.0	0.0	0.0	0.0	0.9735	0.0	0.0	0.0	0.0	0.0	0.0625	0.0	0.6712328767123288	0.0	0.0	0.0	0.2398243359040274	0.0	0.0	0.0	0.009326550387596898	0.0	0.011477045908183632	0.0	0.5457474226804123	0.0	0.1627134724857685	0.0	0.8032243816254417	0.0	0.5717213114754098	0.0	0.05092592592592592	0.0	0.010375494071146246	0.0	0.7924757281553398	0.0	0.3652298850574713	0.0	0.9457885304659498	0.0	0.8132716049382716	0.0	0.5258333333333334	0.0	0.4380841121495327	0.0	0.7219626168224299	0.0	0.4929906542056075	0.0	0.6270627062706271	0.0	0.5718576709796673	0.0	0.6642857142857143	0.0	0.3530844155844156	0.0	0.6145833333333334	0.0	0.7236503856041131	0.0	0.9257555847568988	0.0	0.7799220963172805	0.0	0.10204081632653061	0.0	0.0	0.0	0.0	0.0	0.0	0.0	0.0	0.0	0.0	0.0	0.0	0.0	0.0	0.0	0.0	0.0	0.012600806451612902	0.0	0.0	0.0	0.008044554455445545	0.0	0.14428374655647383	0.0	0.0	0.0	0.0	0.0	0.0	0.0	0.05639097744360902	0.0	0.5229211087420043	0.0	0.8784059945504087	0.0	0.19772344013490725	0.0	0.81568255687974	0.0	0.9140384615384616	0.0	0.8084090909090909	0.0	0.25952380952380955	0.0	0.13474025974025974	0.0	0.3261268343815514	0.0	0.16962139423076922	0.0	0.0	0.0	0.0	0.0	0.0	0.0	0.3518302180685358	0.0	0.5638185654008439	0.0	0.0	0.0	0.0	0.0	0.0	0.0	0.0	0.0	0.0	0.0	0.0	0.0	0.0	0.0	0.0	0.0	0.0	0.0	0.0	0.0	0.0	0.0	0.0	0.0	0.0	0.0	0.0	0.0	0.0	0.0	0.0	0.0	0.0	0.0	0.0	0.0	0.0	0.0	0.0	0.0	0.0	0.0	0.0	0.0	0.0	0.0	0.0	0.0	0.0	0.0	0.0	0.0	0.0	0.0	0.0	0.0	0.0	0.0	0.017487046632124352	0.0	0.0024319066147859923	0.0	0.0	0.0	0.0	0.0	0.0	0.0	0.0	0.0	0.0	0.0	0.0	0.0	0.0	0.0	0.0	0.0	0.0	0.0	0.0	0.0	0.0	0.0	0.0	0.0	0.000585480093676815	0.0	0.0	0.0	0.0	0.0	0.0013940520446096654	0.0	0.015046296296296295	0.0	0.006132075471698114	0.0	0.007075471698113208	0.0	0.04055059523809524	0.0	0.2280487804878049	0.0	0.0	0.0	0.021153846153846155	0.0	0.036546610169491525	0.0	0.0	0.0	0.0	0.0	0.0	0.0	0.0	0.0	0.0	0.0	0.0	0.0	0.0	0.0	0.0	0.0	0.0	0.0	0.0	0.0	0.0	0.0	0.0	0.0	0.0	0.0	0.0	0.0	0.0	0.0	0.0	0.0	0.0	0.0	0.0	0.0	0.0	0.0	0.0	0.0	0.0	0.0	0.0	0.0	0.0	0.0	0.0	0.0	0.0	0.0	0.0	0.0	0.0	0.0	0.0	0.0	0.0	0.0	0.0	0.0	0.0	0.0	0.0	0.0	0.0	0.0	0.0	0.0	0.0	0.0	0.0	0.0	0.0	0.0	0.0	0.0	0.052201704545454544	0.0	0.0	0.0	0.0	0.0	0.0	0.0	0.0	0.0	0.0	0.0	0.0	0.0	0.0	0.0	0.0	0.0	0.0	0.0	41	80.4
sub-M2304	77791	0.0	0.0	0.0	0.0	0.0	0.0	0.0	0.0	0.0	0.0	0.0	0.0	0.0	0.0	0.0	0.0	0.0	0.0	0.0	0.0	0.0	0.0	0.0	0.0	0.0	0.0	0.0	0.0	0.0	0.0	0.030689964157706095	0.0	0.03869278510473235	0.0	0.0	0.0	0.0	0.0	0.0	0.0	0.0	0.0	0.0	0.0	0.0	0.0	0.0	0.0	0.0	0.0	0.357	0.0	0.0	0.0	0.0	0.0	0.0	0.0	0.03767123287671233	0.0	0.0	0.0	0.21411739502999144	0.0	0.0019582245430809398	0.0	0.00024224806201550387	0.0	0.0	0.0	0.38208762886597936	0.0	0.13519924098671726	0.0	0.7570671378091873	0.0	0.0	0.0	0.0	0.0	0.20355731225296442	0.0	0.22390776699029127	0.0	0.0	0.0	0.7840501792114696	0.0	0.8153292181069959	0.0	0.845	0.0	0.7075545171339563	0.0	0.7768691588785047	0.0	0.8866822429906542	0.0	0.46328382838283827	0.0	0.6254621072088724	0.0	0.0653061224489796	0.0	0.0	0.0	0.9772135416666666	0.0	0.9450514138817481	0.0	0.9117936925098554	0.0	0.4405099150141643	0.0	0.0	0.0	0.0	0.0	0.0	0.0	0.0	0.0	0.0	0.0	0.0	0.0	0.0	0.0	0.0	0.0	0.0	0.0	0.0	0.0	0.0	0.0	0.0	0.0	0.0	0.0	0.0	0.0	0.0	0.0	0.0	0.0	0.0	0.0	0.030383795309168442	0.0	0.3872615803814714	0.0	0.0027403035413153458	0.0	0.4623510292524377	0.0	0.7440384615384615	0.0	0.5709090909090909	0.0	0.16666666666666666	0.0	0.0	0.0	0.11910377358490566	0.0	0.028996394230769232	0.0	0.0	0.0	0.0	0.0	0.0	0.0	0.13531931464174454	0.0	0.19655414908579466	0.0	0.0	0.0	0.0	0.0	0.0	0.0	0.0	0.0	0.0	0.0	0.0	0.0	0.0	0.0	0.0	0.0	0.0	0.0	0.0	0.0	0.0	0.0	0.0	0.0	0.0	0.0	0.0	0.0	0.0	0.0	0.0	0.0	0.0	0.0	0.0	0.0	0.0	0.0	0.0	0.0	0.0	0.0	0.0	0.0	0.0	0.0	0.0	0.0	0.0	0.0	0.0	0.0	0.0	0.0	0.0	0.0	0.0	0.0	0.0	0.0	0.0	0.0	0.0	0.0	0.0	0.0	0.0	0.0	0.0	0.0	0.0	0.0	0.0	0.0	0.0	0.0	0.0	0.0	0.0	0.0	0.0	0.0	0.0	0.0	0.0	0.0	0.0	0.0	0.0	0.0	0.0	0.0	0.0	0.0	0.0	0.0	0.0	0.0	0.0	0.0	0.0	0.0	0.0	0.0	0.0	0.0	0.0	0.0	0.0	0.0	0.0	0.0	0.0	0.0	0.0	0.0	0.0	0.0	0.0	0.0	0.0	0.0	0.0	0.0	0.0	0.0	0.0	0.0	0.0	0.0	0.0	0.0	0.0	0.0	0.0	0.0	0.0	0.0	0.0	0.0	0.0	0.0	0.0	0.0	0.0	0.0	0.0	0.0	0.0	0.0	0.0	0.0	0.0	0.0	0.0	0.0	0.0	0.0	0.0	0.0	0.0	0.0	0.0	0.0	0.0	0.0	0.0	0.0	0.0	0.0	0.0	0.0	0.0	0.0	0.0	0.0	0.0	0.0	0.0	0.0	0.11206896551724138	0.0	0.0	0.0	0.0056640625	0.0	0.020774147727272728	0.0	0.0	0.0	0.0	0.0	0.0	0.0	0.0	0.0	0.0	0.0	0.0	0.0	0.0	0.0	0.0	0.0	0.0	0.0	38	55.9
sub-M2305	12596	0.0	0.0	0.0	0.0	0.0	0.0	0.0	0.0	0.0	0.0	0.0	0.0	0.0	0.0	0.018568840579710144	0.0	0.0006720430107526882	0.0	0.07720588235294118	0.0	0.001152832674571805	0.0	0.10892857142857143	0.0	0.0909318637274549	0.0	0.33163265306122447	0.0	0.03952991452991453	0.0	0.2480958781362007	0.0	0.03481380915438324	0.0	0.0	0.0	0.0	0.0	0.0	0.0	0.0	0.0	0.0	0.0	0.0	0.0	0.0	0.0	0.0	0.0	0.028	0.0	0.0	0.0	0.0	0.0	0.3764164305949009	0.0	0.0	0.0	0.0	0.0	0.0	0.0	0.0	0.0	0.0	0.0	0.0	0.0	0.0	0.0	0.0	0.0	0.0	0.0	0.0	0.0	0.0	0.0	0.0	0.0	0.0	0.0	0.0	0.0	0.005824372759856631	0.0	0.0	0.0	0.0	0.0	0.0	0.0	0.004672897196261682	0.0	0.0	0.0	0.06476897689768978	0.0	0.0009242144177449168	0.0	0.0	0.0	0.0	0.0	0.0	0.0	0.0	0.0	0.0	0.0	0.0	0.0	0.0	0.0	0.0	0.0	0.0	0.0	0.0	0.0	0.0	0.0	0.0	0.0	0.0	0.0	0.0	0.0	0.0	0.0	0.0	0.0	0.0	0.0	0.0	0.0	0.0	0.0	0.0	0.0	0.0	0.0	0.0	0.0	0.0	0.0	0.0005330490405117271	0.0	0.0028950953678474113	0.0	0.0	0.0	0.0	0.0	0.0	0.0	0.0	0.0	0.0	0.0	0.0	0.0	0.0009171907756813418	0.0	0.004056490384615385	0.0	0.0	0.0	0.0	0.0	0.0	0.0	0.0029205607476635513	0.0	0.0889592123769339	0.0	0.0	0.0	0.0	0.0	0.0	0.0	0.0	0.0	0.0	0.0	0.0	0.0	0.0	0.0	0.0	0.0	0.0	0.0	0.0	0.0	0.0	0.0	0.0	0.0	0.0	0.0	0.0	0.0	0.0	0.0	0.0	0.0	0.0	0.0	0.0	0.0	0.0	0.0	0.0	0.0	0.0	0.0	0.0	0.0	0.0	0.0	0.0	0.0	0.0	0.0	0.0	0.0	0.0	0.0	0.0	0.0	0.0	0.0	0.0	0.0	0.0	0.0	0.0	0.0	0.0	0.0	0.0	0.0	0.0	0.0	0.0	0.0	0.0	0.0	0.0	0.0	0.0	0.0	0.0	0.0	0.0	0.0	0.0	0.0	0.0	0.0	0.0	0.0	0.0	0.0	0.0	0.0	0.0	0.0	0.0	0.0	0.0	0.0	0.0	0.0	0.0	0.0	0.0	0.0	0.0	0.0	0.0	0.0	0.0	0.0	0.0	0.0	0.0	0.0	0.0	0.0	0.0	0.0	0.0	0.0	0.0	0.0	0.0	0.0	0.0	0.0	0.0	0.0	0.0	0.0	0.0	0.0	0.0	0.0	0.0	0.0	0.0	0.0	0.0	0.0	0.0	0.0	0.0	0.0	0.0	0.0	0.0	0.0	0.0	0.0	0.0	0.0	0.0	0.0	0.0	0.0	0.0	0.0	0.0	0.0	0.0	0.0	0.0	0.0	0.0	0.0	0.0	0.0	0.0	0.0	0.0	0.0	0.0	0.0	0.0	0.0	0.0	0.0	0.0	0.0	0.0	0.0	0.0	0.0	0.0	0.0	0.0	0.0	0.0	0.0	0.0	0.0	0.0	0.0	0.0	0.0	0.0	0.0	0.0	0.0	0.0	0.0	0.0	0.0	0.0	0.0	54	76.1
sub-M2306	163053	0.0	0.0	0.0	0.0	0.0	0.0	0.13857677902621723	0.0	0.4958492975734355	0.0	0.1732283464566929	0.0	0.14760044642857142	0.0	0.14130434782608695	0.0	0.004480286738351254	0.0	0.9990808823529411	0.0	0.7476943346508564	0.0	0.8964285714285715	0.0	0.6921342685370742	0.0	0.9341836734693878	0.0	0.9972222222222222	0.0	0.9740143369175627	0.0	0.9649922420480993	0.0	0.032066508313539195	0.0	0.8154761904761905	0.0	0.9908415841584158	0.0	0.9618055555555556	0.0	0.48518850987432677	0.0	0.8687050359712231	0.0	0.9955555555555555	0.0	0.0	0.0	0.9535	0.0	0.0	0.0	0.0	0.0	0.34543201133144474	0.0	0.9118150684931506	0.0	0.0	0.0	0.1745929734361611	0.0	0.0	0.0	0.0	0.0	0.0	0.0	0.0	0.0	0.0	0.0	0.0	0.0	0.0	0.0	0.0	0.0	0.0	0.0	0.0	0.0	0.0008620689655172414	0.0	0.042114695340501794	0.0	0.0051440329218107	0.0	0.0	0.0	0.005841121495327103	0.0	0.053738317757009345	0.0	0.0	0.0	0.06476897689768978	0.0	0.02333641404805915	0.0	0.8048469387755102	0.0	0.8084415584415584	0.0	0.013020833333333334	0.0	0.0012853470437017994	0.0	0.08278580814717477	0.0	0.06409348441926345	0.0	0.375	0.0	0.0	0.0	0.0038623595505617976	0.0	0.018880208333333332	0.0	0.0	0.0	0.4574742268041237	0.0	0.27335728952772076	0.0	0.8009510869565217	0.0	0.46142284569138275	0.0	0.9029737903225806	0.0	0.915	0.0	0.6336633663366337	0.0	0.9431818181818182	0.0	0.34802158273381295	0.0	0.2143324607329843	0.0	0.28273809523809523	0.0	0.9661654135338346	0.0	1.0	0.0	0.973433242506812	0.0	0.13849072512647556	0.0	0.1287919826652221	0.0	0.9503846153846154	0.0	0.5204545454545455	0.0	0.3869047619047619	0.0	0.002840909090909091	0.0	0.037211740041928724	0.0	0.009164663461538462	0.0	0.11809815950920245	0.0	0.0	0.0	0.0	0.0	0.026869158878504672	0.0	0.3924050632911392	0.0	0.0	0.0	0.0	0.0	0.0	0.0	0.10609879032258064	0.0	0.0	0.0	0.0	0.0	0.0005733944954128441	0.0	0.2100609756097561	0.0	0.8354779411764706	0.0	0.30509641873278237	0.0	0.05037313432835821	0.0	0.07709059233449478	0.0	0.24728260869565216	0.0	0.011505681818181818	0.0	0.0	0.0	0.0	0.0	0.0	0.0	0.0	0.0	0.0	0.0	0.0	0.0	0.0	0.0	0.0	0.0	0.0	0.0	0.0	0.0	0.0	0.0	0.0	0.0	0.0	0.0	0.0	0.0	0.0	0.0	0.0	0.0	0.0	0.0	0.0	0.0	0.0	0.0	0.0	0.0	0.0	0.0	0.0	0.0	0.0	0.0	0.0	0.0	0.0	0.0	0.0	0.0	0.0	0.0	0.0	0.0	0.0	0.0	0.00468384074941452	0.0	0.0	0.0	0.0	0.0	0.0	0.0	0.005787037037037037	0.0	0.0	0.0	0.0	0.0	0.0003720238095238095	0.0	0.013414634146341463	0.0	0.0	0.0	0.0	0.0	0.1853813559322034	0.0	0.005030959752321981	0.0	0.15441176470588236	0.0	0.1285310734463277	0.0	0.126953125	0.0	0.0	0.0	0.023148148148148147	0.0	0.030337078651685393	0.0	0.0	0.0	0.0	0.0	0.0	0.0	0.0	0.0	0.0	0.0	0.0	0.0	0.0	0.0	0.1314794816414687	0.0	0.010011441647597255	0.0	0.02002164502164502	0.0	0.0	0.0	0.0	0.0	0.0	0.0	0.0	0.0	0.0	0.0	0.0	0.0	0.0	0.0	0.0	0.0	0.0	0.0	0.0	0.0	0.0	0.0	0.28832547169811323	0.0	0.0	0.0	0.0	0.0	0.12129080118694362	0.0	0.0	0.0	0.007415254237288136	0.0	0.004098360655737705	0.0	0.0	0.0	0.0	0.0	0.690625	0.0	0.23100142045454544	0.0	0.0	0.0	0.0	0.0	0.0	0.0	0.0	0.0	0.0	0.0	0.0	0.0	0.0	0.0	0.0	0.0	0.0	0.0	66	59.5
sub-M2307	9316	0.0	0.0	0.0	0.0	0.0	0.0	0.0	0.0	0.0	0.0	0.0	0.0	0.00013950892857142856	0.0	0.00022644927536231884	0.0	0.005824372759856631	0.0	0.0	0.0	0.0	0.0	0.0	0.0	0.0	0.0	0.013775510204081633	0.0	0.0	0.0	0.13183243727598568	0.0	0.0	0.0	0.0	0.0	0.0	0.0	0.0	0.0	0.0	0.0	0.0	0.0	0.0	0.0	0.0	0.0	0.0	0.0	0.0725	0.0	0.0	0.0	0.0	0.0	0.015757790368271955	0.0	0.014554794520547944	0.0	0.0	0.0	0.0010711225364181663	0.0	0.00032637075718015666	0.0	0.0	0.0	0.0	0.0	0.0	0.0	0.0	0.0	0.0	0.0	0.0	0.0	0.0	0.0	0.0	0.0	0.0	0.0	0.0	0.0	0.0	0.0	0.0	0.0	0.0	0.0	0.0	0.0	0.0	0.0	0.0	0.0	0.0	0.0	0.0	0.0	0.0	0.0	0.0	0.0	0.0	0.0	0.0	0.0	0.0	0.0	0.0	0.0	0.0	0.0	0.0	0.0	0.0	0.0	0.0	0.0	0.0	0.0	0.0	0.0	0.0	0.0	0.0	0.0	0.0	0.0	0.0	0.0	0.0	0.0	0.0	0.0	0.0	0.0	0.0	0.0	0.0	0.0	0.0	0.0	0.0	0.0	0.0	0.0	0.0	0.0	0.0	0.0	0.0	0.0	0.0	0.0	0.0	0.0	0.0	0.0	0.0	0.0	0.0	0.0	0.0	0.0	0.0	0.0	0.0	0.0	0.0	0.0	0.0	0.0	0.0	0.0	0.0	0.0	0.0	0.0	0.0	0.0	0.0	0.0	0.0	0.0	0.0	0.0	0.0	0.0	0.0	0.0	0.0	0.0	0.0	0.0	0.0	0.0	0.0	0.0	0.0	0.0	0.0	0.0	0.0	0.0	0.0	0.0	0.0	0.0	0.0	0.0	0.0	0.0	0.0	0.0	0.0	0.0	0.0	0.0	0.0	0.0	0.0	0.0	0.0	0.0	0.0	0.0	0.0	0.0	0.0	0.0	0.0	0.0	0.0	0.0	0.0	0.0	0.0	0.0	0.0	0.0	0.0	0.0	0.0	0.0	0.0	0.0	0.0	0.0	0.0	0.0	0.0	0.0	0.0	0.0	0.0	0.0	0.0	0.0	0.0	0.0	0.0	0.0	0.0	0.0	0.0	0.0	0.0	0.0	0.0	0.0	0.0	0.0	0.0	0.0	0.0	0.0	0.0	0.0	0.0	0.0	0.0	0.0	0.0	0.0	0.0	0.0	0.0	0.0	0.0	0.0	0.0	0.0	0.0	0.0	0.0	0.0	0.0	0.0	0.0	0.0	0.0	0.0	0.0	0.0	0.0	0.0	0.0	0.0	0.0	0.0	0.0	0.0	0.0	0.0	0.0	0.0	0.0	0.0	0.0	0.0	0.0	0.0	0.0	0.0	0.0	0.0	0.0	0.0	0.0	0.0	0.0	0.0	0.0	0.0	0.0	0.0	0.0	0.0	0.0	0.0	0.0	0.0	0.0	0.0	0.0	0.0	0.0	0.0	0.0	0.0	0.012711864406779662	0.0	0.0	0.0	0.0	0.0	0.0	0.0	0.001953125	0.0	0.001065340909090909	0.0	0.0	0.0	0.0	0.0	0.0	0.0	0.0	0.0	0.0	0.0	0.0	0.0	0.0	0.0	0.0	0.0	0.0	0.0	54	76.3
sub-M2308	45593	0.0	0.0	0.0	0.0	0.0	0.0	0.0	0.0	0.0	0.0	0.0	0.0	0.00013950892857142856	0.0	0.0004528985507246377	0.0	0.011872759856630824	0.0	0.0	0.0	0.0	0.0	0.0	0.0	0.0	0.0	0.00510204081632653	0.0	0.0	0.0	0.11906362007168458	0.0	0.0	0.0	0.0	0.0	0.0	0.0	0.0	0.0	0.0	0.0	0.0	0.0	0.0	0.0	0.0	0.0	0.0	0.0	0.017	0.0	0.0	0.0	0.0	0.0	0.0	0.0	0.0	0.0	0.0	0.0	0.05334190231362468	0.0	0.03100522193211488	0.0	0.0	0.0	0.0	0.0	0.03221649484536082	0.0	0.013994307400379507	0.0	0.16143992932862192	0.0	0.004098360655737705	0.0	0.0	0.0	0.0	0.0	0.006674757281553398	0.0	0.0	0.0	0.025985663082437275	0.0	0.00102880658436214	0.0	0.00125	0.0	0.0	0.0	0.0	0.0	0.0	0.0	0.0	0.0	0.0	0.0	0.0	0.0	0.0	0.0	0.0	0.0	0.08258354755784061	0.0	0.01626149802890933	0.0	0.07489376770538243	0.0	0.0	0.0	0.0	0.0	0.0	0.0	0.0	0.0	0.0	0.0	0.0	0.0	0.0	0.0	0.0	0.0	0.0	0.0	0.0017641129032258064	0.0	0.0	0.0	0.0	0.0	0.0	0.0	0.0	0.0	0.0	0.0	0.0	0.0	0.0	0.0	0.025053304904051173	0.0	0.013283378746594006	0.0	0.0	0.0	0.08206933911159263	0.0	0.004423076923076923	0.0	0.006818181818181818	0.0	0.0	0.0	0.0	0.0	0.006813417190775681	0.0	0.0	0.0	0.0	0.0	0.0	0.0	0.0	0.0	0.0	0.0	0.0	0.0	0.0	0.0	0.0	0.0	0.0	0.0	0.0	0.0	0.0	0.0	0.0	0.0	0.0	0.0	0.0	0.0	0.0	0.0	0.0	0.0	0.0	0.0	0.0	0.0	0.0	0.0	0.0	0.0	0.0	0.0	0.0	0.0	0.0	0.0	0.0	0.0	0.0	0.0	0.0	0.0	0.0	0.0	0.0	0.0	0.0	0.0	0.0	0.0	0.0	0.0	0.0	0.0	0.00033967391304347825	0.0	0.0	0.0	0.010261194029850746	0.0	0.029792746113989636	0.0	0.0	0.0	0.0	0.0	0.0	0.0	0.0	0.0	0.0	0.0	0.0	0.0	0.0	0.0	0.0	0.0	0.0	0.0	0.0	0.0	0.0	0.0	0.0	0.0	0.0	0.0	0.0	0.0	0.0	0.0	0.0	0.0	0.0	0.0	0.0	0.0	0.0	0.0	0.0	0.0	0.0	0.0	0.0	0.0	0.0	0.0	0.0009615384615384616	0.0	0.0	0.0	0.0	0.0	0.0	0.0	0.0	0.0	0.0	0.0	0.0	0.0	0.0	0.0	0.0	0.0	0.0	0.0	0.0	0.0	0.0	0.0	0.0	0.0	0.0	0.0	0.0	0.0	0.0	0.0	0.0	0.0	0.0	0.0	0.0	0.0	0.0	0.0	0.0	0.0	0.0	0.0	0.0	0.0	0.0	0.0	0.0	0.0	0.0	0.0	0.0	0.0	0.0	0.0	0.0	0.0	0.0	0.0	0.04245283018867924	0.0	0.0625	0.0	0.20416666666666666	0.0	0.006305637982195846	0.0	0.0	0.0	0.0	0.0	0.0	0.0	0.0	0.0	0.05776515151515151	0.0	0.526171875	0.0	0.3581321022727273	0.0	0.0	0.0	0.0	0.0	0.0	0.0	0.0	0.0	0.0	0.0	0.0	0.0	0.0	0.0	0.0	0.0	0.0	0.0	59	90.4
sub-M2309	55113	0.0	0.0	0.0	0.0	0.0	0.0	0.0	0.0	0.0	0.0	0.0	0.0	0.0	0.0	0.0	0.0	0.0	0.0	0.0	0.0	0.0	0.0	0.0	0.0	0.0	0.0	0.0	0.0	0.0	0.0	0.0	0.0	0.0	0.0	0.0	0.0	0.0	0.0	0.0	0.0	0.0	0.0	0.0	0.0	0.0	0.0	0.0	0.0	0.0	0.0	0.0	0.0	0.0	0.0	0.0	0.0	0.0	0.0	0.0	0.0	0.0	0.0	0.0	0.0	0.0	0.0	0.0	0.0	0.000249500998003992	0.0	0.0	0.0	0.003557874762808349	0.0	0.03511484098939929	0.0	0.0778688524590164	0.0	0.0	0.0	0.0	0.0	0.04854368932038835	0.0	0.0	0.0	0.6693548387096774	0.0	0.6347736625514403	0.0	0.08291666666666667	0.0	0.682632398753894	0.0	0.9766355140186916	0.0	0.35864485981308414	0.0	0.8197194719471947	0.0	0.8472735674676525	0.0	0.7301020408163266	0.0	0.7069805194805194	0.0	0.7740885416666666	0.0	0.19440874035989716	0.0	0.8539750328515112	0.0	0.41235835694050993	0.0	0.015306122448979591	0.0	0.0	0.0	0.0	0.0	0.0	0.0	0.0	0.0	0.0	0.0	0.0	0.0	0.0	0.0	0.0	0.0	0.011088709677419355	0.0	0.0	0.0	0.20977722772277227	0.0	0.20213498622589532	0.0	0.0	0.0	0.0	0.0	0.0	0.0	0.0	0.0	0.0	0.0	0.0	0.0	0.0	0.0	0.25189599133261104	0.0	0.0	0.0	0.0	0.0	0.0	0.0	0.056412337662337664	0.0	0.7142295597484277	0.0	0.4854266826923077	0.0	0.0	0.0	0.0	0.0	0.1329491255961844	0.0	0.5235591900311527	0.0	0.8110056258790436	0.0	0.0	0.0	0.0	0.0	0.03665413533834586	0.0	0.04939516129032258	0.0	0.0	0.0	0.0	0.0	0.0	0.0	0.0	0.0	0.0	0.0	0.0	0.0	0.0	0.0	0.0	0.0	0.0	0.0	0.0	0.0	0.0	0.0	0.0	0.0	0.0	0.0	0.0	0.0	0.0	0.0	0.0	0.0	0.0	0.0	0.0	0.0	0.0	0.0	0.0	0.0	0.0	0.0	0.0	0.0	0.0	0.0	0.0	0.0	0.0	0.0	0.0	0.0	0.0	0.0	0.0	0.0	0.0	0.0	0.0	0.0	0.0	0.0	0.0	0.0	0.0	0.0	0.0	0.0	0.0	0.0	0.0	0.0	0.0	0.0	0.0	0.0	0.0	0.0	0.0	0.0	0.0	0.0	0.0	0.0	0.0	0.0	0.0	0.0	0.0	0.0	0.0	0.0	0.0	0.0	0.0	0.0	0.0	0.0	0.0038461538461538464	0.0	0.0	0.0	0.0	0.0	0.0	0.0	0.0	0.0	0.0	0.0	0.0	0.0	0.0	0.0	0.0	0.0	0.0	0.0	0.0	0.0	0.0	0.0	0.0	0.0	0.0	0.0	0.0	0.0	0.0	0.0	0.0	0.0	0.0	0.0	0.0	0.0	0.0	0.0	0.0	0.0	0.0	0.0	0.0	0.0	0.0	0.0	0.0	0.0	0.0	0.0	0.0	0.0	0.0	0.0	0.0	0.0	0.0	0.0	0.0	0.0	0.0	0.0	0.0	0.0	0.0	0.0	0.0	0.0	0.0	0.0	0.0	0.0	0.0	0.0	0.0	0.0	0.0	0.0	0.0	0.0	0.0	0.0	0.0	0.0	0.0	0.0	0.0	0.0	0.0	0.0	0.0	0.0	0.0	0.0	0.0	0.0	0.0	0.0	64	60.6
sub-M2310	273989	0.0	0.0	0.0	0.0	0.0	0.0	0.0	0.0	0.0	0.0	0.0	0.0	0.0	0.0	0.016530797101449276	0.0	0.04973118279569892	0.0	0.014246323529411764	0.0	0.0004940711462450593	0.0	0.0	0.0	0.0	0.0	0.025510204081632654	0.0	0.004273504273504274	0.0	0.08915770609318996	0.0	0.0252133436772692	0.0	0.0	0.0	0.0	0.0	0.0	0.0	0.020833333333333332	0.0	0.0	0.0	0.0	0.0	0.0	0.0	0.0	0.0	0.296	0.0	0.0	0.0	0.0	0.0	0.08179886685552408	0.0	0.053082191780821915	0.0	0.0	0.0	0.01681662382176521	0.0	0.01664490861618799	0.0	0.0	0.0	0.0	0.0	0.04059278350515464	0.0	0.004743833017077799	0.0	0.10136925795053003	0.0	0.0	0.0	0.0	0.0	0.0	0.0	0.0	0.0	0.020977011494252875	0.0	0.8853046594982079	0.0	0.46502057613168724	0.0	0.04666666666666667	0.0	0.15225856697819315	0.0	0.8364485981308412	0.0	0.09462616822429906	0.0	0.7896039603960396	0.0	0.7040203327171903	0.0	0.8622448979591837	0.0	0.8916396103896104	0.0	0.3977864583333333	0.0	0.2294344473007712	0.0	0.7283180026281209	0.0	0.5154036827195467	0.0	0.9362244897959183	0.0	0.6564569536423841	0.0	0.8500702247191011	0.0	0.8413628472222222	0.0	0.7655172413793103	0.0	0.8824742268041237	0.0	0.898870636550308	0.0	0.8722826086956522	0.0	0.8987975951903807	0.0	0.8371975806451613	0.0	0.9166666666666666	0.0	0.9022277227722773	0.0	0.8347107438016529	0.0	0.8794964028776978	0.0	0.862892670157068	0.0	0.01488095238095238	0.0	0.13909774436090225	0.0	0.11060767590618337	0.0	0.7021457765667575	0.0	0.9064080944350759	0.0	0.5696099674972914	0.0	0.6873076923076923	0.0	0.37545454545454543	0.0	0.9928571428571429	0.0	1.0	0.0	0.9658018867924528	0.0	0.9017427884615384	0.0	0.8416411042944786	0.0	0.9891439205955335	0.0	0.9930445151033387	0.0	0.9022585669781932	0.0	0.8909985935302391	0.0	0.9028159340659341	0.0	0.8831623134328358	0.0	0.9196428571428571	0.0	0.8724798387096774	0.0	0.7940860215053763	0.0	0.9411764705882353	0.0	0.7828746177370031	0.0	0.936890243902439	0.0	0.9779411764705882	0.0	0.6584022038567493	0.0	0.9577114427860697	0.0	0.4898373983739837	0.0	0.9972826086956522	0.0	0.1416193181818182	0.0	0.0	0.0	0.0	0.0	0.0	0.0	0.0	0.0	0.0	0.0	0.0	0.0	0.0	0.0	0.0	0.0	0.0	0.0	0.0	0.0	0.0	0.0	0.0	0.0	0.0	0.0	0.0	0.0	0.0	0.0	0.0	0.0	0.0	0.0	0.0	0.0	0.0	0.0	0.0	0.0	0.0	0.0	0.0	0.0	0.0	0.0	0.0	0.0	0.0	0.0	0.0	0.0	0.0	0.0	0.0	0.0	0.0	0.0	0.6039227166276346	0.0	0.125	0.0	0.0035842293906810036	0.0	0.0	0.0	0.0023148148148148147	0.0	0.0	0.0	0.09669811320754718	0.0	0.0859375	0.0	0.001829268292682927	0.0	0.6039445628997868	0.0	0.4894230769230769	0.0	0.6255296610169492	0.0	0.7380030959752322	0.0	1.0	0.0	0.9427966101694916	0.0	0.98193359375	0.0	0.9075342465753424	0.0	0.9613425925925926	0.0	0.9811797752808988	0.0006053268765133172	0.8759449244060475	0.001611957796014068	0.2924382716049383	0.0	0.9465547703180212	0.0	0.9215481171548117	0.0	0.9901315789473685	0.0	0.9928571428571429	0.0	0.8757763975155279	0.008561643835616438	0.23353131749460043	0.0	0.0	0.0	0.0	0.0	0.46694528875379937	0.0	0.015957446808510637	0.0	0.1336872586872587	0.0	0.5306847545219638	0.0	0.42546890424481737	0.0	0.8565436241610739	0.0	0.8685158501440923	0.0	0.9107532751091703	0.0	0.99609375	0.0	0.9957674943566591	0.0	1.0	0.0	0.1721698113207547	0.0	0.0	0.0	0.0	0.0	0.0	0.0	0.0	0.0	0.0	0.0	0.0	0.0	0.0	0.0	0.008522727272727272	0.0	0.272265625	0.0	0.5514914772727273	0.0	0.0	0.0	0.0	0.0	0.0	0.0	0.0	0.0	0.0	0.0	0.0	0.0	0.0	0.0	0.0	0.0	0.0	0.0	67	67.2
