participant_id	lesion_volume	1_R1	2_R2	3_R3	4_R4	5_R5	6_R6	7_R7	8_R8	9_R9	10_R10	11_R11	12_R12	13_R13	14_R14	15_R15	16_R16	17_R17	18_R18	19_R19	20_R20	21_R21	22_R22	23_R23	24_R24	25_R25	26_R26	27_R27	28_R28	29_R29	30_R30	31_R31	32_R32	33_R33	34_R34	35_R35	36_R36	37_R37	38_R38	39_R39	40_R40	41_R41
sub-M2001	201832	0.02013640792465086	0.3824442757573666	0.3866255802785337	0.22429906542056074	0.00802910550746456	0.18169389150197426	0.14792265059266152	0.003042636424704627	0.03870041681618682	0.0	6.064373322821753e-05	0.02087861423961009	0.01990545878391504	0.08629981391527103	0.017082595574560964	0.08476564165991385	0.1580434398728589	0.00490946523781872	0.0	0.0	0.0	0.0034501061571125266	0.0	0.0	0.0	0.049355754531557106	0.07773923689043052	0.0	0.0	0.058391200147483564	0.002579123834788696	0.3546064758459987	0.3925103161552543	0.49646971386101824	0.43796620490181154	0.18644321412539278	0.16430504696704346	0.0	0.004733022473091891	0.0	0.3326357451758934
sub-M2002	161289	0.024358557973367976	0.09826789041474018	0.045381783255962864	0.011279407025459234	0.0	0.03847527318362225	0.0	0.010471411072035405	0.050956468932012035	0.0	0.03461241074000516	0.0	0.0	0.0	0.047717680597779484	0.11875719708278244	0.08511389722761788	0.0	0.0	0.00985977212971078	0.0	0.0	0.017294626312538603	0.0	0.0	0.0002495866221570524	0.1322179147112834	0.0	0.031455049719272134	0.0	0.3527136067204598	0.0	0.00539852936613819	0.05970519013997275	0.12863449535697977	0.3627113571749214	0.4155919970280741	0.19821748131513386	0.04161553833748203	0.3264541971438523	0.42783439973698184
sub-M2004	65794	0.06495615459564794	0.07756538541163481	0.3413638546502321	0.16907391673746813	0.0	0.25753231780106317	0.0	0.10649227486466195	0.0	0.0	0.0	0.0	0.0	0.0	0.0	0.0	0.0	0.0	0.0009523809523809524	0.0	0.0	0.0	0.0	0.0	0.0	0.047515053193148846	0.0	0.0	0.0	0.0	0.0	0.0	0.02612391796717446	0.0	0.0	0.2419572048481221	0.0	0.0	0.0	0.0	0.03844111175741635
sub-M2005	60278	0.0	0.018839279552825893	0.07547622858972307	0.027129171183312338	0.0	0.0347614043321668	0.0	0.0	0.0	0.0	0.0	0.0	0.0	0.0	0.0013029098319580397	0.0015567023499808079	0.024368709164753664	0.0	0.0	0.0	0.0	0.0	0.0	0.0	0.0	0.0	0.002448479902060804	0.0	0.0	0.00019664474897068763	0.014111491838915293	0.0	0.03000217182215879	0.033444816053511704	0.0	0.0028430345653149783	0.028127155973040385	0.0	0.0	0.0	0.19122556333931867
sub-M2006	111404	0.14063007469957778	0.3992823131598923	0.384864735072835	0.13397591773357162	0.04786099611090202	0.07389986838212037	0.05131680084145799	0.019283202276050106	0.021227261434841417	0.0	0.0022438181294440487	0.0	0.0	0.0	0.0	0.0	0.006401200776973336	0.000791849231906245	0.05180952380952381	0.0008764241893076249	0.0	0.0	0.0	0.0	0.0	0.1742426605933922	0.0	0.0	0.0	0.0	0.0	0.05446388202970125	0.3466538425739195	0.05190139972748668	0.005632516364743492	0.04159808469250337	0.010985511861168603	0.0	0.030641938085054166	0.0017705793567862533	0.16243266482891175
sub-M2007	308748	0.3361481000324781	0.3758194741563729	0.4276052505202497	0.22482641432045236	0.020511855476100866	0.2210466172164349	0.023301913507827985	0.0070731418184691985	0.0746680652551964	0.05118839801262253	0.17442653769766067	0.0	0.0	0.00041083641460644285	0.06306306306306306	0.05318377617605664	0.20007063393960797	5.278994879374967e-05	0.002476190476190476	0.0198656149576395	0.0	0.0	0.18447601400041178	0.0	0.0	0.0676379746045612	0.48785962048561515	0.031033487297921478	0.05174863018331868	0.00206476986419222	0.3761099443646144	0.029214342851180745	0.37355341131209086	0.42747429703951445	0.33871213274471	0.3760287296124495	0.46712306957490846	0.4541211972349907	0.2933071556287908	0.47558922558922556	0.4884676664727751
sub-M2009	69024	0.0	0.0014491753502173764	0.043941091724027534	0.02487328977822049	0.001380002509095471	0.1272306169715644	0.0013754601723370687	0.009009364997826688	0.031937505175697684	0.0	0.0	0.0024698676150958308	0.00046623065466554426	0.001377510331327485	0.0	0.0	0.0	0.012458427915324923	0.0	0.0	0.0	0.0	0.0	0.0	0.0	0.024896265560165973	0.0	0.0	0.0	0.0	0.0	0.0	0.05525736092581676	0.01944754118667162	0.0	0.0	0.2814838401528419	0.015228604512439034	0.06980331662167373	0.0	0.1352646619964088
sub-M2011	82753	0.004871711594673595	0.17431509212614726	0.08400032015367376	0.000351565933261067	0.0	0.0	0.0031150127432339495	0.0	0.0	0.0	0.0	0.010999143779226768	0.041118953571197304	0.06434423258174436	0.0030178509782959723	0.12941954194566468	0.18581140738124668	0.00480388534023122	0.0	0.0	0.0	0.0	0.0	0.0	0.0	0.0	0.0	0.0	0.0	0.10138265839120014	0.0	0.33773867074740027	0.19760479041916168	0.4830917874396135	0.474196985842594	0.013616639233877001	0.0	0.0	0.0	0.0	0.11562681773349182
sub-M2012	78825	0.0	0.0	0.0	0.0	0.0	0.0	0.0	0.0	0.0	0.0	0.0	0.474510966212211	0.2932720326361458	0.1554774160806206	0.021358812458936068	0.003433275045848083	0.0	0.05331784828168717	0.0	0.0	0.0	0.0875796178343949	0.0	0.006972477064220183	0.15719029374201787	0.0	0.0	0.0	0.0	0.17256805751858909	0.0	0.0031301081626265085	0.0	0.0002477393781741608	0.0	0.0	0.0	0.0	0.0	0.0	0.0
sub-M2013	13901	0.0	0.08198191981229729	0.006242996638386425	0.0	0.0	0.0	0.0	0.0	0.0	0.0	0.0	0.0	0.0	0.0	0.0	0.0	0.004723644711283772	0.0	0.0	0.0	0.0	0.0	0.0	0.0	0.0	0.0	0.0	0.0	0.0	0.0	0.0	0.0	0.0269305947690112	0.009166356992443949	0.10945349368244786	0.002244500972617088	0.0	0.0	0.0	0.0	0.06132874737614122
sub-M2014	73641	0.0	0.0	0.0	0.006093809509858494	0.0	0.023374927304078114	0.0	0.0	0.0	0.0	0.007914007186282388	0.0	0.0	0.0	0.0	0.0	0.0013243863676496556	0.0	0.0	0.0	0.0	0.0	0.0	0.0	0.0	0.0	0.002448479902060804	0.0	0.0	0.0	0.03419181312405586	0.0	0.0	0.0	0.0	0.033817147987430796	0.03417714801252455	0.20295448963121512	0.007082003996774533	0.2826831533728085	0.24403151159555905
sub-M2015	51337	0.0	0.0	0.0	0.0	0.0	0.0	0.018285529349892794	0.0	0.0	0.0	0.0	0.0	0.0030693518098814996	0.07455472582711037	0.0	0.017209024608691944	0.061583966095708986	0.0	0.0	0.0	0.0	0.0	0.0	0.0	0.0	0.0	0.0	0.0	0.0	0.0007128372150187427	0.008400574776168896	0.3207665287100476	0.07790636343892526	0.33568685742598786	0.16410412543766176	0.0008978003890468353	0.0	0.0	0.0	0.023830256588877278	0.13378518499785033
sub-M2016	367778	0.16888600194868464	0.4560071768684011	0.4357691692012166	0.33513022588111213	0.1682975787228704	0.3866096662619502	0.19571989158137465	0.30584423282095863	0.3388908824909598	0.10280649926144757	0.08655376824997346	0.0023710729104919974	0.0349932008029528	0.13749728122960922	0.09405449949331285	0.25666396553930143	0.3572752957796221	0.006123634060074962	0.0	0.0010955302366345311	0.0032679738562091504	0.006502123142250531	0.02635371628577311	0.0	0.0	0.2023211555860606	0.20812079167516834	0.0	0.11486166542650342	0.09416825416333804	0.26233373862422166	0.4365457517476437	0.4557413670069188	0.4243775548123374	0.498401583193789	0.33158761035463113	0.41755559093562594	0.3746447243762939	0.27114959856957543	0.3936491350284454	0.4192420525530462
sub-M2017	196696	0.10587853199090613	0.3117107169967566	0.11773651352649271	0.002753933143878358	0.0049554635553882825	0.08476599565354909	0.11422387637040333	0.015015608329711147	0.1911557677974991	0.03507452665502887	0.00294122106156855	0.0020088256602779422	0.011824127436378942	0.03567026752700645	0.0011135981469726835	0.09105642512901438	0.14409323680028255	0.025180805574618593	0.0	0.0	0.0	0.0	0.0	0.0	0.0	0.020653292983496083	0.008977759640889614	0.0	0.0	0.02394149818718122	0.08426366014516783	0.34072966299168783	0.4009183705128603	0.4927536231884058	0.4801339625513777	0.02229537632799641	0.42477312529851935	0.24246464788238184	0.11566104547207516	0.09993614303959132	0.41990592043701475
sub-M2018	56665	0.0	0.0	0.0	0.0	0.0	0.0	0.0	0.0	0.0	0.0	0.0	0.014358163735757096	0.05649161432364178	0.07747891442519152	0.01526743059499549	0.16383759116304858	0.20444110895285184	0.004434355698674972	0.0	0.0	0.0	0.0	0.0	0.0	0.0	0.0	0.0	0.0	0.0	0.1291464388864991	0.0	0.2443571105623761	0.008842418789364277	0.28849250588381026	0.2767544527325316	0.0	0.0	0.0	0.0	0.0	0.01596444197162439
sub-M2020	91112	0.0	0.05120419570768063	0.14899151592764526	0.036562857059150966	0.023710952201731274	0.16410402913958638	0.08005987297220761	0.14462401707037578	0.08620642062550032	0.0	0.0	0.0	0.0	0.004096280722105416	0.0	0.0	0.0	0.0	0.0008571428571428571	0.0	0.0	0.0	0.0	0.0	0.0	0.12220384987364677	0.0	0.0	0.0	0.0	0.0	0.02869265815740966	0.14439514752877664	0.046822742474916385	0.0	0.0	0.09218277344371915	0.0001754447524474543	0.09764050064859937	0.0	0.06063958928706912
sub-M2021	18092	0.0	0.0	0.0	0.0	0.0	0.009192845700992746	0.0	0.0	0.0	0.0	3.0321866614108765e-05	0.0	0.0	0.0	0.0	0.0	0.0	0.0	0.0	0.0	0.0	0.0	0.0	0.0	0.0	0.010014663214051726	0.0	0.0	0.0	0.0	0.0	0.0	0.0	0.0	0.0	0.0	0.00010614021121902033	0.0	7.01188514532132e-05	0.0	0.02005513264712577
sub-M2022	37491	0.0	0.0	0.0	0.0	0.0	0.01472283723255553	0.0	0.003200695459754218	0.03478068843680128	0.0	0.0	0.0	0.0	0.0	0.0	0.0	0.0008387780328447819	0.0	0.0	0.0	0.0	0.0	0.0	0.0	0.0	0.0	0.01265047949398082	0.0	0.0	0.0	0.035776132051140344	0.0	0.0	0.002229654403567447	0.012635104277667834	0.0	0.0339648675900865	0.017018140987403067	0.01185008589559303	0.07381284105422037	0.16732631951645127
sub-M2023	239305	0.058785319909061384	0.3596025119039404	0.38782615655514646	0.18618345882284007	0.033496424538953705	0.22457683321259858	0.1450503661151341	0.10107875291421346	0.12388549976536838	0.0	0.0	0.002832114865309886	0.009700187787347018	0.07759974866478166	0.014276328244189802	0.11009937305412207	0.0757549002295603	0.01441165602069366	0.0	0.0	0.0	0.0	0.0	0.0	0.0	0.011605777930302937	0.008161599673536014	0.0	0.0	0.04619922571130093	0.0011421834125492796	0.35251973707091433	0.3709161986907015	0.48817044469218385	0.4251788704521236	0.22968726619781535	0.4056148171734862	0.230323871013018	0.11040213161308418	0.033176593521421105	0.4059267595660201
sub-M2024	125709	0.0	0.0717686840107653	0.07795741956138946	0.004980517387865116	0.0	0.0230382304027099	0.00469274647032647	0.0	0.0	0.0	0.02536424142270198	0.0	0.0	0.001365426907368472	0.00036748738850098556	0.0	0.009094119724527635	5.278994879374967e-05	0.0	0.0	0.0	0.0	0.0	0.0	0.0	0.0	0.0679453172821873	0.0	0.0	0.0	0.04609262739029513	0.09790282753104024	0.11163165896186901	0.38003220611916266	0.3301872431115847	0.008379470297770463	0.12413097702064427	0.1178286957437103	0.0005258913858990989	0.38584117032392895	0.3893996105308414
sub-M2025	162989	0.0	0.0	0.0	0.006416078282014473	0.0	0.05563661221699605	2.0227355475545126e-05	0.0	0.005548347917299252	0.03416140727809856	0.09728770903136798	0.045610221958769674	0.11804701159101211	0.11950506295463882	0.06438824485796056	0.31709813622211797	0.35506798516687266	0.0	0.0	0.0	0.0	0.0	0.0	0.0	0.0	0.0	0.00040807998367680065	0.0	0.0018264222417641886	0.10089104651877343	0.11211819756088574	0.27670156157618336	0.010828084763116254	0.2748668400842314	0.4910945349368245	0.10324704474038605	0.3798227458472642	0.20256851117583072	0.05188795007537777	0.4377104377104377	0.255791456968716
sub-M2026	8483	0.0	0.0	0.0	0.0	0.0	0.0	0.0	0.0	0.0	0.0	0.0	0.0	0.0	0.004422533168998767	0.0	0.05770461039791871	0.01072752957796221	0.0	0.0	0.0	0.0	0.0	0.0	0.0	0.0	0.0	0.0	0.0	0.0	0.03050451668407792	0.0	0.04976871978576149	0.0	0.03356868574259879	0.005023595676663115	0.0	0.0	0.0	0.0	0.0	8.851571786247186e-05
sub-M2027	94818	0.006170834686586554	0.17183079152577463	0.06271010084840724	0.0	0.0	0.0	0.02589101500869776	0.0	0.0	0.0	0.0	0.004972666798392939	0.00915625202357055	0.052067473839387125	0.038775487477588834	0.2075958544803173	0.28796574253929014	0.006229213957662461	0.0	0.0	0.0	0.0	0.0	0.0	0.0	0.0	0.0014282799428688023	0.0	0.0	0.10944509309899834	0.0003316016359014038	0.2431050672973255	0.19841146722099842	0.44952310169701476	0.3490637844420764	0.0	0.0	0.0	0.0	0.0010449320794148381	0.13950709390253155
sub-M2029	194681	0.070477427736278	0.14201918432130287	0.032295501840883624	0.0	0.0	0.017916356327351012	0.034285367531048994	0.0	0.002594749772269302	0.0	0.0	0.03750905618125535	0.09859483261024413	0.16018995142463568	0.16088152429314356	0.4477118607924255	0.453778915769027	0.0	0.0	0.0	0.0	0.0	0.0	0.0	0.0	0.0	0.0	0.0	0.0026381654603260503	0.10833896638603822	0.25360156221215135	0.4659339894967482	0.20126586205826688	0.47045707915273133	0.5031207185264119	0.11087834804728415	0.050310460117815634	0.010842485701252676	0.013813413736283	0.022698246836177872	0.3128271920285274
sub-M2030	209785	0.1055537512179279	0.28258919329238835	0.2768128701776853	0.07365306301819353	0.0	0.03341461672669394	0.05344067316639023	0.0	0.0	0.0	0.0003487014660622508	0.0004281103866166107	0.001631807291329405	0.02117015877619082	0.13835343377988618	0.38561436431099927	0.396168108776267	0.007021063189568706	0.0	0.0	0.0	0.0	0.05806053119209389	0.0	0.0	0.0	0.21158947153642113	0.0	0.2111208820942975	0.03468321759970503	0.3592351055598541	0.29569088442945085	0.3639353417517297	0.48234856930509107	0.5009894961181306	0.23806673649558582	0.09483627872419466	0.12442541843573458	0.0	0.10606060606060606	0.4288523304924003
sub-M2031	152559	0.0	0.05741494720861224	0.005642708500080039	0.0	0.0	0.003193519094795482	0.0009911404183017111	0.0	0.0	0.0012891097086074929	0.03761427553480192	0.0	0.0005827883183319304	0.030305227289204668	0.02165948395861869	0.1807054207361283	0.33820413208546707	0.0	0.0	0.0	0.0	0.0	0.0	0.0	0.0	0.0024334695660312607	0.04386859824525607	0.0	0.0003382263410674423	0.08139863577705402	0.14782064035960354	0.28863075157374884	0.14734262045856475	0.4907717081630125	0.5023595676663115	0.0	0.05354773655999576	0.17684831046703392	0.00897521298601129	0.39019505398815746	0.38468298727902683
sub-M2032	200301	0.07080220850925625	0.266993306190049	0.3478869857531615	0.15925936776726335	0.0	0.17048086439277224	2.0227355475545126e-05	0.047970917137550875	0.06370938802550584	0.0066066872566134015	0.03537045740535787	0.0	0.0	0.0	0.07536832258711121	0.1214867573676803	0.11208723291541586	0.0	0.0	0.0	0.0	0.0	0.2684784846613136	0.0	0.0	0.0	0.14854111405835543	0.03146651270207852	0.23702901982006358	0.0	0.2370951696695037	3.4778979584738986e-05	0.18857621544475814	0.11891490152359717	0.23915360024356827	0.23686966931019005	0.378549063312636	0.30878276430751955	0.1311923710689619	0.4164634854290027	0.415486457095167
sub-M2034	277009	0.26404676843130886	0.4562832102684425	0.44189210821194175	0.15978671666715497	0.17337849705181282	0.015202375243595107	0.3947975241716898	0.0	0.0	0.0	0.00013644839976348943	0.3282289402621353	0.23817911027650068	0.2231808405229706	0.04451051793449816	0.3015097880325841	0.438371887692036	0.13244998152351792	0.0	0.0	0.0054466230936819175	0.0	0.0	0.0	0.01992337164750958	0.0	0.034278718628851255	0.0	0.002908746533180004	0.09169790450439379	0.1578423786890682	0.44809237296977705	0.47637367751543547	0.4864362690449647	0.5031207185264119	0.4026634744875056	0.0008491216897521626	0.022702550966700586	0.0	0.06426332288401254	0.267842239700564
sub-M2035	189618	0.0	0.025671106203850665	0.12273891467904595	0.04300823250227053	0.0	0.2148126230729204	0.0	0.10945588177184179	0.14469870538548596	0.1036390492815899	0.0909655998423263	0.0	0.0	0.0	0.019120480183520975	0.0013647801424489273	0.03478721525693095	0.0	0.04723809523809524	7.303534910896874e-05	0.0	0.0	0.07288449660284126	0.0	0.0	0.29454341247309146	0.04509283819628647	0.0066397228637413395	0.04173713048772238	0.0	0.21215135772447588	0.0	0.008159846110887034	0.07494116189768364	0.08631450753539352	0.25542421068382465	0.38555431725309136	0.38797852556230045	0.21971742102864356	0.4109485661209799	0.35389216256543843
sub-M2036	151413	0.08898993179603767	0.22600234628390034	0.18380822794941573	0.05727594996044883	0.0	0.07857281325565497	0.0003843197540353574	0.0009088394515351484	0.009771717227482265	0.0	0.0	0.0	0.0	0.0	0.018318689517700642	0.07357017955388749	0.13738301253752427	0.0	0.0	0.0	0.0	0.0	0.0	0.0	0.0	0.0005615698998533679	0.029585798816568046	0.0	0.0011499695596293039	6.145148405333988e-05	0.03713938322095722	0.07540082773971411	0.2523036827898607	0.45968041620215533	0.42715786268838485	0.32799640879844383	0.3767977498275222	0.27236043369942803	0.03351681099463591	0.07012655288517357	0.4367997774461951
sub-M2037	55300	0.0	0.0	0.0	0.0	0.0	0.0	0.0	0.0	0.0	0.0	0.0	0.0	0.0	0.0	0.04958852548469359	0.21874866720689215	0.09765142150803462	0.0	0.0	0.0	0.0	0.0	0.029853819229977353	0.0	0.0	0.0	0.11303815547847378	0.0	0.0051410403842251234	0.0	0.26417596993478504	0.0	0.0	0.0	0.0	0.0	0.0	0.0	0.0	0.013032625101590619	0.13376621734402266
sub-M2040	243711	0.17213380967846703	0.43275136291491273	0.384304466143749	0.13678844519966016	0.04516371847948814	0.05853424615604371	0.03121080949876613	0.040423598213932904	0.14566483561984156	0.011843695447831341	0.022089479828378236	0.0	0.0	0.0	0.011135981469726835	0.16422143557811233	0.3930778739184178	0.0	0.0	0.0	0.0	0.0	0.0	0.0	0.0	0.0007799581942407887	0.03978779840848806	0.0	0.0006764526821348846	0.0008603207767467584	0.2432482222467853	0.178416165269711	0.4414073407588967	0.48371113588504894	0.5031207185264119	0.3950321711806075	0.4673353499973465	0.4686129337871504	0.337937804578761	0.4425287356321839	0.4607053438203384
sub-M2041	116156	0.01104254628126015	0.09302325581395349	0.1085721146150152	0.04271526089121964	0.0	0.1436063299017457	0.0	0.17560358794009562	0.18204653987357497	0.0	0.0	0.0	0.0	0.0	0.0	0.0	0.0014126787921596327	0.0	0.0008571428571428571	0.0	0.0	0.0	0.0	0.0	0.0	0.08620097962749197	0.001224239951030402	0.0	0.0	0.0	0.055193250064478096	0.0	0.06710930470664887	0.04174408522234609	0.006393667224843964	0.22968726619781535	0.4403757363477153	0.2786764447875364	0.0786382919047786	0.10484151863462209	0.2517323790495941
sub-M2042	221135	0.3666774926924326	0.45345386791801806	0.47538818632943813	0.33996425746345177	0.37253795006900015	0.30392506963504096	0.17334843642542175	0.0792270913186075	0.059679244762193946	0.0	0.0	0.0	0.0	0.013183015539283211	0.0005456630920166149	0.02198575510726319	0.043439872858908705	0.008129652114237449	0.0	0.0	0.0	0.0	0.0	0.0	0.0	0.005678095654072942	0.0032646398694144052	0.0	0.0	0.000516192466048055	0.017759109833830736	0.18269397975863388	0.45738574664143217	0.4724389941781246	0.32090120261835897	0.19766571898847823	0.273894815050682	0.004596652514123303	0.02061494232724468	0.0010159061883199814	0.33292658253458435
sub-M2043	4001	0.0	0.0	0.0011205378581719224	0.0008203205109424896	0.0	0.0030200691759088264	0.0	0.0	0.00011041488392635327	0.0	0.0	0.0	0.0	0.0	0.0	0.0	0.0	0.0	0.0	0.0	0.0	0.0	0.0	0.0	0.0	0.0001871899666177893	0.0	0.0	0.0	0.0	0.0	0.0	0.0	0.0	0.0	0.0	0.012524544923844399	0.0	0.0	0.0	0.012562909385195114
sub-M2044	161007	0.01006820396232543	0.25401973638810293	0.27133023851448695	0.11279407025459233	0.0	0.0761139055820265	0.006452526396698895	0.003240210218516616	0.0027879758191404203	0.0	0.0	0.00862807086873477	0.010852813572492391	0.026704366949418787	0.09060234523769753	0.17639783341152387	0.2543704750132439	0.003642506466768727	0.0	0.0	0.0	0.0	0.0	0.0	0.0	0.013009702679936355	0.007957559681697613	0.0	0.0	0.19014318195784427	0.004937179912309789	0.06148923590581852	0.21805094474263909	0.44432057475535736	0.4347693712893896	0.25901541224001196	0.14477524810274373	0.042247096389347	0.006556112610875434	0.0	0.29460559925140994
sub-M2045	348231	0.4085742124066255	0.44924435856738665	0.47522810949255645	0.3364778952919462	0.06009283653243006	0.40077134199222536	0.04890974553986812	0.4913265104516537	0.3679576006845723	0.07868940512958238	0.02933640594915023	0.0	2.590170303697468e-05	0.008192561444210832	0.0776846067328144	0.1601697445302171	0.32191417976337633	0.0	0.0	0.0	0.0	0.0	0.14515132798023472	0.0	0.0	0.09119271207063301	0.16037543358498266	0.002886836027713626	0.18656564973280118	0.019086830946967368	0.31697431929553077	0.14200257364448926	0.38565356333964196	0.4953548866592345	0.49779266250570864	0.29956606314529405	0.4611261476410338	0.412751324607881	0.4144374715142166	0.40880065017996053	0.4573986495030475
sub-M2046	196928	0.0	0.0	0.0	0.0	0.0	0.0	0.17715117925482424	0.0	0.0	0.0	0.0	0.06912336165448199	0.12709965680243476	0.21907247637690616	0.3108720587088943	0.40440141595939777	0.3825710754017305	0.00981893047563744	0.0	0.0	0.0	0.0	0.08812023883055384	0.0	0.0	0.0	0.09977555600897776	0.01789838337182448	0.3367381451667456	0.25791187857186754	0.324048487528094	0.48203665704448234	0.20954981229251343	0.41595441595441596	0.3097884000608921	0.0	0.0	0.0	0.0	0.006704980842911878	0.11247186464682228
sub-M2047	84177	0.006495615459564794	0.1207646125181147	0.012445974067552426	0.0	0.058148287542340985	0.0	0.21610906590072415	0.0	0.0	0.0	0.0	0.00833168675492327	0.040575017807420836	0.10827956209671573	0.0003452154255615319	0.015609672879259608	0.11681087762669963	0.0318851290714248	0.0	0.0	0.0	0.0	0.0	0.0	0.0	0.0	0.0	0.0	0.0	0.0012536102746881336	0.0	0.2963864640211456	0.3253699854177655	0.48569305091044224	0.3907748515755823	0.0	0.0	0.0	0.0	0.0	0.07097063807187476
sub-M2048	101922	0.0220850925625203	0.2700986819405148	0.053825836401472704	0.008291096592740164	0.002383640697528541	0.00020405872810194773	0.013390509324810874	0.0	0.0	0.0	0.007307569854000212	0.0	0.0	0.0	0.00011135981469726835	0.0195760651682518	0.13340985343457532	0.00015836984638124902	0.0	0.0	0.0	0.0	0.0	0.0	0.0	0.0	0.0022444399102224035	0.0	0.0	0.004178700915627113	0.022696289746140526	0.007442701631134143	0.29753963575439796	0.47615508485073704	0.4650631755213883	0.24465060601526262	0.009021917953616728	0.08912593424330678	0.0	0.21528503425055148	0.3460711666371614
sub-M2049	9412	0.0	0.0	0.0	0.0	0.0	0.0	0.0	0.0	0.0	0.0	0.0005003107991327946	0.0	0.0	0.0	3.3407944409180505e-05	0.0009382863479336376	0.0003531696980399082	0.0	0.0	0.0	0.0	0.0	0.0	0.0	0.0	0.0	0.0	0.0	0.0	0.0	0.0	0.0	0.0	0.008794747925182709	0.0	0.0	0.0	0.0	0.0	0.0	0.04856983890139349
sub-M2050	21480	0.062033127638843784	0.1210406459181561	0.045661917720505846	8.789148331526674e-05	0.08474469953581734	0.0	0.03831061127068247	0.0	0.0	0.0	0.0	0.0	0.0	0.0	0.0	0.0	0.0	0.0	0.0	0.0	0.0	0.0	0.0	0.0	0.0	0.0	0.0	0.0	0.0	0.0	0.0	0.0037213508155670713	0.09977971518103688	0.0	0.0	0.0	0.0	0.0	0.0	0.0	0.0028767608305303354
sub-M2051	163042	0.0	0.06693809951004072	0.005802785336961742	0.03087920780476372	0.0	0.07231841323933028	0.07478053319309033	0.01983640889872367	0.0855439313219422	0.03128776688599436	0.00134932306432784	0.0008232892050319436	0.03453992099980574	0.13578143502742937	0.0279290415260749	0.27476862711647543	0.43294190358467244	0.0	0.0	0.0	0.0	0.0	0.0	0.0	0.0	0.0	0.0	0.0	0.0	0.05727278313771277	0.04624000589514019	0.4073661878760477	0.16028047531879247	0.41298154341632604	0.5026640280103517	0.10564117911117761	0.2762829698031099	0.27590441769886664	0.15222802650492584	0.30207244862417276	0.24685769201588226
sub-M2052	209431	0.0	0.04181906010627286	0.11105330558668161	0.09738376351331555	0.0939028980052691	0.27731581149054696	0.19023827824750192	0.36377286916663376	0.2346316283435007	0.37220357190815095	0.12013523552509893	0.0	0.0011267240821083986	0.04060030450228377	0.0004899831846679807	0.00963875975604555	0.00238389546176938	0.0	0.00038095238095238096	7.303534910896874e-05	0.0	0.0	0.09162034177475809	0.0	0.0	0.28197048638192995	0.048765558049377676	0.0	0.001014679023202327	0.0	0.20264544416196897	0.01405070775223455	0.12193230120070739	0.013749535488665924	0.0920992540721571	0.017207840790064342	0.3808310778538449	0.3774167514649637	0.31974196262665217	0.3290955532334843	0.2544826888546066
sub-M2054	100023	0.0	0.004692567800703885	0.0	0.023877186300647467	0.0015054572826496049	0.11260980910305986	0.004005016384157935	0.0790295175247955	0.07124520385347945	0.0	0.001940599463302961	0.0	0.0012303308942562974	0.02323642427318205	0.0	0.0	0.026708458414268055	0.022541308134931107	0.2138095238095238	0.0	0.0	0.0	0.0	0.0	0.0	0.2128973886999657	0.0	0.0	0.0	0.0	0.006484654213183007	0.07929607345320488	0.01265862058266886	0.03183451009537966	0.02816258182371746	0.031123746820290288	0.39287799182720373	0.23134145057721323	0.07432598254040598	0.11189481017067224	0.1780873017880175
sub-M2055	54851	0.02890548879506333	0.27085777379062864	0.24343684968785018	0.04221720915243313	0.0005645464809936018	0.0027547928293762945	0.0	0.0	0.0	0.0	0.0	0.0	0.0	0.0	0.0	0.014330191495713738	0.03010771675790217	0.0	0.0	0.0	0.0	0.0	0.0	0.0	0.0	0.0	0.0	0.0	0.0	0.0007005469182080747	0.0	0.013981149793065072	0.1738078247649778	0.40839836492010406	0.20657634343126807	0.02304354331886877	0.0	0.0	0.0	0.0	0.11483649882400546
sub-M2057	124801	0.0	0.06811124146021669	0.113534496558348	0.03108428793249934	0.0	0.01886522941302507	0.0	0.0	0.0	0.0	0.0004245061325975227	0.0	0.0	0.0	0.28803216071448456	0.27749818740137333	0.12427158749779268	0.0	0.0	0.0	0.0	0.0	0.21824171299155856	0.0	0.0	0.0	0.17547439298102427	0.09396651270207852	0.4441588310897653	0.013052295212929393	0.3576139420065583	0.0	0.04179206354131116	0.1642512077294686	0.02253006545897397	0.10100254376776896	0.029666189035716183	0.00894768237482017	0.0	0.027110182282596075	0.25507700867454036
sub-M2058	118113	0.0	0.0	0.0005202497198655354	0.015849764157853104	0.0	0.0714409607084919	0.0	0.015529300193622317	0.07740083363237364	0.007009534040553243	0.08665989478312285	0.0	0.0	0.0	0.0	0.0	0.0	0.0	0.0	0.0010224948875255625	0.0	0.0	0.02120650607370805	0.0	0.0	0.11197079836520762	0.029177718832891247	0.0	0.0	0.0	0.09656976529973103	0.0	0.0	0.0	0.0	0.013915906030225947	0.3731889826460755	0.3681181795852486	0.17754093187953582	0.45654824103099967	0.24112313800864926
sub-M2059	101774	0.0	0.004830584500724587	0.04414118777012966	0.01514663229133097	0.0	0.03596535082796829	4.045471095109025e-05	0.0	0.00038645209374223643	0.0	0.0006974029321245016	0.0	0.0	0.0	2.227196293945367e-05	4.264937945152898e-05	0.04626523044322797	0.0	0.0	0.0	0.0	0.0	0.0	0.0	0.0	0.007362805353633046	0.12140379514384819	0.0	0.0	0.0	0.04524520098743598	0.04869057141863458	0.012503490428469486	0.2134274742970395	0.10442989800578474	0.006733502917851264	0.07047710024942949	0.08909084529281729	0.011709848192686605	0.1505282712179264	0.3632811512101363
sub-M2060	86376	0.0	0.014422745152163411	0.02937409956779254	0.019658395101514663	0.003261824112407477	0.24357470079888993	0.011590274687487358	0.35116766112142883	0.019764264222817237	0.0	0.0	0.011460185734044654	0.008353299229424335	0.0089054834577926	0.0	0.0	0.0	0.040437100776012244	0.03666666666666667	0.0	0.0	0.0	0.0	0.0	0.0012260536398467432	0.09861791407980532	0.0	0.0	0.0	0.001204449087445462	0.0	0.052098911417939	0.04331233905246502	0.035922209835253315	0.0	0.0	0.01570875126041501	0.0	0.017073940328857413	0.0	0.03791634000151741
sub-M2061	100162	0.0	0.18238906907735836	0.05018408836241396	0.0009375091553628453	0.0	0.0	0.003034103321331769	0.0	0.0	0.0	0.0001667702663775982	0.0	0.0	0.00021750163126223448	0.0897226027015891	0.32550006397406916	0.3403231502737065	0.0	0.0	0.0	0.0	0.0	0.0	0.0	0.0	0.0	0.055090797796368086	0.0	0.007779205844551174	0.00546918208074725	0.22408901661692643	0.17921608180016	0.1303713815891533	0.4728106032453859	0.4853097884000609	0.0	0.0	0.0	0.0	0.01843144084523395	0.22629675526668522
sub-M2066	146477	0.0743747970120169	0.43150921261472636	0.39587001760845203	0.13365364896141563	0.1346129720235855	0.030241503504708656	0.14308831263400623	0.0	0.0	0.0	0.0	0.0013831258644536654	0.00423492844654536	0.054580826022861836	5.5679907348634175e-05	0.033629035697530604	0.09058802754723645	0.03447183656231854	0.0	0.0	0.0	0.0	0.0	0.0	0.0	0.0	0.005713119771475209	0.0	0.0	0.008123886191851533	0.0	0.42186902236288387	0.4478917812044305	0.49523101697014743	0.40767240066981275	0.24704474038605417	0.004617099188027384	0.0	0.0	0.0	0.2281808755469007
sub-M2069	27145	0.0	0.0	0.0	0.0	0.0	0.006295211761945088	0.0	0.0	0.017307533055455876	0.0	0.0	0.0	0.0	0.0	0.0	0.0	0.0	0.0	0.0	0.0	0.0	0.0	0.0	0.0	0.0	0.00605247558730852	0.0	0.0	0.0	0.0	0.0014737850484506834	0.0	0.0	0.0	0.0	0.0	0.16536644907923367	0.14042597985894242	0.04771587841391158	0.00882387089283641	0.08845881490098885
sub-M2071	163372	0.04481974667099708	0.1622386308743358	0.1972546822474788	0.09588960829695603	0.0	0.08557202762955178	0.0	0.0	0.0257542716758219	0.0	3.0321866614108765e-05	0.0	0.00033672213948067085	0.01736388022910172	0.024432343344580675	0.21855674499936026	0.34058802754723644	0.0	0.0	0.0	0.0	0.0	0.0	0.0	0.0	0.0	0.0071413997143440116	0.0	0.0	0.05770294352608615	0.021406727828746176	0.2608771258651271	0.0996556110576774	0.49646971386101824	0.5012939564621708	0.35627712105341913	0.404447274850077	0.16368995403347486	0.041264944080215964	0.05625217694183211	0.4187741837586303
sub-M2072	156909	0.0003247807729782397	0.08908977986336347	0.05730750760364975	0.0018164239885155129	0.0	0.010090704104641315	0.0	0.0	0.0	0.0	0.002865416395033278	0.0	0.0	0.0	0.177986391830644	0.2740649123555252	0.2774147978103479	0.0	0.0	0.0	0.0	0.0	0.3796582252419189	0.0	0.0	0.0	0.45133646194654153	0.04922055427251732	0.33389704390177904	0.014736065875990904	0.3335912457168122	0.05282926998921852	0.09835251776240266	0.48717948717948717	0.3798142791901355	0.02708364506957953	0.0057846415114366076	0.01603565037369732	0.0	0.09415999071171485	0.3952795832174199
sub-M2073	21443	0.0	0.0	0.002881383063870658	0.0	0.0	0.0	0.0	0.0	0.0	0.0	0.0	0.0	0.0	0.0	0.0017706210536865667	0.0	0.0	0.0	0.0	0.0	0.0	0.0	0.0	0.0	0.0	0.0	0.045296878188124876	0.0	0.0	0.0	0.0	0.0	0.0	0.0	0.0	0.0	0.0	0.0	0.0	0.0	0.09620394021395513
sub-M2074	271769	0.2536537836960052	0.46028569456904284	0.47046582359532574	0.47033662438109747	0.1550621001129093	0.4162083847731377	0.10388769772239978	0.06595013237444185	0.08976730063212521	0.0	0.0015615761306266014	0.0	0.0	0.0011720921240242635	0.025657301306250626	0.047745980295986694	0.06379127670845841	0.012300058068943673	0.08714285714285715	0.0	0.0	0.0	0.0	0.0	0.0	0.10326646491748043	0.18241175270352988	0.0	0.03794899546776703	0.0001720641553493517	0.14527836115102613	0.029562132647028137	0.4222953057615339	0.2967917750526446	0.12543766174455778	0.3995211731258417	0.4397388950804012	0.09523141162847819	0.030536759807874347	0.15589806107047485	0.45431956703168863
sub-M2075	33328	0.0	0.0	0.0	0.06008847742653737	0.0	0.2237197865545704	0.0	0.004504682498913344	0.0	0.0	0.0	0.0	0.0	0.0	0.0	0.0	0.0	0.003061817030037481	0.0029523809523809524	0.0	0.0	0.0	0.0	0.0	0.0	0.007394003681402677	0.0	0.0	0.0	0.0	0.0	0.0	0.0	0.0	0.0	0.0	0.0	0.0	0.0	0.0	0.0030917275739106246
sub-M2076	84919	0.0	0.0	0.0	0.0	0.0	0.0	0.11485092439014523	0.0	0.0	0.0	0.0	0.07060528222353948	0.1295085151848734	0.21203992363276059	0.00012249579616699518	0.14611677400093828	0.27684089705103304	0.016206514279681148	0.0	0.0	0.0	0.0	0.0	0.0	0.0	0.0	0.0	0.0	0.0	0.08831807288146008	0.006079363324859069	0.3656314123743609	0.02745803729328907	0.4033197076675338	0.4633886436291673	0.0	0.0	0.0	0.0	0.0	0.02843251308768114
sub-M2077	70197	0.07469957778499513	0.3176454350976468	0.36529534176404677	0.08255939999414057	0.0	0.012743467569966636	0.0	0.0	0.0	0.0	0.0	0.0	0.0	0.0	0.0	0.0	0.0058714462299134735	0.0	0.0	0.0	0.0	0.0	0.0	0.0	0.0	0.0	0.005917159763313609	0.0	0.0	0.0	0.00011053387863380126	0.0	0.1166578759579287	0.00990957512696643	0.07992084031054955	0.11267394882537782	0.005094730138512976	0.0	0.0	0.0	0.2354897448218305
sub-M2078	44580	0.0	0.07866951901180043	0.002321114134784697	0.0	0.0	0.0	0.0026295562118208667	0.0	0.0	0.0	0.0	0.0	0.00011655766366638606	0.004833369583605211	0.003285114533569416	0.006184160020471702	0.024368709164753664	0.00031673969276249805	0.0	0.0	0.0	0.0	0.0	0.0	0.0	0.0	0.010201999591920016	0.0	0.0	0.002949671234560315	0.0	0.17121691649567003	0.14520182433061338	0.4604236343366778	0.1303090272492008	0.0	0.0	0.0	0.0	0.0	0.11147290154523153
sub-M2079	223106	0.12569015914257875	0.4361327720654199	0.30718744997598846	0.04936571646207483	0.010789110525655501	0.10992643682851924	0.008556171366155588	0.0019757379381198877	0.026996439119993373	0.0	0.008626571051713943	0.0	0.0	0.0017883467459339278	0.1326295393044466	0.37493069475839125	0.4004944375772559	0.0	0.0	0.0	0.0	0.0	0.03541280625900762	0.0	0.0	0.0	0.13262599469496023	0.0	0.03443144152066563	0.029976033921219197	0.350945064662319	0.263555107293152	0.29313393937513577	0.4858169205995293	0.49185568579692496	0.3067484662576687	0.2741601655787295	0.16649707007263412	0.009536163797636995	0.37452107279693486	0.4540793100832048
sub-M2082	8265	0.0	0.0	0.0	0.0	0.0	0.0	0.0	0.0	0.0	0.0	0.0	0.0	0.0	0.0	0.0	0.0	0.0	0.0	0.0	0.0	0.0	0.0	0.0	0.0	0.0	0.0	0.0	0.0	0.0	0.0	0.0	0.0	0.0	0.0	0.0	0.0	0.0	0.0	0.0	0.0	0.0030727599200829517
sub-M2083	75912	0.0	0.0006210751500931612	0.0	0.0	0.0	0.0021732254542857436	0.0	0.007784407476192358	0.044110746128578134	0.0	0.00019709213299170698	0.0	0.0	0.0	0.017138275481909597	0.14620207275984134	0.2774147978103479	0.0	0.0	0.0	0.0	0.0	0.0	0.0	0.0	0.0	0.00020403999183840033	0.0	0.00013529053642697694	0.0009709334480427702	0.06930474190339339	0.030188154279553438	0.06121435884707269	0.4672364672364672	0.45136246003957986	0.0	0.20442604680783313	0.09881048457840626	0.017845247694842758	0.10713456403111575	0.2095040590779191
sub-M2084	61831	0.02890548879506333	0.07570215996135532	0.06611173363214343	0.04183634605806697	0.0	0.10393731315872708	0.0	0.017465523372979807	0.020012697711651532	0.0	0.0	0.0	0.0	0.0	0.0	0.0	0.018453116722585202	0.0	0.0	0.0	0.0	0.0	0.0	0.0	0.0	0.0	0.0	0.0	0.0	0.0	0.03927637154121071	0.0	0.00021718221587912258	0.043106651802303976	0.2275841071700411	0.11791111776148436	0.21806506394947725	0.0018948033264325065	0.0	0.007982120051085569	0.21601628689208668
sub-M2086	122104	0.0	0.007107860051066179	0.0	0.0	0.0	0.007621593494607748	0.0	0.0	0.0	0.010098026050758695	0.03247471914371049	0.0	0.0	0.0	0.1488658002873083	0.3519640039237429	0.2561804697156984	0.0	0.0	0.0	0.0	0.0	0.0	0.0	0.0	0.0	0.16588451336461946	0.0	0.0926740174524792	0.03639156885638788	0.23175269886886998	0.01234653775258234	0.02941267723620117	0.3315991576861142	0.12817780484091948	0.0	0.014435068725786765	0.08477490438260991	0.03677733758721032	0.4403808196911645	0.2671088237525606
sub-M2087	238733	0.006495615459564794	0.2484300600372645	0.16507923803425645	0.0385843611754021	0.16484757245013174	0.07438960932956505	0.2858732149358793	0.007152171335993994	0.03008805586993127	0.018638377870283336	0.02857835928379751	0.006553382072054271	0.020462345399209998	0.07650015708451147	0.00400895332910166	0.10231586130421802	0.24898463711813526	0.05532386633584965	0.05447619047619048	0.0017528483786152498	0.0	0.0	0.0	0.0	0.0	0.19505194521573643	0.007345439706182412	0.0	0.0	0.03720272844589197	0.057219704506097785	0.29304768198101067	0.4028730104557724	0.4916387959866221	0.45729943674836354	0.007930570103247044	0.29422066549912435	0.29660689848766625	0.1338919468499106	0.3436665505631023	0.42012720973167095
sub-M2088	60074	0.0	0.0	0.0	0.0	0.0	0.0	0.06068206642663538	0.0	0.0	0.0	0.0	0.0	0.0013857411124781455	0.05682834287923826	0.000601342999365249	0.14912355525227108	0.2927776796750839	0.0	0.0	0.0	0.0	0.0	0.0	0.0	0.0	0.0	0.0	0.0	0.0	0.06352854421434277	0.021590950959802513	0.3362431746252565	0.012286308212590363	0.1194103802799455	0.3647434921601461	0.0	0.0	0.0636864451384259	0.021631665673316272	0.07657030070823174	0.06028552641561923
sub-M2089	168664	0.007469957778499512	0.11538196121730729	0.09996798463262366	0.03202179708786219	0.018190942165349392	0.01273326463356154	0.09158946559326833	0.0	0.0	0.0	0.00021225306629876135	0.03546729895277613	0.05640095836301237	0.17749341453394235	0.015991269390527734	0.2139719367083209	0.303858378951086	0.03737528374597476	0.0	0.0	0.0	0.0	0.0006176652254478073	0.0	0.0001532567049808429	0.0	0.013262599469496022	0.0	0.0	0.15006452405825602	0.10578092185254781	0.4499008799081835	0.25611988458316526	0.49646971386101824	0.4410108083422134	0.2217566960945683	0.004882449716074935	0.0	0.0	0.0006095437129919888	0.23781644369135835
sub-M2092	68896	0.0	0.0	0.006242996638386425	0.016025547124483636	0.0	0.028364163206170735	0.0	0.0	0.0	0.0	0.006276626389120514	0.0	0.0	0.0	0.0004565752402588002	0.0	0.0	0.0	0.0	0.0006573181419807187	0.0	0.0	0.0	0.0	0.0	0.0	0.058151397673944095	0.0	0.0	6.145148405333988e-05	0.0009579602814929443	0.0	0.0	0.0	0.0	0.006284602723327847	0.06278193493605053	0.0502824660514404	0.0	0.037066062928131895	0.2645798032422043
sub-M2094	303722	0.08314387788242936	0.3351045476502657	0.320113654554186	0.20874227287375854	0.02841550621001129	0.19806960443215557	0.03802742829402484	0.05405618998696013	0.07342589781102493	0.00572042433194575	0.06957352294607257	0.014061779621945597	0.005037881240691575	0.03864278982092366	0.1528413456720008	0.2639356847357871	0.3218258873388663	0.019373911207306128	0.05847619047619047	0.007668711656441718	0.0	0.009288747346072187	0.0	0.0	0.00020434227330779056	0.13455838767042086	0.16241583350336666	0.0	0.09950618954204153	0.10672893750384072	0.15902140672782875	0.16913017772058567	0.3473053892215569	0.49646971386101824	0.4393362764499924	0.3585216220260362	0.25256063259565886	0.2619741043545388	0.12978999403989763	0.4091489608730988	0.4717571634505956
sub-M2095	129463	0.0035725885027606367	0.09647367331447106	0.07775732351528734	0.04277385521342982	0.0	0.056779341094366956	0.014806424208099033	0.0	0.005079084660612251	0.0	0.0	0.0	0.0	0.0	0.004933239791088988	0.07954109267710155	0.2676584849019954	0.0	0.0	0.0	0.0	0.0	0.0	0.0	0.0	0.0	0.024484799020608038	0.0	0.0	8.603207767467585e-05	0.011237610994436462	0.06493235488470768	0.20756414631876144	0.4294562120649077	0.4904856142487441	0.24764327397875205	0.3405508676962267	0.24976314958419593	0.050976405006485995	0.08762916521537212	0.41811031587466174
sub-M2096	198340	0.003897369275738876	0.25774618728866194	0.25780374579798304	0.09085049658688073	0.0	0.0629113058738305	0.000809094219021805	0.0	0.0032572390758274215	5.3712904525312205e-05	0.027456450219075487	0.0	0.0	0.0	0.06470005233911291	0.16172644688019788	0.2739713932544588	0.0019532281053687376	0.0479047619047619	0.006354075372480281	0.0	0.0	0.024294832200947088	0.0	0.0	0.05996318597323184	0.14935727402570903	0.0	0.14455793817222484	0.00340441221655503	0.21948343834051803	0.07421834243383299	0.3189165710030716	0.48494983277591974	0.4489267772872583	0.17566960945683077	0.1870190521679138	0.17537457454647531	0.014760018230901378	0.25885289678393125	0.45251131736678385
sub-M2097	248309	0.008119519324455992	0.24090814988613624	0.27925404194013126	0.11080186329944629	0.0	0.14941180071624613	0.06972369432420406	0.003990990635002173	0.0029812018660115383	0.0	0.005685349990145394	0.0022393466376868865	0.001256232597293272	0.02113390850431378	0.16104856401518947	0.27135667676035313	0.2937930425569486	0.010399619912368685	0.011047619047619047	0.0	0.0	0.0	0.008647313156269302	0.0	0.0	0.058590459551368046	0.23056519077739238	0.0	0.11127646621118853	0.030111227186136545	0.20146641612320842	0.33280005564636733	0.3753218950699637	0.49646971386101824	0.4506013091794794	0.24764327397875205	0.23154487077429284	0.05389662795185796	0.008729797005925043	0.11360733774526878	0.4638729420095597
sub-M2099	383973	0.08184475479051641	0.3689186391553378	0.3723787417960621	0.18829285442240648	0.04365826119683854	0.19659017865341646	0.09169060237064607	0.06464614533528273	0.052750710795815274	0.03974754934873103	0.15300413893479284	0.025983007310808142	0.03428090396943599	0.1192996447473356	0.32185213643804494	0.3279097539130806	0.3134381070104185	0.03837829277305601	0.0	0.09830557990067193	0.0	0.0399416135881104	0.35701050030883263	0.005137614678899082	0.002758620689655172	0.027017751848500922	0.39196082432156704	0.03420900692840647	0.3200974091862274	0.19920113070730658	0.27010795475479904	0.41595659583347827	0.4384598678291086	0.49646971386101824	0.4697823108540113	0.3642076911566662	0.37823064267897893	0.30488789080318607	0.18830417557760404	0.4353012887495646	0.48535064869376093
sub-M2100	183147	0.0	0.057552963908632945	0.11077317112213862	0.033750329593062435	0.0	0.02167103692442685	0.00024272826570654154	0.0	0.0	0.0	0.022680756227353355	0.012020022393466378	0.0019555785792915886	0.015756784842552985	0.08545752179868372	0.1987887576235766	0.27476602507504855	0.002692287388481233	0.0	0.03805141688577272	0.0	0.04272823779193206	0.0	0.0	0.0	9.359498330889465e-05	0.0661089573556417	0.0	0.0005411621457079077	0.09387328703988201	0.03912899303636565	0.18196362118735437	0.06723340883000838	0.49646971386101824	0.43294260922514843	0.28789465808768516	0.02234251446160378	0.006070388434681918	0.0	0.08908045977011494	0.41375407804557296
sub-M2101	223248	0.0	0.11828031191774205	0.03929886345445814	0.012861453725134035	0.0	0.11229351807450184	0.0	0.2986130319674398	0.1644905733292848	0.014905331005774137	0.05474613017177338	0.0	0.011383798484750372	0.002380434519925566	0.1775298165903852	0.308674883780441	0.3472982518099947	0.0	0.0	0.0	0.0	0.0	0.007000205888408483	0.0	0.0	0.09362618163666428	0.09936747602530097	0.0	0.1676926199012379	0.01567012843360167	0.19402380162853247	0.04100441693040726	0.14864571375383948	0.4679796853709897	0.48835439184046275	0.19587011821038455	0.3039324948256647	0.30106319519983155	0.1312975493461417	0.4113259027052131	0.45516046635138213
sub-M2102	70672	0.0	0.013111586501966739	0.0	0.0	0.0	0.0	0.000161818843804361	0.0	0.0	0.0	0.0	0.0	5.180340607394936e-05	0.0007612557094178207	0.039310014588135725	0.2580927197509276	0.3292424509977044	0.0	0.0	0.0	0.0	0.0	0.0	0.0	0.0	0.0	0.001836359926545603	0.0	0.0	0.04461377742272476	0.010095427581887181	0.2199074879143046	0.06620954981229252	0.4593088071348941	0.47739381945501597	0.0008978003890468353	0.0	0.0	0.0	0.0	0.1573683012569232
sub-M2103	32390	0.0	0.033262024704989304	0.0	0.0	0.0	0.0	0.0007281847971196245	0.0	0.0	0.0	0.0	0.0	0.0	2.416684791802605e-05	0.0	0.09419115451870175	0.18470775207487197	0.0	0.0	0.0	0.0	0.0	0.0	0.0	0.0	0.0	0.0	0.0	0.0	0.00868923984514226	0.0	0.17232984384238167	0.16853339952219912	0.3930385234733061	0.4059978687775917	0.0	0.0	0.0	0.0	0.0	0.02707316456336461
sub-M2104	27332	0.0	0.0	0.0	0.0	0.0	0.0	0.0	0.0	0.0	0.0	9.096559984232629e-05	0.0	0.0	0.0	0.0	0.016675907365547832	0.07103125551827653	0.0	0.0	0.009056383289512124	0.0	0.0	0.0	0.0	0.0	0.0	0.0	0.0	0.0	0.0	0.02413323016837994	0.0	0.00021718221587912258	0.045955654651306826	0.13335363068960268	0.0	0.0	0.0	0.0	0.01036224312086381	0.09186667003869402
sub-M2105	9220	0.0	0.0	0.0	0.0	0.0	0.0	0.0	0.0	0.0	0.0	0.00013644839976348943	0.0	0.0	0.0	0.0	0.0	0.0	0.005806894367312463	0.00019047619047619048	0.005623721881390593	0.0	0.0	0.0	0.0	0.0	9.359498330889465e-05	0.0	0.0	0.0	0.0	0.0	0.0	0.0	0.0	0.0	0.0	0.0	0.0	0.0	0.014483919656333449	0.01529425153637996
sub-M2106	99457	0.0	0.02153060520322959	0.00036017288298383223	0.0	0.0	0.0027241840201610024	0.000809094219021805	0.0	0.0	0.0	0.0	0.0	0.018429061710807486	0.08805191038932791	0.003630329959130948	0.2128204034631296	0.3664577079286597	0.0	0.0	0.0	0.0	0.0	0.0	0.0	0.0	0.0	0.0	0.0	0.0	0.11975665212314877	0.11337091485206882	0.30400306055020343	0.03791380968632683	0.36925554316858666	0.49429136854924643	0.02184647613347299	0.004139468237541793	0.04965086494262957	0.0	0.0926506443747823	0.19803495106345312
sub-M2107	100441	0.0	0.0	0.012325916439891147	0.03140655670465532	0.0	0.1421167011866015	0.0	0.09775951317817205	0.07350870897396969	0.0	7.580466653527192e-05	0.0	0.0	0.0	0.0	0.0	0.016996291718170582	0.0	0.0	0.0	0.0	0.0	0.0	0.0	0.0	0.0	0.000612119975515201	0.0	0.0	0.0	0.07453667882539332	0.0	0.0	0.030348073826334695	0.10686558075810626	0.058506658686218765	0.4077906915034761	0.18905926523737676	0.02916944220453669	0.09154766051317775	0.28070230899572596
sub-M2109	112887	0.0	0.021254571803188186	0.0006403073475268129	0.0	0.001380002509095471	0.0	0.16986933128362797	0.0	0.0	0.0	0.00013644839976348943	0.0	0.004740011655766366	0.07048261195292298	0.015033574984131227	0.17230349298417708	0.32443051386191063	0.0	0.0	0.0	0.0	0.0	0.0	0.0	0.0	0.0	0.00632523974699041	0.0	0.0	0.08465556443188103	0.06009358535057662	0.48102806663652486	0.3196922217740684	0.4902762294066642	0.48698432029228195	0.0	0.0	0.006807256394961226	0.0	0.030970625798212005	0.16747806074707267
sub-M2110	91135	0.0	0.0	0.0	0.0002929716110508892	0.0	0.016753221577169908	0.0	0.0	0.0	0.0	0.002850255461726224	0.0	0.0	0.0	0.06237263221194	0.22412248901778478	0.25750485608334805	0.0	0.0	0.0	0.0	0.0	0.0	0.0	0.0	0.0	0.10956947561722098	0.0	0.03219914766962051	0.0	0.22659445119929258	0.0	0.0	0.0007432181345224824	0.05952199725985691	0.0002992667963489451	0.05683808310778538	0.1661812695182287	0.0	0.18820387785905027	0.25564603828937055
sub-M2111	66512	0.0	0.016147953902422192	0.0	0.0	0.0	0.0	0.0	0.0	0.0	0.0	0.0	0.0	0.0	0.0	0.13321974632234213	0.32754723418774256	0.2942786508917535	0.0	0.0	0.0	0.0	0.0	0.0	0.0	0.0	0.0	0.008365639665374413	0.0	0.0016234864371237232	0.01804215571806059	0.07531041597582992	0.004034361631829722	0.020911544786075518	0.44816053511705684	0.37281169127721114	0.0	0.0	0.0	0.0	0.0	0.11393869654282897
sub-M2112	58927	0.025982461838259176	0.2407701331861155	0.11561549543781015	0.0030762019160343363	0.0	0.0	0.01294550750434888	0.0	0.0	0.0	0.0	0.0	0.0009195104578126012	0.018753473984388216	0.00015590374057617568	0.06356890007250394	0.13407204661840014	0.0	0.0	0.0	0.0	0.0	0.0	0.0	0.0	0.0	0.0	0.0	0.0	0.01240090948196399	0.004937179912309789	0.22741974750460822	0.24088610344078681	0.4882943143812709	0.14583650479525043	0.004937902139757594	0.0	0.0	0.0	0.0	0.10076249968387244
sub-M2113	21225	0.0	0.0	0.0	0.0	0.0	0.003295548458846456	0.0	0.0	0.0	0.0	7.580466653527192e-05	0.0	0.0	0.0	0.0	0.0	0.0	0.0	0.007523809523809524	0.0	0.0	0.0	0.0	0.0	0.0	0.04249212242223817	0.0	0.0	0.0	0.0	0.0	0.0	0.0	0.0	0.0	0.0	0.00021228042243804065	0.0	0.0	0.0007546731684662719	0.02178118914544397
sub-M2114	196757	0.0	0.24442757573666413	0.20605890827597248	0.04854539595113234	0.0004390917074394681	0.03615920661966514	0.04909179173914802	0.0	0.0	0.0	0.0	0.0	0.003574435019102506	0.044031996906643465	0.20508023474648937	0.3066916876359449	0.29449938195302844	0.00021115979517499867	0.0	0.0	0.0	0.0	0.0	0.0	0.0	0.0	0.07508671699653131	0.0	0.09524453764459176	0.14337860259325264	0.21093548505950407	0.3491809550307794	0.3162483323508424	0.4855691812213551	0.4411630385142335	0.14215172826574893	0.18500238815475242	0.048703463279413314	0.0	0.03332172297689539	0.41671935459396575
sub-M2115	209200	0.00974342318934719	0.013594644952039197	0.2028573715383384	0.27448510239357804	0.0	0.21059881033761516	0.0	0.11589678745011261	0.136113948160212	0.2895662682959581	0.35832865871223035	0.0	0.0	0.0	0.0	0.0	0.004149743951968921	0.0	0.00019047619047619048	0.1506719252118025	0.0	0.0	0.0	0.0	0.0	0.022899572582909557	0.10099979596000816	0.0	0.0	0.0	0.014258870343760362	0.0	0.010176538115478887	0.006812832899789421	0.005175825848683209	0.2256471644471046	0.38767712147747174	0.3344678760658269	0.37478526101742454	0.4456925577615233	0.3163678207430262
sub-M2116	174331	0.006495615459564794	0.21882547788282383	0.3582519609412518	0.21137901737321654	0.0	0.24457458856658945	0.1740563938670658	0.15228988027028095	0.1646561956551743	0.0	0.0	0.029572548244747414	0.09086317425370719	0.16476956910510163	0.0006458869252441564	0.14611677400093828	0.18634116192830655	0.0	0.0	0.0	0.0	0.0	0.0	0.0	0.0	0.0010607431441674727	0.0	0.0	0.0	0.06929269341854606	0.0	0.3590234062532605	0.20520616797493096	0.46835129443825096	0.45105799969553967	0.15786323507406852	0.08071963063206496	0.008105547563072388	0.07888370788486485	0.0	0.13503705015047673
sub-M2117	96744	0.01948684637869438	0.17051963287557795	0.10412998239154794	0.007998124981689274	0.0	0.0038975217067472017	0.006675027306929892	0.0	0.0	0.0	0.0	0.0	0.0	0.005957128011793422	0.0	0.03286134686740308	0.05474130319618577	0.0	0.0	0.0	0.0	0.0	0.0	0.0	0.0	0.0	0.03672719853091206	0.0	0.0	0.0018435445216001965	0.040971224346929	0.21962925607762668	0.2678477242406379	0.3893224328006937	0.3944283757040645	0.08693700433936855	0.024146898052327125	0.10203866802343942	0.0019633278406899694	0.009027052130500406	0.33531018436559523
sub-M2118	131035	0.0	0.14843696087226554	0.0549063550504242	0.008232502270529986	0.0	0.029537500892756936	0.002265463813261054	0.0	0.0022082976785270654	0.0	0.0	0.0	0.0	0.007008385896227555	0.0	0.14206508295304304	0.242318559067632	0.0	0.0	0.0	0.0	0.0	0.0	0.0	0.0	0.0	0.001836359926545603	0.0	0.0	0.046592515209242305	0.017611731328985667	0.23270615240148854	0.1593807204244361	0.4832156571287006	0.48622316943218147	0.19601975160855903	0.2971395213076474	0.2394469981402856	0.03712793184447639	0.04559967491001974	0.3887547103007005
sub-M2119	2061	0.0	0.0	0.0	0.0	0.0	0.0	0.0	0.0	0.0	0.0	0.0	0.0	0.0	0.0	0.0	0.0	0.0	0.0	0.0	0.0	0.0	0.0	0.0	0.0	0.0	0.0	0.0	0.0	0.0	0.0	0.0	0.0	0.0	0.0	0.0	0.0	0.0	0.0	0.0	0.0	0.00011380592296603525
sub-M2120	68289	0.0	0.0	0.0	0.0	0.0	0.00031629102855801897	0.0	0.0	0.0	0.0	0.021194984763262027	0.0	0.0	0.0	0.0	0.000959611037659402	0.004458767437753841	0.0	0.0	0.0	0.0	0.0	0.00020588840848260242	0.0	0.0	0.0	0.0665170373393185	0.0	0.0	0.0	0.1205556169632659	0.0	0.0	0.02551715595193856	0.07565839549398691	0.0	0.008066656052645544	0.13088178532580091	0.0	0.2392894461859979	0.23711464049973446
sub-M2121	38112	0.13445924001299123	0.17445310882616796	0.03905874819913559	0.01432631178038848	0.2996487266340484	0.017079715542133025	0.09893199563089122	0.0	0.0	0.0	0.0	0.0	0.0	0.0	0.0	0.0	0.0	0.0	0.0	0.0	0.0	0.0	0.0	0.0	0.0	0.0	0.0	0.0	0.0	0.0	0.0	0.034013842033874725	0.3215848096553008	0.0007432181345224824	0.0	0.0	0.0	0.0	0.0	0.0	0.005165524392402822
sub-M2122	183275	0.0	0.008971085501345663	0.007963822634864734	0.004218791199132804	0.0	0.011355868218873391	0.005623204822201545	0.0	0.0	0.0	0.02750193301899665	0.0	0.003004597552289063	0.047016602624519684	0.198409781846123	0.3851238964473067	0.33639413738301255	0.0	0.0	0.0	0.0	0.0	0.018118179946469012	0.0	0.0	0.0	0.23056519077739238	0.0	0.12825542853277414	0.1549437718920912	0.25695442319737666	0.3789865405349007	0.029226521051161924	0.4396135265700483	0.45623382554422287	0.08918150531198564	0.0391657379398185	0.08435383697673603	0.0	0.27496226634157667	0.37983991300169445
sub-M2123	111572	0.0	0.011110344351666551	0.13782615655514646	0.05692438402718777	0.0	0.12212914876901572	0.0	0.08499624609791757	0.05385485963507881	0.0	0.0003487014660622508	0.0	0.0	0.0	0.0018040289980957472	0.0	0.0035316969803990818	0.0	0.0	0.0	0.0	0.0	0.0	0.0	0.0	0.051508439147661685	0.017139359314425628	0.0	0.0	0.0	0.005968829446225268	0.0	0.00018615618503924793	0.018208844295800816	0.04308113868168671	0.15816250187041747	0.2839781351164889	0.06007228323800835	0.023665112365459453	0.09616277719725995	0.3337801269568296
sub-M2124	52741	0.08671646638519	0.08529432061279414	0.1985352969425324	0.14754050332522778	0.014113662024840046	0.14268806562528696	0.0	0.20899355909432174	0.05148093963066221	0.0006982677588290586	0.0005761154656680665	0.0	0.0	0.0	0.0	0.0	0.0	0.0	0.004380952380952381	0.0	0.0	0.0	0.0	0.0	0.0	0.251146538545534	0.0	0.0	0.0	0.0	0.0	0.0	0.00018615618503924793	0.0	0.0	0.0	0.0	0.0	0.0	0.00029025891094856614	0.0
sub-M2125	2349	0.0	0.0	0.0	0.0	0.0	0.0	0.0	0.0	0.0	0.0	0.0	0.0	0.0	0.0	0.0	0.0	0.0	0.0	0.0	0.0	0.0	0.0	0.0	0.0	0.0	0.0	0.0	0.0	0.0	0.0	0.0	0.0	0.0	0.0	0.0	0.0	0.0	0.0	0.0	0.0	0.001745024152145874
sub-M2126	26810	0.0	0.0	0.05394589402913398	0.05103565464506489	0.0	0.12194549591372397	0.0	0.006243331884458845	0.0	0.0	0.0	0.0	0.0	0.0	0.0	0.0	0.0	0.0	0.0	0.0	0.0	0.0	0.0	0.0	0.0	0.0	0.0	0.0	0.0	0.0	0.0	0.0	0.0	0.0	0.0	0.1831512793655544	0.006792973518017301	0.0	0.0	0.0	0.05537290407425204
sub-M2127	226250	0.06950308541734329	0.39403767855910565	0.39274851928925886	0.18855652887235227	0.20888219796763266	0.04893328299884707	0.28591366964683035	0.0	0.00033124465177905983	0.0	0.0	0.0770928011591912	0.10439681409052645	0.20317069044684502	0.09236183030991436	0.2879046359875464	0.35263994349284833	0.034049516971968535	0.0	0.0	0.0	0.0	0.0	0.0	0.0	0.0	0.0624362375025505	0.0	0.0	0.14454618079026607	0.006226741829704138	0.4803324870448301	0.4352641866526015	0.49646971386101824	0.4945958288932866	0.18120604518928624	0.07663323250013268	0.0	0.0	0.0	0.2713512556586834
sub-M2129	264964	0.11075024358557974	0.4061141398109171	0.4178005442612454	0.21105674860106055	0.024840045163718478	0.16867494464907	0.14507059347060966	0.05053937645710673	0.07350870897396969	0.005049013025379348	0.02404524022498825	0.009846538892182045	0.028129249498154502	0.09799656830759564	0.025779797102417623	0.05921866336844799	0.150097121666961	0.019849020746449876	0.0054285714285714284	0.013438504236050247	0.0	0.0021231422505307855	0.0	0.0	0.0	0.07328487193086451	0.056723117731075294	0.0	0.0	0.02740736188778959	0.021333038576323644	0.27113692484262514	0.3734603332195712	0.49646971386101824	0.44847008677119804	0.20469848870267843	0.36055829751101204	0.18544510333695918	0.128597973565193	0.2710727969348659	0.4525998330846463
sub-M2131	423559	0.27346541084767784	0.43903112276585465	0.45653913878661756	0.4636275744880321	0.42535440973529043	0.45770372713266877	0.2424046280189328	0.5247164816058798	0.2908604079829961	0.02908553780045656	0.04414863779014236	0.010142923005993546	0.012471670012303308	0.04995287464655985	0.024376663437232042	0.2851964003923743	0.3954617693801872	0.1531436414506678	0.3616190476190476	0.03885480572597137	0.0	0.00291932059447983	0.0	0.0	0.0	0.4059214426106761	0.009385839624566414	0.0	0.0	0.10535242426104591	0.02365425002763347	0.4574131394984871	0.43818063355154974	0.49646971386101824	0.5031207185264119	0.234325901541224	0.3809902881706735	0.37706586196006875	0.26960698383760473	0.37565308254963425	0.43911383121317116
sub-M2134	56514	0.0	0.0	0.0	0.0	0.0	0.0	0.010275496581576924	0.0	0.0	0.0	0.0	0.0	0.0006604934274428544	0.006138379371178618	0.008563569750219935	0.24527658122574317	0.27635528871622816	0.0	0.0	0.0	0.0	0.0	0.0	0.0	0.0	0.0	0.0	0.0	0.0	0.0462852577889756	0.03279171732802771	0.17372100302577123	0.03201886382675064	0.46661711879103185	0.15314355305221494	0.0	0.0	0.0	0.0	0.0	0.10149591563187578
sub-M2135	240098	0.004222150048717116	0.2093713339314057	0.2970625900432207	0.14604634810886824	0.0021327311504202736	0.1765414086174001	0.001132731906630527	0.01442288694827518	0.05341320009937339	0.03907613804216463	0.13987477069088372	0.0	0.0	0.00015708451146716933	0.06694952059599772	0.08595982428455666	0.07968391312025429	0.0	0.01361904761904762	0.051782062518258835	0.0	0.0	0.0010294420424130121	0.0	0.0	0.12728917730009673	0.2511732299530708	0.0	0.07813028478657918	0.006292631967062004	0.11219188681330827	0.03943936284909401	0.12059818187459279	0.369751021924935	0.14614096513929062	0.24375280562621576	0.3690495144085337	0.30758973999087685	0.18560459979665533	0.429147799837455	0.4605409574871652
sub-M2136	115517	0.0	0.08115381961217308	0.16115735553065472	0.039287493041924235	0.0	0.03508789829712992	0.0757514462559165	0.0	0.0	0.0	0.0	0.0031614305473226635	0.008353299229424335	0.03993571618453805	0.0012806378690185859	0.10265705633983026	0.07937488963446936	0.008499181755793696	0.0	0.0	0.0	0.0	0.0	0.0	0.0	0.0	0.0	0.0	0.0	0.08395501751367296	0.0	0.34643341564358504	0.25556141602804755	0.4712002972872538	0.3737250723093317	0.12913362262456982	0.0866634824603301	0.008491526018456787	0.0	0.0	0.2162818340456741
sub-M2137	211826	0.0016239038648911985	0.22262093713339315	0.23283175924443733	0.09055752497582985	0.0018190942165349391	0.0835722520941527	0.11072454387313403	0.0	0.01686587351975046	0.001262253256344837	0.04866659591564457	0.01195415925706382	0.019244965356472188	0.054955412165591244	0.0969053107495629	0.11882117115195974	0.08992583436341162	0.05484875679670591	0.0074285714285714285	0.002264095822378031	0.0	0.0002653927813163482	0.030883261272390366	0.0	0.0017369093231162196	0.07749664617976476	0.12221995511120179	0.0	0.1091118176283569	0.065593314078535	0.09244316716406913	0.2894306681041978	0.37913809686326827	0.41199058590362936	0.12619881260465823	0.1433487954511447	0.12444939765430134	0.01845678795747219	0.056024962311117345	0.17961221409497272	0.374478389519739
sub-M2138	112532	0.0	0.00034504175005175625	0.020729950376180566	0.0037207394603462926	0.0	0.057095632122924976	0.0	0.030347334729521475	0.0356916112291937	0.006096414663622936	0.08468897345320578	0.0	0.0	0.0	0.0003006714996826245	0.0	0.0	0.0	0.040857142857142856	0.008252994449313468	0.0	0.0	0.0	0.0	0.0	0.15174866627148784	0.1811875127524995	0.0	0.0	0.0	0.024870122692605284	0.0	0.002233874220470975	0.0	0.0	0.0	0.11367616621557076	0.25600898277132533	0.05031027591768047	0.39887379542551954	0.22697326825320555
sub-M2139	40633	0.0	0.0	0.0	0.0	0.0	0.00045913213822938243	0.0	0.0	0.0	0.0	0.0006215982655892297	0.0	0.0	0.0	0.0011024621655029566	0.0	0.0008829242450997704	0.0	0.0	0.0	0.0	0.0	0.0	0.0	0.0	0.0	0.0640685574372577	0.0	0.0	0.0	0.00040529088832393795	0.0	0.0	0.00619348445435402	0.011417262901507078	0.0	0.0002653505280475508	0.0	0.0	0.0	0.1564578538731949
sub-M2140	194073	0.0	0.06949140846042372	0.027533215943652954	0.013154425336184924	0.0	0.017589862362387895	0.00465229175937538	0.0	0.0	0.0	0.0	0.007376671277086215	0.0024995143430680566	0.023985596558640857	0.15828684061069723	0.39284343412803346	0.4299399611513332	0.00026394974396874835	0.0	0.0	0.0	0.024416135881104035	0.28824377187564343	0.0	0.00035759897828863347	0.0	0.4360334625586615	0.03016743648960739	0.2352025975782994	0.11834326798992195	0.3080947643786154	0.3025075644280597	0.14073407588967143	0.49646971386101824	0.5025117978383316	0.05925482567709112	0.03645916255373348	0.019404189620688444	0.0	0.02037617554858934	0.39309830302723753
sub-M2141	167	0.0	0.0	0.0	0.0	0.0	0.0	0.0	0.0	0.0	0.0	0.0	0.0	0.0	0.0	0.0	0.0	0.0	0.0	0.0	0.0	0.0	0.0	0.0	0.0	0.0	0.0	0.0	0.0	0.0	0.0	0.0	0.0	0.0	0.0	0.0	0.0	0.0	0.0	0.0	0.0	0.0
sub-M2142	7229	0.0	0.0	0.0	0.0	0.0	0.005274918121435349	0.0	0.0	0.0	0.0	0.0	0.0	0.0	0.0	0.0	0.0	0.0	0.0	0.0	0.0	0.0	0.0	0.0	0.0	0.0	0.0	0.0	0.0	0.0	0.0	0.0	0.0	0.0	0.0	0.0	0.0	0.00021228042243804065	0.0	0.0	0.0	0.014086644242684809
sub-M2143	2821	0.0	0.0	0.0	0.0	0.0	0.0	0.0	0.0	0.0	0.0	0.0	0.0	0.0	0.0	0.0	0.0	0.0	0.0	0.0	0.0	0.0	0.0	0.0	0.0	0.0	0.0	0.0	0.0	0.0	0.0	0.0	0.0	0.0	0.0	0.0	0.0	0.0	0.0	0.0	0.0	0.0037935307655345084
sub-M2144	2013	0.0	0.0	0.0	0.0	0.0	0.0	0.0	0.0	0.0	0.0	0.0	0.0	0.0	0.0	0.0	0.0	0.0	0.0	0.0	0.0	0.0	0.0	0.0	0.0	0.0	0.0	0.0	0.0	0.0	0.0	0.0	0.0	0.0	0.0	0.0	0.0	0.0	0.0	0.0	0.0	0.0033319845223944767
sub-M2145	462	0.0	0.0	0.0	0.0	0.0	0.0	0.0	0.0	0.0	0.0	0.0	0.0	0.0	0.0	0.0	0.0	0.0	0.0	0.0	0.0	0.0	0.0	0.0	0.0	0.0	0.0	0.0	0.0	0.0	0.0	0.0	0.0	0.0	0.0	0.0	0.0	0.0	0.0	0.0	0.0	0.0010558660630737716
sub-M2146	76590	0.09191295875284183	0.12456007176868401	0.10685128861853689	0.1786540884188322	0.34525153682097603	0.024813541337196845	0.2226829564302763	0.0	0.0	0.0	0.0	3.293156820127774e-05	0.0012691834488117594	0.009811740254718577	0.0	0.0	0.0008829242450997704	0.08488623766034947	0.0	0.0	0.1715686274509804	0.0	0.0	0.0	0.002145593869731801	0.0	0.0	0.0	0.0	0.0	0.0	0.049455708969498836	0.2900313362911483	0.04905239687848383	0.0	0.0	0.0	0.0	0.0	0.0	0.022735894388103486
sub-M2147	4915	0.0	0.0	0.0	0.0	0.0	5.101468202548693e-05	0.0	0.0	0.0	0.0	0.0	0.0	0.0	0.0	0.0	0.0	0.0	0.0	0.0	0.0	0.0	0.0	0.0	0.0	0.0	0.0	0.0	0.0	0.0	0.0	0.0	0.0	0.0	0.0	0.0	0.0	0.0	0.0	0.0	0.0	0.0009799954477630814
sub-M2149	169	0.0	0.0	0.0	0.0	0.0	0.0002550734101274347	0.0	0.0	0.0	0.0	0.0	0.0	0.0	0.0	0.0	0.0	0.0	0.0	0.0	0.0	0.0	0.0	0.0	0.0	0.0	0.0	0.0	0.0	0.0	0.0	0.0	0.0	0.0	0.0	0.0	0.0	0.0	0.0	0.0	0.0	0.0
sub-M2150	778	0.0	0.0	0.0	0.0	0.0	0.0	0.0	0.0	0.0	0.0	0.0	0.0	0.0	0.0	0.0	0.0	0.0	0.0	0.0	0.0	0.0	0.0	0.0	0.0	0.0	0.0	0.0	0.0	0.0	0.0	0.0	0.0	0.0	0.0	0.0	0.0	0.0	0.0	0.0	0.0	0.0
sub-M2151	109072	0.13153621305618707	0.07052653371057899	0.04970385785176885	0.18987490112208127	0.3032869150671183	0.1573190764301966	0.006735709373356527	0.19121191765124274	0.1710326552019212	0.035047670202766217	0.0026076805288133536	0.00013172627280511097	0.0004791815061840316	0.0026462698470238527	0.0	0.0	0.0	0.10209576096711186	0.20438095238095239	0.0	0.0	0.0	0.0	0.0	0.0	0.41996069010701026	0.0	0.0	0.0	0.0	0.0	0.0007651375508642577	0.010486798423877633	0.0	0.0	0.0	0.0	0.0	0.004207131087192791	0.0	0.019795908044814244
sub-M2152	3719	0.0	0.0	0.0	0.0	0.0	0.0	0.0	0.0	0.0	0.0	0.0	0.0	0.0	0.0	0.0	0.0006823900712244637	0.0	0.0	0.0	0.0	0.0	0.0	0.0	0.0	0.0	0.0	0.0	0.0	0.0	0.000565353653290727	0.0	0.0	0.0	0.02489780750650316	0.0	0.0	0.0	0.0	0.0	0.0	0.006885258339445133
sub-M2153	76839	0.0	0.05417155475812573	0.07855770769969585	0.011132921219933789	0.0	0.02103845486731081	0.04164812492414742	0.0	0.0	0.0	0.00159189799724071	0.0	0.0	0.0	0.0	0.0	4.414621225498852e-05	0.0	0.0	0.0	0.0	0.0	0.0	0.0	0.0	0.0	0.05019383799224648	0.0	0.0	0.0	0.00047898014074647215	0.004277814488922895	0.10682262418168843	0.006565093521615261	0.008372659461105192	0.006434236121502319	0.017406994639919335	0.02084283659075757	0.0	0.025049344014861256	0.2510242533066943
sub-M2155	988	0.0	0.0	0.0	0.0	0.0	0.0	0.0	0.0	0.0	0.0	0.0	0.0	0.0	0.0	0.0	0.0	0.0	0.0	0.0	0.0	0.0	0.0	0.0	0.0	0.0	0.0	0.0	0.0	0.0	0.0	0.0	0.0	0.0	0.0	0.0	0.0	0.0	0.0	0.0	0.0	0.0018335398700083457
sub-M2156	56519	0.014290354011042547	0.14926506107238977	0.22866976148551305	0.15190578032988603	0.17011667293940536	0.12760812561855303	0.07953396172984344	0.009364997826688268	0.0034228614017169515	0.0	0.0	0.0	0.0	0.0	0.0	0.0	0.0	0.0	0.0	0.0	0.0	0.0	0.0	0.0	0.0	0.0	0.0	0.0	0.0	0.0	0.0	0.0	0.053178616859545155	0.0	0.0	0.0	0.0	0.0	0.0	0.0	0.009559697529146961
sub-M2158	1081	0.0	0.0	0.0	0.0	0.0	0.0	0.0	0.0	0.0	0.0	0.0	0.0	0.0	0.0	0.0	0.0	0.0	0.0	0.0	0.0	0.0	0.0	0.0	0.0	0.0	0.0	0.0	0.0	0.0	0.0	0.0	0.0	0.0	0.0	0.0	0.0	0.0	0.0	0.0	0.0	0.0
sub-M2159	29084	0.0	0.003933475950590021	0.021930526652793342	0.001054697799783201	0.0	0.006264602952729795	0.043812451960030745	0.0	0.0	0.0	0.0	0.0010867417506421656	0.012018390209156252	0.08239686797650983	0.0	0.002452339318462916	0.017128730354935548	0.0	0.0	0.0	0.0	0.0	0.0	0.0	0.0	0.0	0.0	0.0	0.0	0.0	0.0	0.198135846694258	0.05668455834445099	0.03691316734794996	0.001978992236261227	0.0	0.0	0.0	0.0	0.0	0.04459927670013404
sub-M2160	113785	0.06398181227671322	0.11641708646746256	0.15207299503761806	0.24316643717223801	0.12934387153431187	0.32035179724724777	0.00863708078805777	0.28632394199233413	0.19016203384216193	0.0	0.0	0.0	0.0	0.0	0.0	0.0	0.0	0.0	0.0	0.0	0.0	0.0	0.0	0.0	0.0	0.1136243097369981	0.0	0.0	0.0	0.0	0.0	0.0	0.0006205206167974931	0.0	0.0	0.02394134370791561	0.27654832033115745	0.01347415698796449	0.08954177330575325	0.0	0.09122809235982904
sub-M2162	2262	0.0	0.0	0.0	0.0	0.0	0.0	0.0	0.0	0.0	0.0	0.0	0.0	0.0	0.0	0.0	0.0	0.0	0.0	0.0	0.0	0.0	0.0	0.0	0.0	0.0	0.0	0.0	0.0	0.0	0.0	0.0	0.0	0.0	0.0	0.0	0.0	0.0	0.0	0.0	0.0	0.0013530259730406414
sub-M2164	4116	0.0	0.0	0.0	0.0	0.0	0.0	0.0	0.0	0.0	0.0	0.0	0.04175722847922018	0.009480023311532733	0.01082674786727567	0.0	0.0	0.0	0.0	0.0	0.0	0.0	0.0	0.0	0.0	0.0	0.0	0.0	0.0	0.0	0.006071406624469981	0.0	0.0	0.0	0.0	0.0	0.0	0.0	0.0	0.0	0.0	0.0
sub-M2165	338316	0.2072101331601169	0.39010420260851564	0.4021930526652793	0.15351712419066593	0.005331827876050683	0.09779514544285846	0.18920668311824912	0.01110364721223377	0.05901675545863582	0.0	0.0003335405327551964	0.23430810775209115	0.3009907401411643	0.3037410280577104	0.33988129043753273	0.3816906214014586	0.3992583436341162	0.04988650161009344	0.0	0.0	0.0	0.0	0.017088737904056003	0.0	0.004086845466155811	0.0	0.08100387675984493	0.0177540415704388	0.28336602854630316	0.24697351441037302	0.3235695073873476	0.43898028031857544	0.44761254692687164	0.49646971386101824	0.5009894961181306	0.36256172377674695	0.33768508199331315	0.03986104775606161	0.00967640150054342	0.03912690119586671	0.4262221491616297
sub-M2168	118036	0.10522897044494967	0.24994824373749225	0.3928285577076997	0.1615445463334603	0.0	0.12392486557631287	0.0004854565314130831	0.0	0.003947332100367129	0.0	0.0	0.0	0.0	0.0	0.0	0.06064741758007421	0.27975454705986225	0.0	0.0	0.0	0.0	0.0	0.0	0.0	0.0	0.0	0.0	0.0	0.0	0.003748540527253733	0.005489849305478796	0.0	0.07976792528931774	0.04880465750030968	0.2794945958288933	0.3422115816250187	0.19391816589715014	0.010386329344889294	0.0	0.0	0.31305480387445944
sub-M2169	132422	0.0	0.002691325650403699	0.0014006723227149031	0.0	0.0	0.0005101468202548694	0.08305352158258829	0.0	0.0	0.0	0.0	0.13455838767042086	0.2528135724923914	0.2540056550424128	0.09994543369079834	0.21540069091994712	0.1445788451350874	0.022963627725281106	0.0	0.0	0.0	0.0	0.0	0.0	0.0	0.0	0.0	0.0	0.001894067509977677	0.15353038775886438	0.0	0.4448927068479811	0.14619465731748937	0.3739625913538957	0.22849748820216167	0.0	0.0022820145412089372	0.0	0.0	0.0	0.06579879112819605
sub-M2170	21396	0.007469957778499512	0.08570837071285625	0.012045781975348167	0.0	0.0	0.0	0.0	0.0	0.0	0.0	0.0	0.0	0.0	0.0	0.0	0.0007463641404017572	0.021057743245629524	0.0	0.0	0.0	0.0	0.0	0.0	0.0	0.0	0.0	0.0	0.0	0.0	0.0	0.0	0.05300316488714221	0.23142316403462504	0.27077914034435774	0.14614096513929062	0.0	0.0	0.0	0.0	0.0	0.029855087124756582
sub-M2172	65647	0.0	0.09626664826444	0.013686569553385625	0.0	0.10186927612595659	0.0	0.25599741089849914	0.0	0.0	0.0	0.0	0.0	2.590170303697468e-05	0.02596727808791899	0.0	0.013583827355311981	0.05235740773441639	0.0	0.0	0.0	0.0	0.0	0.0	0.0	0.0	0.0	0.0	0.0	0.0	1.2290296810667977e-05	0.0	0.3350954682989601	0.41171542924513665	0.33444816053511706	0.12163190744405541	0.0	0.0	0.0	0.0	0.0	0.03760653498899876
sub-M2173	94136	0.0	0.0	0.05854810308948295	0.04807664137345091	0.0	0.15055452959361704	0.0	0.10285691705852136	0.11516272393518646	0.0	0.0	0.0	0.0	0.0	0.0	0.0	0.0	0.0	0.0	0.0	0.0	0.0	0.0	0.0	0.0	0.03565968864068886	0.0	0.0	0.0	0.0	0.00022106775726760252	0.0	0.0015513015419937328	0.0	0.0	0.09965584318419872	0.407472270869819	0.2787115337380259	0.087157732356344	0.07241959828166725	0.22330618851318884
sub-M2175	46948	0.0	0.0	0.0	0.0	0.0	0.006448255808021549	0.0	0.0	0.0	0.0	0.017677648236025408	0.0	0.0	0.0	0.0015144934798828494	0.0	0.0	0.0	0.0	0.012562080046742623	0.0	0.0	0.0	0.0	0.0	9.359498330889465e-05	0.01815955927361763	0.0	0.0	1.2290296810667977e-05	0.0	0.0	0.0	0.0011148272017837235	0.0	0.0	0.00323727644218012	0.0	0.0	0.05584581446650412	0.14536809893528235
sub-M2176	122040	0.1578434556674245	0.4214339935132151	0.4280454618216744	0.21550991708903408	0.019696399447998995	0.15357459876952587	0.05661636797605081	0.0	0.0	0.0	0.0	0.0	0.0	0.0	0.0006124789808349759	0.016611933296370538	0.12842133144976162	0.0	0.0	0.0	0.0	0.0	0.0	0.0	0.0	0.0	0.0	0.0	0.0	0.0002826768266453635	0.0	0.0866344381455848	0.4410040023579783	0.41223832528180354	0.31648652762977625	0.3453538829866826	0.051584142652443876	0.0	0.0	0.0	0.20567259300472926
sub-M2177	8260	0.0	0.04292319370643848	0.06202977429166	0.0021972870828816686	0.0	0.0019079491077532114	0.0	0.0	0.0	0.0	0.0	0.0	0.0	0.0	0.0	0.0	0.0	0.0	0.0	0.0	0.0	0.0	0.0	0.0	0.0	0.0	0.0	0.0	0.0	0.0	0.0	0.0	0.01939126927492166	0.019571410875758703	0.0	0.0	0.021652603088680146	0.0	0.0	0.0	0.021465061581649427
sub-M2178	92690	0.0	0.0	0.0006002881383063871	0.02033222980693171	0.0	0.12210874289620553	0.0	0.0932943454380211	0.11438981974770199	0.004861017859540755	0.004366348792431662	0.0	0.0	0.0	0.0	0.0	0.0	0.0	0.0	0.0	0.0	0.0	0.0	0.0	0.0	0.06189748229494899	0.0	0.0	0.0	0.0	0.0	0.0	0.0	0.0	0.0	0.0007481669908723628	0.3309982486865149	0.15835643355907225	0.10300459278477019	0.26854754440961337	0.20397182671151462
sub-M2179	113655	0.0	0.04775377820716307	0.043140707539619016	0.0022851785661969354	0.0	0.01847751782963137	0.02581010558679558	0.0	0.0	0.0	0.0015312542640124925	0.001811236251070276	0.012704785339636081	0.05424249015200947	0.003830777625586031	0.07075532051008658	0.16360586261698745	0.007654542575093702	0.0	0.0	0.0	0.0	0.0	0.0	0.0	0.006302062209465572	0.013262599469496022	0.0	0.0	0.036821729244761264	3.684462621126709e-05	0.22011616179181304	0.07995408147435698	0.43812709030100333	0.2359567666311463	0.013766272632051473	0.021334182455023085	0.021755149303484333	0.0018581495635101497	0.1007488679902473	0.3237146253256114
sub-M2181	55656	0.0	0.0	0.04402113014246838	0.029736618521665252	0.0	0.024609482609094898	0.0	0.0	0.0	0.0	0.0	0.0	0.0	0.0	0.0	0.0	0.013199717464241568	0.0	0.0	0.0	0.0	0.0	0.0	0.0	0.0	0.0	0.0	0.0	0.0	0.0	0.0005895140193802734	0.0	0.0	0.0	0.016440858578170195	0.28430345653149786	0.10242530382635462	0.17509386294255938	0.00021035655435963958	0.07297109021246952	0.23546445461672694
sub-M2182	207456	0.1464761286131861	0.3744393071561659	0.41619977589242835	0.219435736677116	0.0	0.21744498066543552	0.027994659978154455	0.04018650966135852	0.07610345874623899	0.001262253256344837	6.064373322821753e-05	0.0	0.0	0.002900021750163126	0.06761767948418133	0.26937348061585703	0.3685767261168992	0.0	0.0	0.0	0.0	0.0	0.0	0.0	0.0	0.0	0.0034686798612528057	0.0	0.0	0.003232348061205678	0.0756788622379426	0.09052968385907557	0.4378083211814712	0.36405301622692926	0.4945958288932866	0.3564267544515936	0.3563126890622512	0.257272184988947	0.14679381551730183	0.20704168117961222	0.3736058774436661
sub-M2183	34783	0.0	0.0	0.0	0.0	0.0	0.0	0.0	0.0	0.0	0.0	0.0	0.2003556609365738	0.18908243216991516	0.0713405350540129	0.0	0.0	0.0	0.0	0.0	0.0	0.0	0.0	0.0	0.0	0.0	0.0	0.0	0.0	0.0	0.006612179684139372	0.0	0.0	0.0	0.0	0.0	0.0	0.0	0.07817818169058563	0.0011920204747046244	0.022582143271798444	0.025100528565286665
sub-M2184	70142	0.0	0.04409633565661445	0.0918040659516568	0.017138839246477015	0.0	0.07572619399863281	0.0	0.002252341249456672	0.010296187926132443	0.0	0.004896981458178565	0.0	0.0	0.0	0.02522299802893128	0.05523094638973003	0.025913826593678264	0.0	0.0	0.0007303534910896875	0.0	0.0	0.0	0.0	0.0	0.0	0.009589879616404815	0.0	0.04545762023946425	0.0032692189516376822	0.005342470800633728	0.013076896323861859	0.03965126741335981	0.23535240926545276	0.046430202466128785	0.004489001945234176	0.049992039484158576	0.041896206884452086	0.0003856536829926726	0.08530709392778359	0.14060089527326067
sub-M2185	199768	0.27021760311789544	0.42550548616382583	0.45089643028653753	0.43075615972812237	0.40860619746581356	0.34451235065451835	0.23866256725595697	0.037262417512941085	5.5207441963176636e-05	0.0	0.0	0.0011855364552459987	0.0	0.0033833587085236472	0.0	0.0	0.007549002295603038	0.06519558676028084	0.013428571428571429	0.0	0.026143790849673203	0.0	0.0	0.0	0.0	0.02742333010950613	0.0	0.0	0.0	1.2290296810667977e-05	0.0	0.043647619378847424	0.37383264558964974	0.3260250216771956	0.21251332014005175	0.1901840490797546	0.06432096799872632	0.0	0.0	0.0	0.23250550061961003
sub-M2186	187892	0.1292627476453394	0.3059140155958871	0.37133824235633106	0.137725954355023	0.0	0.15319709012253727	0.0	0.02054767455644683	0.07927788665912165	0.0	3.0321866614108765e-05	0.0	0.0	0.00031416902293433867	0.016770788093408612	0.16383759116304858	0.30015009712166696	0.0	0.0	0.0	0.0	0.0	0.0	0.0	0.0	0.0	0.015507039379718425	0.0	0.004261651897449773	0.001659190069440177	0.2962307947385874	0.13080374221820332	0.33809065806211414	0.4812337421033073	0.4950525194093469	0.33413137812359717	0.41474287533832194	0.22702550966700585	0.07043438628475265	0.1182805062115407	0.42416731999696516
sub-M2191	124113	0.021760311789542058	0.30046235594506937	0.2982231471106131	0.08094805613336067	0.023710952201731274	0.053463386762710306	0.06013592782879566	0.05437230805705931	0.047285174041460785	0.0	0.0	0.0002305209774089442	0.0033283688402512466	0.0339544213248266	0.00041203131437989287	0.02170853414082825	0.08599682147271764	0.00480388534023122	0.0	0.0	0.0	0.0	0.0	0.0	0.0	0.04901257292609116	0.0	0.0	0.0	0.0006390954341547348	0.0	0.2860571070844781	0.40011169371102356	0.48866592344853216	0.4614096513929061	0.07765973365255124	0.2985724141591042	0.048808730130881786	0.045507134593135365	0.0	0.2219658076427
sub-M2192	145048	0.005196492367651835	0.10592781726588918	0.020129662237874178	0.006386781120909384	0.0	0.12638377324994132	0.0	0.415260599834038	0.2719518591106081	0.10460588156304552	0.0803984293273094	0.0	0.0	0.0	0.014409960021826524	0.04721286305284258	0.0030019424333392196	0.0	0.0	0.0005112474437627812	0.0	0.0	0.0	0.0	0.0	0.19514554019904534	0.04978575800856968	0.0	0.012717310424135831	0.0	0.1669061567370399	0.0	0.012348360274270113	0.0	0.003196833612421982	0.0014963339817447255	0.38364379345114896	0.2963963647847293	0.4011499491638327	0.24227911296876814	0.205109885941175
sub-M2195	36996	0.0	0.0	0.0	0.0	0.0	0.004825988919611064	0.0	0.0	0.0	0.0	0.003684106793614215	0.0	0.0	0.0	0.0052895911981202465	0.0004264937945152898	0.0	0.0	0.0	0.0	0.0	0.0	0.0	0.0	0.0	0.0	0.07814731687410732	0.0	0.0	0.00040557979475204324	0.0	0.0	0.0	0.0436021305586523	0.0	0.0	0.00960568911532134	0.0	0.0	0.009810751190061535	0.14731544472825675
sub-M2196	85638	0.0	0.0	0.0	0.0	0.0	0.006693126281743886	0.0	0.0	0.0	0.0	0.019011810367046196	0.0	0.0	0.0	0.032405706076905086	0.08037275557640636	0.07239978809818118	0.0	0.0	0.008545135845749343	0.0	0.0	0.0	0.0	0.0	0.0	0.1877167924913283	0.0	0.013123182033416763	0.0	0.1957923436866733	0.0	0.0	0.0	0.0015223017202009438	0.0	0.010879371649949584	0.1136531106354609	0.0	0.3039881574364333	0.2685819781998432
sub-M2197	161582	0.10620331276388438	0.29576978814436544	0.3934688650552265	0.32177072041719157	0.18322669677581233	0.32242299333748253	0.015352562805938752	0.14185798395700794	0.06539321500538273	0.0	0.0	0.0	0.0	0.0030329394137122694	0.0	0.0	0.022426275825534168	0.0031146069788312307	0.03238095238095238	0.0	0.0	0.0	0.0	0.0	0.0	0.049605341153714164	0.0	0.0	0.0	0.0	0.0	0.03763085591068758	0.15841891346839998	0.17862009166356993	0.0920992540721571	0.3259015412240012	0.2562755399883246	0.010281062493420822	0.0239105283455457	0.0	0.25046154624314004
sub-M2198	232589	0.0	0.06176247325926437	0.10276932927805346	0.042861746696745084	0.011730021327311504	0.09089796043301263	0.05220680448238197	0.1215473979531355	0.14182791840340078	0.0014771048744460858	0.006852741854788581	0.011624843575051044	0.014543806255261284	0.07425264022813505	0.2659161015156071	0.20143301914957137	0.126964506445347	0.020957609671118618	0.0	0.0	0.0	0.0	0.0	0.0	0.0017369093231162196	0.09166068698717748	0.04856151805753928	0.0	0.04410471487519448	0.159503472008849	0.07284182601967502	0.14617605119465796	0.07238372994942757	0.3333333333333333	0.026183589587456233	0.03950321711806075	0.4432945921562384	0.40738271518298885	0.1992777758300319	0.19328340880065017	0.38351331529298704
sub-M2199	169158	0.001948684637869438	0.12373197156855979	0.09156395069633425	0.02428734655611871	0.0010663655752101368	0.05443266572119456	0.002710465633723047	0.0	0.0007176967455212963	0.000778837115617027	0.047180824451553235	0.0	0.0	0.0	0.04541253243354603	0.13893035356335565	0.13623521101889458	0.0	0.0	0.00014607069821793748	0.0	0.0	0.11570928556722257	0.0	0.0	0.029950394658846285	0.22587227096510917	0.0031755196304849883	0.10985591557870526	0.0028267682664536347	0.23974798275671494	0.029249121830765484	0.04079923055443517	0.40963706181097487	0.300045669051606	0.1536734999251833	0.07514726954306639	0.22692024281553738	0.02089541773305753	0.34163473818646234	0.43736880706102527
sub-M2200	116170	0.0071451770055212735	0.18273411082741012	0.28825836401472704	0.10289162980107228	0.0	0.14864658048586382	0.0	0.006322361401983641	0.055759516382808405	0.0	0.001030943464879698	0.0	0.0	0.0	0.0	0.0	0.00688680911177821	0.0	0.0	0.0	0.0	0.0	0.0	0.0	0.0	0.03366299566343244	0.0	0.0	0.0	0.0	0.003942375004605579	0.0	0.054574788247339516	0.0	0.0	0.21068382462965735	0.38125563869872103	0.16667251482508158	0.06808540476107001	0.05810983397190294	0.2799878607015503
sub-M2201	491	0.0	0.0	0.0	0.0	0.0	0.0	0.0	0.0	0.0	0.0	0.0	0.0	0.0	0.0	0.0	0.0	0.0	0.0	0.0	0.0	0.0	0.0	0.0	0.0	0.0	0.0	0.0	0.0	0.0	0.0	0.0	0.0	0.0	0.0	0.0	0.0	0.0	0.0	0.0	0.0	0.0
sub-M2202	150202	0.0	0.0	8.003841844085161e-05	0.0019629097940409576	0.0	0.056626297048290496	0.03515514381649743	0.0	0.0017114307008584758	0.0	0.01795054503555239	0.0018441678192715537	3.8852554555462024e-05	0.029978974842311316	0.23394469871602133	0.3274619354288395	0.30399081758785096	0.0	0.0	0.02366345311130587	0.0	0.0	0.0084414247477867	0.0	0.0	0.0	0.15772291369108346	0.0	0.18372454846783468	0.10304184846064032	0.20323495818134926	0.23868813689006366	0.07595172349601316	0.2666914406044841	0.2945653828588826	0.0	0.1410072706044685	0.05803712410961788	0.0	0.04237780099849065	0.2921398042538125
sub-M2204	181161	0.012016888600194868	0.2705127320405769	0.36933728189530973	0.2918290217677907	0.0	0.1515646202977217	0.0	0.0	0.0	0.0	6.064373322821753e-05	0.0	0.0	0.0	0.09036848962683326	0.15662984603574018	0.21764082641709342	0.0	0.0	0.0	0.0	0.0	0.40580605311920936	0.0	0.0	0.0	0.46521118139155276	0.06163394919168591	0.27775147128458366	0.00546918208074725	0.2710290704100807	0.027823183667791188	0.21699605969408334	0.4461786200916636	0.3606332775156036	0.2299865329941643	0.04765695483734013	0.0074037685532825715	0.0	0.06681760130035992	0.3852014364836499
sub-M2205	16557	0.0	0.0053136429507970465	0.0	0.0	0.0	0.0	0.00161818843804361	0.0	0.0	0.0	0.0	0.0036883356385431073	0.0008677070517386518	0.0015104279948766283	0.0	0.0	0.008740950026487728	0.004962255186612469	0.0	0.0	0.0	0.0	0.0	0.0	0.0	0.0	0.0	0.0	0.0	0.0	0.0	0.1111536187528258	0.08584902733393317	0.10987241422024031	0.18815649261683665	0.0	0.0	0.0	0.0	0.0	0.022811765003414176
sub-M2207	27927	0.0	0.0	0.0	0.0	0.0	0.005244309312220057	0.0	0.0	0.001904656747729594	0.0	0.007049833987780287	0.0	0.0	0.0	0.0	0.0	0.0	0.0	0.0	7.303534910896874e-05	0.0	0.0	0.0	0.0	0.0	0.05534583346332637	0.009997959600081615	0.0	0.0	0.0	0.0	0.0005564636733558238	0.00015513015419937328	0.0644122383252818	0.0	0.0	0.007429814785331423	0.0	0.0002804754058128528	0.02931615000580518	0.06343415695101287
sub-M2208	14449	0.0	0.0	0.00024011525532255482	0.0006738347054170451	0.0	0.0028058075114017816	0.0	0.0	0.0	0.0	9.096559984232629e-05	0.0	0.0	0.0	0.0	0.0	0.0	0.0	0.0	0.0	0.0	0.0	0.0	0.0	0.0	0.0	0.0	0.0	0.0	0.0	0.0	0.0	0.0	0.0	0.0	0.0	0.000955261900971183	0.0	0.0	0.010768605596191803	0.050491894489264305
sub-M2209	72497	0.0	0.005244634600786695	0.00040019209220425807	0.0	0.0	0.0	0.0037622881184513936	0.0	0.0	0.0	0.0	0.0004610419548178884	0.0152431522372596	0.06384881219942483	0.004343032773193465	0.18066277135667677	0.292512802401554	0.0021115979517499868	0.0	0.0	0.0	0.0	0.0	0.0	0.0	0.0	0.0	0.0	0.0	0.051619246604805505	0.01606425702811245	0.3040378395297882	0.12475567000713599	0.49126718691936083	0.4009742731009286	0.0	0.0	0.0	0.0	0.007401602229188436	0.10815356212538883
sub-M2210	12881	0.0	0.011731419501759714	0.0	0.0	0.0	0.0	0.0	0.0	0.0	0.0	0.0	0.0	0.0	0.0	0.0	0.019298844201816864	0.012934840190711637	0.0	0.0	0.0	0.0	0.0	0.0	0.0	0.0	0.0	0.0	0.0	0.0	0.0	0.0	0.00013911591833895594	0.00800471595668766	0.33135141830794007	0.06424113259247984	0.0	0.0	0.0	0.0	0.0	0.0463506234035558
sub-M2211	160972	0.02143553101656382	0.17314195017597128	0.3397630862814151	0.1599039053115753	0.006147283904152553	0.07677709644835784	0.0	0.1726399810329158	0.07602064758329423	0.03018665234322546	0.18622174381054898	0.0	0.0	0.0	0.001002238332275415	0.001172857934917047	0.0	0.0	0.0	0.052074203914694715	0.0	0.0	0.0	0.0	0.0	0.036377250179390384	0.08324831667006734	0.0	0.0	0.0	0.03047050587671788	0.0	0.03505941484905836	0.003963830050786573	0.002740143096361699	0.19093221607062696	0.22910364591625537	0.13523281518649777	0.06075798478420923	0.4663299663299663	0.29545914367365517
sub-M2212	145789	0.0	0.0008971085501345662	0.009604610212902194	0.01655289602437524	0.0	0.08323555519278449	0.0	0.006480420437033232	0.03627128936980705	0.007063246945078555	0.0363255962037023	0.00016465784100638874	0.0036650909797319173	0.0	0.015200614706177128	0.007890135198532862	0.0035316969803990818	0.0	0.0	0.0	0.0	0.0	0.0	0.0	0.0	0.029014444825757338	0.10018363599265456	0.0	0.018399512954068862	0.0	0.09181680851847758	0.023788822035961464	0.011231423164034625	0.16127833519137866	0.00030446034404018875	0.03306898099655843	0.3857665976755294	0.2383592406751114	0.07762156855870701	0.38436084987809127	0.3446612377026378
sub-M2213	231861	0.14387788242936017	0.3887240356083086	0.436369457339523	0.2815457182199045	0.01442729895872538	0.3093020171205273	0.005117520935312917	0.3140633026435374	0.21345957435062246	0.09284275547200214	0.11097803180763807	0.0	2.590170303697468e-05	0.0003383358708523647	0.016381028741968173	0.004670107049942423	0.011213137912767084	0.0016892783613999894	0.0	0.017747589833479405	0.0	0.0	0.0	0.0	0.0	0.1344959910148816	0.14976535400938584	0.0	0.017723060271933978	0.00030725742026669944	0.016101101654323716	0.02535387611727472	0.2125283112531414	0.15136876006441224	0.21586238392449383	0.2468951069878797	0.3843337048240726	0.32078318537492545	0.35848262805455244	0.437652385928248	0.37653321868440354
sub-M2214	66979	0.0	0.0	0.0	0.0	0.0	0.0	0.0	0.0	0.0	0.0	0.0001667702663775982	0.0	0.0	0.0	0.08914353166516331	0.2181089265151192	0.17137559597386545	0.0	0.0	0.0	0.0	0.0	0.013382746551369158	0.0	0.0	0.0	0.013466639461334421	0.0	0.14624906987756206	0.0	0.3561033123318964	0.0	0.0	0.00309674222717701	0.007915968945044908	0.0	0.0	0.00042106740587389034	0.0	0.033205619412515965	0.13323512303684784
sub-M2215	202473	0.01851250405975966	0.02698226485404734	0.27409156395069634	0.31072569068057304	0.0006272738677706687	0.23094346552937936	0.0	0.15533251669498557	0.26690037817097745	0.2979454814019068	0.12096908685698692	0.0	0.0	0.0	1.1135981469726835e-05	0.0	0.0006621931838248278	0.0	0.009714285714285713	0.2860064271107216	0.0	0.0	0.0	0.0	0.0	0.20456743518547407	0.035911038563558456	0.0	0.0	0.0	0.0	0.0	0.034314790108901365	0.006069614765266939	0.0021312224082813214	0.20335178811910817	0.339436395478427	0.18190111933752062	0.3230024892192266	0.20773830256588877	0.2836106825826357
sub-M2216	152214	0.003897369275738876	0.15216341177282453	0.24383704178005441	0.1062608033281575	0.03694643081169238	0.11538500780524635	0.008131396901169142	0.0	0.02903911447263091	0.0	0.003214117861095529	0.0	0.0	0.0	0.030768716800855245	0.08410457627841515	0.15972099593854847	0.0	0.0	0.0	0.0	0.0	0.004323656578134651	0.0	0.0	0.0001247933110785262	0.03835951846561926	0.0	0.01853480349049584	0.0	0.21502523856895472	0.0	0.02025999813843815	0.12461290722160287	0.2998934388795859	0.22459973065988328	0.3801942365865308	0.11393382223937681	0.045927847701854645	0.17650644374782307	0.40284767709466124
sub-M2220	63906	0.0071451770055212735	0.07659926851148989	0.054105970866015686	0.006855535698590806	0.0	0.0	0.006978437639063069	0.0	0.0	0.0	0.0	0.02539023908318514	0.03558893997280321	0.032371492786195895	0.026147284490918608	0.23160745511152814	0.284478191771146	0.0035897165179749778	0.0	0.0	0.0	0.0	0.0	0.0	0.0	0.0	0.005509079779636809	0.0	0.0011499695596293039	0.03452344374116635	0.007074168232563281	0.2058220011824853	0.05007601377555769	0.28836863619472314	0.3817932714263967	0.03247044740386054	0.0	0.0	0.0	0.0	0.10042740446625022
sub-M2221	124302	0.007794738551477752	0.22048167828307225	0.24355690731551144	0.05311575308352621	0.0	0.0005917703114956484	0.05920546947692059	0.0	0.0	0.0	0.0	0.0004281103866166107	0.0017354141034773036	0.03386983735711351	0.03396474348266684	0.2595214739625539	0.3571870033551121	0.0033257667740062293	0.0	0.0	0.0	0.0	0.0	0.0	0.0	0.0	0.014690879412364823	0.0	0.0	0.05417562834142445	0.06267270918536531	0.38528153583973845	0.3211194191927027	0.49646971386101824	0.4938346780331862	0.05057608858297172	0.0	0.0	0.0	0.0	0.2093712855011254
sub-M2222	73388	0.0	0.06224553170933683	0.00524251640787578	0.003837928104766648	0.0	0.06527838711981308	0.007362757393098426	0.0	0.0004968669776685897	0.0	0.0	0.0	0.00010360681214789872	0.00339544213248266	0.0	0.0	0.019291894755429983	0.0	0.0	0.0	0.0	0.0	0.0	0.0	0.0	0.0	0.0	0.0	0.0	0.0	0.007516303747098486	0.03655270754356067	0.08882752629456114	0.25541929889755977	0.11615162125133201	0.013616639233877001	0.21243963275486918	0.00814063651356188	0.0	0.0017125275745965402	0.24548569838901393
sub-M2223	119404	0.039298473530367	0.24159823338623973	0.06655194493356811	0.0	0.0	0.013753558274071277	0.0	0.0	0.036216081927843875	0.19881831610044312	0.2001394805864249	0.0	0.0	0.0	0.009376496397509995	0.0004904678636925832	0.02216139855200424	0.0	0.0	0.30039439088518843	0.0	0.0	0.0	0.0	0.0	0.03831154650110754	0.05243827790246888	0.0	0.0	2.4580593621335954e-05	0.0015474743008732177	0.10451083365214064	0.24144457199590458	0.2022792022792023	0.23991475110366875	0.12419572048481221	0.18181818181818182	0.21625320186673216	0.03551519826105248	0.24268547544409613	0.28001947345792977
sub-M2226	162651	0.0	0.039265751155889865	0.013806627181046903	0.03644566841473061	0.0	0.05764659068880024	0.01581779198187629	0.0007902951752479551	0.0647583294228062	5.3712904525312205e-05	0.00040934519929046833	0.0	0.00014245936670336074	0.014596776142487736	0.061615385471998574	0.31067940461466287	0.40415857319441995	0.0	0.0	0.0	0.0	0.0	0.0	0.0	0.0	0.0	0.0634564374617425	0.0	0.0012176148278427925	0.030910096478829963	0.09373272908146346	0.20359614648906202	0.048028295740125966	0.47392543044716956	0.49992388491399	0.25317970971120757	0.3916043092925755	0.3161865328608021	0.09480068716474424	0.2106699175664693	0.41100376824056045
sub-M2227	43528	0.0	0.0	8.003841844085161e-05	0.003164093399349603	0.0	0.011876217975533359	0.0	0.0	0.0	0.0	0.0	0.0	0.0	0.0	0.0003452154255615319	0.0	0.002516334098534346	0.0	0.0	0.014753140520011686	0.0	0.0	0.006382540662960675	0.0	0.0	0.0	0.26525198938992045	0.0	0.00013529053642697694	0.0	0.00022106775726760252	0.0	0.0	0.0	0.0	0.0	0.024942949636469775	0.03803642233060809	0.0	0.003976547079995356	0.1920411724539086
sub-M2228	286425	0.21175706398181227	0.4037678559105652	0.4195213702577237	0.22845926229748337	0.30673692133985697	0.21361887951352398	0.3045228366843319	0.06662188327340261	0.010296187926132443	0.00024170807036390493	0.001940599463302961	0.037574919317657905	0.1077251829307777	0.20602237850117208	0.06059087517678371	0.1943958715400691	0.2572841250220731	0.09312146967217441	0.03219047619047619	0.0005112474437627812	0.014161220043572984	0.001326963906581741	0.0067943174799258805	0.0	0.002247765006385696	0.1029544816397841	0.007753519689859213	0.005484988452655889	0.005546911993506054	0.1225096786087384	0.0	0.4107745278753521	0.43020694362570194	0.49646971386101824	0.4880499314964226	0.22370193027083646	0.188080454280104	0.02203586090740026	0.04838200750271711	0.032508998026239404	0.36068890518702107
sub-M2230	30315	0.0	0.0	0.0	0.014033340169337591	0.0	0.11573190764301966	0.0	0.08373177381752084	0.016148176774229167	2.6856452262656103e-05	0.0	0.0	0.0	0.0	0.0	0.0	0.0	0.0	0.14819047619047618	0.0	0.0	0.0	0.0	0.0	0.0	0.28743019374161544	0.0	0.0	0.0	0.0	0.0	0.0	0.0	0.0	0.0	0.0	0.0	0.0	0.0	0.0	0.0
sub-M2232	68876	0.0	0.0	0.0	0.0001757829666305335	0.0	0.055320321188438035	0.0	0.0	0.018135644684903526	0.0	0.0003335405327551964	0.0	0.0	0.0	0.0	0.0	0.003134381070104185	0.0	0.0	0.0	0.0	0.0	0.0	0.0	0.0	0.0	0.004284839828606407	0.0	0.0	0.0	0.00670572197045061	0.0	0.0	0.0	0.003957984472522454	0.0	0.3272833412938492	0.20137548685918805	0.04224660800056095	0.1502670381980727	0.23116511974912116
sub-M2234	104368	0.008444300097434233	0.052515354357877304	0.23027052985433008	0.0776960712506958	0.0	0.14531022028139698	0.0014968243051903395	0.0	0.003754106053496011	0.0	0.0	0.0	7.770510911092405e-05	0.0005195872302375601	0.06836379024265303	0.10496012283021282	0.07906586614868444	0.0	0.0	0.0	0.0	0.0	0.0	0.0	0.0	0.0002495866221570524	0.002448479902060804	0.0	0.025366975580058175	0.0009463528544214342	0.13098264618105449	0.028310089381977533	0.08240513791070708	0.2613650439737396	0.009133810321205664	0.011671405057608858	0.10120469139733589	0.0014386469700691253	0.0	0.013148728665970045	0.2747844010014921
sub-M2235	120982	0.0	6.900835001035126e-05	0.129982391547943	0.09480561333606774	0.0	0.15235024640091419	0.0	0.016793772474019045	0.019957490269688353	0.009265476030616355	0.02375718249215422	0.0	0.0	0.0	0.0	0.0	0.0011478015186297016	0.0	0.00019047619047619048	0.0	0.0	0.0	0.0	0.0	0.0	0.10966212211025489	0.020812079167516834	0.0	0.0	0.0	0.00047898014074647215	0.0	0.0	0.0	0.0	0.26440221457429297	0.27129437987581595	0.2660444226113197	0.10009466044946184	0.2394345756414722	0.28182140057155863
sub-M2236	19430	0.0	0.02311779725346767	0.058828237554025935	0.00108399496088829	0.0	0.0017753109344869453	0.0	0.0	0.0	0.0	0.0	0.0	0.0	0.0	0.0	0.0	0.0	0.0	0.0	0.0	0.0	0.0	0.0	0.0	0.0	0.0	0.0	0.0	0.0	0.0	0.0	0.00045212673460160677	0.025162111011138345	0.01535984144679797	0.0	0.02184647613347299	0.002228944435599427	0.0	0.0	0.0	0.07463771781189145
sub-M2237	69681	0.0	0.0	0.07679686249399711	0.03164093399349603	0.0	0.11465039638407934	0.0	0.026000711265657724	0.040273828912137356	0.0	0.0	0.0	0.0	0.0	0.0	0.0	0.004856083348048737	5.278994879374967e-05	0.0010476190476190477	0.0	0.0	0.0	0.0	0.0	0.0	0.014600817396187564	0.0	0.0	0.0	0.0	0.0027265023396337643	0.0	0.0	0.0017341756472191254	0.0	0.2075415232679934	0.34065700790744574	0.020562124986841644	0.01991375381271255	0.0004063624753279926	0.18099567537492728
sub-M2238	49938	0.004871711594673595	0.12794148091919122	0.17096206178965903	0.01297864236955439	0.0013172751223184042	0.0	0.0003843197540353574	0.0	0.0	0.0	0.0	3.293156820127774e-05	0.004105419931360487	0.00894173372966964	0.00017817570351562936	0.019917260203864032	0.016289952322090764	0.004117616005912475	0.0	0.0	0.0	0.0	0.0	0.0	0.0	0.0	0.0	0.0	0.0	0.00674737294905672	0.0	0.041978228358779957	0.134901182091775	0.44481605351170567	0.10793119196224692	0.014364806224749364	0.0	0.0	0.0	0.0	0.10643382817834653
sub-M2239	369592	0.08119519324455993	0.32081981919812297	0.2951416680006403	0.08015703278352328	0.022142767532304604	0.12486353572558183	0.07573121890044096	0.12455051961907773	0.15104756121125126	0.02672217000134282	0.040358404463378766	0.03474280445234802	0.029735155086446932	0.10017158462021798	0.2689116805309636	0.4157461508935045	0.40442345046794986	0.04745816396558095	0.015047619047619048	0.016505988898626936	0.0054466230936819175	0.009156050955414012	0.40786493720403544	0.009541284403669725	0.006385696040868455	0.0635821919945091	0.4837788206488472	0.07938799076212472	0.3776635324359061	0.17920481779634978	0.3422128882502487	0.4456578443988453	0.436381123762837	0.49646971386101824	0.5017506469782311	0.3173724375280563	0.41378761343735077	0.3994175234218745	0.2677838936998212	0.42639034018344363	0.4880567006398422
sub-M2240	44730	0.0	0.04934097025740115	0.018608932287498	0.0	0.0	0.0	0.023099639953072536	0.0	0.0	0.0	0.0	0.0018441678192715537	0.01612381014051674	0.049372870296527226	0.0	0.04435535462959014	0.058140561539819884	0.0	0.0	0.0	0.0	0.0	0.0	0.0	0.0	0.0	0.0	0.0	0.0	0.022491243163522398	0.0	0.1285431085451953	0.09562222704849369	0.4617862009166357	0.3361242198203684	0.0	0.0	0.0	0.0	0.0	0.06983257884221442
sub-M2243	21744	0.0	0.0	0.0	0.0	0.0	0.0	0.0	0.0	0.0	0.0	0.0	0.0	0.0	0.00020541820730322143	0.0	0.051115281272657485	0.10935016775560658	0.0	0.0	0.0	0.0	0.0	0.0	0.0	0.0	0.0	0.0	0.0	0.0	0.003994346463467093	0.0	0.07811358814732376	0.000713598709317117	0.47788926049795616	0.39640736794032577	0.0	0.0	0.0	0.0	0.0	0.02954528211223793
sub-M2245	138269	0.0012991230919129587	0.09267821406390173	0.21942532415559468	0.16426918231623355	0.02684732154058462	0.24111579312526146	0.02504146607872487	0.11838621725214367	0.04825130427581638	0.0	6.064373322821753e-05	0.0	0.003872304604027715	0.0169772106624133	0.00461029632846691	0.0	0.002030725763729472	0.0050150451354062184	0.0067619047619047615	0.0	0.0	0.0	0.0	0.0	0.0	0.13078339001029546	0.07651499693940013	0.0	0.0	0.001118417009770786	0.0021738329464647582	0.027927520606545405	0.15956687660947536	0.22717700978570543	0.0	0.03306898099655843	0.12423711723186329	0.0025264044352433417	0.02103565543596396	0.00031928480204342275	0.22041678258010672
sub-M2246	13324	0.0	0.0	0.0	0.0	0.0	0.0	0.0	0.0	0.0	0.0	0.0	0.0	0.0	0.0	0.054711076960767935	0.11285025802874568	0.05602154335158043	0.0	0.0	0.0	0.0	0.0	0.0	0.0	0.0	0.0	0.0	0.0	0.0	0.011860136422294599	0.0	0.0	0.0	0.014616623312275485	0.011721723245547268	0.0	0.0	0.0	0.0	0.0	0.0009989631015907539
sub-M2248	29067	0.0	0.00048305845007245876	0.0	0.0	0.0	0.0	0.0	0.0	0.0	0.0	0.0	0.0003622472502140552	0.0004014763970731076	0.0015950119625897194	0.0003563514070312587	0.059389260886254104	0.11195479427865089	0.0009502190782874941	0.0	0.0	0.0	0.0	0.0	0.0	0.0	0.0	0.0	0.0	0.0	0.007030049775702083	0.0	0.07974820018780648	0.01957742545996091	0.4818530905487427	0.38148881108235655	0.0	0.0	0.0	0.0	0.0	0.050491894489264305
sub-M2252	55457	0.0	0.034297149955144574	0.0657515607491596	0.0033984706881903144	0.051122820223309495	0.0	0.1581779198187629	0.0	0.0	0.0	0.0	0.00039517881841533294	0.003690992682768892	0.05727542956572174	0.0006570229067138833	0.041540495585789226	0.0021631644004944375	0.0	0.0	0.0	0.0	0.05042462845010616	0.0	0.0	0.0	0.0	0.0	0.0	0.0	0.03680943894795059	0.0	0.21549055750704274	0.10697775433588781	0.057847144803666546	0.008372659461105192	0.0	0.0	0.0	0.0	0.0	0.011652462001466832
sub-M2254	312075	0.09613510880155894	0.4301980539645297	0.374619817512406	0.21055869686227405	0.25768410488019067	0.23532052524716612	0.2807556940005664	0.1619709961670684	0.09045739365666491	0.0022022290855378004	0.010824906381236829	0.04129618652440229	0.105368127954413	0.19816815292781362	0.018229601665942827	0.21429180705420736	0.2900847607275296	0.034682996357493535	0.024285714285714285	0.0	0.041938997821350764	0.0	0.0	0.0	0.0	0.13733503884191808	0.01775147928994083	0.0	0.0	0.13149388557733668	0.015953723149478648	0.42232114909748547	0.45167695696689525	0.42858912424129814	0.48926777287258333	0.21068382462965735	0.3856604574643104	0.2673076248289414	0.11033201276163096	0.2564147219319633	0.4208416580258466
sub-M2259	57835	0.0	0.030984749154647714	0.11225388186329438	0.06498110333108721	0.0	0.15281958147554867	0.0004045471095109025	0.01809775951317817	0.021972561901344303	0.0	0.0	0.0	0.0	0.0	0.0	0.0	0.0	0.0	0.0	0.0	0.0	0.0	0.0	0.0	0.0	0.004773344148753627	0.0	0.0	0.0	0.0	0.0	0.004312593468507634	0.10871521206292079	0.02440232875015484	0.0	0.023193176717043244	0.22268216313750464	0.001017579564195235	0.0064158749079690075	0.0	0.10967097443160265
sub-M2260	378487	0.1594673595323157	0.44344765716651713	0.4322074595805987	0.3948085430521782	0.18228578597415632	0.4567650569833998	0.2286500262955621	0.5260994981625637	0.22196152041295167	0.0609372901839667	0.029215118482693793	0.0026345254561022198	0.03131515897170239	0.11862297300563088	0.09661577523135001	0.30545485563185054	0.3747571958325976	0.0	0.006	0.0	0.0	0.0	0.13815112209182623	0.0	0.0	0.19608149003213426	0.23342175066312998	0.0	0.12764662111885275	0.07703558040926689	0.3346228952507277	0.4656557576600703	0.461884521113214	0.45076179858788556	0.493530217689146	0.25751907825826725	0.3938863238337844	0.3634513491701463	0.2989166637450479	0.37933937071868107	0.42592498925166283
sub-M2262	29016	0.0	0.0	0.039939170801984954	0.0634283537925175	0.0	0.13562763363295957	0.0	0.0	0.0012421674441714743	0.0	0.0	0.0	0.0	0.0	0.0	0.0	0.0	0.0	0.0	0.0	0.0	0.0	0.0	0.0	0.0	0.0	0.0	0.0	0.0	0.0	0.0	0.0	0.0	0.0	0.0	0.0773604668562023	0.020325850448442394	0.0	0.0	0.0	0.039370526794972306
sub-M2265	100221	0.0	0.0	0.0	0.0026367444994580026	0.0	0.2695003622042424	0.0	0.18097759513178172	0.10083639274574213	0.0	0.0	0.0	0.0	0.0	0.0	0.0	0.0	0.0	0.0016190476190476191	0.0	0.0	0.0	0.0	0.0	0.0	0.08198920537859171	0.0	0.0	0.0	0.0	0.011569212630337866	0.0	0.0	0.0	0.0	0.0	0.33439473544552356	0.14618056773921892	0.06636749290046629	0.03814002089864159	0.1972952125641739
sub-M2266	93571	0.0	0.04154302670623145	0.003001440691531935	0.0	0.05432191694893991	0.0	0.20959585743759862	0.0	0.0	0.0	0.0	0.0	0.0	0.009715072863046473	0.01196004409848662	0.13029385422442102	0.22858908705633058	0.0010030090270812437	0.0	0.0	0.0	0.0	0.0	0.0	0.0	0.0	0.021832279126708834	0.0	0.0	0.004350765070976464	0.13426181791385727	0.22404618648488853	0.2099531506934318	0.48148148148148145	0.39777743948850663	0.0	0.0	0.0	0.0	0.011436201091373506	0.2007473255608103
sub-M2268	299176	0.11302370899642741	0.40659719826098956	0.4436529534176405	0.3147979960741804	0.06674193953079914	0.33015681913254635	0.021602815647882197	0.44817639388311536	0.41811356170811825	0.31913522223714247	0.1810670264861505	0.0	0.0	0.0035283597960318034	0.000812926647290059	8.529875890305796e-05	0.020837012184354582	0.006070844111281212	0.0016190476190476191	0.006500146070698218	0.0	0.0	0.0020588840848260242	0.0	0.0	0.37600224627959944	0.08610487655580494	0.0	0.0	0.0	0.047271655429055676	0.09143393732827879	0.38447457416772673	0.14121144555927165	0.11980514537981428	0.2681430495286548	0.3849174759857772	0.36874978069405945	0.38558356414121936	0.42035295483571344	0.3932500442578589
sub-M2269	310740	0.046118869762910034	0.31826651024774	0.3970305746758444	0.24152579615035302	0.0	0.41688177857587416	0.001962053481127877	0.5413126802860868	0.5067215060590168	0.37118302672217	0.015555117573037796	0.0	0.0	0.0	0.008931057138720921	0.012666865697104106	0.037171110718700336	0.0	0.14409523809523808	0.0005112474437627812	0.0	0.0	0.0	0.0	0.0	0.49177924063270206	0.045500918179963275	0.0	0.008658594331326524	0.0	0.18812866143472975	0.0	0.1339393751357389	0.02291589248110987	0.17963160298371136	0.24345353882986684	0.38608501830918646	0.3773816625144742	0.3931564000981664	0.273481945895739	0.4053577299511899
sub-M2270	19987	0.0	6.900835001035126e-05	0.04334080358572115	0.0012011836053086456	0.0	0.004162798053279734	0.0	0.0	0.0	0.0	0.0	0.0	0.0	0.0	0.0	0.00017059751780611592	0.0	0.0	0.0	0.0	0.0	0.0	0.0	0.0	0.0	0.0	0.0	0.0	0.0	0.00023351563940269158	0.0	0.004695162243939763	0.022400794266389502	0.15780998389694043	0.0	0.0	0.0001592103168285305	0.0	0.0	0.023423894113549285	0.060019979262031814
sub-M2271	186266	0.06040922377395258	0.3573252363535988	0.34376500720345765	0.08042070723346907	0.03312006021829131	0.009825427758108784	0.12069663012257778	0.0	0.0	0.0	0.0	0.06500691562932227	0.10167713527164411	0.19706856134754344	0.011692780543213176	0.1791487183861475	0.3401465654246866	0.02549754526738109	0.0	0.0	0.0	0.0	0.0	0.0	0.0	0.0	0.0030605998775760047	0.0	0.0	0.10691329195600073	0.0	0.46325600806872325	0.46923769042226426	0.49646971386101824	0.5019028771502512	0.17686667664222655	0.0008491216897521626	0.0	0.0	0.0	0.25016438633317317
sub-M2272	112249	0.12991230919129587	0.30826029949623907	0.22274691852089	0.017197433568687193	0.0	0.0	0.0691168736599377	0.0	0.0	0.0	0.0	0.001811236251070276	0.0032506637311403223	0.03078856424756519	0.0025055958306885377	0.13099756898537127	0.22483665901465655	0.003695296415562477	0.0	0.0	0.0	0.0	0.0	0.0	0.0	0.0	0.0	0.0	0.0	0.07462668223437596	0.0	0.4137307411400549	0.4443548136886848	0.49646971386101824	0.49231237631298524	0.1755199760586563	0.0	0.0	0.0	0.0	0.15181710123669104
sub-M2275	233548	0.17895420591101008	0.3461458836519219	0.4084760685128862	0.18879090616119298	0.0	0.06100335676607728	0.0038027428294024838	0.0	0.0004416595357054131	0.0	0.0	0.012382269643680431	0.032739752638736	0.06974552309142319	0.14107061325849954	0.3484667548087175	0.41259049973512274	0.011613788734624927	0.0	0.0	0.0	0.0	0.0	0.0	0.0	0.0	0.04590899816364007	0.0	0.0017587769735507002	0.1419283475695938	0.08006337275708338	0.3259485966681738	0.39840526201483045	0.49646971386101824	0.5029684883543918	0.36450695795301513	0.24714748182348883	0.22713077651847433	0.00844932160011219	0.11299779403227679	0.42542550770086746
sub-M2276	144017	0.0016239038648911985	0.1235939548685391	0.09036337441972146	0.052822781472475315	0.0	0.07512422075073207	0.0	0.0	0.010958677229690562	0.0	0.00019709213299170698	0.0	0.0	0.0	0.11261818060334748	0.34735787094297776	0.2825357584319265	0.0	0.0	0.0	0.0	0.0	0.08729668519662342	0.0	0.0	0.010201853180669516	0.1244643950214242	0.015011547344110854	0.21389433809105052	0.026768266453634854	0.24859069304741904	0.04935137203074462	0.04300207874406627	0.22197448284404805	0.21022986755975034	0.21741732754750862	0.282120681420156	0.1939015404049265	0.015881919854152788	0.2255892255892256	0.3121380339394553
sub-M2277	8106	0.0	0.0	0.0	0.0	0.0	7.142055483568172e-05	0.0	0.0	0.0	0.0	0.0	0.0	0.0	0.0	0.0003452154255615319	0.0	0.0	0.0	0.0	0.0005842827928717499	0.0	0.0	0.021412394482190653	0.0	0.0	0.0	0.08100387675984493	0.005918013856812933	0.0012176148278427925	0.0	0.0	0.0	0.0	0.0	0.0	0.0	0.0	0.0	0.0	0.0	0.007618674287448471
sub-M2278	113738	0.18512504059759663	0.3588434200538265	0.26548743396830476	0.068203791052647	0.02803914188934889	0.016294089438940527	0.18564666855455317	0.0	0.0	0.0	0.0	0.0006256997958242772	0.0028362364825487278	0.02571352618477972	0.0	0.08939309933040475	0.2180822885396433	0.005278994879374967	0.0	0.0	0.0	0.0	0.0	0.0	0.0	0.0	0.0	0.0	0.0	0.0171941252381245	0.0	0.3835773658400862	0.4056653532313611	0.4819769602378298	0.49718374181762826	0.10145144396229239	0.0	0.0	0.0	0.0	0.16942540654004704
sub-M2279	46531	0.0	0.007107860051066179	0.0010404994397310709	0.0	0.0	0.0	0.036389012500505684	0.0	0.0	0.0	0.0	0.0035236777975367188	0.00984264715405038	0.05539041542811571	0.0	0.023713054975050114	0.04304255694861381	0.005173414981787468	0.0	0.0	0.0	0.0	0.0	0.0	0.0	0.0	0.0	0.0	0.0	0.01866896085540466	0.0	0.3833339129829931	0.1442089913437374	0.3418803418803419	0.16653980818998326	0.0	0.0	0.0	0.0	0.0	0.030967856149313373
sub-M2281	59313	0.0	0.004899592850734939	0.0	0.0	0.0	0.0	0.10309883085885352	0.0	0.0	0.0	0.0	0.0009879470460383323	0.004740011655766366	0.0762464051813722	0.0	0.061564379238282084	0.1168991700512096	0.004012036108324975	0.0	0.0	0.0	0.0	0.0	0.0	0.0	0.0	0.0	0.0	0.0	0.043532231303385974	0.0	0.45118770215281884	0.27588346622816545	0.38758825715347456	0.2740143096361699	0.0	0.0	0.0	0.0	0.0	0.027319744063124353
sub-M2282	56156	0.0	0.0020012421503001862	0.0	0.0	0.0	0.0	0.0	0.0	0.0	0.0	0.0	0.0	0.0	0.0	0.03707168231272063	0.316820915255683	0.36716404732473956	0.0	0.0	0.0	0.0	0.0	0.0	0.0	0.0	0.0	0.0	0.0	0.0	0.07423339273643459	0.03831841125971777	0.06795812610857997	0.0003412863392386212	0.4228911185432925	0.4003653524128482	0.0	0.0	0.0	0.0	0.0	0.07807086315470019
sub-M2283	57420	0.0	0.0	0.0	0.0019629097940409576	0.0	0.05047392639601677	0.0	0.0005927213814359663	0.008446738620366025	0.0	1.5160933307054383e-05	0.0	0.0	0.0	0.00047884720319825387	0.0	0.0	0.0	0.0	0.0	0.0	0.0	0.0016471072678608193	0.0	0.0	0.0	0.0	0.0	0.006696881553135358	0.0	0.11355513798312517	0.0	0.0	0.0	0.0	0.00014963339817447254	0.18855808523058962	0.1596196357766939	0.012866809241664622	0.057964704516428656	0.19338787587567335
sub-M2285	34213	0.0	0.0	0.0	0.0	0.0	0.0	0.009931631538492658	0.0	0.0	0.0	0.0	0.004840940525587829	0.00014245936670336074	0.015080113100848256	0.02023407833049366	0.09190941271804495	0.1549532050150097	0.0	0.0	0.0	0.0	0.010350318471337579	0.0	0.0	0.0	0.0	0.0	0.0041859122401847575	0.0	0.05370859706261906	0.0	0.1284735505860258	0.0	0.24228911185432925	0.12924341604506012	0.0	0.0	0.0	0.0	0.0	0.019498748134847373
sub-M2287	143685	0.0850925625202988	0.13663653302049547	0.023811429486153352	0.000351565933261067	0.2482122694768536	0.020385466937384578	0.38557385007484124	0.07800213379697317	0.04427636845446766	0.0	0.0	0.1393993281960087	0.1760538755423169	0.23050339544213247	4.454392587890734e-05	0.09350876444747729	0.12175525339925834	0.02064086997835612	0.0	0.0	0.0	0.0	0.0	0.0	0.0	0.0005615698998533679	0.0	0.0	0.0	0.07647022675597616	0.0	0.4346676868500678	0.1865595234401663	0.3102935711631364	0.2196681382249962	0.0	0.08448760813034017	0.0	0.051817831223924554	0.0	0.04380263523937179
sub-M2290	102291	0.027606365703150372	0.21247670968187152	0.2594845525852409	0.06489321184777196	0.020950947183540333	0.05929946638642601	0.07993850883935434	0.0	0.0	0.0	0.0	0.0	0.0027973839279932656	0.019816815292781363	0.002338556108642635	0.01880837633812428	0.06644004944375773	0.0	0.0	0.0	0.0	0.0	0.0	0.0	0.0	0.0	0.0	0.0	0.0	4.916118724267191e-05	0.0005158247669577392	0.2120822175077383	0.3436132915516118	0.4358974358974359	0.3251636474349216	0.14364806224749363	0.001645173273894815	0.0	0.0	0.0	0.2079360663614982
sub-M2291	136028	0.0	0.18225105237733766	0.17328317592444373	0.02411156358948818	0.0	0.030935303180255277	0.001456369594239249	0.0	0.0	0.0	0.0009248169317303173	0.0	0.0	0.0005558375021145992	0.06402075746945957	0.226276282680087	0.2507504856083348	0.0	0.0	0.0	0.0	0.0	0.0	0.0	0.0	0.002807849499266839	0.08324831667006734	0.0	0.02996685381857539	0.025182818165058685	0.06971003279171732	0.04632560080687233	0.15038317148087246	0.4251207729468599	0.23078094078246308	0.00822983689959599	0.0049355198216844455	0.0008070458612582898	0.0	0.015644955300127713	0.3607774209048835
sub-M2292	110619	0.0	0.0	0.0	0.0	0.0	0.0041423921804695394	0.0	0.0	0.0	0.0	0.004305705059203444	0.0	0.0	0.0	0.17958997316228467	0.21700004264937944	0.253929012890694	0.0	0.0	0.003432661408121531	0.0	0.0	0.3642165946057237	0.0	0.0	0.0	0.48663538053458477	0.025115473441108545	0.2644929987147399	0.0035150248878510417	0.35569802144357243	0.0	0.0	0.0	0.219363677880956	0.027532545264102946	0.0045640290824178744	0.02207094985788975	3.50594257266066e-05	0.22869499593637524	0.24649098404188058
sub-M2293	247416	0.2111075024358558	0.40059347181008903	0.4403313590523451	0.2979521284387543	0.019320035127336595	0.19569232024976788	0.02142076944860229	0.16098312719800845	0.19767024594915394	0.33328857257956224	0.25393047195985385	0.0	0.0	0.0	0.0	0.0	0.007328271234328095	0.047352584067993454	0.15428571428571428	0.07011393514460999	0.0	0.0	0.00041177681696520483	0.0	0.0	0.011200199669297726	0.0038767598449296063	0.0	0.0	0.0	0.06952580966066099	0.0	0.1274239086593652	0.008051529790660225	0.06576343431268078	0.28520125692054465	0.40593323780714324	0.3746447243762939	0.37450478561161166	0.45730291419946595	0.36409043777345035
sub-M2294	96437	0.0	0.008695052101304258	0.0	0.0	0.0	0.07715460509534644	0.01124640964440309	0.004504682498913344	0.062135975929555304	0.0	0.0	0.0	0.0	0.018862224800019332	0.016971235759863694	0.24418902204972917	0.32972805933250926	0.0	0.0	0.0	0.0	0.0	0.0	0.0	0.0	0.0	0.0	0.0	0.0	0.02292140355189578	0.0013632511698168821	0.23701874586999616	0.11820917749992244	0.34547256286386724	0.4907900745927843	0.0008978003890468353	0.3639547842700207	0.0491596196357767	0.027521649195386178	0.03529548357134564	0.20368731190409956
sub-M2295	109961	0.0	0.04368228555655234	0.009564591003681767	0.017783376790788973	0.0	0.050677985124118724	0.0	0.0	0.0	0.0	0.0006367591988962841	0.0	0.0	0.0055342081732279655	0.04686021002461052	0.098242845566597	0.08582023662369768	0.0	0.0	0.0	0.0	0.0	0.021412394482190653	0.0	0.0	0.0	0.10242807590287696	0.0	0.030778597037137253	0.00412953972838444	0.1438414207287867	0.02980558550412131	0.10710185845924731	0.491514926297535	0.2715786268838484	0.019601975160855902	0.053866157193652814	0.0009123127127267623	0.0	0.02176941832114246	0.36471637034976356
sub-M2297	179015	0.05196492367651835	0.37036781450555517	0.2962221866495918	0.05935604839891014	0.08894743444988082	0.11565028415177889	0.29740280755694	0.15477931007231202	0.07317746432219063	0.0	0.0	0.01488506882697754	0.033076474778216666	0.14929070301360595	1.1135981469726835e-05	0.054783127905488976	0.11283771852375066	0.00934382093649369	0.0	0.0	0.0005446623093681918	0.0	0.0	0.0	0.0	0.10607431441674726	0.0	0.0	0.0	0.06807595403428993	0.0	0.46850763398601886	0.44969129099314326	0.4876749659358355	0.49748820216166845	0.0713751309292234	0.040333280263227723	0.0	0.015531325596886723	0.0	0.17222629675526668
sub-M2298	183848	0.17992854822994478	0.3573252363535988	0.38222346726428685	0.16063633433920252	0.0	0.12006815561518605	0.05643432177677091	0.013276958944165645	0.0	0.0	0.0	0.0	0.0	0.011757171512119675	0.18123809841980423	0.3427090885827611	0.35599505562422745	0.0	0.0	0.0	0.0	0.0	0.0	0.0	0.0	0.0	0.0632523974699041	0.0	0.024961103970777245	0.02461746451176796	0.1404885597435614	0.24901749382673113	0.2932580434984952	0.4939923200792766	0.49170345562490486	0.29223402663474485	0.00642148277875073	0.0	0.0	5.8051782189713225e-05	0.3224690827242609
sub-M2299	164960	0.08216953556349464	0.30639707404595956	0.18152713302385146	0.04491254797410131	0.0	0.0785013927008193	0.0	0.0	0.022303806553123362	0.0	0.004881820524871511	0.0	0.0	0.0	0.026670675619995768	0.19932187486672068	0.37100476779092356	0.0	0.0	0.0	0.0	0.0	0.0	0.0	0.0	0.0	0.051622117935115286	0.0	0.006832172089562335	0.0009709334480427702	0.23046313695147563	0.043265050603415296	0.3542241940988489	0.40146166233122754	0.5003805754300502	0.30181056411791113	0.3614604893063737	0.11846029685252114	0.020720120604424498	0.2364158829676071	0.43038871045244176
sub-M2300	119067	0.0	0.20647298323097094	0.12942212261885705	0.00867195968710632	0.06529920963492661	0.04619889604228097	0.19517375298353493	0.0	0.0	0.0	0.0	0.0	5.180340607394936e-05	0.023828512047173688	0.0	0.00607753657184288	0.041585731944199185	0.0021115979517499868	0.0	0.0	0.0	0.0	0.0	0.0	0.0	0.0	0.0	0.0	0.0	0.0	0.0054530046792675285	0.16262650853823948	0.3200955601749868	0.34448160535117056	0.23169432181458366	0.11566661678886728	0.28381892479966037	0.22699042071651637	0.005960102373523121	0.06800766283524905	0.27869806024126853
sub-M2304	77791	0.016888600194868465	0.28065695949209857	0.1273411237393949	0.016963056279846483	0.0	0.016304292375345624	0.12822120635948056	0.0	0.0	0.0	0.0	0.0	0.0	0.0	0.0	8.529875890305796e-05	0.008255341691682854	0.0	0.0	0.0	0.0	0.0	0.0	0.0	0.0	0.0	0.0	0.0	0.0	0.0	0.0	0.053281396723820124	0.39241723806273465	0.1642512077294686	0.028771502511797838	0.048630854406703575	0.035185480019105236	0.008105547563072388	0.0	0.0008707767328456984	0.19019498748134847
sub-M2305	12596	0.0	0.0	0.0	0.0	0.0	0.0370978767689341	0.0	0.002410400284506263	0.03121980843017639	0.0	0.0	0.0003622472502140552	1.295085151848734e-05	0.0	0.0	0.0	0.0	0.0005278994879374967	0.0	0.0	0.0	0.0	0.0	0.0	0.0	0.0	0.0	0.0	0.0	0.0	0.0	0.014189823670573505	0.008501132450125655	0.05363557537470581	0.0	0.0	0.051584142652443876	0.027509737183760832	0.01504049363671423	0.0	0.010716724412634987
sub-M2306	163053	0.0	0.00020702505003105377	0.0	0.0005273488998916005	0.0	0.06587015743130874	0.07128120069582103	0.05385861619314814	0.12118033510917271	0.06800053712904525	0.13355266150184206	0.006092340117236383	0.06490966781065854	0.1653979071509703	0.0029955790153565185	0.00010662344862882244	0.006621931838248278	0.0023227577469249854	0.0	0.00043821209465381246	0.0	0.0	0.01276508132592135	0.0	0.0	0.01291610769662746	0.02428075902876964	0.0	0.0	0.05637559147053401	0.09822777347923806	0.21917712934302508	0.019639477521640657	0.16672860151121022	0.0	0.060152626066137964	0.39240036087671815	0.3650303519421734	0.3609718472811415	0.47982700568907466	0.23263827419640373
sub-M2307	9316	0.0	0.0	0.0	0.0	0.0	0.013794370019691667	0.0	0.0	0.0	0.0	0.0	0.0	0.0	0.0	0.0	0.0	0.0	0.0	0.0	0.0	0.0	0.0	0.0	0.0	0.0	0.0003743799332355786	0.0	0.0	0.0	0.0	0.0	0.0	0.0	0.0	0.0	0.0	0.0527516849758531	0.0	0.0007713073659853452	0.0	0.01282845653878253
sub-M2308	45593	0.0	0.0034504175005175626	0.03413638546502321	0.0022265842439867576	0.0	0.014865678342226893	0.000647275375217444	0.0	0.0	0.0	0.005094073591170273	0.00013172627280511097	0.0004921323577025189	0.0024166847918026054	0.0	0.0	0.0	0.003009027081243731	0.0	0.0	0.0	0.0	0.0	0.0	0.0	0.03023117960877297	0.0	0.0	0.0	0.0	0.0	0.0	0.024882876733579473	0.0	0.0	0.0	0.025420580586955368	0.0	0.0006661290888055253	0.032276790897480555	0.08473483219948914
sub-M2309	55113	0.0	0.056448830308467327	0.007563630542660477	0.0	0.0	0.0	0.133803956470731	0.0	0.0	0.0	0.0	0.0	0.0005957391698504177	0.03023272674545059	0.0	0.021836482279182837	0.15671905350520926	0.0006334793855249961	0.0	0.0	0.0	0.0	0.0	0.0	0.0	0.0	0.0	0.0	0.0	0.001167578197013458	0.0	0.2784057315758356	0.28798361825571656	0.28019323671497587	0.46186634190896636	0.0	0.0	0.0	0.0	0.0	0.07618674287448471
sub-M2310	273989	0.0	0.02084052170312608	0.029974387706098927	0.0	0.0	0.03525114527961147	0.16841296168938874	0.0007902951752479551	0.0	0.0	0.0005306326657469034	0.5132055588487123	0.3995855727514084	0.3393629618888808	0.2821189545540596	0.3386147481554143	0.32284125022073107	0.08747294515124321	0.0	0.0	0.0	0.014331210191082803	0.032736256948733784	0.06422018348623854	0.19167305236270754	0.003650204349046891	0.061620077535196896	0.009237875288683603	0.1813569640803626	0.2495053155533706	0.25636490917799637	0.38573366257434005	0.20191740870590424	0.43255295429208473	0.47617597807885526	0.0	0.033752587167648465	0.0010877574651742166	0.004697963047365284	0.01172646000232207	0.32286740345464204
