task,subset,category,model,seed,n,severe_prior,target_sd,score,balanced_acc,auc,f1_severe,mcc,smote_skips
classification,full,baseline,LogReg,1000,226,0.3186,28.083,0.7387265512265513,0.7387265512265513,0.810966810966811,0.6438356164383562,0.47404511383309617,0
classification,full,baseline,LogReg,1001,226,0.3186,28.083,0.696518759018759,0.696518759018759,0.7703823953823953,0.5911949685534591,0.3763514475949277,0
classification,full,baseline,LogReg,1002,226,0.3186,28.083,0.7058080808080808,0.7058080808080808,0.7942821067821069,0.6013071895424836,0.39993785826540296,0
classification,full,baseline,LogReg,1003,226,0.3186,28.083,0.7118506493506493,0.7118506493506493,0.7846320346320347,0.6081081081081081,0.41786305795277057,0
classification,full,baseline,LogReg,1004,226,0.3186,28.083,0.722943722943723,0.722943722943723,0.7782287157287158,0.6233766233766234,0.4320795193977087,0
classification,full,baseline,LogReg,1005,226,0.3186,28.083,0.7396284271284271,0.7396284271284271,0.790494227994228,0.6447368421052632,0.46695337645304696,0
classification,full,baseline,LogReg,1006,226,0.3186,28.083,0.6840728715728716,0.6840728715728716,0.7838203463203463,0.5694444444444444,0.36814574314574317,0
classification,full,baseline,LogReg,1007,226,0.3186,28.083,0.7493686868686869,0.7493686868686869,0.7751623376623378,0.6577181208053692,0.49029789182578937,0
classification,full,baseline,LogReg,1008,226,0.3186,28.083,0.7465728715728716,0.7465728715728716,0.7977092352092353,0.6535947712418301,0.47915429644943547,0
classification,full,baseline,LogReg,1009,226,0.3186,28.083,0.7113997113997115,0.7113997113997115,0.7891414141414141,0.6068965517241379,0.42126351669169165,0
classification,full,baseline,LogReg,1010,226,0.3186,28.083,0.6808261183261184,0.6808261183261184,0.7661435786435786,0.5655172413793104,0.3603384603100861,0
classification,full,baseline,LogReg,1011,226,0.3186,28.083,0.7021103896103896,0.7021103896103896,0.7559523809523809,0.5960264900662252,0.39497811290755397,0
classification,full,baseline,LogReg,1012,226,0.3186,28.083,0.7118506493506493,0.7118506493506493,0.7757936507936507,0.6081081081081081,0.41786305795277057,0
classification,full,baseline,LogReg,1013,226,0.3186,28.083,0.6951659451659452,0.6951659451659452,0.7821969696969697,0.5866666666666667,0.38254495989445,0
classification,full,baseline,LogReg,1014,226,0.3186,28.083,0.7437770562770563,0.7437770562770563,0.8261183261183261,0.6496815286624203,0.4689541824498148,0
classification,full,baseline,LogReg,1015,226,0.3186,28.083,0.735479797979798,0.735479797979798,0.8119588744588745,0.6394557823129252,0.4660056191667778,0
classification,full,baseline,LogReg,1016,226,0.3186,28.083,0.735479797979798,0.735479797979798,0.801948051948052,0.6394557823129252,0.4660056191667778,0
classification,full,baseline,LogReg,1017,226,0.3186,28.083,0.7118506493506493,0.7118506493506493,0.7676767676767676,0.6081081081081081,0.41786305795277057,0
classification,full,baseline,LogReg,1018,226,0.3186,28.083,0.7419733044733046,0.7419733044733046,0.7801226551226552,0.6482758620689655,0.4821885730732972,0
classification,full,baseline,LogReg,1019,226,0.3186,28.083,0.7187950937950938,0.7187950937950938,0.7828282828282829,0.6174496644295302,0.43018541973575586,0
classification,full,baseline,SVM_rbf,1000,226,0.3186,28.083,0.6904761904761905,0.6904761904761905,0.8005952380952381,0.5853658536585366,0.3612858795879714,0
classification,full,baseline,SVM_rbf,1001,226,0.3186,28.083,0.7256493506493507,0.7256493506493507,0.8027597402597403,0.627906976744186,0.42335570819185503,0
classification,full,baseline,SVM_rbf,1002,226,0.3186,28.083,0.6891233766233766,0.6891233766233766,0.788961038961039,0.5806451612903226,0.3655903742885233,0
classification,full,baseline,SVM_rbf,1003,226,0.3186,28.083,0.6941738816738816,0.6941738816738816,0.8005050505050505,0.5903614457831325,0.36711026178540074,0
classification,full,baseline,SVM_rbf,1004,226,0.3186,28.083,0.7178030303030303,0.7178030303030303,0.8017676767676768,0.6181818181818182,0.4124328292058973,0
classification,full,baseline,SVM_rbf,1005,226,0.3186,28.083,0.710407647907648,0.710407647907648,0.8007756132756132,0.6086956521739131,0.4012941594403035,0
classification,full,baseline,SVM_rbf,1006,226,0.3186,28.083,0.7002164502164502,0.7002164502164502,0.8063672438672438,0.5962732919254659,0.38185727987890006,0
classification,full,baseline,SVM_rbf,1007,226,0.3186,28.083,0.696518759018759,0.696518759018759,0.7920725108225108,0.5911949685534591,0.3763514475949277,0
classification,full,baseline,SVM_rbf,1008,226,0.3186,28.083,0.7312409812409812,0.7312409812409812,0.7997384559884559,0.6341463414634146,0.43860653184827597,0
classification,full,baseline,SVM_rbf,1009,226,0.3186,28.083,0.6928210678210678,0.6928210678210678,0.7883297258297257,0.5859872611464968,0.370930093258492,0
classification,full,baseline,SVM_rbf,1010,226,0.3186,28.083,0.6987734487734487,0.6987734487734487,0.79491341991342,0.5977011494252874,0.3722237230894559,0
classification,full,baseline,SVM_rbf,1011,226,0.3186,28.083,0.6918290043290043,0.6918290043290043,0.7797619047619048,0.5895953757225434,0.3595465977408537,0
classification,full,baseline,SVM_rbf,1012,226,0.3186,28.083,0.7043650793650793,0.7043650793650793,0.7965818903318903,0.6024096385542169,0.386378008920445,0
classification,full,baseline,SVM_rbf,1013,226,0.3186,28.083,0.7169011544011544,0.7169011544011544,0.8129509379509379,0.6163522012578616,0.4153856041605329,0
classification,full,baseline,SVM_rbf,1014,226,0.3186,28.083,0.714556277056277,0.714556277056277,0.8002795815295816,0.6144578313253012,0.40564575605548925,0
classification,full,baseline,SVM_rbf,1015,226,0.3186,28.083,0.670544733044733,0.670544733044733,0.7903138528138528,0.562874251497006,0.3219566985937927,0
classification,full,baseline,SVM_rbf,1016,226,0.3186,28.083,0.7182539682539683,0.7182539682539683,0.7992424242424243,0.6190476190476191,0.4114446886116429,0
classification,full,baseline,SVM_rbf,1017,226,0.3186,28.083,0.6946248196248196,0.6946248196248196,0.7679473304473304,0.591715976331361,0.3664157263767452,0
classification,full,baseline,SVM_rbf,1018,226,0.3186,28.083,0.7108585858585859,0.7108585858585859,0.7972582972582972,0.6097560975609756,0.3999462057181237,0
classification,full,baseline,SVM_rbf,1019,226,0.3186,28.083,0.6987734487734487,0.6987734487734487,0.7952290764790766,0.5977011494252874,0.3722237230894559,0
classification,full,baseline,RandomForest,1000,226,0.3186,28.083,0.7688492063492063,0.7688492063492063,0.836940836940837,0.6853146853146853,0.539722271665991,0
classification,full,baseline,RandomForest,1001,226,0.3186,28.083,0.7775974025974026,0.7775974025974026,0.8376623376623377,0.6923076923076923,0.5352888378290371,0
classification,full,baseline,RandomForest,1002,226,0.3186,28.083,0.7697510822510822,0.7697510822510822,0.835813492063492,0.6845637583892618,0.530372873219145,0
classification,full,baseline,RandomForest,1003,226,0.3186,28.083,0.7651515151515151,0.7651515151515151,0.8525432900432901,0.6808510638297872,0.5365081774577857,0
classification,full,baseline,RandomForest,1004,226,0.3186,28.083,0.7600108225108225,0.7600108225108225,0.8369859307359307,0.6710526315789473,0.506671653863054,0
classification,full,baseline,RandomForest,1005,226,0.3186,28.083,0.7141955266955267,0.7141955266955267,0.8281024531024531,0.6099290780141844,0.4334037147830752,0
classification,full,baseline,RandomForest,1006,226,0.3186,28.083,0.7697510822510822,0.7697510822510822,0.8547528860028859,0.6845637583892618,0.530372873219145,0
classification,full,baseline,RandomForest,1007,226,0.3186,28.083,0.7549603174603174,0.7549603174603174,0.8384289321789321,0.6666666666666666,0.5158872849228436,0
classification,full,baseline,RandomForest,1008,226,0.3186,28.083,0.7734487734487734,0.7734487734487734,0.8350468975468975,0.6887417218543046,0.5343925204532368,0
classification,full,baseline,RandomForest,1009,226,0.3186,28.083,0.7419733044733046,0.7419733044733046,0.8343253968253969,0.6482758620689655,0.4821885730732972,0
classification,full,baseline,RandomForest,1010,226,0.3186,28.083,0.7484668109668109,0.7484668109668109,0.8336489898989898,0.6573426573426573,0.49880404509889464,0
classification,full,baseline,RandomForest,1011,226,0.3186,28.083,0.7391774891774892,0.7391774891774892,0.831664862914863,0.6442953020134228,0.4702604011291115,0
classification,full,baseline,RandomForest,1012,226,0.3186,28.083,0.7276334776334776,0.7276334776334776,0.8324765512265513,0.6285714285714286,0.4624978708557772,0
classification,full,baseline,RandomForest,1013,226,0.3186,28.083,0.7762445887445888,0.7762445887445888,0.8391955266955267,0.6938775510204082,0.5466775991987133,0
classification,full,baseline,RandomForest,1014,226,0.3186,28.083,0.7632575757575758,0.7632575757575758,0.8347763347763348,0.6754966887417219,0.5144761765181393,0
classification,full,baseline,RandomForest,1015,226,0.3186,28.083,0.7632575757575758,0.7632575757575758,0.8332882395382396,0.6754966887417219,0.5144761765181393,0
classification,full,baseline,RandomForest,1016,226,0.3186,28.083,0.7424242424242424,0.7424242424242424,0.8251262626262627,0.6486486486486487,0.4781676882831193,0
classification,full,baseline,RandomForest,1017,226,0.3186,28.083,0.7493686868686869,0.7493686868686869,0.8207070707070707,0.6577181208053692,0.49029789182578937,0
classification,full,baseline,RandomForest,1018,226,0.3186,28.083,0.7493686868686869,0.7493686868686869,0.8379329004329004,0.6577181208053692,0.49029789182578937,0
classification,full,baseline,RandomForest,1019,226,0.3186,28.083,0.748917748917749,0.748917748917749,0.8233676046176046,0.6575342465753424,0.4942820227349246,0
classification,full,baseline,XGBoost,1000,226,0.3186,28.083,0.7493686868686869,0.7493686868686869,0.8226911976911977,0.6577181208053692,0.49029789182578937,0
classification,full,baseline,XGBoost,1001,226,0.3186,28.083,0.7313311688311688,0.7313311688311688,0.8195346320346321,0.6338028169014085,0.46620769477888635,0
classification,full,baseline,XGBoost,1002,226,0.3186,28.083,0.7660533910533911,0.7660533910533911,0.8261183261183261,0.6802721088435374,0.5265096041907293,0
classification,full,baseline,XGBoost,1003,226,0.3186,28.083,0.7660533910533911,0.7660533910533911,0.8385642135642136,0.6802721088435374,0.5265096041907293,0
classification,full,baseline,XGBoost,1004,226,0.3186,28.083,0.7660533910533911,0.7660533910533911,0.8318903318903318,0.6802721088435374,0.5265096041907293,0
classification,full,baseline,XGBoost,1005,226,0.3186,28.083,0.7424242424242424,0.7424242424242424,0.8106962481962482,0.6486486486486487,0.4781676882831193,0
classification,full,baseline,XGBoost,1006,226,0.3186,28.083,0.735479797979798,0.735479797979798,0.8275613275613276,0.6394557823129252,0.4660056191667778,0
classification,full,baseline,XGBoost,1007,226,0.3186,28.083,0.7257395382395382,0.7257395382395382,0.8296356421356421,0.6266666666666667,0.44247228956368223,0
classification,full,baseline,XGBoost,1008,226,0.3186,28.083,0.7248376623376623,0.7248376623376623,0.8214285714285714,0.625,0.4496753246753247,0
classification,full,baseline,XGBoost,1009,226,0.3186,28.083,0.7387265512265513,0.7387265512265513,0.8161976911976913,0.6438356164383562,0.47404511383309617,0
classification,full,baseline,XGBoost,1010,226,0.3186,28.083,0.6877705627705628,0.6877705627705628,0.8202561327561327,0.5753424657534246,0.372860569323954,0
classification,full,baseline,XGBoost,1011,226,0.3186,28.083,0.7257395382395382,0.7257395382395382,0.8006854256854257,0.6266666666666667,0.44247228956368223,0
classification,full,baseline,XGBoost,1012,226,0.3186,28.083,0.7322330447330447,0.7322330447330447,0.8156565656565657,0.6351351351351351,0.45806614483966973,0
classification,full,baseline,XGBoost,1013,226,0.3186,28.083,0.7461219336219336,0.7461219336219336,0.82260101010101,0.6533333333333333,0.48242384267650373,0
classification,full,baseline,XGBoost,1014,226,0.3186,28.083,0.735479797979798,0.735479797979798,0.8272005772005773,0.6394557823129252,0.4660056191667778,0
classification,full,baseline,XGBoost,1015,226,0.3186,28.083,0.7428751803751804,0.7428751803751804,0.823051948051948,0.6490066225165563,0.47464348864794415,0
classification,full,baseline,XGBoost,1016,226,0.3186,28.083,0.7280844155844156,0.7280844155844156,0.8244949494949495,0.6293706293706294,0.4578858185317984,0
classification,full,baseline,XGBoost,1017,226,0.3186,28.083,0.722492784992785,0.722492784992785,0.8106060606060607,0.6225165562913907,0.4348108007777491,0
classification,full,baseline,XGBoost,1018,226,0.3186,28.083,0.7359307359307359,0.7359307359307359,0.8198051948051948,0.64,0.462448066120093,0
classification,full,baseline,XGBoost,1019,226,0.3186,28.083,0.735479797979798,0.735479797979798,0.8157467532467532,0.6394557823129252,0.4660056191667778,0
classification,full,baseline,LightGBM,1000,226,0.3186,28.083,0.6942640692640694,0.6942640692640694,0.8091630591630591,0.5833333333333334,0.38852813852813856,0
classification,full,baseline,LightGBM,1001,226,0.3186,28.083,0.7285353535353536,0.7285353535353536,0.8198953823953824,0.6301369863013698,0.4538082049312677,0
classification,full,baseline,LightGBM,1002,226,0.3186,28.083,0.7113997113997115,0.7113997113997115,0.8087121212121211,0.6068965517241379,0.42126351669169165,0
classification,full,baseline,LightGBM,1003,226,0.3186,28.083,0.7656024531024531,0.7656024531024531,0.8350468975468975,0.6805555555555556,0.5312049062049062,0
classification,full,baseline,LightGBM,1004,226,0.3186,28.083,0.7697510822510822,0.7697510822510822,0.8169191919191919,0.6845637583892618,0.530372873219145,0
classification,full,baseline,LightGBM,1005,226,0.3186,28.083,0.7141955266955267,0.7141955266955267,0.808531746031746,0.6099290780141844,0.4334037147830752,0
classification,full,baseline,LightGBM,1006,226,0.3186,28.083,0.7257395382395382,0.7257395382395382,0.8242243867243867,0.6266666666666667,0.44247228956368223,0
classification,full,baseline,LightGBM,1007,226,0.3186,28.083,0.722041847041847,0.722041847041847,0.8299062049062049,0.6216216216216216,0.4379646013962201,0
classification,full,baseline,LightGBM,1008,226,0.3186,28.083,0.6975108225108225,0.6975108225108225,0.8027597402597403,0.5874125874125874,0.396508478681154,0
classification,full,baseline,LightGBM,1009,226,0.3186,28.083,0.7285353535353536,0.7285353535353536,0.8212481962481962,0.6301369863013698,0.4538082049312677,0
classification,full,baseline,LightGBM,1010,226,0.3186,28.083,0.7424242424242424,0.7424242424242424,0.8234126984126984,0.6486486486486487,0.4781676882831193,0
classification,full,baseline,LightGBM,1011,226,0.3186,28.083,0.6808261183261184,0.6808261183261184,0.7915764790764792,0.5655172413793104,0.3603384603100861,0
classification,full,baseline,LightGBM,1012,226,0.3186,28.083,0.7526154401154401,0.7526154401154401,0.8136724386724388,0.6621621621621622,0.4982692317265689,0
classification,full,baseline,LightGBM,1013,226,0.3186,28.083,0.7326839826839826,0.7326839826839826,0.8113275613275613,0.6357615894039735,0.4547271447128466,0
classification,full,baseline,LightGBM,1014,226,0.3186,28.083,0.7187950937950938,0.7187950937950938,0.8251262626262625,0.6174496644295302,0.43018541973575586,0
classification,full,baseline,LightGBM,1015,226,0.3186,28.083,0.7493686868686869,0.7493686868686869,0.8258477633477633,0.6577181208053692,0.49029789182578937,0
classification,full,baseline,LightGBM,1016,226,0.3186,28.083,0.7382756132756132,0.7382756132756132,0.8266594516594516,0.6433566433566433,0.47834493181534654,0
classification,full,baseline,LightGBM,1017,226,0.3186,28.083,0.7012085137085138,0.7012085137085138,0.80988455988456,0.593103448275862,0.4009551645644898,0
classification,full,baseline,LightGBM,1018,226,0.3186,28.083,0.7493686868686869,0.7493686868686869,0.8147546897546897,0.6577181208053692,0.49029789182578937,0
classification,full,baseline,LightGBM,1019,226,0.3186,28.083,0.7118506493506493,0.7118506493506493,0.7943722943722943,0.6081081081081081,0.41786305795277057,0
classification,full,baseline,MLP,1000,226,0.3186,28.083,0.690566378066378,0.690566378066378,0.7966269841269841,0.5774647887323944,0.3840533563617103,0
classification,full,baseline,MLP,1001,226,0.3186,28.083,0.6923701298701299,0.6923701298701299,0.7781385281385281,0.5844155844155844,0.37282589598515886,0
classification,full,baseline,MLP,1002,226,0.3186,28.083,0.7146464646464648,0.7146464646464648,0.7997835497835498,0.6111111111111112,0.4292929292929293,0
classification,full,baseline,MLP,1003,226,0.3186,28.083,0.6886724386724388,0.6886724386724388,0.7919372294372294,0.5789473684210527,0.3676576829280295,0
classification,full,baseline,MLP,1004,226,0.3186,28.083,0.704455266955267,0.704455266955267,0.7868867243867244,0.5972222222222222,0.4089105339105339,0
classification,full,baseline,MLP,1005,226,0.3186,28.083,0.6873196248196248,0.6873196248196248,0.7535173160173161,0.5734265734265734,0.37604936539760586,0
classification,full,baseline,MLP,1006,226,0.3186,28.083,0.6840728715728716,0.6840728715728716,0.7811147186147185,0.5694444444444444,0.36814574314574317,0
classification,full,baseline,MLP,1007,226,0.3186,28.083,0.7155483405483405,0.7155483405483405,0.7761544011544012,0.6133333333333333,0.4224965130072715,0
classification,full,baseline,MLP,1008,226,0.3186,28.083,0.7192460317460317,0.7192460317460317,0.7857142857142858,0.618421052631579,0.42723509904303997,0
classification,full,baseline,MLP,1009,226,0.3186,28.083,0.7183441558441559,0.7183441558441559,0.7953643578643579,0.6164383561643836,0.4335712960294393,0
classification,full,baseline,MLP,1010,226,0.3186,28.083,0.7012085137085138,0.7012085137085138,0.7683982683982684,0.593103448275862,0.4009551645644898,0
classification,full,baseline,MLP,1011,226,0.3186,28.083,0.691468253968254,0.691468253968254,0.7830086580086582,0.581081081081081,0.3776599710658714,0
classification,full,baseline,MLP,1012,226,0.3186,28.083,0.722492784992785,0.722492784992785,0.8031204906204906,0.6225165562913907,0.4348108007777491,0
classification,full,baseline,MLP,1013,226,0.3186,28.083,0.678481240981241,0.678481240981241,0.7909451659451661,0.5657894736842105,0.3477985442230259,0
classification,full,baseline,MLP,1014,226,0.3186,28.083,0.7359307359307359,0.7359307359307359,0.8303571428571429,0.64,0.462448066120093,0
classification,full,baseline,MLP,1015,226,0.3186,28.083,0.6877705627705628,0.6877705627705628,0.795995670995671,0.5753424657534246,0.372860569323954,0
classification,full,baseline,MLP,1016,226,0.3186,28.083,0.690566378066378,0.690566378066378,0.7873376623376624,0.5774647887323944,0.3840533563617103,0
classification,full,baseline,MLP,1017,226,0.3186,28.083,0.6405122655122655,0.6405122655122655,0.7473845598845599,0.5135135135135135,0.27715225384862346,0
classification,full,baseline,MLP,1018,226,0.3186,28.083,0.7150974025974026,0.7150974025974026,0.7956349206349207,0.6122448979591837,0.42566962915081,0
classification,full,baseline,MLP,1019,226,0.3186,28.083,0.6507034632034632,0.6507034632034632,0.7722763347763347,0.527027027027027,0.2972537972920731,0
classification,has_dwi,availability,LogReg,1000,214,0.3224,28.286,0.6974512743628186,0.6974512743628186,0.7835082458770615,0.5915492957746479,0.3893386304055949,0
classification,has_dwi,availability,LogReg,1001,214,0.3224,28.286,0.7340329835082459,0.7340329835082459,0.7942028985507248,0.64,0.4510734665349396,0
classification,has_dwi,availability,LogReg,1002,214,0.3224,28.286,0.7402298850574712,0.7402298850574712,0.7971014492753623,0.647887323943662,0.47369040657041117,0
classification,has_dwi,availability,LogReg,1003,214,0.3224,28.286,0.7326336831584208,0.7326336831584208,0.7871064467766117,0.6376811594202898,0.46526736631684157,0
classification,has_dwi,availability,LogReg,1004,214,0.3224,28.286,0.7008995502248876,0.7008995502248876,0.7777111444277862,0.5957446808510638,0.3974724997879052,0
classification,has_dwi,availability,LogReg,1005,214,0.3224,28.286,0.7395302348825588,0.7395302348825588,0.7798100949525238,0.6470588235294118,0.4828395247481002,0
classification,has_dwi,availability,LogReg,1006,214,0.3224,28.286,0.6871064467766117,0.6871064467766117,0.7827086456771613,0.5793103448275863,0.3654945910636748,0
classification,has_dwi,availability,LogReg,1007,214,0.3224,28.286,0.7436781609195402,0.7436781609195402,0.7984007996001999,0.6524822695035462,0.48210843506612583,0
classification,has_dwi,availability,LogReg,1008,214,0.3224,28.286,0.7188405797101449,0.7188405797101449,0.783008495752124,0.6197183098591549,0.43151451848800304,0
classification,has_dwi,availability,LogReg,1009,214,0.3224,28.286,0.7433283358320839,0.7433283358320839,0.7835082458770616,0.6521739130434783,0.48665667166416793,0
classification,has_dwi,availability,LogReg,1010,214,0.3224,28.286,0.6978010994502748,0.6978010994502748,0.7946026986506747,0.593103448275862,0.38638557463408785,0
classification,has_dwi,availability,LogReg,1011,214,0.3224,28.286,0.708495752123938,0.708495752123938,0.7888055972013993,0.6068965517241379,0.40727655820450087,0
classification,has_dwi,availability,LogReg,1012,214,0.3224,28.286,0.7260869565217392,0.7260869565217392,0.8017991004497751,0.6293706293706294,0.44435919574866367,0
classification,has_dwi,availability,LogReg,1013,214,0.3224,28.286,0.7374812593703148,0.7374812593703148,0.7889055472263867,0.6442953020134228,0.4588497430157529,0
classification,has_dwi,availability,LogReg,1014,214,0.3224,28.286,0.6943528235882059,0.6943528235882059,0.7621189405297352,0.589041095890411,0.3785504358016787,0
classification,has_dwi,availability,LogReg,1015,214,0.3224,28.286,0.7333333333333334,0.7333333333333334,0.7941029485257372,0.6388888888888888,0.45716954929496123,0
classification,has_dwi,availability,LogReg,1016,214,0.3224,28.286,0.7043478260869566,0.7043478260869566,0.8001999000499751,0.6,0.4057059443497446,0
classification,has_dwi,availability,LogReg,1017,214,0.3224,28.286,0.7012493753123439,0.7012493753123439,0.7834082958520739,0.5972222222222222,0.394307512317586,0
classification,has_dwi,availability,LogReg,1018,214,0.3224,28.286,0.7146926536731635,0.7146926536731635,0.7713143428285858,0.6131386861313869,0.4310472135137675,0
classification,has_dwi,availability,LogReg,1019,214,0.3224,28.286,0.6760619690154923,0.6760619690154923,0.7887056471764118,0.5633802816901409,0.3471627423231867,0
classification,has_dwi,availability,SVM_rbf,1000,214,0.3224,28.286,0.6812593703148426,0.6812593703148426,0.7824087956021989,0.5769230769230769,0.3449669765136295,0
classification,has_dwi,availability,SVM_rbf,1001,214,0.3224,28.286,0.6961019490254872,0.6961019490254872,0.792303848075962,0.5962732919254659,0.370293955771204,0
classification,has_dwi,availability,SVM_rbf,1002,214,0.3224,28.286,0.7067966016991505,0.7067966016991505,0.8113943028485758,0.6086956521739131,0.3904883763968507,0
classification,has_dwi,availability,SVM_rbf,1003,214,0.3224,28.286,0.6881559220389806,0.6881559220389806,0.7812593703148426,0.5844155844155844,0.35946127966454006,0
classification,has_dwi,availability,SVM_rbf,1004,214,0.3224,28.286,0.6847076461769115,0.6847076461769115,0.7899050474762619,0.5806451612903226,0.35218366255566674,0
classification,has_dwi,availability,SVM_rbf,1005,214,0.3224,28.286,0.6743628185907047,0.6743628185907047,0.776511744127936,0.569620253164557,0.33070625794657715,0
classification,has_dwi,availability,SVM_rbf,1006,214,0.3224,28.286,0.7060969515242379,0.7060969515242379,0.7948525737131434,0.6064516129032258,0.3929668356005329,0
classification,has_dwi,availability,SVM_rbf,1007,214,0.3224,28.286,0.6719640179910045,0.6719640179910045,0.7825587206396801,0.5714285714285714,0.32241082037348506,0
classification,has_dwi,availability,SVM_rbf,1008,214,0.3224,28.286,0.7212893553223387,0.7212893553223387,0.8023988005997001,0.6257668711656442,0.4168161289451441,0
classification,has_dwi,availability,SVM_rbf,1009,214,0.3224,28.286,0.7171414292853573,0.7171414292853573,0.8061469265367316,0.620253164556962,0.41184255969557976,0
classification,has_dwi,availability,SVM_rbf,1010,214,0.3224,28.286,0.7019490254872564,0.7019490254872564,0.8019990004997501,0.6,0.3892350797069594,0
classification,has_dwi,availability,SVM_rbf,1011,214,0.3224,28.286,0.7071464267866068,0.7071464267866068,0.7878060969515243,0.6097560975609756,0.38974513702164204,0
classification,has_dwi,availability,SVM_rbf,1012,214,0.3224,28.286,0.6850574712643678,0.6850574712643678,0.782208895552224,0.5822784810126582,0.3509903333838278,0
classification,has_dwi,availability,SVM_rbf,1013,214,0.3224,28.286,0.6643678160919539,0.6643678160919539,0.7849575212393803,0.5609756097560976,0.30925735962947665,0
classification,has_dwi,availability,SVM_rbf,1014,214,0.3224,28.286,0.7064467766116942,0.7064467766116942,0.7858070964517742,0.6075949367088608,0.3915584842583291,0
classification,has_dwi,availability,SVM_rbf,1015,214,0.3224,28.286,0.6999000499750125,0.6999000499750125,0.7891554222888555,0.6012269938650306,0.37652766842379776,0
classification,has_dwi,availability,SVM_rbf,1016,214,0.3224,28.286,0.7060969515242379,0.7060969515242379,0.7862068965517242,0.6064516129032258,0.3929668356005329,0
classification,has_dwi,availability,SVM_rbf,1017,214,0.3224,28.286,0.7205897051474264,0.7205897051474264,0.8055972013993004,0.6242038216560509,0.4190802301128242,0
classification,has_dwi,availability,SVM_rbf,1018,214,0.3224,28.286,0.692303848075962,0.692303848075962,0.7976011994002999,0.5911949685534591,0.3641618272841762,0
classification,has_dwi,availability,SVM_rbf,1019,214,0.3224,28.286,0.6885057471264368,0.6885057471264368,0.7895052473763119,0.5859872611464968,0.3581265582205648,0
classification,has_dwi,availability,RandomForest,1000,214,0.3224,28.286,0.7329835082458771,0.7329835082458771,0.8139930034982508,0.6382978723404256,0.46094945124657066,0
classification,has_dwi,availability,RandomForest,1001,214,0.3224,28.286,0.7474762618690655,0.7474762618690655,0.8311344327836082,0.6573426573426573,0.4863984830564506,0
classification,has_dwi,availability,RandomForest,1002,214,0.3224,28.286,0.7581709145427287,0.7581709145427287,0.8391304347826087,0.6713286713286714,0.507418126710344,0
classification,has_dwi,availability,RandomForest,1003,214,0.3224,28.286,0.7474762618690655,0.7474762618690655,0.8377811094452774,0.6573426573426573,0.4863984830564506,0
classification,has_dwi,availability,RandomForest,1004,214,0.3224,28.286,0.7792103948025988,0.7792103948025988,0.835432283858071,0.7,0.554335806085112,0
classification,has_dwi,availability,RandomForest,1005,214,0.3224,28.286,0.7723138430784608,0.7723138430784608,0.8260369815092453,0.6901408450704225,0.5369542386940235,0
classification,has_dwi,availability,RandomForest,1006,214,0.3224,28.286,0.739880059970015,0.739880059970015,0.8291354322838581,0.6474820143884892,0.4779719656752296,0
classification,has_dwi,availability,RandomForest,1007,214,0.3224,28.286,0.739880059970015,0.739880059970015,0.8157421289355322,0.6474820143884892,0.4779719656752296,0
classification,has_dwi,availability,RandomForest,1008,214,0.3224,28.286,0.7650674662668666,0.7650674662668666,0.844127936031984,0.6808510638297872,0.5244264027052361,0
classification,has_dwi,availability,RandomForest,1009,214,0.3224,28.286,0.7723138430784608,0.7723138430784608,0.8435782108945528,0.6901408450704225,0.5369542386940235,0
classification,has_dwi,availability,RandomForest,1010,214,0.3224,28.286,0.7543728135932034,0.7543728135932034,0.8334832583708146,0.6666666666666666,0.5032674188856809,0
classification,has_dwi,availability,RandomForest,1011,214,0.3224,28.286,0.7298850574712643,0.7298850574712643,0.8384807596201899,0.6344827586206897,0.449058525345327,0
classification,has_dwi,availability,RandomForest,1012,214,0.3224,28.286,0.746776611694153,0.746776611694153,0.8244377811094452,0.656934306569343,0.49546348704166293,0
classification,has_dwi,availability,RandomForest,1013,214,0.3224,28.286,0.7619690154922538,0.7619690154922538,0.8251374312843579,0.6758620689655173,0.5117314760565661,0
classification,has_dwi,availability,RandomForest,1014,214,0.3224,28.286,0.7291854072963517,0.7291854072963517,0.8119940029985007,0.6330935251798561,0.4566623822055423,0
classification,has_dwi,availability,RandomForest,1015,214,0.3224,28.286,0.7688655672163918,0.7688655672163918,0.8411294352823588,0.6853146853146853,0.5284377703642376,0
classification,has_dwi,availability,RandomForest,1016,214,0.3224,28.286,0.7436781609195402,0.7436781609195402,0.8271864067966017,0.6524822695035462,0.48210843506612583,0
classification,has_dwi,availability,RandomForest,1017,214,0.3224,28.286,0.7543728135932034,0.7543728135932034,0.8334332833583208,0.6666666666666666,0.5032674188856809,0
classification,has_dwi,availability,RandomForest,1018,214,0.3224,28.286,0.7478260869565218,0.7478260869565218,0.8229385307346327,0.6575342465753424,0.48270290849589215,0
classification,has_dwi,availability,RandomForest,1019,214,0.3224,28.286,0.7222888555722138,0.7222888555722138,0.8188405797101449,0.624113475177305,0.4397904674270155,0
classification,has_dwi,availability,XGBoost,1000,214,0.3224,28.286,0.7371314342828585,0.7371314342828585,0.7979010494752623,0.6438356164383562,0.4618724139570495,0
classification,has_dwi,availability,XGBoost,1001,214,0.3224,28.286,0.746776611694153,0.746776611694153,0.8388805597201399,0.656934306569343,0.49546348704166293,0
classification,has_dwi,availability,XGBoost,1002,214,0.3224,28.286,0.776111944027986,0.776111944027986,0.832783608195902,0.6944444444444444,0.5409855985981282,0
classification,has_dwi,availability,XGBoost,1003,214,0.3224,28.286,0.7647176411794103,0.7647176411794103,0.8332833583208396,0.6811594202898551,0.5294352823588205,0
classification,has_dwi,availability,XGBoost,1004,214,0.3224,28.286,0.7474762618690655,0.7474762618690655,0.8369815092453773,0.6573426573426573,0.4863984830564506,0
classification,has_dwi,availability,XGBoost,1005,214,0.3224,28.286,0.7440279860069965,0.7440279860069965,0.8179910044977511,0.6527777777777778,0.478123561620753,0
classification,has_dwi,availability,XGBoost,1006,214,0.3224,28.286,0.7360819590204897,0.7360819590204897,0.831784107946027,0.6423357664233577,0.4739913958656978,0
classification,has_dwi,availability,XGBoost,1007,214,0.3224,28.286,0.729535232383808,0.729535232383808,0.8171914042978511,0.6338028169014085,0.4526024625292071,0
classification,has_dwi,availability,XGBoost,1008,214,0.3224,28.286,0.7650674662668666,0.7650674662668666,0.8492753623188406,0.6808510638297872,0.5244264027052361,0
classification,has_dwi,availability,XGBoost,1009,214,0.3224,28.286,0.7647176411794103,0.7647176411794103,0.8462768615692154,0.6811594202898551,0.5294352823588205,0
classification,has_dwi,availability,XGBoost,1010,214,0.3224,28.286,0.739880059970015,0.739880059970015,0.8334832583708146,0.6474820143884892,0.4779719656752296,0
classification,has_dwi,availability,XGBoost,1011,214,0.3224,28.286,0.7581709145427287,0.7581709145427287,0.8267866066966517,0.6713286713286714,0.507418126710344,0
classification,has_dwi,availability,XGBoost,1012,214,0.3224,28.286,0.6829585207396303,0.6829585207396303,0.8192903548225887,0.5714285714285714,0.36324026956821104,0
classification,has_dwi,availability,XGBoost,1013,214,0.3224,28.286,0.7326336831584208,0.7326336831584208,0.8276861569215392,0.6376811594202898,0.46526736631684157,0
classification,has_dwi,availability,XGBoost,1014,214,0.3224,28.286,0.7215892053973014,0.7215892053973014,0.8049975012493753,0.6222222222222222,0.44852258534917916,0
classification,has_dwi,availability,XGBoost,1015,214,0.3224,28.286,0.7260869565217392,0.7260869565217392,0.8152923538230885,0.6293706293706294,0.44435919574866367,0
classification,has_dwi,availability,XGBoost,1016,214,0.3224,28.286,0.717791104447776,0.717791104447776,0.8152923538230885,0.6165413533834586,0.4446753575136323,0
classification,has_dwi,availability,XGBoost,1017,214,0.3224,28.286,0.7754122938530734,0.7754122938530734,0.839880059970015,0.6956521739130435,0.550824587706147,0
classification,has_dwi,availability,XGBoost,1018,214,0.3224,28.286,0.7581709145427287,0.7581709145427287,0.8368815592203898,0.6713286713286714,0.507418126710344,0
classification,has_dwi,availability,XGBoost,1019,214,0.3224,28.286,0.7298850574712643,0.7298850574712643,0.8107946026986507,0.6344827586206897,0.449058525345327,0
classification,has_dwi,availability,LightGBM,1000,214,0.3224,28.286,0.7191904047976012,0.7191904047976012,0.793703148425787,0.6206896551724138,0.4281675417749139,0
classification,has_dwi,availability,LightGBM,1001,214,0.3224,28.286,0.7357321339330335,0.7357321339330335,0.8262868565717141,0.6417910447761194,0.4791897471635897,0
classification,has_dwi,availability,LightGBM,1002,214,0.3224,28.286,0.7512743628185907,0.7512743628185907,0.8303848075962019,0.6620689655172414,0.490840492486153,0
classification,has_dwi,availability,LightGBM,1003,214,0.3224,28.286,0.7471264367816092,0.7471264367816092,0.8239880059970015,0.6571428571428571,0.4906372939128117,0
classification,has_dwi,availability,LightGBM,1004,214,0.3224,28.286,0.776111944027986,0.776111944027986,0.8474762618690654,0.6944444444444444,0.5409855985981282,0
classification,has_dwi,availability,LightGBM,1005,214,0.3224,28.286,0.7650674662668666,0.7650674662668666,0.8129935032483758,0.6808510638297872,0.5244264027052361,0
classification,has_dwi,availability,LightGBM,1006,214,0.3224,28.286,0.7288355822088955,0.7288355822088955,0.8280859570214892,0.6323529411764706,0.4612814904697582,0
classification,has_dwi,availability,LightGBM,1007,214,0.3224,28.286,0.7143428285857072,0.7143428285857072,0.8203898050974513,0.6119402985074627,0.4357101601833021,0
classification,has_dwi,availability,LightGBM,1008,214,0.3224,28.286,0.7685157421289355,0.7685157421289355,0.8417791104447776,0.6857142857142857,0.5331029686943453,0
classification,has_dwi,availability,LightGBM,1009,214,0.3224,28.286,0.7650674662668666,0.7650674662668666,0.840679660169915,0.6808510638297872,0.5244264027052361,0
classification,has_dwi,availability,LightGBM,1010,214,0.3224,28.286,0.7360819590204897,0.7360819590204897,0.8326836581709145,0.6423357664233577,0.4739913958656978,0
classification,has_dwi,availability,LightGBM,1011,214,0.3224,28.286,0.729535232383808,0.729535232383808,0.8180909545227386,0.6338028169014085,0.4526024625292071,0
classification,has_dwi,availability,LightGBM,1012,214,0.3224,28.286,0.7150424787606197,0.7150424787606197,0.7999000499750125,0.6142857142857143,0.42693878174051136,0
classification,has_dwi,availability,LightGBM,1013,214,0.3224,28.286,0.7219390304847576,0.7219390304847576,0.8145927036481759,0.6231884057971014,0.44387806096951526,0
classification,has_dwi,availability,LightGBM,1014,214,0.3224,28.286,0.7436781609195402,0.7436781609195402,0.8066966516741629,0.6524822695035462,0.48210843506612583,0
classification,has_dwi,availability,LightGBM,1015,214,0.3224,28.286,0.7464267866066967,0.7464267866066967,0.8273863068465768,0.6567164179104478,0.5009295406537334,0
classification,has_dwi,availability,LightGBM,1016,214,0.3224,28.286,0.7436781609195402,0.7436781609195402,0.8185907046476762,0.6524822695035462,0.48210843506612583,0
classification,has_dwi,availability,LightGBM,1017,214,0.3224,28.286,0.764367816091954,0.764367816091954,0.848575712143928,0.6814814814814815,0.5351115192821736,0
classification,has_dwi,availability,LightGBM,1018,214,0.3224,28.286,0.736431784107946,0.736431784107946,0.8287856071964018,0.6428571428571429,0.46940445652204493,0
classification,has_dwi,availability,LightGBM,1019,214,0.3224,28.286,0.6860569715142428,0.6860569715142428,0.808695652173913,0.5735294117647058,0.37504935335638995,0
classification,has_dwi,availability,MLP,1000,214,0.3224,28.286,0.7005497251374313,0.7005497251374313,0.7798100949525237,0.5942028985507246,0.40109945027486255,0
classification,has_dwi,availability,MLP,1001,214,0.3224,28.286,0.715392303848076,0.715392303848076,0.8036981509245378,0.6153846153846154,0.4233395520947702,0
classification,has_dwi,availability,MLP,1002,214,0.3224,28.286,0.711944027986007,0.711944027986007,0.8118940529735132,0.6111111111111112,0.41526152464337773,0
classification,has_dwi,availability,MLP,1003,214,0.3224,28.286,0.7043478260869566,0.7043478260869566,0.7914042978510745,0.6,0.4057059443497446,0
classification,has_dwi,availability,MLP,1004,214,0.3224,28.286,0.6974512743628186,0.6974512743628186,0.7835082458770615,0.5915492957746479,0.3893386304055949,0
classification,has_dwi,availability,MLP,1005,214,0.3224,28.286,0.6857071464267865,0.6857071464267865,0.7792103948025986,0.5714285714285714,0.3791678817165346,0
classification,has_dwi,availability,MLP,1006,214,0.3224,28.286,0.6864067966016991,0.6864067966016991,0.7790104947526237,0.5755395683453237,0.371424048326793,0
classification,has_dwi,availability,MLP,1007,214,0.3224,28.286,0.700199900049975,0.700199900049975,0.8041979010494753,0.5925925925925926,0.4052281183826819,0
classification,has_dwi,availability,MLP,1008,214,0.3224,28.286,0.7543728135932034,0.7543728135932034,0.8062968515742128,0.6666666666666666,0.5032674188856809,0
classification,has_dwi,availability,MLP,1009,214,0.3224,28.286,0.7222888555722138,0.7222888555722138,0.7974012993503249,0.624113475177305,0.4397904674270155,0
classification,has_dwi,availability,MLP,1010,214,0.3224,28.286,0.6895052473763118,0.6895052473763118,0.8065967016491755,0.5777777777777777,0.3835808848994333,0
classification,has_dwi,availability,MLP,1011,214,0.3224,28.286,0.715392303848076,0.715392303848076,0.8104947526236882,0.6153846153846154,0.4233395520947702,0
classification,has_dwi,availability,MLP,1012,214,0.3224,28.286,0.6895052473763118,0.6895052473763118,0.7936031984007996,0.5777777777777777,0.3835808848994333,0
classification,has_dwi,availability,MLP,1013,214,0.3224,28.286,0.7160919540229884,0.7160919540229884,0.7917041479260369,0.6174496644295302,0.41752236717174146,0
classification,has_dwi,availability,MLP,1014,214,0.3224,28.286,0.6650174912543728,0.6650174912543728,0.7740129935032484,0.5467625899280576,0.32880488138741837,0
classification,has_dwi,availability,MLP,1015,214,0.3224,28.286,0.6864067966016991,0.6864067966016991,0.7829085457271364,0.5755395683453237,0.371424048326793,0
classification,has_dwi,availability,MLP,1016,214,0.3224,28.286,0.6788105947026486,0.6788105947026486,0.7826086956521738,0.562962962962963,0.3619336514161847,0
classification,has_dwi,availability,MLP,1017,214,0.3224,28.286,0.708495752123938,0.708495752123938,0.8039980009995003,0.6068965517241379,0.40727655820450087,0
classification,has_dwi,availability,MLP,1018,214,0.3224,28.286,0.6936531734132934,0.6936531734132934,0.7818090954522738,0.5857142857142857,0.3844731069589778,0
classification,has_dwi,availability,MLP,1019,214,0.3224,28.286,0.6943528235882059,0.6943528235882059,0.7748125937031485,0.589041095890411,0.3785504358016787,0
classification,has_rsfmri,availability,LogReg,1000,192,0.2969,27.378,0.6982456140350877,0.6982456140350877,0.7749187784275504,0.576271186440678,0.38907858720400096,0
classification,has_rsfmri,availability,LogReg,1001,192,0.2969,27.378,0.650682261208577,0.650682261208577,0.7389213775178687,0.5087719298245614,0.301364522417154,0
classification,has_rsfmri,availability,LogReg,1002,192,0.2969,27.378,0.737037037037037,0.737037037037037,0.7968810916179336,0.628099173553719,0.4594682917363407,0
classification,has_rsfmri,availability,LogReg,1003,192,0.2969,27.378,0.6732943469785575,0.6732943469785575,0.7588044184535413,0.5423728813559322,0.34010901084007555,0
classification,has_rsfmri,availability,LogReg,1004,192,0.2969,27.378,0.7079922027290448,0.7079922027290448,0.8028589993502273,0.5892857142857143,0.4203777619673147,0
classification,has_rsfmri,availability,LogReg,1005,192,0.2969,27.378,0.7060428849902534,0.7060428849902534,0.7647823261858351,0.5873015873015873,0.39238719725945936,0
classification,has_rsfmri,availability,LogReg,1006,192,0.2969,27.378,0.6996101364522418,0.6996101364522418,0.8048083170890188,0.5785123966942148,0.38692066672533953,0
classification,has_rsfmri,availability,LogReg,1007,192,0.2969,27.378,0.7033138401559454,0.7033138401559454,0.7732293697205977,0.5833333333333334,0.39567273156951177,0
classification,has_rsfmri,availability,LogReg,1008,192,0.2969,27.378,0.6719298245614036,0.6719298245614036,0.7630929174788824,0.5391304347826087,0.3421520384924482,0
classification,has_rsfmri,availability,LogReg,1009,192,0.2969,27.378,0.7056530214424951,0.7056530214424951,0.7998700454840806,0.5862068965517241,0.40730296910800257,0
classification,has_rsfmri,availability,LogReg,1010,192,0.2969,27.378,0.6881091617933723,0.6881091617933723,0.7637426900584794,0.5614035087719298,0.3762183235867446,0
classification,has_rsfmri,availability,LogReg,1011,192,0.2969,27.378,0.656140350877193,0.656140350877193,0.7533463287849252,0.5238095238095238,0.2973530227103377,0
classification,has_rsfmri,availability,LogReg,1012,192,0.2969,27.378,0.6719298245614036,0.6719298245614036,0.792722547108512,0.5391304347826087,0.3421520384924482,0
classification,has_rsfmri,availability,LogReg,1013,192,0.2969,27.378,0.6571150097465888,0.6571150097465888,0.7532163742690058,0.5210084033613446,0.3070325810853845,0
classification,has_rsfmri,availability,LogReg,1014,192,0.2969,27.378,0.6935672514619883,0.6935672514619883,0.7689408706952567,0.5714285714285714,0.36862865362217895,0
classification,has_rsfmri,availability,LogReg,1015,192,0.2969,27.378,0.6996101364522418,0.6996101364522418,0.7703703703703703,0.5785123966942148,0.38692066672533953,0
classification,has_rsfmri,availability,LogReg,1016,192,0.2969,27.378,0.7407407407407407,0.7407407407407407,0.7959714100064976,0.6333333333333333,0.46850989787952735,0
classification,has_rsfmri,availability,LogReg,1017,192,0.2969,27.378,0.7430799220272905,0.7430799220272905,0.7824561403508772,0.6379310344827587,0.4814282487940087,0
classification,has_rsfmri,availability,LogReg,1018,192,0.2969,27.378,0.7157894736842105,0.7157894736842105,0.8023391812865497,0.6,0.41995178700618363,0
classification,has_rsfmri,availability,LogReg,1019,192,0.2969,27.378,0.734307992202729,0.734307992202729,0.8131254061078621,0.6260869565217392,0.46628883250331377,0
classification,has_rsfmri,availability,SVM_rbf,1000,192,0.2969,27.378,0.6935672514619883,0.6935672514619883,0.7932423651721898,0.5714285714285714,0.36862865362217895,0
classification,has_rsfmri,availability,SVM_rbf,1001,192,0.2969,27.378,0.6949317738791423,0.6949317738791423,0.7984405458089668,0.5736434108527132,0.36792565474028993,0
classification,has_rsfmri,availability,SVM_rbf,1002,192,0.2969,27.378,0.7434697855750487,0.7434697855750487,0.8132553606237817,0.6349206349206349,0.4636628281713006,0
classification,has_rsfmri,availability,SVM_rbf,1003,192,0.2969,27.378,0.6996101364522418,0.6996101364522418,0.8053931124106564,0.5785123966942148,0.38692066672533953,0
classification,has_rsfmri,availability,SVM_rbf,1004,192,0.2969,27.378,0.7148148148148148,0.7148148148148148,0.8226770630279402,0.5984251968503937,0.40782101557449224,0
classification,has_rsfmri,availability,SVM_rbf,1005,192,0.2969,27.378,0.668615984405458,0.668615984405458,0.7697205977907732,0.5396825396825397,0.3211115663476181,0
classification,has_rsfmri,availability,SVM_rbf,1006,192,0.2969,27.378,0.6783625730994152,0.6783625730994152,0.789083820662768,0.55,0.34711462069616805,0
classification,has_rsfmri,availability,SVM_rbf,1007,192,0.2969,27.378,0.7120857699805068,0.7120857699805068,0.7909031838856401,0.5950413223140496,0.41110320839567327,0
classification,has_rsfmri,availability,SVM_rbf,1008,192,0.2969,27.378,0.6672514619883041,0.6672514619883041,0.7907732293697206,0.5365853658536586,0.3217710666391449,0
classification,has_rsfmri,availability,SVM_rbf,1009,192,0.2969,27.378,0.7235867446393762,0.7235867446393762,0.8101364522417154,0.609375,0.42321251411591904,0
classification,has_rsfmri,availability,SVM_rbf,1010,192,0.2969,27.378,0.72729044834308,0.72729044834308,0.8194931773879142,0.6141732283464567,0.4315057206532286,0
classification,has_rsfmri,availability,SVM_rbf,1011,192,0.2969,27.378,0.6723196881091618,0.6723196881091618,0.7807667316439246,0.544,0.3292334164696518,0
classification,has_rsfmri,availability,SVM_rbf,1012,192,0.2969,27.378,0.684795321637427,0.684795321637427,0.7893437296946069,0.56,0.3530693199244682,0
classification,has_rsfmri,availability,SVM_rbf,1013,192,0.2969,27.378,0.7046783625730995,0.7046783625730995,0.78635477582846,0.5853658536585366,0.39377578085210035,0
classification,has_rsfmri,availability,SVM_rbf,1014,192,0.2969,27.378,0.7360623781676413,0.7360623781676413,0.7879142300194931,0.625,0.44682681307269223,0
classification,has_rsfmri,availability,SVM_rbf,1015,192,0.2969,27.378,0.6912280701754385,0.6912280701754385,0.7862248213125406,0.5692307692307692,0.3599573445069121,0
classification,has_rsfmri,availability,SVM_rbf,1016,192,0.2969,27.378,0.7582846003898636,0.7582846003898636,0.8168940870695257,0.6557377049180327,0.49874009320414686,0
classification,has_rsfmri,availability,SVM_rbf,1017,192,0.2969,27.378,0.7023391812865497,0.7023391812865497,0.7989603638726446,0.5826771653543307,0.38413631049575586,0
classification,has_rsfmri,availability,SVM_rbf,1018,192,0.2969,27.378,0.7097465886939571,0.7097465886939571,0.8077972709551657,0.592,0.40074112683410107,0
classification,has_rsfmri,availability,SVM_rbf,1019,192,0.2969,27.378,0.7586744639376218,0.7586744639376218,0.8281351526965561,0.6515151515151515,0.48446711487823807,0
classification,has_rsfmri,availability,RandomForest,1000,192,0.2969,27.378,0.7578947368421053,0.7578947368421053,0.8352826510721247,0.6607142857142857,0.5212369063568485,0
classification,has_rsfmri,availability,RandomForest,1001,192,0.2969,27.378,0.7315789473684211,0.7315789473684211,0.8281351526965562,0.6238532110091743,0.47617620954144296,0
classification,has_rsfmri,availability,RandomForest,1002,192,0.2969,27.378,0.7315789473684211,0.7315789473684211,0.8369720597790773,0.6238532110091743,0.47617620954144296,0
classification,has_rsfmri,availability,RandomForest,1003,192,0.2969,27.378,0.7380116959064327,0.7380116959064327,0.8418453541260558,0.631578947368421,0.4760233918128655,0
classification,has_rsfmri,availability,RandomForest,1004,192,0.2969,27.378,0.7504873294346979,0.7504873294346979,0.8387264457439896,0.6491228070175439,0.5009746588693957,0
classification,has_rsfmri,availability,RandomForest,1005,192,0.2969,27.378,0.7555555555555555,0.7555555555555555,0.8211176088369071,0.6551724137931034,0.5061366753560107,0
classification,has_rsfmri,availability,RandomForest,1006,192,0.2969,27.378,0.7615984405458089,0.7615984405458089,0.8504873294346978,0.6666666666666666,0.5316588350796564,0
classification,has_rsfmri,availability,RandomForest,1007,192,0.2969,27.378,0.734307992202729,0.734307992202729,0.8402858999350227,0.6260869565217392,0.46628883250331377,0
classification,has_rsfmri,availability,RandomForest,1008,192,0.2969,27.378,0.7204678362573099,0.7204678362573099,0.8378167641325536,0.6071428571428571,0.44559254806469817,0
classification,has_rsfmri,availability,RandomForest,1009,192,0.2969,27.378,0.7504873294346979,0.7504873294346979,0.8387914230019493,0.6491228070175439,0.5009746588693957,0
classification,has_rsfmri,availability,RandomForest,1010,192,0.2969,27.378,0.7417153996101364,0.7417153996101364,0.8497725795971409,0.6371681415929203,0.4859316202256366,0
classification,has_rsfmri,availability,RandomForest,1011,192,0.2969,27.378,0.7481481481481481,0.7481481481481481,0.8130604288499025,0.6440677966101694,0.48701773993185177,0
classification,has_rsfmri,availability,RandomForest,1012,192,0.2969,27.378,0.7680311890838207,0.7680311890838207,0.8398310591293047,0.6724137931034483,0.5308451019180128,0
classification,has_rsfmri,availability,RandomForest,1013,192,0.2969,27.378,0.734307992202729,0.734307992202729,0.8350227420402859,0.6260869565217392,0.46628883250331377,0
classification,has_rsfmri,availability,RandomForest,1014,192,0.2969,27.378,0.7116959064327486,0.7116959064327486,0.8198180636777128,0.5945945945945946,0.43023956400633895,0
classification,has_rsfmri,availability,RandomForest,1015,192,0.2969,27.378,0.7467836257309941,0.7467836257309941,0.8387264457439897,0.6434782608695652,0.49111619130548684,0
classification,has_rsfmri,availability,RandomForest,1016,192,0.2969,27.378,0.7592592592592593,0.7592592592592593,0.8441845354126056,0.6608695652173913,0.51594355010766,0
classification,has_rsfmri,availability,RandomForest,1017,192,0.2969,27.378,0.7454191033138402,0.7454191033138402,0.8401559454191033,0.6428571428571429,0.49602212025946507,0
classification,has_rsfmri,availability,RandomForest,1018,192,0.2969,27.378,0.7454191033138402,0.7454191033138402,0.8271604938271604,0.6428571428571429,0.49602212025946507,0
classification,has_rsfmri,availability,RandomForest,1019,192,0.2969,27.378,0.7491228070175439,0.7491228070175439,0.8508122157244964,0.6486486486486487,0.5063040173113271,0
classification,has_rsfmri,availability,XGBoost,1000,192,0.2969,27.378,0.7504873294346979,0.7504873294346979,0.8327485380116959,0.6491228070175439,0.5009746588693957,0
classification,has_rsfmri,availability,XGBoost,1001,192,0.2969,27.378,0.732943469785575,0.732943469785575,0.8359974009096816,0.625,0.4708073341620816,0
classification,has_rsfmri,availability,XGBoost,1002,192,0.2969,27.378,0.7366471734892788,0.7366471734892788,0.8302794022092267,0.6306306306306306,0.4809491995429977,0
classification,has_rsfmri,availability,XGBoost,1003,192,0.2969,27.378,0.7306042884990254,0.7306042884990254,0.8310591293047433,0.6206896551724138,0.45671982223200663,0
classification,has_rsfmri,availability,XGBoost,1004,192,0.2969,27.378,0.7292397660818714,0.7292397660818714,0.8439246263807667,0.6194690265486725,0.46085127853657143,0
classification,has_rsfmri,availability,XGBoost,1005,192,0.2969,27.378,0.7417153996101364,0.7417153996101364,0.8271604938271605,0.6371681415929203,0.4859316202256366,0
classification,has_rsfmri,availability,XGBoost,1006,192,0.2969,27.378,0.7467836257309941,0.7467836257309941,0.8396361273554256,0.6434782608695652,0.49111619130548684,0
classification,has_rsfmri,availability,XGBoost,1007,192,0.2969,27.378,0.7241715399610136,0.7241715399610136,0.8482131254061078,0.6126126126126126,0.4555943817746683,0
classification,has_rsfmri,availability,XGBoost,1008,192,0.2969,27.378,0.7541910331384016,0.7541910331384016,0.8258609486679662,0.6548672566371682,0.5110119619147017,0
classification,has_rsfmri,availability,XGBoost,1009,192,0.2969,27.378,0.7282651072124757,0.7282651072124757,0.8385964912280701,0.6166666666666667,0.4442308424428555,0
classification,has_rsfmri,availability,XGBoost,1010,192,0.2969,27.378,0.7555555555555555,0.7555555555555555,0.8383365821962313,0.6551724137931034,0.5061366753560107,0
classification,has_rsfmri,availability,XGBoost,1011,192,0.2969,27.378,0.7407407407407407,0.7407407407407407,0.8055880441845353,0.6333333333333333,0.46850989787952735,0
classification,has_rsfmri,availability,XGBoost,1012,192,0.2969,27.378,0.732943469785575,0.732943469785575,0.8294996751137101,0.625,0.4708073341620816,0
classification,has_rsfmri,availability,XGBoost,1013,192,0.2969,27.378,0.734307992202729,0.734307992202729,0.8337881741390513,0.6260869565217392,0.46628883250331377,0
classification,has_rsfmri,availability,XGBoost,1014,192,0.2969,27.378,0.7491228070175439,0.7491228070175439,0.8266406757634828,0.6486486486486487,0.5063040173113271,0
classification,has_rsfmri,availability,XGBoost,1015,192,0.2969,27.378,0.7380116959064327,0.7380116959064327,0.8371669915529565,0.631578947368421,0.4760233918128655,0
classification,has_rsfmri,availability,XGBoost,1016,192,0.2969,27.378,0.7417153996101364,0.7417153996101364,0.8402858999350228,0.6371681415929203,0.4859316202256366,0
classification,has_rsfmri,availability,XGBoost,1017,192,0.2969,27.378,0.7430799220272905,0.7430799220272905,0.8465237166991553,0.6379310344827587,0.4814282487940087,0
classification,has_rsfmri,availability,XGBoost,1018,192,0.2969,27.378,0.7144249512670565,0.7144249512670565,0.8262508122157246,0.5982905982905983,0.4227143945848234,0
classification,has_rsfmri,availability,XGBoost,1019,192,0.2969,27.378,0.6992202729044834,0.6992202729044834,0.8227420402858999,0.5765765765765766,0.4048847462380096,0
classification,has_rsfmri,availability,LightGBM,1000,192,0.2969,27.378,0.7204678362573099,0.7204678362573099,0.813385315139701,0.6071428571428571,0.44559254806469817,0
classification,has_rsfmri,availability,LightGBM,1001,192,0.2969,27.378,0.7015594541910332,0.7015594541910332,0.8249512670565302,0.5794392523364486,0.4196703692724031,0
classification,has_rsfmri,availability,LightGBM,1002,192,0.2969,27.378,0.7292397660818714,0.7292397660818714,0.8337881741390514,0.6194690265486725,0.46085127853657143,0
classification,has_rsfmri,availability,LightGBM,1003,192,0.2969,27.378,0.7167641325536063,0.7167641325536063,0.8320987654320987,0.6017699115044248,0.43577093684750634,0
classification,has_rsfmri,availability,LightGBM,1004,192,0.2969,27.378,0.7592592592592593,0.7592592592592593,0.8462638076673165,0.6608695652173913,0.51594355010766,0
classification,has_rsfmri,availability,LightGBM,1005,192,0.2969,27.378,0.7467836257309941,0.7467836257309941,0.8245614035087719,0.6434782608695652,0.49111619130548684,0
classification,has_rsfmri,availability,LightGBM,1006,192,0.2969,27.378,0.7144249512670565,0.7144249512670565,0.8302794022092268,0.5982905982905983,0.4227143945848234,0
classification,has_rsfmri,availability,LightGBM,1007,192,0.2969,27.378,0.7417153996101364,0.7417153996101364,0.8460038986354775,0.6371681415929203,0.4859316202256366,0
classification,has_rsfmri,availability,LightGBM,1008,192,0.2969,27.378,0.7255360623781677,0.7255360623781677,0.8176738141650423,0.6140350877192983,0.4510721247563353,0
classification,has_rsfmri,availability,LightGBM,1009,192,0.2969,27.378,0.7306042884990254,0.7306042884990254,0.8274204028589993,0.6206896551724138,0.45671982223200663,0
classification,has_rsfmri,availability,LightGBM,1010,192,0.2969,27.378,0.7440545808966862,0.7440545808966862,0.8374269005847954,0.6422018348623854,0.50182879995445,0
classification,has_rsfmri,availability,LightGBM,1011,192,0.2969,27.378,0.734307992202729,0.734307992202729,0.8178037686809616,0.6260869565217392,0.46628883250331377,0
classification,has_rsfmri,availability,LightGBM,1012,192,0.2969,27.378,0.7116959064327486,0.7116959064327486,0.8283300844704353,0.5945945945945946,0.43023956400633895,0
classification,has_rsfmri,availability,LightGBM,1013,192,0.2969,27.378,0.7079922027290448,0.7079922027290448,0.8223521767381416,0.5892857142857143,0.4203777619673147,0
classification,has_rsfmri,availability,LightGBM,1014,192,0.2969,27.378,0.7278752436647173,0.7278752436647173,0.8204028589993503,0.6181818181818182,0.4657856653160228,0
classification,has_rsfmri,availability,LightGBM,1015,192,0.2969,27.378,0.7380116959064327,0.7380116959064327,0.8328784925276153,0.631578947368421,0.4760233918128655,0
classification,has_rsfmri,availability,LightGBM,1016,192,0.2969,27.378,0.7126705653021443,0.7126705653021443,0.847043534762833,0.5961538461538461,0.4519691197139811,0
classification,has_rsfmri,availability,LightGBM,1017,192,0.2969,27.378,0.7578947368421053,0.7578947368421053,0.8445743989603638,0.6607142857142857,0.5212369063568485,0
classification,has_rsfmri,availability,LightGBM,1018,192,0.2969,27.378,0.7380116959064327,0.7380116959064327,0.8298895386614684,0.631578947368421,0.4760233918128655,0
classification,has_rsfmri,availability,LightGBM,1019,192,0.2969,27.378,0.7292397660818714,0.7292397660818714,0.8166341780376868,0.6194690265486725,0.46085127853657143,0
classification,has_rsfmri,availability,MLP,1000,192,0.2969,27.378,0.6844054580896686,0.6844054580896686,0.7937621832358674,0.5565217391304348,0.3669793972946213,0
classification,has_rsfmri,availability,MLP,1001,192,0.2969,27.378,0.6742690058479532,0.6742690058479532,0.7723196881091619,0.5405405405405406,0.3541751107013509,0
classification,has_rsfmri,availability,MLP,1002,192,0.2969,27.378,0.7029239766081872,0.7029239766081872,0.7989603638726446,0.5818181818181818,0.41478432642769864,0
classification,has_rsfmri,availability,MLP,1003,192,0.2969,27.378,0.7042884990253411,0.7042884990253411,0.7948018193632229,0.584070796460177,0.41069059515844125,0
classification,has_rsfmri,availability,MLP,1004,192,0.2969,27.378,0.7467836257309941,0.7467836257309941,0.8157244964262508,0.6434782608695652,0.49111619130548684,0
classification,has_rsfmri,availability,MLP,1005,192,0.2969,27.378,0.7194931773879143,0.7194931773879143,0.7768680961663417,0.6050420168067226,0.42893137258330394,0
classification,has_rsfmri,availability,MLP,1006,192,0.2969,27.378,0.7144249512670565,0.7144249512670565,0.7951916829109811,0.5982905982905983,0.4227143945848234,0
classification,has_rsfmri,availability,MLP,1007,192,0.2969,27.378,0.6567251461988304,0.6567251461988304,0.7781676413255361,0.5137614678899083,0.3222606670634008,0
classification,has_rsfmri,availability,MLP,1008,192,0.2969,27.378,0.7130604288499025,0.7130604288499025,0.7962313190383365,0.5964912280701754,0.42612085769980507,0
classification,has_rsfmri,availability,MLP,1009,192,0.2969,27.378,0.7042884990253411,0.7042884990253411,0.7932423651721896,0.584070796460177,0.41069059515844125,0
classification,has_rsfmri,availability,MLP,1010,192,0.2969,27.378,0.7393762183235868,0.7393762183235868,0.8201429499675114,0.6324786324786325,0.47190297868196646,0
classification,has_rsfmri,availability,MLP,1011,192,0.2969,27.378,0.7185185185185186,0.7185185185185186,0.7762183235867446,0.6031746031746031,0.4161457408967398,0
classification,has_rsfmri,availability,MLP,1012,192,0.2969,27.378,0.7079922027290448,0.7079922027290448,0.8024691358024691,0.5892857142857143,0.4203777619673147,0
classification,has_rsfmri,availability,MLP,1013,192,0.2969,27.378,0.6820662768031189,0.6820662768031189,0.7681611435997401,0.5546218487394958,0.3557920976845523,0
classification,has_rsfmri,availability,MLP,1014,192,0.2969,27.378,0.762962962962963,0.762962962962963,0.8398960363872645,0.6666666666666666,0.5259259259259259,0
classification,has_rsfmri,availability,MLP,1015,192,0.2969,27.378,0.7056530214424951,0.7056530214424951,0.7880441845354126,0.5862068965517241,0.40730296910800257,0
classification,has_rsfmri,availability,MLP,1016,192,0.2969,27.378,0.7107212475633529,0.7107212475633529,0.7893437296946069,0.5932203389830508,0.41356337538596366,0
classification,has_rsfmri,availability,MLP,1017,192,0.2969,27.378,0.7306042884990254,0.7306042884990254,0.7951916829109811,0.6206896551724138,0.45671982223200663,0
classification,has_rsfmri,availability,MLP,1018,192,0.2969,27.378,0.6807017543859649,0.6807017543859649,0.797270955165692,0.5517241379310345,0.35788611598399844,0
classification,has_rsfmri,availability,MLP,1019,192,0.2969,27.378,0.7615984405458089,0.7615984405458089,0.8454840805717998,0.6666666666666666,0.5316588350796564,0
classification,has_taskfmri,availability,LogReg,1000,189,0.2963,25.723,0.7213345864661653,0.7213345864661653,0.7913533834586466,0.6065573770491803,0.4240085261507962,0
classification,has_taskfmri,availability,LogReg,1001,189,0.2963,25.723,0.6555451127819549,0.6555451127819549,0.7412728249194416,0.5238095238095238,0.294160055702908,0
classification,has_taskfmri,availability,LogReg,1002,189,0.2963,25.723,0.6414473684210527,0.6414473684210527,0.7228786251342643,0.5040650406504065,0.2700395558040335,0
classification,has_taskfmri,availability,LogReg,1003,189,0.2963,25.723,0.674342105263158,0.674342105263158,0.7607411385606875,0.5454545454545454,0.335185015154651,0
classification,has_taskfmri,availability,LogReg,1004,189,0.2963,25.723,0.6842105263157894,0.6842105263157894,0.7700053705692804,0.5565217391304348,0.3630501253766361,0
classification,has_taskfmri,availability,LogReg,1005,189,0.2963,25.723,0.7034774436090225,0.7034774436090225,0.7510741138560687,0.5833333333333334,0.39266402037204384,0
classification,has_taskfmri,availability,LogReg,1006,189,0.2963,25.723,0.6804511278195489,0.6804511278195489,0.7389903329752954,0.5517241379310345,0.3540290910465149,0
classification,has_taskfmri,availability,LogReg,1007,189,0.2963,25.723,0.6945488721804511,0.6945488721804511,0.754296455424275,0.5714285714285714,0.37689727707306575,0
classification,has_taskfmri,availability,LogReg,1008,189,0.2963,25.723,0.6461466165413534,0.6461466165413534,0.7297261009667025,0.5043478260869565,0.2880321147758516,0
classification,has_taskfmri,availability,LogReg,1009,189,0.2963,25.723,0.7161654135338347,0.7161654135338347,0.7710794844253491,0.6,0.41714884381325673,0
classification,has_taskfmri,availability,LogReg,1010,189,0.2963,25.723,0.6696428571428572,0.6696428571428572,0.7671858216970999,0.5426356589147286,0.3181961958974508,0
classification,has_taskfmri,availability,LogReg,1011,189,0.2963,25.723,0.6921992481203008,0.6921992481203008,0.7926960257787325,0.5691056910569106,0.3669308249961784,0
classification,has_taskfmri,availability,LogReg,1012,189,0.2963,25.723,0.7354323308270676,0.7354323308270676,0.7968582169709989,0.624,0.4465815363960825,0
classification,has_taskfmri,availability,LogReg,1013,189,0.2963,25.723,0.6856203007518797,0.6856203007518797,0.7646348012889367,0.559322033898305,0.36105851900704533,0
classification,has_taskfmri,availability,LogReg,1014,189,0.2963,25.723,0.6907894736842105,0.6907894736842105,0.7851772287862514,0.5666666666666667,0.36817919693083095,0
classification,has_taskfmri,availability,LogReg,1015,189,0.2963,25.723,0.6564849624060151,0.6564849624060151,0.7306659505907626,0.5210084033613446,0.3031565054718138,0
classification,has_taskfmri,availability,LogReg,1016,189,0.2963,25.723,0.6870300751879699,0.6870300751879699,0.7683941997851772,0.5619834710743802,0.3595785337777657,0
classification,has_taskfmri,availability,LogReg,1017,189,0.2963,25.723,0.6893796992481203,0.6893796992481203,0.7666487647690655,0.5641025641025641,0.36992471666368254,0
classification,has_taskfmri,availability,LogReg,1018,189,0.2963,25.723,0.7072368421052632,0.7072368421052632,0.7917561761546724,0.5882352941176471,0.4014775342734831,0
classification,has_taskfmri,availability,LogReg,1019,189,0.2963,25.723,0.6945488721804511,0.6945488721804511,0.7479860365198712,0.5714285714285714,0.37689727707306575,0
classification,has_taskfmri,availability,SVM_rbf,1000,189,0.2963,25.723,0.631578947368421,0.631578947368421,0.75859291084855,0.49612403100775193,0.24680037354926931,0
classification,has_taskfmri,availability,SVM_rbf,1001,189,0.2963,25.723,0.6541353383458646,0.6541353383458646,0.7369763694951665,0.5203252032520326,0.2942623731020697,0
classification,has_taskfmri,availability,SVM_rbf,1002,189,0.2963,25.723,0.6602443609022557,0.6602443609022557,0.7548335123523093,0.5254237288135594,0.3116986202060822,0
classification,has_taskfmri,availability,SVM_rbf,1003,189,0.2963,25.723,0.6480263157894737,0.6480263157894737,0.743219656283566,0.515625,0.2783745838019028,0
classification,has_taskfmri,availability,SVM_rbf,1004,189,0.2963,25.723,0.6734022556390977,0.6734022556390977,0.7794038668098819,0.546875,0.3260959410250861,0
classification,has_taskfmri,availability,SVM_rbf,1005,189,0.2963,25.723,0.6630639097744361,0.6630639097744361,0.7623523093447906,0.532258064516129,0.31028482721764533,0
classification,has_taskfmri,availability,SVM_rbf,1006,189,0.2963,25.723,0.6555451127819549,0.6555451127819549,0.7563775510204082,0.5238095238095238,0.294160055702908,0
classification,has_taskfmri,availability,SVM_rbf,1007,189,0.2963,25.723,0.6654135338345865,0.6654135338345865,0.7520810955961332,0.5333333333333333,0.3192095500484051,0
classification,has_taskfmri,availability,SVM_rbf,1008,189,0.2963,25.723,0.6541353383458646,0.6541353383458646,0.7540279269602577,0.5203252032520326,0.2942623731020697,0
classification,has_taskfmri,availability,SVM_rbf,1009,189,0.2963,25.723,0.6414473684210527,0.6414473684210527,0.7334854994629431,0.5040650406504065,0.2700395558040335,0
classification,has_taskfmri,availability,SVM_rbf,1010,189,0.2963,25.723,0.6212406015037594,0.6212406015037594,0.7161654135338346,0.48,0.22997612053929997,0
classification,has_taskfmri,availability,SVM_rbf,1011,189,0.2963,25.723,0.6480263157894737,0.6480263157894737,0.7584586466165413,0.515625,0.2783745838019028,0
classification,has_taskfmri,availability,SVM_rbf,1012,189,0.2963,25.723,0.6950187969924813,0.6950187969924813,0.7875939849624061,0.5736434108527132,0.36579341079623845,0
classification,has_taskfmri,availability,SVM_rbf,1013,189,0.2963,25.723,0.674342105263158,0.674342105263158,0.7747046186895811,0.5454545454545454,0.335185015154651,0
classification,has_taskfmri,availability,SVM_rbf,1014,189,0.2963,25.723,0.6630639097744361,0.6630639097744361,0.7666487647690654,0.532258064516129,0.31028482721764533,0
classification,has_taskfmri,availability,SVM_rbf,1015,189,0.2963,25.723,0.5958646616541353,0.5958646616541353,0.7140171858216972,0.448,0.18184158368223718,0
classification,has_taskfmri,availability,SVM_rbf,1016,189,0.2963,25.723,0.6616541353383458,0.6616541353383458,0.7470461868958109,0.5289256198347108,0.3107914965315362,0
classification,has_taskfmri,availability,SVM_rbf,1017,189,0.2963,25.723,0.6593045112781954,0.6593045112781954,0.761546723952739,0.528,0.30217792582489417,0
classification,has_taskfmri,availability,SVM_rbf,1018,189,0.2963,25.723,0.6696428571428572,0.6696428571428572,0.7744360902255639,0.5426356589147286,0.3181961958974508,0
classification,has_taskfmri,availability,SVM_rbf,1019,189,0.2963,25.723,0.6593045112781954,0.6593045112781954,0.7645005370569281,0.528,0.30217792582489417,0
classification,has_taskfmri,availability,RandomForest,1000,189,0.2963,25.723,0.7171052631578947,0.7171052631578947,0.801624597207304,0.6017699115044248,0.4320119778784738,0
classification,has_taskfmri,availability,RandomForest,1001,189,0.2963,25.723,0.7058270676691729,0.7058270676691729,0.7939044038668099,0.5862068965517241,0.4038144319749311,0
classification,has_taskfmri,availability,RandomForest,1002,189,0.2963,25.723,0.6968984962406015,0.6968984962406015,0.7978651987110634,0.5739130434782609,0.38805612891023095,0
classification,has_taskfmri,availability,RandomForest,1003,189,0.2963,25.723,0.6931390977443609,0.6931390977443609,0.796656820622986,0.5689655172413793,0.378921761510723,0
classification,has_taskfmri,availability,RandomForest,1004,189,0.2963,25.723,0.7706766917293233,0.7706766917293233,0.8206901181525241,0.6722689075630253,0.5243788202755698,0
classification,has_taskfmri,availability,RandomForest,1005,189,0.2963,25.723,0.6893796992481203,0.6893796992481203,0.7975966702470462,0.5641025641025641,0.36992471666368254,0
classification,has_taskfmri,availability,RandomForest,1006,189,0.2963,25.723,0.7095864661654134,0.7095864661654134,0.8040413533834586,0.591304347826087,0.4130621324438258,0
classification,has_taskfmri,availability,RandomForest,1007,189,0.2963,25.723,0.731203007518797,0.731203007518797,0.8203544575725027,0.6206896551724138,0.45359977290334724,0
classification,has_taskfmri,availability,RandomForest,1008,189,0.2963,25.723,0.7072368421052632,0.7072368421052632,0.8015574650912997,0.5882352941176471,0.4014775342734831,0
classification,has_taskfmri,availability,RandomForest,1009,189,0.2963,25.723,0.6358082706766918,0.6358082706766918,0.766313104189044,0.4864864864864865,0.2730500779507558,0
classification,has_taskfmri,availability,RandomForest,1010,189,0.2963,25.723,0.7109962406015038,0.7109962406015038,0.7953813104189044,0.5932203389830508,0.41041841780800853,0
classification,has_taskfmri,availability,RandomForest,1011,189,0.2963,25.723,0.7222744360902256,0.7222744360902256,0.7964554242749732,0.6086956521739131,0.4380681359774206,0
classification,has_taskfmri,availability,RandomForest,1012,189,0.2963,25.723,0.7260338345864661,0.7260338345864661,0.8125671321160044,0.6140350877192983,0.4475830565807899,0
classification,has_taskfmri,availability,RandomForest,1013,189,0.2963,25.723,0.7095864661654134,0.7095864661654134,0.8152524167561761,0.591304347826087,0.4130621324438258,0
classification,has_taskfmri,availability,RandomForest,1014,189,0.2963,25.723,0.7208646616541353,0.7208646616541353,0.8037056928034372,0.6071428571428571,0.4417293233082707,0
classification,has_taskfmri,availability,RandomForest,1015,189,0.2963,25.723,0.6851503759398496,0.6851503759398496,0.8075993555316864,0.5555555555555556,0.37862777771857703,0
classification,has_taskfmri,availability,RandomForest,1016,189,0.2963,25.723,0.7387218045112782,0.7387218045112782,0.8114258861439312,0.631578947368421,0.4727072614200442,0
classification,has_taskfmri,availability,RandomForest,1017,189,0.2963,25.723,0.7095864661654134,0.7095864661654134,0.7845730397422127,0.591304347826087,0.4130621324438258,0
classification,has_taskfmri,availability,RandomForest,1018,189,0.2963,25.723,0.6828007518796992,0.6828007518796992,0.7987379162191193,0.5535714285714286,0.3656015037593985,0
classification,has_taskfmri,availability,RandomForest,1019,189,0.2963,25.723,0.731203007518797,0.731203007518797,0.8017588614393126,0.6206896551724138,0.45359977290334724,0
classification,has_taskfmri,availability,XGBoost,1000,189,0.2963,25.723,0.6663533834586466,0.6663533834586466,0.781015037593985,0.5309734513274337,0.33102216486792146,0
classification,has_taskfmri,availability,XGBoost,1001,189,0.2963,25.723,0.6907894736842105,0.6907894736842105,0.7896079484425349,0.5666666666666667,0.36817919693083095,0
classification,has_taskfmri,availability,XGBoost,1002,189,0.2963,25.723,0.6983082706766917,0.6983082706766917,0.777389903329753,0.576271186440678,0.3857384684075269,0
classification,has_taskfmri,availability,XGBoost,1003,189,0.2963,25.723,0.7415413533834587,0.7415413533834587,0.8039742212674544,0.6333333333333333,0.4661184906956825,0
classification,has_taskfmri,availability,XGBoost,1004,189,0.2963,25.723,0.7453007518796992,0.7453007518796992,0.8098818474758326,0.6386554621848739,0.47521830587473507,0
classification,has_taskfmri,availability,XGBoost,1005,189,0.2963,25.723,0.7095864661654134,0.7095864661654134,0.7865198711063374,0.591304347826087,0.4130621324438258,0
classification,has_taskfmri,availability,XGBoost,1006,189,0.2963,25.723,0.7133458646616542,0.7133458646616542,0.7866541353383458,0.5964912280701754,0.4224588517415356,0
classification,has_taskfmri,availability,XGBoost,1007,189,0.2963,25.723,0.7147556390977443,0.7147556390977443,0.8129699248120301,0.5982905982905983,0.4194927928419427,0
classification,has_taskfmri,availability,XGBoost,1008,189,0.2963,25.723,0.7185150375939849,0.7185150375939849,0.797798066595059,0.603448275862069,0.4287071024391392,0
classification,has_taskfmri,availability,XGBoost,1009,189,0.2963,25.723,0.6550751879699248,0.6550751879699248,0.7408700322234157,0.5172413793103449,0.3042437501180988,0
classification,has_taskfmri,availability,XGBoost,1010,189,0.2963,25.723,0.7199248120300752,0.7199248120300752,0.7853114930182599,0.6050420168067226,0.42605779147390044,0
classification,has_taskfmri,availability,XGBoost,1011,189,0.2963,25.723,0.6954887218045113,0.6954887218045113,0.7875939849624061,0.5714285714285714,0.39097744360902253,0
classification,has_taskfmri,availability,XGBoost,1012,189,0.2963,25.723,0.7467105263157894,0.7467105263157894,0.8037056928034372,0.639344262295082,0.4726209686394225,0
classification,has_taskfmri,availability,XGBoost,1013,189,0.2963,25.723,0.7171052631578947,0.7171052631578947,0.7926960257787325,0.6017699115044248,0.4320119778784738,0
classification,has_taskfmri,availability,XGBoost,1014,189,0.2963,25.723,0.7156954887218046,0.7156954887218046,0.8055853920515574,0.6,0.4360407996361905,0
classification,has_taskfmri,availability,XGBoost,1015,189,0.2963,25.723,0.6954887218045113,0.6954887218045113,0.7936358754027927,0.5714285714285714,0.39097744360902253,0
classification,has_taskfmri,availability,XGBoost,1016,189,0.2963,25.723,0.7133458646616542,0.7133458646616542,0.8007518796992482,0.5964912280701754,0.4224588517415356,0
classification,has_taskfmri,availability,XGBoost,1017,189,0.2963,25.723,0.6865601503759399,0.6865601503759399,0.7788668098818474,0.5585585585585585,0.37508955344792405,0
classification,has_taskfmri,availability,XGBoost,1018,189,0.2963,25.723,0.7208646616541353,0.7208646616541353,0.7956498388829216,0.6071428571428571,0.4417293233082707,0
classification,has_taskfmri,availability,XGBoost,1019,189,0.2963,25.723,0.7236842105263158,0.7236842105263158,0.7996777658431793,0.6101694915254238,0.4350983672084901,0
classification,has_taskfmri,availability,LightGBM,1000,189,0.2963,25.723,0.6917293233082706,0.6917293233082706,0.7973952738990333,0.5663716814159292,0.3815170713731976,0
classification,has_taskfmri,availability,LightGBM,1001,189,0.2963,25.723,0.6907894736842105,0.6907894736842105,0.7802094522019334,0.5666666666666667,0.36817919693083095,0
classification,has_taskfmri,availability,LightGBM,1002,189,0.2963,25.723,0.6907894736842105,0.6907894736842105,0.7768528464017186,0.5666666666666667,0.36817919693083095,0
classification,has_taskfmri,availability,LightGBM,1003,189,0.2963,25.723,0.6992481203007519,0.6992481203007519,0.7953813104189045,0.5765765765765766,0.4005994223222161,0
classification,has_taskfmri,availability,LightGBM,1004,189,0.2963,25.723,0.7109962406015038,0.7109962406015038,0.8080021482277121,0.5932203389830508,0.41041841780800853,0
classification,has_taskfmri,availability,LightGBM,1005,189,0.2963,25.723,0.6926691729323309,0.6926691729323309,0.7926960257787325,0.5660377358490566,0.3989051658150045,0
classification,has_taskfmri,availability,LightGBM,1006,189,0.2963,25.723,0.6968984962406015,0.6968984962406015,0.7858485499462943,0.5739130434782609,0.38805612891023095,0
classification,has_taskfmri,availability,LightGBM,1007,189,0.2963,25.723,0.6893796992481203,0.6893796992481203,0.7994092373791623,0.5641025641025641,0.36992471666368254,0
classification,has_taskfmri,availability,LightGBM,1008,189,0.2963,25.723,0.7044172932330828,0.7044172932330828,0.7888023630504835,0.584070796460177,0.4067645246258357,0
classification,has_taskfmri,availability,LightGBM,1009,189,0.2963,25.723,0.6358082706766918,0.6358082706766918,0.737781954887218,0.4864864864864865,0.2730500779507558,0
classification,has_taskfmri,availability,LightGBM,1010,189,0.2963,25.723,0.6447368421052632,0.6447368421052632,0.7788668098818475,0.5,0.2894736842105263,0
classification,has_taskfmri,availability,LightGBM,1011,189,0.2963,25.723,0.6560150375939849,0.6560150375939849,0.7534908700322234,0.5137614678899083,0.31718226840364827,0
classification,has_taskfmri,availability,LightGBM,1012,189,0.2963,25.723,0.7260338345864661,0.7260338345864661,0.8071965628356605,0.6140350877192983,0.4475830565807899,0
classification,has_taskfmri,availability,LightGBM,1013,189,0.2963,25.723,0.6865601503759399,0.6865601503759399,0.7960526315789473,0.5585585585585585,0.37508955344792405,0
classification,has_taskfmri,availability,LightGBM,1014,189,0.2963,25.723,0.7156954887218046,0.7156954887218046,0.7830290010741138,0.6,0.4360407996361905,0
classification,has_taskfmri,availability,LightGBM,1015,189,0.2963,25.723,0.662124060150376,0.662124060150376,0.7930988184747584,0.5192307692307693,0.34014737682646634,0
classification,has_taskfmri,availability,LightGBM,1016,189,0.2963,25.723,0.7194548872180451,0.7194548872180451,0.8237110633727176,0.6055045871559633,0.44615698597742093,0
classification,has_taskfmri,availability,LightGBM,1017,189,0.2963,25.723,0.6358082706766918,0.6358082706766918,0.7635606874328679,0.4864864864864865,0.2730500779507558,0
classification,has_taskfmri,availability,LightGBM,1018,189,0.2963,25.723,0.6903195488721805,0.6903195488721805,0.7861170784103115,0.5636363636363636,0.3847418820319328,0
classification,has_taskfmri,availability,LightGBM,1019,189,0.2963,25.723,0.7208646616541353,0.7208646616541353,0.800483351235231,0.6071428571428571,0.4417293233082707,0
classification,has_taskfmri,availability,MLP,1000,189,0.2963,25.723,0.6677631578947368,0.6677631578947368,0.755639097744361,0.5344827586206896,0.32913642058230685,0
classification,has_taskfmri,availability,MLP,1001,189,0.2963,25.723,0.6828007518796992,0.6828007518796992,0.7854457572502686,0.5535714285714286,0.3656015037593985,0
classification,has_taskfmri,availability,MLP,1002,189,0.2963,25.723,0.6527255639097744,0.6527255639097744,0.751342642320086,0.5166666666666667,0.29472472660719223,0
classification,has_taskfmri,availability,MLP,1003,189,0.2963,25.723,0.6818609022556391,0.6818609022556391,0.7772556390977444,0.5546218487394958,0.3523170198726484,0
classification,has_taskfmri,availability,MLP,1004,189,0.2963,25.723,0.668703007518797,0.668703007518797,0.7666487647690655,0.5321100917431193,0.3429772119184028,0
classification,has_taskfmri,availability,MLP,1005,189,0.2963,25.723,0.6663533834586466,0.6663533834586466,0.7494629430719656,0.5309734513274337,0.33102216486792146,0
classification,has_taskfmri,availability,MLP,1006,189,0.2963,25.723,0.6522556390977443,0.6522556390977443,0.7487916219119226,0.509090909090909,0.30779350562554625,0
classification,has_taskfmri,availability,MLP,1007,189,0.2963,25.723,0.6649436090225564,0.6649436090225564,0.7638292158968851,0.5272727272727272,0.33344296442767507,0
classification,has_taskfmri,availability,MLP,1008,189,0.2963,25.723,0.6560150375939849,0.6560150375939849,0.735499462943072,0.5137614678899083,0.31718226840364827,0
classification,has_taskfmri,availability,MLP,1009,189,0.2963,25.723,0.6334586466165413,0.6334586466165413,0.7277121374865736,0.48695652173913045,0.2630261112422568,0
classification,has_taskfmri,availability,MLP,1010,189,0.2963,25.723,0.6499060150375939,0.6499060150375939,0.7686627282491943,0.5087719298245614,0.296837827545264,0
classification,has_taskfmri,availability,MLP,1011,189,0.2963,25.723,0.7119360902255639,0.7119360902255639,0.8024973147153598,0.5945945945945946,0.42610929119650814,0
classification,has_taskfmri,availability,MLP,1012,189,0.2963,25.723,0.7030075187969924,0.7030075187969924,0.7952470461868958,0.5818181818181818,0.41039134083406165,0
classification,has_taskfmri,availability,MLP,1013,189,0.2963,25.723,0.6433270676691729,0.6433270676691729,0.7671858216970999,0.4954128440366973,0.29138732488889374,0
classification,has_taskfmri,availability,MLP,1014,189,0.2963,25.723,0.6701127819548872,0.6701127819548872,0.7820891514500538,0.5357142857142857,0.34022556390977443,0
classification,has_taskfmri,availability,MLP,1015,189,0.2963,25.723,0.6640037593984962,0.6640037593984962,0.7469119226638024,0.5299145299145299,0.32035664048542234,0
classification,has_taskfmri,availability,MLP,1016,189,0.2963,25.723,0.7194548872180451,0.7194548872180451,0.7893394199785178,0.6055045871559633,0.44615698597742093,0
classification,has_taskfmri,availability,MLP,1017,189,0.2963,25.723,0.6616541353383458,0.6616541353383458,0.7602040816326531,0.5289256198347108,0.3107914965315362,0
classification,has_taskfmri,availability,MLP,1018,189,0.2963,25.723,0.6522556390977443,0.6522556390977443,0.7606068743286789,0.509090909090909,0.30779350562554625,0
classification,has_taskfmri,availability,MLP,1019,189,0.2963,25.723,0.7044172932330828,0.7044172932330828,0.7698711063372718,0.584070796460177,0.4067645246258357,0
classification,has_flair,availability,LogReg,1000,135,0.3111,25.647,0.7139016897081414,0.7139016897081414,0.7990271377368152,0.6067415730337079,0.41573832827030804,0
classification,has_flair,availability,LogReg,1001,135,0.3111,25.647,0.7561443932411674,0.7561443932411674,0.8407578084997439,0.6595744680851063,0.4873491928883088,0
classification,has_flair,availability,LogReg,1002,135,0.3111,25.647,0.6501536098310292,0.6501536098310292,0.7982590885816693,0.5227272727272727,0.2933310072099683,0
classification,has_flair,availability,LogReg,1003,135,0.3111,25.647,0.6923963133640554,0.6923963133640554,0.7939068100358423,0.5806451612903226,0.36742451538152665,0
classification,has_flair,availability,LogReg,1004,135,0.3111,25.647,0.6793394777265744,0.6793394777265744,0.7772657450076804,0.5617977528089888,0.3485633739716945,0
classification,has_flair,availability,LogReg,1005,135,0.3111,25.647,0.6954685099846389,0.6954685099846389,0.8271889400921658,0.5813953488372093,0.38612318792972644,0
classification,has_flair,availability,LogReg,1006,135,0.3111,25.647,0.7150537634408602,0.7150537634408602,0.7846902201740911,0.6086956521739131,0.4123335728898004,0
classification,has_flair,availability,LogReg,1007,135,0.3111,25.647,0.6674347158218126,0.6674347158218126,0.7928827444956477,0.5454545454545454,0.32709033029039947,0
classification,has_flair,availability,LogReg,1008,135,0.3111,25.647,0.6459293394777266,0.6459293394777266,0.7176139272913467,0.5217391304347826,0.2797977816037931,0
classification,has_flair,availability,LogReg,1009,135,0.3111,25.647,0.6436251920122888,0.6436251920122888,0.7854582693292371,0.5116279069767442,0.2837133050799955,0
classification,has_flair,availability,LogReg,1010,135,0.3111,25.647,0.7192780337941629,0.7192780337941629,0.799795186891961,0.6136363636363636,0.42836829953169286,0
classification,has_flair,availability,LogReg,1011,135,0.3111,25.647,0.6685867895545314,0.6685867895545314,0.7823860727086533,0.5494505494505495,0.3246178446433603,0
classification,has_flair,availability,LogReg,1012,135,0.3111,25.647,0.7139016897081414,0.7139016897081414,0.8023553507424476,0.6067415730337079,0.41573832827030804,0
classification,has_flair,availability,LogReg,1013,135,0.3111,25.647,0.6578341013824884,0.6578341013824884,0.7772657450076805,0.5376344086021505,0.30142011142077335,0
classification,has_flair,availability,LogReg,1014,135,0.3111,25.647,0.7150537634408602,0.7150537634408602,0.7864823348694316,0.6086956521739131,0.4123335728898004,0
classification,has_flair,availability,LogReg,1015,135,0.3111,25.647,0.738863287250384,0.738863287250384,0.8223246287762417,0.6382978723404256,0.45446956218370027,0
classification,has_flair,availability,LogReg,1016,135,0.3111,25.647,0.6543778801843319,0.6543778801843319,0.7757296466973886,0.5238095238095238,0.3087557603686636,0
classification,has_flair,availability,LogReg,1017,135,0.3111,25.647,0.7031490015360984,0.7031490015360984,0.7721454173067076,0.5934065934065934,0.3911682000372155,0
classification,has_flair,availability,LogReg,1018,135,0.3111,25.647,0.718125960061444,0.718125960061444,0.814900153609831,0.611764705882353,0.4334862530924967,0
classification,has_flair,availability,LogReg,1019,135,0.3111,25.647,0.7008448540706604,0.7008448540706604,0.8051715309779826,0.5882352941176471,0.39914315205523904,0
classification,has_flair,availability,SVM_rbf,1000,135,0.3111,25.647,0.5702764976958525,0.5702764976958525,0.6812596006144394,0.4222222222222222,0.13593333748200148,0
classification,has_flair,availability,SVM_rbf,1001,135,0.3111,25.647,0.6232718894009217,0.6232718894009217,0.6996927803379416,0.4946236559139785,0.23541570746002008,0
classification,has_flair,availability,SVM_rbf,1002,135,0.3111,25.647,0.6082949308755761,0.6082949308755761,0.6940604198668714,0.48484848484848486,0.2030109737795363,0
classification,has_flair,availability,SVM_rbf,1003,135,0.3111,25.647,0.6351766513056836,0.6351766513056836,0.6853558627752177,0.5106382978723404,0.25719177795604903,0
classification,has_flair,availability,SVM_rbf,1004,135,0.3111,25.647,0.5768049155145929,0.5768049155145929,0.678699436763953,0.43478260869565216,0.14726199031778583,0
classification,has_flair,availability,SVM_rbf,1005,135,0.3111,25.647,0.6632104454685099,0.6632104454685099,0.746031746031746,0.5434782608695652,0.3129317294252949,0
classification,has_flair,availability,SVM_rbf,1006,135,0.3111,25.647,0.6601382488479263,0.6601382488479263,0.7069892473118279,0.5454545454545454,0.30019707824846326,0
classification,has_flair,availability,SVM_rbf,1007,135,0.3111,25.647,0.5875576036866359,0.5875576036866359,0.6697388632872504,0.4444444444444444,0.1693595680103625,0
classification,has_flair,availability,SVM_rbf,1008,135,0.3111,25.647,0.5445468509984639,0.5445468509984639,0.6292882744495647,0.40816326530612246,0.08371544021888819,0
classification,has_flair,availability,SVM_rbf,1009,135,0.3111,25.647,0.5529953917050691,0.5529953917050691,0.6285202252944189,0.4,0.10250710695364046,0
classification,has_flair,availability,SVM_rbf,1010,135,0.3111,25.647,0.5994623655913979,0.5994623655913979,0.6556579621095749,0.46153846153846156,0.19151713385564992,0
classification,has_flair,availability,SVM_rbf,1011,135,0.3111,25.647,0.6082949308755761,0.6082949308755761,0.6848438300051203,0.48484848484848486,0.2030109737795363,0
classification,has_flair,availability,SVM_rbf,1012,135,0.3111,25.647,0.6274961597542243,0.6274961597542243,0.703020993343574,0.4943820224719101,0.24780094252377427,0
classification,has_flair,availability,SVM_rbf,1013,135,0.3111,25.647,0.6017665130568357,0.6017665130568357,0.6674347158218126,0.4742268041237113,0.19176735180490345,0
classification,has_flair,availability,SVM_rbf,1014,135,0.3111,25.647,0.5929339477726574,0.5929339477726574,0.6950844854070661,0.449438202247191,0.18062598822516077,0
classification,has_flair,availability,SVM_rbf,1015,135,0.3111,25.647,0.6232718894009217,0.6232718894009217,0.6971326164874552,0.4946236559139785,0.23541570746002008,0
classification,has_flair,availability,SVM_rbf,1016,135,0.3111,25.647,0.5410906298003072,0.5410906298003072,0.6049667178699436,0.38202247191011235,0.0798635567772405,0
classification,has_flair,availability,SVM_rbf,1017,135,0.3111,25.647,0.6125192012288787,0.6125192012288787,0.7314388120839734,0.4842105263157895,0.21334275281705775,0
classification,has_flair,availability,SVM_rbf,1018,135,0.3111,25.647,0.6036866359447004,0.6036866359447004,0.7165898617511521,0.45977011494252873,0.20365326999063918,0
classification,has_flair,availability,SVM_rbf,1019,135,0.3111,25.647,0.5929339477726574,0.5929339477726574,0.6876600102406555,0.449438202247191,0.18062598822516077,0
classification,has_flair,availability,RandomForest,1000,135,0.3111,25.647,0.6025345622119815,0.6025345622119815,0.7254224270353302,0.4523809523809524,0.20506912442396313,0
classification,has_flair,availability,RandomForest,1001,135,0.3111,25.647,0.6490015360983103,0.6490015360983103,0.7421915002560163,0.5176470588235295,0.2961138489434661,0
classification,has_flair,availability,RandomForest,1002,135,0.3111,25.647,0.663978494623656,0.663978494623656,0.7672811059907835,0.5316455696202531,0.3403839787035035,0
classification,has_flair,availability,RandomForest,1003,135,0.3111,25.647,0.6889400921658986,0.6889400921658986,0.7642089093701996,0.5714285714285714,0.3778801843317972,0
classification,has_flair,availability,RandomForest,1004,135,0.3111,25.647,0.6597542242703534,0.6597542242703534,0.7291346646185356,0.5301204819277109,0.3216567064238551,0
classification,has_flair,availability,RandomForest,1005,135,0.3111,25.647,0.7073732718894009,0.7073732718894009,0.7544802867383512,0.5977011494252874,0.40730653998127836,0
classification,has_flair,availability,RandomForest,1006,135,0.3111,25.647,0.6674347158218126,0.6674347158218126,0.7608806963645672,0.5454545454545454,0.32709033029039947,0
classification,has_flair,availability,RandomForest,1007,135,0.3111,25.647,0.6651305683563749,0.6651305683563749,0.743215565796211,0.5365853658536586,0.3348357281286354,0
classification,has_flair,availability,RandomForest,1008,135,0.3111,25.647,0.5798771121351767,0.5798771121351767,0.6902201740911418,0.4235294117647059,0.15874144479443542,0
classification,has_flair,availability,RandomForest,1009,135,0.3111,25.647,0.6132872503840245,0.6132872503840245,0.7041730670762929,0.4634146341463415,0.22971288325104056,0
classification,has_flair,availability,RandomForest,1010,135,0.3111,25.647,0.6609062980030722,0.6609062980030722,0.6977726574500768,0.5348837209302325,0.31784993269657247,0
classification,has_flair,availability,RandomForest,1011,135,0.3111,25.647,0.6793394777265744,0.6793394777265744,0.7607526881720429,0.5617977528089888,0.3485633739716945,0
classification,has_flair,availability,RandomForest,1012,135,0.3111,25.647,0.6728110599078341,0.6728110599078341,0.7557603686635945,0.5517241379310345,0.3394221166510653,0
classification,has_flair,availability,RandomForest,1013,135,0.3111,25.647,0.6513056835637481,0.6513056835637481,0.7318228366615463,0.5274725274725275,0.2913426669464327,0
classification,has_flair,availability,RandomForest,1014,135,0.3111,25.647,0.6609062980030722,0.6609062980030722,0.7419354838709676,0.5348837209302325,0.31784993269657247,0
classification,has_flair,availability,RandomForest,1015,135,0.3111,25.647,0.7127496159754224,0.7127496159754224,0.753200204813108,0.6046511627906976,0.4202598155463035,0
classification,has_flair,availability,RandomForest,1016,135,0.3111,25.647,0.5614439324116743,0.5614439324116743,0.6863799283154122,0.3902439024390244,0.12459003837344572,0
classification,has_flair,availability,RandomForest,1017,135,0.3111,25.647,0.6490015360983103,0.6490015360983103,0.7542242703533025,0.5176470588235295,0.2961138489434661,0
classification,has_flair,availability,RandomForest,1018,135,0.3111,25.647,0.6812596006144394,0.6812596006144394,0.7713773681515618,0.5569620253164557,0.3762558265762381,0
classification,has_flair,availability,RandomForest,1019,135,0.3111,25.647,0.6651305683563749,0.6651305683563749,0.7470558115719406,0.5365853658536586,0.3348357281286354,0
classification,has_flair,availability,XGBoost,1000,135,0.3111,25.647,0.5917818740399385,0.5917818740399385,0.6868919610855094,0.4418604651162791,0.1813034222302645,0
classification,has_flair,availability,XGBoost,1001,135,0.3111,25.647,0.6555299539170507,0.6555299539170507,0.7375832053251408,0.5287356321839081,0.3054799049859588,0
classification,has_flair,availability,XGBoost,1002,135,0.3111,25.647,0.6251920122887864,0.6251920122887864,0.7444956477214542,0.4819277108433735,0.2520675151302326,0
classification,has_flair,availability,XGBoost,1003,135,0.3111,25.647,0.6609062980030722,0.6609062980030722,0.7690732206861238,0.5348837209302325,0.31784993269657247,0
classification,has_flair,availability,XGBoost,1004,135,0.3111,25.647,0.6025345622119815,0.6025345622119815,0.7058371735791091,0.4523809523809524,0.20506912442396313,0
classification,has_flair,availability,XGBoost,1005,135,0.3111,25.647,0.6382488479262673,0.6382488479262673,0.7580645161290323,0.5057471264367817,0.27153769332085226,0
classification,has_flair,availability,XGBoost,1006,135,0.3111,25.647,0.6144393241167434,0.6144393241167434,0.7355350742447516,0.47058823529411764,0.22742764686895076,0
classification,has_flair,availability,XGBoost,1007,135,0.3111,25.647,0.607910906298003,0.607910906298003,0.710189452124936,0.4578313253012048,0.21727291948342134,0
classification,has_flair,availability,XGBoost,1008,135,0.3111,25.647,0.5906298003072197,0.5906298003072197,0.6697388632872504,0.43373493975903615,0.1824783238366101,0
classification,has_flair,availability,XGBoost,1009,135,0.3111,25.647,0.6144393241167434,0.6144393241167434,0.717357910906298,0.47058823529411764,0.22742764686895076,0
classification,has_flair,availability,XGBoost,1010,135,0.3111,25.647,0.6263440860215054,0.6263440860215054,0.705837173579109,0.4883720930232558,0.24957667746341847,0
classification,has_flair,availability,XGBoost,1011,135,0.3111,25.647,0.6424731182795699,0.6424731182795699,0.7447516641065028,0.5060240963855421,0.2868621107770439,0
classification,has_flair,availability,XGBoost,1012,135,0.3111,25.647,0.6923963133640554,0.6923963133640554,0.7700972862263185,0.5806451612903226,0.36742451538152665,0
classification,has_flair,availability,XGBoost,1013,135,0.3111,25.647,0.6167434715821813,0.6167434715821813,0.7168458781362007,0.4835164835164835,0.2247923115525775,0
classification,has_flair,availability,XGBoost,1014,135,0.3111,25.647,0.6132872503840245,0.6132872503840245,0.7437275985663082,0.4634146341463415,0.22971288325104056,0
classification,has_flair,availability,XGBoost,1015,135,0.3111,25.647,0.6090629800307219,0.6090629800307219,0.7378392217101893,0.46511627906976744,0.21544004984684148,0
classification,has_flair,availability,XGBoost,1016,135,0.3111,25.647,0.5733486943164363,0.5733486943164363,0.693036354326677,0.40963855421686746,0.14768372818979886,0
classification,has_flair,availability,XGBoost,1017,135,0.3111,25.647,0.6036866359447004,0.6036866359447004,0.7447516641065028,0.45977011494252873,0.20365326999063918,0
classification,has_flair,availability,XGBoost,1018,135,0.3111,25.647,0.5894777265745008,0.5894777265745008,0.728110599078341,0.425,0.18421856324115346,0
classification,has_flair,availability,XGBoost,1019,135,0.3111,25.647,0.6555299539170507,0.6555299539170507,0.7450076804915514,0.5287356321839081,0.3054799049859588,0
classification,has_flair,availability,LightGBM,1000,135,0.3111,25.647,0.5787250384024578,0.5787250384024578,0.6733230926779313,0.4146341463414634,0.15963098666597733,0
classification,has_flair,availability,LightGBM,1001,135,0.3111,25.647,0.6102150537634409,0.6102150537634409,0.6989247311827957,0.47191011235955055,0.2142134653744675,0
classification,has_flair,availability,LightGBM,1002,135,0.3111,25.647,0.554915514592934,0.554915514592934,0.6920122887864824,0.375,0.11306117829821864,0
classification,has_flair,availability,LightGBM,1003,135,0.3111,25.647,0.6359447004608294,0.6359447004608294,0.7345110087045571,0.49382716049382713,0.27770933419655464,0
classification,has_flair,availability,LightGBM,1004,135,0.3111,25.647,0.5625960061443933,0.5625960061443933,0.6653865847414235,0.4,0.12439834375717776,0
classification,has_flair,availability,LightGBM,1005,135,0.3111,25.647,0.6317204301075269,0.6317204301075269,0.742447516641065,0.49411764705882355,0.2617707479062084,0
classification,has_flair,availability,LightGBM,1006,135,0.3111,25.647,0.6370967741935484,0.6370967741935484,0.7194060419866871,0.5,0.27419354838709675,0
classification,has_flair,availability,LightGBM,1007,135,0.3111,25.647,0.6132872503840245,0.6132872503840245,0.6830517153097798,0.4634146341463415,0.22971288325104056,0
classification,has_flair,availability,LightGBM,1008,135,0.3111,25.647,0.6251920122887864,0.6251920122887864,0.6559139784946236,0.4819277108433735,0.2520675151302326,0
classification,has_flair,availability,LightGBM,1009,135,0.3111,25.647,0.5960061443932412,0.5960061443932412,0.6986687147977471,0.43902439024390244,0.19467193495850893,0
classification,has_flair,availability,LightGBM,1010,135,0.3111,25.647,0.6328725038402458,0.6328725038402458,0.6912442396313364,0.5,0.2595716841295372,0
classification,has_flair,availability,LightGBM,1011,135,0.3111,25.647,0.6263440860215054,0.6263440860215054,0.7083973374295954,0.4883720930232558,0.24957667746341847,0
classification,has_flair,availability,LightGBM,1012,135,0.3111,25.647,0.6209677419354839,0.6209677419354839,0.7375832053251408,0.4827586206896552,0.23759548165574573,0
classification,has_flair,availability,LightGBM,1013,135,0.3111,25.647,0.59715821812596,0.59715821812596,0.6935483870967741,0.4470588235294118,0.19308454583169307,0
classification,has_flair,availability,LightGBM,1014,135,0.3111,25.647,0.6002304147465438,0.6002304147465438,0.7043010752688172,0.4358974358974359,0.2098586114091396,0
classification,has_flair,availability,LightGBM,1015,135,0.3111,25.647,0.5787250384024578,0.5787250384024578,0.713005632360471,0.4146341463414634,0.15963098666597733,0
classification,has_flair,availability,LightGBM,1016,135,0.3111,25.647,0.5906298003072197,0.5906298003072197,0.6705069124423964,0.43373493975903615,0.1824783238366101,0
classification,has_flair,availability,LightGBM,1017,135,0.3111,25.647,0.6490015360983103,0.6490015360983103,0.7319508448540707,0.5176470588235295,0.2961138489434661,0
classification,has_flair,availability,LightGBM,1018,135,0.3111,25.647,0.5841013824884793,0.5841013824884793,0.706605222734255,0.41975308641975306,0.1718032321724448,0
classification,has_flair,availability,LightGBM,1019,135,0.3111,25.647,0.6067588325652842,0.6067588325652842,0.716589861751152,0.45,0.21979725571262085,0
classification,has_flair,availability,MLP,1000,135,0.3111,25.647,0.6263440860215054,0.6263440860215054,0.7304147465437787,0.4883720930232558,0.24957667746341847,0
classification,has_flair,availability,MLP,1001,135,0.3111,25.647,0.7073732718894009,0.7073732718894009,0.789810547875064,0.5977011494252874,0.40730653998127836,0
classification,has_flair,availability,MLP,1002,135,0.3111,25.647,0.6198156682027649,0.6198156682027649,0.7565284178187404,0.47619047619047616,0.23963133640552994,0
classification,has_flair,availability,MLP,1003,135,0.3111,25.647,0.6609062980030722,0.6609062980030722,0.7813620071684588,0.5348837209302325,0.31784993269657247,0
classification,has_flair,availability,MLP,1004,135,0.3111,25.647,0.6478494623655914,0.6478494623655914,0.7368151561699949,0.5121951219512195,0.29979477983610375,0
classification,has_flair,availability,MLP,1005,135,0.3111,25.647,0.6597542242703534,0.6597542242703534,0.7910906298003073,0.5301204819277109,0.3216567064238551,0
classification,has_flair,availability,MLP,1006,135,0.3111,25.647,0.6155913978494624,0.6155913978494624,0.7168458781362007,0.4772727272727273,0.22581236104910604,0
classification,has_flair,availability,MLP,1007,135,0.3111,25.647,0.6370967741935484,0.6370967741935484,0.7411674347158218,0.5,0.27419354838709675,0
classification,has_flair,availability,MLP,1008,135,0.3111,25.647,0.5798771121351767,0.5798771121351767,0.695852534562212,0.4235294117647059,0.15874144479443542,0
classification,has_flair,availability,MLP,1009,135,0.3111,25.647,0.5602918586789555,0.5602918586789555,0.7222222222222222,0.379746835443038,0.12515289146709616,0
classification,has_flair,availability,MLP,1010,135,0.3111,25.647,0.6609062980030722,0.6609062980030722,0.7327188940092166,0.5348837209302325,0.31784993269657247,0
classification,has_flair,availability,MLP,1011,135,0.3111,25.647,0.6578341013824884,0.6578341013824884,0.7455197132616487,0.5376344086021505,0.30142011142077335,0
classification,has_flair,availability,MLP,1012,135,0.3111,25.647,0.6705069124423964,0.6705069124423964,0.7800819252432156,0.5432098765432098,0.3483134022126278,0
classification,has_flair,availability,MLP,1013,135,0.3111,25.647,0.6090629800307219,0.6090629800307219,0.7247823860727087,0.46511627906976744,0.21544004984684148,0
classification,has_flair,availability,MLP,1014,135,0.3111,25.647,0.6102150537634409,0.6102150537634409,0.7483358934971838,0.47191011235955055,0.2142134653744675,0
classification,has_flair,availability,MLP,1015,135,0.3111,25.647,0.6490015360983103,0.6490015360983103,0.7764976958525346,0.5176470588235295,0.2961138489434661,0
classification,has_flair,availability,MLP,1016,135,0.3111,25.647,0.5376344086021505,0.5376344086021505,0.7078853046594983,0.35,0.07748248582675124,0
classification,has_flair,availability,MLP,1017,135,0.3111,25.647,0.6943164362519201,0.6943164362519201,0.77547363031234,0.5783132530120482,0.3912458977174776,0
classification,has_flair,availability,MLP,1018,135,0.3111,25.647,0.6651305683563749,0.6651305683563749,0.7703533026113671,0.5365853658536586,0.3348357281286354,0
classification,has_flair,availability,MLP,1019,135,0.3111,25.647,0.6132872503840245,0.6132872503840245,0.7660010240655402,0.4634146341463415,0.22971288325104056,0
classification,multimodal_complete,availability,LogReg,1000,162,0.284,25.008,0.68571964017991,0.68571964017991,0.7308845577211395,0.5510204081632653,0.35875480398653925,0
classification,multimodal_complete,availability,LogReg,1001,162,0.284,25.008,0.676911544227886,0.676911544227886,0.7799850074962519,0.5376344086021505,0.3515573890286843,0
classification,multimodal_complete,availability,LogReg,1002,162,0.284,25.008,0.6748500749625187,0.6748500749625187,0.758808095952024,0.5360824742268041,0.33951358114572056,0
classification,multimodal_complete,availability,LogReg,1003,162,0.284,25.008,0.6748500749625187,0.6748500749625187,0.7391304347826086,0.5360824742268041,0.33951358114572056,0
classification,multimodal_complete,availability,LogReg,1004,162,0.284,25.008,0.6726011994002998,0.6726011994002998,0.7589955022488756,0.5319148936170213,0.3408856120070888,0
classification,multimodal_complete,availability,LogReg,1005,162,0.284,25.008,0.6922788605697152,0.6922788605697152,0.7417541229385307,0.56,0.36784146901462395,0
classification,multimodal_complete,availability,LogReg,1006,162,0.284,25.008,0.7052098950524738,0.7052098950524738,0.7288230884557722,0.5773195876288659,0.39846449234144055,0
classification,multimodal_complete,availability,LogReg,1007,162,0.284,25.008,0.6553598200899551,0.6553598200899551,0.7127061469265368,0.5102040816326531,0.30010871090296776,0
classification,multimodal_complete,availability,LogReg,1008,162,0.284,25.008,0.7052098950524738,0.7052098950524738,0.7518740629685158,0.5773195876288659,0.39846449234144055,0
classification,multimodal_complete,availability,LogReg,1009,162,0.284,25.008,0.5967016491754122,0.5967016491754122,0.6907796101949024,0.425531914893617,0.19098477285087712,0
classification,multimodal_complete,availability,LogReg,1010,162,0.284,25.008,0.6726011994002998,0.6726011994002998,0.7282608695652174,0.5319148936170213,0.3408856120070888,0
classification,multimodal_complete,availability,LogReg,1011,162,0.284,25.008,0.6401799100449774,0.6401799100449774,0.7063343328335832,0.4897959183673469,0.27078566436118195,0
classification,multimodal_complete,availability,LogReg,1012,162,0.284,25.008,0.7400674662668665,0.7400674662668665,0.7687406296851574,0.6213592233009708,0.4533557596456825,0
classification,multimodal_complete,availability,LogReg,1013,162,0.284,25.008,0.68571964017991,0.68571964017991,0.762743628185907,0.5510204081632653,0.35875480398653925,0
classification,multimodal_complete,availability,LogReg,1014,162,0.284,25.008,0.7008995502248876,0.7008995502248876,0.7597451274362819,0.5714285714285714,0.388077850528325,0
classification,multimodal_complete,availability,LogReg,1015,162,0.284,25.008,0.7008995502248876,0.7008995502248876,0.7655547226386806,0.5714285714285714,0.388077850528325,0
classification,multimodal_complete,availability,LogReg,1016,162,0.284,25.008,0.6727886056971515,0.6727886056971515,0.7323838080959519,0.5346534653465347,0.3290635454745085,0
classification,multimodal_complete,availability,LogReg,1017,162,0.284,25.008,0.6793478260869565,0.6793478260869565,0.7441904047976011,0.5436893203883495,0.3386896658711305,0
classification,multimodal_complete,availability,LogReg,1018,162,0.284,25.008,0.6555472263868066,0.6555472263868066,0.7132683658170914,0.5142857142857142,0.29151141089661536,0
classification,multimodal_complete,availability,LogReg,1019,162,0.284,25.008,0.6879685157421289,0.6879685157421289,0.6904047976011993,0.5544554455445545,0.3579725988187983,0
classification,multimodal_complete,availability,SVM_rbf,1000,162,0.284,25.008,0.6317466266866567,0.6317466266866567,0.7498125937031485,0.48598130841121495,0.24521769500254212,0
classification,multimodal_complete,availability,SVM_rbf,1001,162,0.284,25.008,0.646551724137931,0.646551724137931,0.7492503748125937,0.4946236559139785,0.2912265659114736,0
classification,multimodal_complete,availability,SVM_rbf,1002,162,0.284,25.008,0.6965892053973013,0.6965892053973013,0.7728635682158921,0.5656565656565656,0.37787345946359574,0
classification,multimodal_complete,availability,SVM_rbf,1003,162,0.284,25.008,0.6664167916041979,0.6664167916041979,0.756559220389805,0.5283018867924528,0.31078449224074617,0
classification,multimodal_complete,availability,SVM_rbf,1004,162,0.284,25.008,0.7010869565217391,0.7010869565217391,0.771176911544228,0.5714285714285714,0.37685752276152806,0
classification,multimodal_complete,availability,SVM_rbf,1005,162,0.284,25.008,0.6836581709145427,0.6836581709145427,0.7576836581709145,0.5490196078431373,0.34825809075132,0
classification,multimodal_complete,availability,SVM_rbf,1006,162,0.284,25.008,0.6815967016491754,0.6815967016491754,0.7698650674662668,0.5471698113207547,0.33913307768162504,0
classification,multimodal_complete,availability,SVM_rbf,1007,162,0.284,25.008,0.6489880059970015,0.6489880059970015,0.7328523238380811,0.5048543689320388,0.28135661898385445,0
classification,multimodal_complete,availability,SVM_rbf,1008,162,0.284,25.008,0.6553598200899551,0.6553598200899551,0.7589955022488756,0.5102040816326531,0.30010871090296776,0
classification,multimodal_complete,availability,SVM_rbf,1009,162,0.284,25.008,0.6512368815592204,0.6512368815592204,0.7479385307346327,0.5094339622641509,0.2824359067998673,0
classification,multimodal_complete,availability,SVM_rbf,1010,162,0.284,25.008,0.6272488755622189,0.6272488755622189,0.7185157421289357,0.4752475247524752,0.24233638544163913,0
classification,multimodal_complete,availability,SVM_rbf,1011,162,0.284,25.008,0.6446776611694153,0.6446776611694153,0.7228260869565217,0.5,0.27215023841575764,0
classification,multimodal_complete,availability,SVM_rbf,1012,162,0.284,25.008,0.6881559220389806,0.6881559220389806,0.7719265367316341,0.5555555555555556,0.3491081223837131,0
classification,multimodal_complete,availability,SVM_rbf,1013,162,0.284,25.008,0.6770989505247377,0.6770989505247377,0.7631184407796102,0.54,0.33880135303978526,0
classification,multimodal_complete,availability,SVM_rbf,1014,162,0.284,25.008,0.6879685157421289,0.6879685157421289,0.7672413793103449,0.5544554455445545,0.3579725988187983,0
classification,multimodal_complete,availability,SVM_rbf,1015,162,0.284,25.008,0.6576086956521738,0.6576086956521738,0.7558095952023988,0.5148514851485149,0.3001544921302187,0
classification,multimodal_complete,availability,SVM_rbf,1016,162,0.284,25.008,0.6163793103448276,0.6163793103448276,0.7187031484257871,0.46,0.2226408891404303,0
classification,multimodal_complete,availability,SVM_rbf,1017,162,0.284,25.008,0.6469265367316341,0.6469265367316341,0.7509370314842578,0.5046728971962616,0.27347179641819774,0
classification,multimodal_complete,availability,SVM_rbf,1018,162,0.284,25.008,0.6748500749625187,0.6748500749625187,0.7524362818590704,0.5360824742268041,0.33951358114572056,0
classification,multimodal_complete,availability,SVM_rbf,1019,162,0.284,25.008,0.6555472263868066,0.6555472263868066,0.7269490254872564,0.5142857142857142,0.29151141089661536,0
classification,multimodal_complete,availability,RandomForest,1000,162,0.284,25.008,0.7355697151424287,0.7355697151424287,0.8020989505247377,0.6185567010309279,0.4574154035371605,0
classification,multimodal_complete,availability,RandomForest,1001,162,0.284,25.008,0.6637931034482758,0.6637931034482758,0.7989130434782609,0.5168539325842697,0.3345228663415535,0
classification,multimodal_complete,availability,RandomForest,1002,162,0.284,25.008,0.6964017991004497,0.6964017991004497,0.8079085457271364,0.5652173913043478,0.39280359820089955,0
classification,multimodal_complete,availability,RandomForest,1003,162,0.284,25.008,0.7115817091454273,0.7115817091454273,0.8104385307346327,0.5869565217391305,0.4231634182908546,0
classification,multimodal_complete,availability,RandomForest,1004,162,0.284,25.008,0.7138305847076463,0.7138305847076463,0.8049100449775113,0.5894736842105263,0.41982709888417585,0
classification,multimodal_complete,availability,RandomForest,1005,162,0.284,25.008,0.6898425787106446,0.6898425787106446,0.7822338830584707,0.5555555555555556,0.3849144265191823,0
classification,multimodal_complete,availability,RandomForest,1006,162,0.284,25.008,0.7290104947526237,0.7290104947526237,0.8149362818590704,0.6105263157894737,0.44963077549207964,0
classification,multimodal_complete,availability,RandomForest,1007,162,0.284,25.008,0.6898425787106446,0.6898425787106446,0.7541229385307348,0.5555555555555556,0.3849144265191823,0
classification,multimodal_complete,availability,RandomForest,1008,162,0.284,25.008,0.7333208395802099,0.7333208395802099,0.8079085457271364,0.6170212765957447,0.46080628333205814,0
classification,multimodal_complete,availability,RandomForest,1009,162,0.284,25.008,0.7007121439280359,0.7007121439280359,0.7997563718140929,0.5714285714285714,0.40412188334443727,0
classification,multimodal_complete,availability,RandomForest,1010,162,0.284,25.008,0.7029610194902549,0.7029610194902549,0.8030359820089955,0.574468085106383,0.4008459476695735,0
classification,multimodal_complete,availability,RandomForest,1011,162,0.284,25.008,0.6965892053973013,0.6965892053973013,0.7832646176911544,0.5656565656565656,0.37787345946359574,0
classification,multimodal_complete,availability,RandomForest,1012,162,0.284,25.008,0.7333208395802099,0.7333208395802099,0.8197151424287855,0.6170212765957447,0.46080628333205814,0
classification,multimodal_complete,availability,RandomForest,1013,162,0.284,25.008,0.6920914542728636,0.6920914542728636,0.8020989505247376,0.5591397849462365,0.3817228005872896,0
classification,multimodal_complete,availability,RandomForest,1014,162,0.284,25.008,0.7355697151424287,0.7355697151424287,0.8205584707646177,0.6185567010309279,0.4574154035371605,0
classification,multimodal_complete,availability,RandomForest,1015,162,0.284,25.008,0.6877811094452773,0.6877811094452773,0.8110944527736133,0.5531914893617021,0.37086577983833113,0
classification,multimodal_complete,availability,RandomForest,1016,162,0.284,25.008,0.6986506746626686,0.6986506746626686,0.7767991004497751,0.5684210526315789,0.390023422276272,0
classification,multimodal_complete,availability,RandomForest,1017,162,0.284,25.008,0.7267616191904048,0.7267616191904048,0.8124062968515742,0.6086956521739131,0.4535232383808096,0
classification,multimodal_complete,availability,RandomForest,1018,162,0.284,25.008,0.7485007496251874,0.7485007496251874,0.8184032983508245,0.6382978723404256,0.4907864511633005,0
classification,multimodal_complete,availability,RandomForest,1019,162,0.284,25.008,0.6877811094452773,0.6877811094452773,0.7814842578710645,0.5531914893617021,0.37086577983833113,0
classification,multimodal_complete,availability,XGBoost,1000,162,0.284,25.008,0.7312593703148426,0.7312593703148426,0.8251499250374812,0.6122448979591837,0.4467239436118965,0
classification,multimodal_complete,availability,XGBoost,1001,162,0.284,25.008,0.7007121439280359,0.7007121439280359,0.8137181409295352,0.5714285714285714,0.40412188334443727,0
classification,multimodal_complete,availability,XGBoost,1002,162,0.284,25.008,0.676911544227886,0.676911544227886,0.8120314842578711,0.5376344086021505,0.3515573890286843,0
classification,multimodal_complete,availability,XGBoost,1003,162,0.284,25.008,0.7224512743628186,0.7224512743628186,0.8140929535232384,0.6021505376344086,0.44205362370450024,0
classification,multimodal_complete,availability,XGBoost,1004,162,0.284,25.008,0.7396926536731634,0.7396926536731634,0.8315217391304349,0.6292134831460674,0.48953632271263947,0
classification,multimodal_complete,availability,XGBoost,1005,162,0.284,25.008,0.6920914542728636,0.6920914542728636,0.7908545727136432,0.5591397849462365,0.3817228005872896,0
classification,multimodal_complete,availability,XGBoost,1006,162,0.284,25.008,0.7355697151424287,0.7355697151424287,0.8122188905547226,0.6185567010309279,0.4574154035371605,0
classification,multimodal_complete,availability,XGBoost,1007,162,0.284,25.008,0.6551724137931034,0.6551724137931034,0.7674287856071964,0.5054945054945055,0.3124303635940187,0
classification,multimodal_complete,availability,XGBoost,1008,162,0.284,25.008,0.7050224887556222,0.7050224887556222,0.8195277361319341,0.5777777777777777,0.4156923816505285,0
classification,multimodal_complete,availability,XGBoost,1009,162,0.284,25.008,0.7158920539730136,0.7158920539730136,0.8116566716641679,0.5934065934065934,0.43468572326124344,0
classification,multimodal_complete,availability,XGBoost,1010,162,0.284,25.008,0.731071964017991,0.731071964017991,0.8174662668665666,0.6153846153846154,0.4652495631780496,0
classification,multimodal_complete,availability,XGBoost,1011,162,0.284,25.008,0.6660419790104948,0.6660419790104948,0.8105322338830585,0.5217391304347826,0.3320839580209895,0
classification,multimodal_complete,availability,XGBoost,1012,162,0.284,25.008,0.7226386806596702,0.7226386806596702,0.8189655172413793,0.6,0.42592170096430143,0
classification,multimodal_complete,availability,XGBoost,1013,162,0.284,25.008,0.6964017991004497,0.6964017991004497,0.8273988005997003,0.5652173913043478,0.39280359820089955,0
classification,multimodal_complete,availability,XGBoost,1014,162,0.284,25.008,0.670352323838081,0.670352323838081,0.8172788605697152,0.5274725274725275,0.3429942035108249,0
classification,multimodal_complete,availability,XGBoost,1015,162,0.284,25.008,0.6920914542728636,0.6920914542728636,0.8097826086956522,0.5591397849462365,0.3817228005872896,0
classification,multimodal_complete,availability,XGBoost,1016,162,0.284,25.008,0.6617316341829085,0.6617316341829085,0.7908545727136432,0.5161290322580645,0.3213919774700789,0
classification,multimodal_complete,availability,XGBoost,1017,162,0.284,25.008,0.739880059970015,0.739880059970015,0.8199025487256372,0.625,0.46831497090375523,0
classification,multimodal_complete,availability,XGBoost,1018,162,0.284,25.008,0.7593703148425788,0.7593703148425788,0.8114692653673162,0.6526315789473685,0.5092381287078872,0
classification,multimodal_complete,availability,XGBoost,1019,162,0.284,25.008,0.7181409295352323,0.7181409295352323,0.7961019490254873,0.5957446808510638,0.4308261155008158,0
classification,multimodal_complete,availability,LightGBM,1000,162,0.284,25.008,0.6832833583208395,0.6832833583208395,0.8082833583208395,0.5454545454545454,0.37717740808914063,0
classification,multimodal_complete,availability,LightGBM,1001,162,0.284,25.008,0.7050224887556222,0.7050224887556222,0.8159670164917541,0.5777777777777777,0.4156923816505285,0
classification,multimodal_complete,availability,LightGBM,1002,162,0.284,25.008,0.6832833583208395,0.6832833583208395,0.8007871064467766,0.5454545454545454,0.37717740808914063,0
classification,multimodal_complete,availability,LightGBM,1003,162,0.284,25.008,0.7267616191904048,0.7267616191904048,0.8341454272863569,0.6086956521739131,0.4535232383808096,0
classification,multimodal_complete,availability,LightGBM,1004,162,0.284,25.008,0.6896551724137931,0.6896551724137931,0.8257121439280359,0.5542168674698795,0.40742411342642054,0
classification,multimodal_complete,availability,LightGBM,1005,162,0.284,25.008,0.7093328335832083,0.7093328335832083,0.775487256371814,0.5842696629213483,0.4275309401642051,0
classification,multimodal_complete,availability,LightGBM,1006,162,0.284,25.008,0.70952023988006,0.70952023988006,0.8082833583208396,0.5833333333333334,0.4090438573987487,0
classification,multimodal_complete,availability,LightGBM,1007,162,0.284,25.008,0.639992503748126,0.639992503748126,0.7421289355322338,0.4835164835164835,0.28186652367721254,0
classification,multimodal_complete,availability,LightGBM,1008,162,0.284,25.008,0.6724137931034483,0.6724137931034483,0.7946026986506747,0.5287356321839081,0.35762288224637745,0
classification,multimodal_complete,availability,LightGBM,1009,162,0.284,25.008,0.676911544227886,0.676911544227886,0.7865442278860569,0.5376344086021505,0.3515573890286843,0
classification,multimodal_complete,availability,LightGBM,1010,162,0.284,25.008,0.7115817091454273,0.7115817091454273,0.8092203898050975,0.5869565217391305,0.4231634182908546,0
classification,multimodal_complete,availability,LightGBM,1011,162,0.284,25.008,0.6724137931034483,0.6724137931034483,0.8060344827586207,0.5287356321839081,0.35762288224637745,0
classification,multimodal_complete,availability,LightGBM,1012,162,0.284,25.008,0.6594827586206897,0.6594827586206897,0.8049100449775113,0.5111111111111111,0.32335851625648976,0
classification,multimodal_complete,availability,LightGBM,1013,162,0.284,25.008,0.7202023988005997,0.7202023988005997,0.808095952023988,0.6,0.4464703367818748,0
classification,multimodal_complete,availability,LightGBM,1014,162,0.284,25.008,0.7072713643178411,0.7072713643178411,0.802848575712144,0.5806451612903226,0.4118882121458949,0
classification,multimodal_complete,availability,LightGBM,1015,162,0.284,25.008,0.7007121439280359,0.7007121439280359,0.8035044977511244,0.5714285714285714,0.40412188334443727,0
classification,multimodal_complete,availability,LightGBM,1016,162,0.284,25.008,0.6531109445277361,0.6531109445277361,0.7796101949025487,0.5052631578947369,0.3006123924525606,0
classification,multimodal_complete,availability,LightGBM,1017,162,0.284,25.008,0.739880059970015,0.739880059970015,0.820839580209895,0.625,0.46831497090375523,0
classification,multimodal_complete,availability,LightGBM,1018,162,0.284,25.008,0.6812218890554722,0.6812218890554722,0.7929160419790106,0.5434782608695652,0.3624437781109445,0
classification,multimodal_complete,availability,LightGBM,1019,162,0.284,25.008,0.7031484257871065,0.7031484257871065,0.7634932533733132,0.5742574257425742,0.3868816521630881,0
classification,multimodal_complete,availability,MLP,1000,162,0.284,25.008,0.6336206896551724,0.6336206896551724,0.7567466266866567,0.4791666666666667,0.26086607363623243,0
classification,multimodal_complete,availability,MLP,1001,162,0.284,25.008,0.7007121439280359,0.7007121439280359,0.7880434782608696,0.5714285714285714,0.40412188334443727,0
classification,multimodal_complete,availability,MLP,1002,162,0.284,25.008,0.716079460269865,0.716079460269865,0.7854197901049476,0.5918367346938775,0.41740089707011074,0
classification,multimodal_complete,availability,MLP,1003,162,0.284,25.008,0.633808095952024,0.633808095952024,0.7265742128935532,0.4854368932038835,0.25269009554021643,0
classification,multimodal_complete,availability,MLP,1004,162,0.284,25.008,0.6596701649175412,0.6596701649175412,0.7582458770614693,0.5154639175257731,0.3100381255478606,0
classification,multimodal_complete,availability,MLP,1005,162,0.284,25.008,0.639992503748126,0.639992503748126,0.7335082458770614,0.4835164835164835,0.28186652367721254,0
classification,multimodal_complete,availability,MLP,1006,162,0.284,25.008,0.6943403298350825,0.6943403298350825,0.7876686656671664,0.5625,0.3794083006462455,0
classification,multimodal_complete,availability,MLP,1007,162,0.284,25.008,0.6898425787106446,0.6898425787106446,0.7618065967016492,0.5555555555555556,0.3849144265191823,0
classification,multimodal_complete,availability,MLP,1008,162,0.284,25.008,0.6922788605697152,0.6922788605697152,0.7668665667166417,0.56,0.36784146901462395,0
classification,multimodal_complete,availability,MLP,1009,162,0.284,25.008,0.6529235382308846,0.6529235382308846,0.7233883058470766,0.5,0.3147001687124118,0
classification,multimodal_complete,availability,MLP,1010,162,0.284,25.008,0.676911544227886,0.676911544227886,0.7470014992503747,0.5376344086021505,0.3515573890286843,0
classification,multimodal_complete,availability,MLP,1011,162,0.284,25.008,0.6531109445277361,0.6531109445277361,0.7440029985007497,0.5052631578947369,0.3006123924525606,0
classification,multimodal_complete,availability,MLP,1012,162,0.284,25.008,0.7158920539730136,0.7158920539730136,0.7859820089955022,0.5934065934065934,0.43468572326124344,0
classification,multimodal_complete,availability,MLP,1013,162,0.284,25.008,0.6920914542728636,0.6920914542728636,0.7672413793103449,0.5591397849462365,0.3817228005872896,0
classification,multimodal_complete,availability,MLP,1014,162,0.284,25.008,0.6812218890554722,0.6812218890554722,0.7824212893553223,0.5434782608695652,0.3624437781109445,0
classification,multimodal_complete,availability,MLP,1015,162,0.284,25.008,0.676911544227886,0.676911544227886,0.7646176911544227,0.5376344086021505,0.3515573890286843,0
classification,multimodal_complete,availability,MLP,1016,162,0.284,25.008,0.6336206896551724,0.6336206896551724,0.7378185907046477,0.4791666666666667,0.26086607363623243,0
classification,multimodal_complete,availability,MLP,1017,162,0.284,25.008,0.6922788605697152,0.6922788605697152,0.7541229385307346,0.56,0.36784146901462395,0
classification,multimodal_complete,availability,MLP,1018,162,0.284,25.008,0.6660419790104948,0.6660419790104948,0.7711769115442278,0.5217391304347826,0.3320839580209895,0
classification,multimodal_complete,availability,MLP,1019,162,0.284,25.008,0.6270614692653673,0.6270614692653673,0.7348200899550225,0.46808510638297873,0.25094510851336177,0
classification,chronic_365,clinical_threshold,LogReg,1000,183,0.3169,27.73,0.706344827586207,0.706344827586207,0.7772413793103448,0.6,0.40569911095763217,0
classification,chronic_365,clinical_threshold,LogReg,1001,183,0.3169,27.73,0.7315862068965517,0.7315862068965517,0.7448275862068966,0.6333333333333333,0.45532674284616603,0
classification,chronic_365,clinical_threshold,LogReg,1002,183,0.3169,27.73,0.7029655172413793,0.7029655172413793,0.7903448275862068,0.5967741935483871,0.3933293552145567,0
classification,chronic_365,clinical_threshold,LogReg,1003,183,0.3169,27.73,0.7269655172413794,0.7269655172413794,0.7762758620689654,0.6271186440677966,0.4499152335824915,0
classification,chronic_365,clinical_threshold,LogReg,1004,183,0.3169,27.73,0.6857241379310345,0.6857241379310345,0.7624827586206897,0.5737704918032787,0.3624130957291069,0
classification,chronic_365,clinical_threshold,LogReg,1005,183,0.3169,27.73,0.7202068965517241,0.7202068965517241,0.7893793103448274,0.6190476190476191,0.4240592478660017,0
classification,chronic_365,clinical_threshold,LogReg,1006,183,0.3169,27.73,0.7149655172413794,0.7149655172413794,0.8081379310344827,0.6115702479338843,0.42102404675677946,0
classification,chronic_365,clinical_threshold,LogReg,1007,183,0.3169,27.73,0.7263448275862069,0.7263448275862069,0.7798620689655174,0.6260869565217392,0.45482766516038436,0
classification,chronic_365,clinical_threshold,LogReg,1008,183,0.3169,27.73,0.7097241379310344,0.7097241379310344,0.7688275862068964,0.603448275862069,0.41944827586206895,0
classification,chronic_365,clinical_threshold,LogReg,1009,183,0.3169,27.73,0.6758620689655173,0.6758620689655173,0.7455172413793103,0.5565217391304348,0.35338529742808655,0
classification,chronic_365,clinical_threshold,LogReg,1010,183,0.3169,27.73,0.6829655172413793,0.6829655172413793,0.7859310344827586,0.5736434108527132,0.3494057607196672,0
classification,chronic_365,clinical_threshold,LogReg,1011,183,0.3169,27.73,0.7177241379310344,0.7177241379310344,0.8001379310344827,0.6140350877192983,0.43965265953613647,0
classification,chronic_365,clinical_threshold,LogReg,1012,183,0.3169,27.73,0.7029655172413793,0.7029655172413793,0.7737931034482759,0.5967741935483871,0.3933293552145567,0
classification,chronic_365,clinical_threshold,LogReg,1013,183,0.3169,27.73,0.7035862068965517,0.7035862068965517,0.7711724137931034,0.5984251968503937,0.3909042379588157,0
classification,chronic_365,clinical_threshold,LogReg,1014,183,0.3169,27.73,0.7448275862068966,0.7448275862068966,0.8041379310344827,0.6504065040650406,0.47605997316863363,0
classification,chronic_365,clinical_threshold,LogReg,1015,183,0.3169,27.73,0.6604827586206896,0.6604827586206896,0.7764137931034483,0.5409836065573771,0.3131582895512929,0
classification,chronic_365,clinical_threshold,LogReg,1016,183,0.3169,27.73,0.698344827586207,0.698344827586207,0.7337931034482758,0.5901639344262295,0.3870404988180139,0
classification,chronic_365,clinical_threshold,LogReg,1017,183,0.3169,27.73,0.7017241379310345,0.7017241379310345,0.7815172413793103,0.5932203389830508,0.39987908180759274,0
classification,chronic_365,clinical_threshold,LogReg,1018,183,0.3169,27.73,0.7017241379310345,0.7017241379310345,0.764,0.5932203389830508,0.39987908180759274,0
classification,chronic_365,clinical_threshold,LogReg,1019,183,0.3169,27.73,0.6764827586206896,0.6764827586206896,0.7497931034482758,0.559322033898305,0.34984293003269396,0
classification,chronic_365,clinical_threshold,SVM_rbf,1000,183,0.3169,27.73,0.7180689655172414,0.7180689655172414,0.7668965517241378,0.6176470588235294,0.4103466681060873,0
classification,chronic_365,clinical_threshold,SVM_rbf,1001,183,0.3169,27.73,0.6915862068965517,0.6915862068965517,0.76,0.5846153846153846,0.3649517920221181,0
classification,chronic_365,clinical_threshold,SVM_rbf,1002,183,0.3169,27.73,0.645103448275862,0.645103448275862,0.7626896551724138,0.5271317829457365,0.27710128931555966,0
classification,chronic_365,clinical_threshold,SVM_rbf,1003,183,0.3169,27.73,0.6555862068965517,0.6555862068965517,0.7490344827586206,0.5467625899280576,0.2914925749794051,0
classification,chronic_365,clinical_threshold,SVM_rbf,1004,183,0.3169,27.73,0.6709655172413793,0.6709655172413793,0.7422068965517241,0.5606060606060606,0.3241741752808403,0
classification,chronic_365,clinical_threshold,SVM_rbf,1005,183,0.3169,27.73,0.6722068965517242,0.6722068965517242,0.7653793103448276,0.5652173913043478,0.3230620415518726,0
classification,chronic_365,clinical_threshold,SVM_rbf,1006,183,0.3169,27.73,0.657103448275862,0.657103448275862,0.7801379310344827,0.5396825396825397,0.30253898109575694,0
classification,chronic_365,clinical_threshold,SVM_rbf,1007,183,0.3169,27.73,0.6882068965517241,0.6882068965517241,0.764,0.582089552238806,0.35541507733724,0
classification,chronic_365,clinical_threshold,SVM_rbf,1008,183,0.3169,27.73,0.6629655172413793,0.6629655172413793,0.7577931034482759,0.5522388059701493,0.3077485627511536,0
classification,chronic_365,clinical_threshold,SVM_rbf,1009,183,0.3169,27.73,0.6595862068965517,0.6595862068965517,0.7493793103448276,0.5507246376811594,0.2993854882463089,0
classification,chronic_365,clinical_threshold,SVM_rbf,1010,183,0.3169,27.73,0.6515862068965517,0.6515862068965517,0.7366896551724138,0.5428571428571428,0.2836554104472983,0
classification,chronic_365,clinical_threshold,SVM_rbf,1011,183,0.3169,27.73,0.666344827586207,0.666344827586207,0.7823448275862068,0.5538461538461539,0.31686959048140706,0
classification,chronic_365,clinical_threshold,SVM_rbf,1012,183,0.3169,27.73,0.6423448275862069,0.6423448275862069,0.7524137931034482,0.5294117647058824,0.26785437159107023,0
classification,chronic_365,clinical_threshold,SVM_rbf,1013,183,0.3169,27.73,0.6457241379310344,0.6457241379310344,0.739448275862069,0.5303030303030303,0.2763130425044032,0
classification,chronic_365,clinical_threshold,SVM_rbf,1014,183,0.3169,27.73,0.6722068965517242,0.6722068965517242,0.7838620689655172,0.5652173913043478,0.3230620415518726,0
classification,chronic_365,clinical_threshold,SVM_rbf,1015,183,0.3169,27.73,0.6802068965517241,0.6802068965517241,0.7780689655172414,0.5735294117647058,0.33910051984857875,0
classification,chronic_365,clinical_threshold,SVM_rbf,1016,183,0.3169,27.73,0.6583448275862069,0.6583448275862069,0.7593103448275862,0.5454545454545454,0.30024360889262175,0
classification,chronic_365,clinical_threshold,SVM_rbf,1017,183,0.3169,27.73,0.6722068965517242,0.6722068965517242,0.768,0.5652173913043478,0.3230620415518726,0
classification,chronic_365,clinical_threshold,SVM_rbf,1018,183,0.3169,27.73,0.6595862068965517,0.6595862068965517,0.7568275862068965,0.5507246376811594,0.2993854882463089,0
classification,chronic_365,clinical_threshold,SVM_rbf,1019,183,0.3169,27.73,0.6623448275862069,0.6623448275862069,0.7793793103448275,0.549618320610687,0.30851741410164824,0
classification,chronic_365,clinical_threshold,RandomForest,1000,183,0.3169,27.73,0.7263448275862069,0.7263448275862069,0.8221379310344827,0.6260869565217392,0.45482766516038436,0
classification,chronic_365,clinical_threshold,RandomForest,1001,183,0.3169,27.73,0.7263448275862069,0.7263448275862069,0.8286896551724138,0.6260869565217392,0.45482766516038436,0
classification,chronic_365,clinical_threshold,RandomForest,1002,183,0.3169,27.73,0.7349655172413794,0.7349655172413794,0.8287586206896552,0.6379310344827587,0.46993103448275864,0
classification,chronic_365,clinical_threshold,RandomForest,1003,183,0.3169,27.73,0.701103448275862,0.701103448275862,0.8341379310344829,0.591304347826087,0.4041064812942355,0
classification,chronic_365,clinical_threshold,RandomForest,1004,183,0.3169,27.73,0.7097241379310344,0.7097241379310344,0.8062758620689655,0.603448275862069,0.41944827586206895,0
classification,chronic_365,clinical_threshold,RandomForest,1005,183,0.3169,27.73,0.7482068965517241,0.7482068965517241,0.8244137931034482,0.6554621848739496,0.48996833113706584,0
classification,chronic_365,clinical_threshold,RandomForest,1006,183,0.3169,27.73,0.7315862068965517,0.7315862068965517,0.8177241379310345,0.6333333333333333,0.45532674284616603,0
classification,chronic_365,clinical_threshold,RandomForest,1007,183,0.3169,27.73,0.709103448275862,0.709103448275862,0.8157241379310344,0.6017699115044248,0.42439852330453753,0
classification,chronic_365,clinical_threshold,RandomForest,1008,183,0.3169,27.73,0.7004827586206896,0.7004827586206896,0.8110344827586207,0.5892857142857143,0.40905743749405915,0
classification,chronic_365,clinical_threshold,RandomForest,1009,183,0.3169,27.73,0.7155862068965517,0.7155862068965517,0.811103448275862,0.6129032258064516,0.41778714386704185,0
classification,chronic_365,clinical_threshold,RandomForest,1010,183,0.3169,27.73,0.7189655172413794,0.7189655172413794,0.8026896551724138,0.6166666666666667,0.43051292690189913,0
classification,chronic_365,clinical_threshold,RandomForest,1011,183,0.3169,27.73,0.7189655172413794,0.7189655172413794,0.8189655172413793,0.6166666666666667,0.43051292690189913,0
classification,chronic_365,clinical_threshold,RandomForest,1012,183,0.3169,27.73,0.709103448275862,0.709103448275862,0.8222068965517242,0.6017699115044248,0.42439852330453753,0
classification,chronic_365,clinical_threshold,RandomForest,1013,183,0.3169,27.73,0.713103448275862,0.713103448275862,0.8228965517241379,0.6071428571428571,0.43480821529296276,0
classification,chronic_365,clinical_threshold,RandomForest,1014,183,0.3169,27.73,0.706344827586207,0.706344827586207,0.8335172413793104,0.6,0.40569911095763217,0
classification,chronic_365,clinical_threshold,RandomForest,1015,183,0.3169,27.73,0.7137241379310344,0.7137241379310344,0.8277931034482758,0.6086956521739131,0.4294670732273099,0
classification,chronic_365,clinical_threshold,RandomForest,1016,183,0.3169,27.73,0.7423448275862069,0.7423448275862069,0.8235172413793103,0.6486486486486487,0.4971908675960167,0
classification,chronic_365,clinical_threshold,RandomForest,1017,183,0.3169,27.73,0.7229655172413794,0.7229655172413794,0.8104827586206896,0.6218487394957983,0.44014104322482184,0
classification,chronic_365,clinical_threshold,RandomForest,1018,183,0.3169,27.73,0.7137241379310344,0.7137241379310344,0.8227586206896552,0.6086956521739131,0.4294670732273099,0
classification,chronic_365,clinical_threshold,RandomForest,1019,183,0.3169,27.73,0.7448275862068966,0.7448275862068966,0.8280000000000001,0.6504065040650406,0.47605997316863363,0
classification,chronic_365,clinical_threshold,XGBoost,1000,183,0.3169,27.73,0.7183448275862069,0.7183448275862069,0.8004137931034483,0.6153846153846154,0.43471543331878165,0
classification,chronic_365,clinical_threshold,XGBoost,1001,183,0.3169,27.73,0.7097241379310344,0.7097241379310344,0.8153103448275862,0.603448275862069,0.41944827586206895,0
classification,chronic_365,clinical_threshold,XGBoost,1002,183,0.3169,27.73,0.7355862068965517,0.7355862068965517,0.8328275862068966,0.6386554621848739,0.46505468718094384,0
classification,chronic_365,clinical_threshold,XGBoost,1003,183,0.3169,27.73,0.7349655172413794,0.7349655172413794,0.8197241379310344,0.6379310344827587,0.46993103448275864,0
classification,chronic_365,clinical_threshold,XGBoost,1004,183,0.3169,27.73,0.7309655172413794,0.7309655172413794,0.7889655172413792,0.6324786324786325,0.4598426993634238,0
classification,chronic_365,clinical_threshold,XGBoost,1005,183,0.3169,27.73,0.7242068965517241,0.7242068965517241,0.8180689655172414,0.624,0.43309340475683067,0
classification,chronic_365,clinical_threshold,XGBoost,1006,183,0.3169,27.73,0.7017241379310345,0.7017241379310345,0.8084137931034483,0.5932203389830508,0.39987908180759274,0
classification,chronic_365,clinical_threshold,XGBoost,1007,183,0.3169,27.73,0.7229655172413794,0.7229655172413794,0.8081379310344828,0.6218487394957983,0.44014104322482184,0
classification,chronic_365,clinical_threshold,XGBoost,1008,183,0.3169,27.73,0.689103448275862,0.689103448275862,0.7932413793103448,0.576271186440678,0.3748610059201433,0
classification,chronic_365,clinical_threshold,XGBoost,1009,183,0.3169,27.73,0.7269655172413794,0.7269655172413794,0.8041379310344828,0.6271186440677966,0.4499152335824915,0
classification,chronic_365,clinical_threshold,XGBoost,1010,183,0.3169,27.73,0.7057241379310345,0.7057241379310345,0.7991724137931034,0.5982905982905983,0.40958816727413955,0
classification,chronic_365,clinical_threshold,XGBoost,1011,183,0.3169,27.73,0.6897241379310345,0.6897241379310345,0.8154482758620689,0.5785123966942148,0.3715871519499199,0
classification,chronic_365,clinical_threshold,XGBoost,1012,183,0.3169,27.73,0.7269655172413794,0.7269655172413794,0.8135172413793103,0.6271186440677966,0.4499152335824915,0
classification,chronic_365,clinical_threshold,XGBoost,1013,183,0.3169,27.73,0.7004827586206896,0.7004827586206896,0.808,0.5892857142857143,0.40905743749405915,0
classification,chronic_365,clinical_threshold,XGBoost,1014,183,0.3169,27.73,0.7648275862068965,0.7648275862068965,0.8355862068965518,0.6779661016949152,0.5249694612448397,0
classification,chronic_365,clinical_threshold,XGBoost,1015,183,0.3169,27.73,0.757448275862069,0.757448275862069,0.8259310344827586,0.6666666666666666,0.5006005295319744,0
classification,chronic_365,clinical_threshold,XGBoost,1016,183,0.3169,27.73,0.7395862068965517,0.7395862068965517,0.8073103448275862,0.6440677966101694,0.4749333094699409,0
classification,chronic_365,clinical_threshold,XGBoost,1017,183,0.3169,27.73,0.7482068965517241,0.7482068965517241,0.816,0.6554621848739496,0.48996833113706584,0
classification,chronic_365,clinical_threshold,XGBoost,1018,183,0.3169,27.73,0.7402068965517241,0.7402068965517241,0.825655172413793,0.6446280991735537,0.47046094156363905,0
classification,chronic_365,clinical_threshold,XGBoost,1019,183,0.3169,27.73,0.710344827586207,0.710344827586207,0.8066206896551724,0.6050420168067226,0.41522739926869984,0
classification,chronic_365,clinical_threshold,LightGBM,1000,183,0.3169,27.73,0.7044827586206897,0.7044827586206897,0.8009655172413792,0.5945945945945946,0.4195136375703442,0
classification,chronic_365,clinical_threshold,LightGBM,1001,183,0.3169,27.73,0.7109655172413794,0.7109655172413794,0.7864827586206896,0.6065573770491803,0.4116679019069209,0
classification,chronic_365,clinical_threshold,LightGBM,1002,183,0.3169,27.73,0.6897241379310345,0.6897241379310345,0.8091034482758621,0.5785123966942148,0.3715871519499199,0
classification,chronic_365,clinical_threshold,LightGBM,1003,183,0.3169,27.73,0.7044827586206897,0.7044827586206897,0.8063448275862068,0.5945945945945946,0.4195136375703442,0
classification,chronic_365,clinical_threshold,LightGBM,1004,183,0.3169,27.73,0.7177241379310344,0.7177241379310344,0.7884137931034483,0.6140350877192983,0.43965265953613647,0
classification,chronic_365,clinical_threshold,LightGBM,1005,183,0.3169,27.73,0.6817241379310345,0.6817241379310345,0.7984827586206897,0.5691056910569106,0.35335719135192944,0
classification,chronic_365,clinical_threshold,LightGBM,1006,183,0.3169,27.73,0.6838620689655173,0.6838620689655173,0.7976551724137931,0.5663716814159292,0.37316835855207686,0
classification,chronic_365,clinical_threshold,LightGBM,1007,183,0.3169,27.73,0.7149655172413794,0.7149655172413794,0.7899310344827586,0.6115702479338843,0.42102404675677946,0
classification,chronic_365,clinical_threshold,LightGBM,1008,183,0.3169,27.73,0.6786206896551724,0.6786206896551724,0.7852413793103448,0.5555555555555556,0.37300953895637856,0
classification,chronic_365,clinical_threshold,LightGBM,1009,183,0.3169,27.73,0.693103448275862,0.693103448275862,0.7824827586206896,0.5811965811965812,0.3844609012294974,0
classification,chronic_365,clinical_threshold,LightGBM,1010,183,0.3169,27.73,0.7229655172413794,0.7229655172413794,0.7888275862068965,0.6218487394957983,0.44014104322482184,0
classification,chronic_365,clinical_threshold,LightGBM,1011,183,0.3169,27.73,0.689103448275862,0.689103448275862,0.8059310344827586,0.576271186440678,0.3748610059201433,0
classification,chronic_365,clinical_threshold,LightGBM,1012,183,0.3169,27.73,0.7017241379310345,0.7017241379310345,0.7942068965517242,0.5932203389830508,0.39987908180759274,0
classification,chronic_365,clinical_threshold,LightGBM,1013,183,0.3169,27.73,0.6792413793103448,0.6792413793103448,0.7777931034482759,0.5585585585585585,0.3677288175532292,0
classification,chronic_365,clinical_threshold,LightGBM,1014,183,0.3169,27.73,0.7235862068965517,0.7235862068965517,0.8172413793103448,0.6229508196721312,0.4362953049958279,0
classification,chronic_365,clinical_threshold,LightGBM,1015,183,0.3169,27.73,0.7328275862068966,0.7328275862068966,0.8020689655172415,0.6349206349206349,0.44836330122005064,0
classification,chronic_365,clinical_threshold,LightGBM,1016,183,0.3169,27.73,0.701103448275862,0.701103448275862,0.7848275862068966,0.591304347826087,0.4041064812942355,0
classification,chronic_365,clinical_threshold,LightGBM,1017,183,0.3169,27.73,0.7448275862068966,0.7448275862068966,0.8055172413793104,0.6504065040650406,0.47605997316863363,0
classification,chronic_365,clinical_threshold,LightGBM,1018,183,0.3169,27.73,0.7057241379310345,0.7057241379310345,0.8095172413793104,0.5982905982905983,0.40958816727413955,0
classification,chronic_365,clinical_threshold,LightGBM,1019,183,0.3169,27.73,0.6718620689655173,0.6718620689655173,0.7888275862068965,0.5517241379310345,0.34372413793103446,0
classification,chronic_365,clinical_threshold,MLP,1000,183,0.3169,27.73,0.6758620689655173,0.6758620689655173,0.7754482758620689,0.5565217391304348,0.35338529742808655,0
classification,chronic_365,clinical_threshold,MLP,1001,183,0.3169,27.73,0.7183448275862069,0.7183448275862069,0.7782068965517241,0.6153846153846154,0.43471543331878165,0
classification,chronic_365,clinical_threshold,MLP,1002,183,0.3169,27.73,0.689103448275862,0.689103448275862,0.7940689655172413,0.576271186440678,0.3748610059201433,0
classification,chronic_365,clinical_threshold,MLP,1003,183,0.3169,27.73,0.6724827586206896,0.6724827586206896,0.7518620689655173,0.5546218487394958,0.3404864674003339,0
classification,chronic_365,clinical_threshold,MLP,1004,183,0.3169,27.73,0.714344827586207,0.714344827586207,0.7871724137931035,0.6101694915254238,0.4248971576950421,0
classification,chronic_365,clinical_threshold,MLP,1005,183,0.3169,27.73,0.7035862068965517,0.7035862068965517,0.782206896551724,0.5984251968503937,0.3909042379588157,0
classification,chronic_365,clinical_threshold,MLP,1006,183,0.3169,27.73,0.706344827586207,0.706344827586207,0.8013793103448276,0.6,0.40569911095763217,0
classification,chronic_365,clinical_threshold,MLP,1007,183,0.3169,27.73,0.7183448275862069,0.7183448275862069,0.7968275862068965,0.6153846153846154,0.43471543331878165,0
classification,chronic_365,clinical_threshold,MLP,1008,183,0.3169,27.73,0.6924827586206896,0.6924827586206896,0.7772413793103449,0.5789473684210527,0.38868247474354034,0
classification,chronic_365,clinical_threshold,MLP,1009,183,0.3169,27.73,0.6632413793103449,0.6632413793103449,0.7366896551724137,0.5391304347826087,0.3280247054950121,0
classification,chronic_365,clinical_threshold,MLP,1010,183,0.3169,27.73,0.6777241379310345,0.6777241379310345,0.7697931034482759,0.5645161290322581,0.3444137779095863,0
classification,chronic_365,clinical_threshold,MLP,1011,183,0.3169,27.73,0.7137241379310344,0.7137241379310344,0.7968275862068966,0.6086956521739131,0.4294670732273099,0
classification,chronic_365,clinical_threshold,MLP,1012,183,0.3169,27.73,0.7223448275862069,0.7223448275862069,0.7849655172413793,0.6206896551724138,0.44468965517241377,0
classification,chronic_365,clinical_threshold,MLP,1013,183,0.3169,27.73,0.7069655172413793,0.7069655172413793,0.7742068965517241,0.6016260162601627,0.4024383040786111,0
classification,chronic_365,clinical_threshold,MLP,1014,183,0.3169,27.73,0.7355862068965517,0.7355862068965517,0.826896551724138,0.6386554621848739,0.46505468718094384,0
classification,chronic_365,clinical_threshold,MLP,1015,183,0.3169,27.73,0.669103448275862,0.669103448275862,0.7827586206896551,0.5528455284552846,0.3288166349885886,0
classification,chronic_365,clinical_threshold,MLP,1016,183,0.3169,27.73,0.6626206896551725,0.6626206896551725,0.7067586206896552,0.5357142857142857,0.33180510409734826,0
classification,chronic_365,clinical_threshold,MLP,1017,183,0.3169,27.73,0.6817241379310345,0.6817241379310345,0.7611034482758621,0.5691056910569106,0.35335719135192944,0
classification,chronic_365,clinical_threshold,MLP,1018,183,0.3169,27.73,0.6792413793103448,0.6792413793103448,0.7724137931034483,0.5585585585585585,0.3677288175532292,0
classification,chronic_365,clinical_threshold,MLP,1019,183,0.3169,27.73,0.6632413793103449,0.6632413793103449,0.7764137931034483,0.5391304347826087,0.3280247054950121,0
classification,chronic_180,clinical_threshold,LogReg,1000,225,0.32,28.076,0.6973039215686274,0.6973039215686274,0.7780501089324618,0.589041095890411,0.39180803952333776,0
classification,chronic_180,clinical_threshold,LogReg,1001,225,0.32,28.076,0.7083333333333333,0.7083333333333333,0.7501815541031228,0.6052631578947368,0.4060427190027823,0
classification,chronic_180,clinical_threshold,LogReg,1002,225,0.32,28.076,0.6772875816993464,0.6772875816993464,0.7629811183732752,0.5637583892617449,0.3486133827737221,0
classification,chronic_180,clinical_threshold,LogReg,1003,225,0.32,28.076,0.7144607843137255,0.7144607843137255,0.7964778503994189,0.6122448979591837,0.42443734381358267,0
classification,chronic_180,clinical_threshold,LogReg,1004,225,0.32,28.076,0.7320261437908497,0.7320261437908497,0.806917211328976,0.6357615894039735,0.4535121304674831,0
classification,chronic_180,clinical_threshold,LogReg,1005,225,0.32,28.076,0.7160947712418301,0.7160947712418301,0.7921205519244735,0.6163522012578616,0.4139873285817804,0
classification,chronic_180,clinical_threshold,LogReg,1006,225,0.32,28.076,0.6973039215686274,0.6973039215686274,0.7852214960058097,0.589041095890411,0.39180803952333776,0
classification,chronic_180,clinical_threshold,LogReg,1007,225,0.32,28.076,0.7214052287581699,0.7214052287581699,0.7723311546840959,0.6216216216216216,0.43674697133430057,0
classification,chronic_180,clinical_threshold,LogReg,1008,225,0.32,28.076,0.7181372549019608,0.7181372549019608,0.809640522875817,0.6174496644295302,0.4289390470072986,0
classification,chronic_180,clinical_threshold,LogReg,1009,225,0.32,28.076,0.7516339869281046,0.7516339869281046,0.8034676833696441,0.6620689655172414,0.501450459888069,0
classification,chronic_180,clinical_threshold,LogReg,1010,225,0.32,28.076,0.7005718954248366,0.7005718954248366,0.7554466230936819,0.593103448275862,0.3996950905926005,0
classification,chronic_180,clinical_threshold,LogReg,1011,225,0.32,28.076,0.6772875816993464,0.6772875816993464,0.7540849673202614,0.5637583892617449,0.3486133827737221,0
classification,chronic_180,clinical_threshold,LogReg,1012,225,0.32,28.076,0.7140522875816994,0.7140522875816994,0.8028322440087147,0.6111111111111112,0.42810457516339867,0
classification,chronic_180,clinical_threshold,LogReg,1013,225,0.32,28.076,0.7487745098039216,0.7487745098039216,0.7892156862745098,0.6577181208053692,0.48918329518248105,0
classification,chronic_180,clinical_threshold,LogReg,1014,225,0.32,28.076,0.7291666666666667,0.7291666666666667,0.8100036310820624,0.632258064516129,0.4431086098411891,0
classification,chronic_180,clinical_threshold,LogReg,1015,225,0.32,28.076,0.7185457516339869,0.7185457516339869,0.78059186637618,0.618421052631579,0.4259467738558599,0
classification,chronic_180,clinical_threshold,LogReg,1016,225,0.32,28.076,0.7361111111111112,0.7361111111111112,0.798928830791576,0.6410256410256411,0.4554169441763129,0
classification,chronic_180,clinical_threshold,LogReg,1017,225,0.32,28.076,0.7218137254901961,0.7218137254901961,0.8017429193899782,0.6225165562913907,0.43355120923211854,0
classification,chronic_180,clinical_threshold,LogReg,1018,225,0.32,28.076,0.6981209150326797,0.6981209150326797,0.7716049382716049,0.5921052631578947,0.3861386641497047,0
classification,chronic_180,clinical_threshold,LogReg,1019,225,0.32,28.076,0.7189542483660131,0.7189542483660131,0.7828612926652143,0.6193548387096774,0.42336223685361385,0
classification,chronic_180,clinical_threshold,SVM_rbf,1000,225,0.32,28.076,0.6797385620915033,0.6797385620915033,0.7688362381989833,0.5748502994011976,0.3395077899167355,0
classification,chronic_180,clinical_threshold,SVM_rbf,1001,225,0.32,28.076,0.7246732026143791,0.7246732026143791,0.7893972403776326,0.627906976744186,0.42183074386605374,0
classification,chronic_180,clinical_threshold,SVM_rbf,1002,225,0.32,28.076,0.7099673202614378,0.7099673202614378,0.782316630355846,0.6097560975609756,0.39845009128096953,0
classification,chronic_180,clinical_threshold,SVM_rbf,1003,225,0.32,28.076,0.7160947712418301,0.7160947712418301,0.8040123456790123,0.6163522012578616,0.4139873285817804,0
classification,chronic_180,clinical_threshold,SVM_rbf,1004,225,0.32,28.076,0.6940359477124183,0.6940359477124183,0.7923021060275962,0.5930232558139535,0.36430836970250097,0
classification,chronic_180,clinical_threshold,SVM_rbf,1005,225,0.32,28.076,0.7095588235294118,0.7095588235294118,0.7961601307189543,0.6086956521739131,0.3998374356200461,0
classification,chronic_180,clinical_threshold,SVM_rbf,1006,225,0.32,28.076,0.6866830065359477,0.6866830065359477,0.7952977487291213,0.5833333333333334,0.35214074135945445,0
classification,chronic_180,clinical_threshold,SVM_rbf,1007,225,0.32,28.076,0.6854575163398693,0.6854575163398693,0.7953885257806826,0.5786163522012578,0.35529347292273783,0
classification,chronic_180,clinical_threshold,SVM_rbf,1008,225,0.32,28.076,0.7140522875816994,0.7140522875816994,0.7970225127087872,0.6153846153846154,0.4032468474918664,0
classification,chronic_180,clinical_threshold,SVM_rbf,1009,225,0.32,28.076,0.7103758169934641,0.7103758169934641,0.8053740014524329,0.6107784431137725,0.39737843592526995,0
classification,chronic_180,clinical_threshold,SVM_rbf,1010,225,0.32,28.076,0.7046568627450981,0.7046568627450981,0.7862200435729847,0.6057142857142858,0.38323904034327616,0
classification,chronic_180,clinical_threshold,SVM_rbf,1011,225,0.32,28.076,0.6568627450980392,0.6568627450980392,0.772739651416122,0.5517241379310345,0.2939741400256114,0
classification,chronic_180,clinical_threshold,SVM_rbf,1012,225,0.32,28.076,0.6964869281045751,0.6964869281045751,0.7982480029048657,0.593939393939394,0.3722606936996634,0
classification,chronic_180,clinical_threshold,SVM_rbf,1013,225,0.32,28.076,0.7095588235294118,0.7095588235294118,0.8099128540305012,0.6086956521739131,0.3998374356200461,0
classification,chronic_180,clinical_threshold,SVM_rbf,1014,225,0.32,28.076,0.7009803921568627,0.7009803921568627,0.7926652142338417,0.6011560693641619,0.37698504242032405,0
classification,chronic_180,clinical_threshold,SVM_rbf,1015,225,0.32,28.076,0.6801470588235294,0.6801470588235294,0.7701525054466232,0.5764705882352941,0.33896451588504095,0
classification,chronic_180,clinical_threshold,SVM_rbf,1016,225,0.32,28.076,0.7079248366013072,0.7079248366013072,0.7948438634713144,0.6091954022988506,0.38966884706519844,0
classification,chronic_180,clinical_threshold,SVM_rbf,1017,225,0.32,28.076,0.693218954248366,0.693218954248366,0.7909404502541757,0.5903614457831325,0.36550398129645484,0
classification,chronic_180,clinical_threshold,SVM_rbf,1018,225,0.32,28.076,0.6977124183006536,0.6977124183006536,0.79920116194626,0.5977011494252874,0.37052990565728106,0
classification,chronic_180,clinical_threshold,SVM_rbf,1019,225,0.32,28.076,0.7140522875816994,0.7140522875816994,0.809640522875817,0.6153846153846154,0.4032468474918664,0
classification,chronic_180,clinical_threshold,RandomForest,1000,225,0.32,28.076,0.741421568627451,0.741421568627451,0.8287944807552651,0.6482758620689655,0.48109938602897534,0
classification,chronic_180,clinical_threshold,RandomForest,1001,225,0.32,28.076,0.7524509803921569,0.7524509803921569,0.8264796659404502,0.6622516556291391,0.4934339729382123,0
classification,chronic_180,clinical_threshold,RandomForest,1002,225,0.32,28.076,0.7381535947712419,0.7381535947712419,0.8273420479302832,0.6438356164383562,0.4729277164432835,0
classification,chronic_180,clinical_threshold,RandomForest,1003,225,0.32,28.076,0.7798202614379085,0.7798202614379085,0.8331971677559914,0.6973684210526315,0.5453711029743252,0
classification,chronic_180,clinical_threshold,RandomForest,1004,225,0.32,28.076,0.7320261437908497,0.7320261437908497,0.8377814088598402,0.6357615894039735,0.4535121304674831,0
classification,chronic_180,clinical_threshold,RandomForest,1005,225,0.32,28.076,0.7483660130718954,0.7483660130718954,0.8299745824255629,0.6575342465753424,0.4932076356732699,0
classification,chronic_180,clinical_threshold,RandomForest,1006,225,0.32,28.076,0.7344771241830066,0.7344771241830066,0.8294299201161947,0.6388888888888888,0.46895424836601307,0
classification,chronic_180,clinical_threshold,RandomForest,1007,225,0.32,28.076,0.741421568627451,0.741421568627451,0.8384622367465505,0.6482758620689655,0.48109938602897534,0
classification,chronic_180,clinical_threshold,RandomForest,1008,225,0.32,28.076,0.7969771241830066,0.7969771241830066,0.8484023238925199,0.7189542483660131,0.5772197749935367,0
classification,chronic_180,clinical_threshold,RandomForest,1009,225,0.32,28.076,0.7344771241830066,0.7344771241830066,0.8321532316630356,0.6388888888888888,0.46895424836601307,0
classification,chronic_180,clinical_threshold,RandomForest,1010,225,0.32,28.076,0.7107843137254902,0.7107843137254902,0.8213961510530138,0.6068965517241379,0.4200461644516942,0
classification,chronic_180,clinical_threshold,RandomForest,1011,225,0.32,28.076,0.7393790849673203,0.7393790849673203,0.8233024691358025,0.6451612903225806,0.46285498282876436,0
classification,chronic_180,clinical_threshold,RandomForest,1012,225,0.32,28.076,0.7312091503267973,0.7312091503267973,0.8302923021060276,0.6344827586206897,0.4607483121698816,0
classification,chronic_180,clinical_threshold,RandomForest,1013,225,0.32,28.076,0.7553104575163399,0.7553104575163399,0.8419571532316631,0.6666666666666666,0.505282552159027,0
classification,chronic_180,clinical_threshold,RandomForest,1014,225,0.32,28.076,0.7524509803921569,0.7524509803921569,0.8294753086419753,0.6622516556291391,0.4934339729382123,0
classification,chronic_180,clinical_threshold,RandomForest,1015,225,0.32,28.076,0.7459150326797386,0.7459150326797386,0.8211692084241105,0.6535947712418301,0.4779729085916219,0
classification,chronic_180,clinical_threshold,RandomForest,1016,225,0.32,28.076,0.7769607843137255,0.7769607843137255,0.8450435729847494,0.6923076923076923,0.5342088030303463,0
classification,chronic_180,clinical_threshold,RandomForest,1017,225,0.32,28.076,0.7630718954248366,0.7630718954248366,0.8368736383442267,0.6753246753246753,0.5099662889605869,0
classification,chronic_180,clinical_threshold,RandomForest,1018,225,0.32,28.076,0.7320261437908497,0.7320261437908497,0.8333333333333333,0.6357615894039735,0.4535121304674831,0
classification,chronic_180,clinical_threshold,RandomForest,1019,225,0.32,28.076,0.7450980392156863,0.7450980392156863,0.8356935366739289,0.6530612244897959,0.48507125007266594,0
classification,chronic_180,clinical_threshold,XGBoost,1000,225,0.32,28.076,0.7275326797385622,0.7275326797385622,0.816358024691358,0.6293706293706294,0.4567685631794508,0
classification,chronic_180,clinical_threshold,XGBoost,1001,225,0.32,28.076,0.7524509803921569,0.7524509803921569,0.8090050835148874,0.6622516556291391,0.4934339729382123,0
classification,chronic_180,clinical_threshold,XGBoost,1002,225,0.32,28.076,0.7238562091503269,0.7238562091503269,0.8340595497458243,0.624113475177305,0.45292287953541716,0
classification,chronic_180,clinical_threshold,XGBoost,1003,225,0.32,28.076,0.7152777777777778,0.7152777777777778,0.8224400871459695,0.6143790849673203,0.418424788750473,0
classification,chronic_180,clinical_threshold,XGBoost,1004,225,0.32,28.076,0.7422385620915033,0.7422385620915033,0.8182643427741467,0.6490066225165563,0.4734730517028477,0
classification,chronic_180,clinical_threshold,XGBoost,1005,225,0.32,28.076,0.7491830065359477,0.7491830065359477,0.8188997821350762,0.6578947368421053,0.48565893841509256,0
classification,chronic_180,clinical_threshold,XGBoost,1006,225,0.32,28.076,0.7279411764705882,0.7279411764705882,0.8100036310820624,0.6301369863013698,0.45264779721329707,0
classification,chronic_180,clinical_threshold,XGBoost,1007,225,0.32,28.076,0.7287581699346405,0.7287581699346405,0.8328794480755265,0.631578947368421,0.44585082870893744,0
classification,chronic_180,clinical_threshold,XGBoost,1008,225,0.32,28.076,0.752859477124183,0.752859477124183,0.8325163398692811,0.6623376623376623,0.49016946097298647,0
classification,chronic_180,clinical_threshold,XGBoost,1009,225,0.32,28.076,0.7593954248366013,0.7593954248366013,0.8397785039941903,0.6710526315789473,0.5055629932681701,0
classification,chronic_180,clinical_threshold,XGBoost,1010,225,0.32,28.076,0.710375816993464,0.710375816993464,0.8192628903413217,0.6056338028169014,0.42395806934757446,0
classification,chronic_180,clinical_threshold,XGBoost,1011,225,0.32,28.076,0.7459150326797386,0.7459150326797386,0.8108206245461147,0.6535947712418301,0.4779729085916219,0
classification,chronic_180,clinical_threshold,XGBoost,1012,225,0.32,28.076,0.7218137254901961,0.7218137254901961,0.8146332607116922,0.6225165562913907,0.43355120923211854,0
classification,chronic_180,clinical_threshold,XGBoost,1013,225,0.32,28.076,0.7651143790849673,0.7651143790849673,0.8384168482207698,0.6805555555555556,0.5302287581699346,0
classification,chronic_180,clinical_threshold,XGBoost,1014,225,0.32,28.076,0.7144607843137255,0.7144607843137255,0.8202614379084967,0.6122448979591837,0.42443734381358267,0
classification,chronic_180,clinical_threshold,XGBoost,1015,225,0.32,28.076,0.7287581699346405,0.7287581699346405,0.8145424836601307,0.631578947368421,0.44585082870893744,0
classification,chronic_180,clinical_threshold,XGBoost,1016,225,0.32,28.076,0.7724673202614379,0.7724673202614379,0.8307007988380537,0.6891891891891891,0.5374727488560489,0
classification,chronic_180,clinical_threshold,XGBoost,1017,225,0.32,28.076,0.7553104575163399,0.7553104575163399,0.8373275236020334,0.6666666666666666,0.505282552159027,0
classification,chronic_180,clinical_threshold,XGBoost,1018,225,0.32,28.076,0.7352941176470589,0.7352941176470589,0.8064633260711692,0.64,0.4612613444546143,0
classification,chronic_180,clinical_threshold,XGBoost,1019,225,0.32,28.076,0.7450980392156863,0.7450980392156863,0.8198983297022513,0.6530612244897959,0.48507125007266594,0
classification,chronic_180,clinical_threshold,LightGBM,1000,225,0.32,28.076,0.7549019607843137,0.7549019607843137,0.8298838053740014,0.6666666666666666,0.5098039215686274,0
classification,chronic_180,clinical_threshold,LightGBM,1001,225,0.32,28.076,0.7083333333333333,0.7083333333333333,0.8068264342774147,0.6052631578947368,0.4060427190027823,0
classification,chronic_180,clinical_threshold,LightGBM,1002,225,0.32,28.076,0.7544934640522876,0.7544934640522876,0.8435911401597675,0.6666666666666666,0.51491049990979,0
classification,chronic_180,clinical_threshold,LightGBM,1003,225,0.32,28.076,0.7075163398692811,0.7075163398692811,0.8143609295570079,0.6027397260273972,0.4120879587533242,0
classification,chronic_180,clinical_threshold,LightGBM,1004,225,0.32,28.076,0.7173202614379085,0.7173202614379085,0.8172657952069717,0.6153846153846154,0.4362672811696011,0
classification,chronic_180,clinical_threshold,LightGBM,1005,225,0.32,28.076,0.727124183006536,0.727124183006536,0.8250726216412492,0.6285714285714286,0.46142492982147615,0
classification,chronic_180,clinical_threshold,LightGBM,1006,225,0.32,28.076,0.7422385620915033,0.7422385620915033,0.8151779230210603,0.6490066225165563,0.4734730517028477,0
classification,chronic_180,clinical_threshold,LightGBM,1007,225,0.32,28.076,0.741421568627451,0.741421568627451,0.8286129266521424,0.6482758620689655,0.48109938602897534,0
classification,chronic_180,clinical_threshold,LightGBM,1008,225,0.32,28.076,0.7459150326797386,0.7459150326797386,0.8164488017429194,0.6535947712418301,0.4779729085916219,0
classification,chronic_180,clinical_threshold,LightGBM,1009,225,0.32,28.076,0.7589869281045751,0.7589869281045751,0.8346949891067539,0.6711409395973155,0.5092647112408751,0
classification,chronic_180,clinical_threshold,LightGBM,1010,225,0.32,28.076,0.7071078431372548,0.7071078431372548,0.8103667392883079,0.6013986013986014,0.41576599915975143,0
classification,chronic_180,clinical_threshold,LightGBM,1011,225,0.32,28.076,0.7320261437908497,0.7320261437908497,0.8032861292665214,0.6357615894039735,0.4535121304674831,0
classification,chronic_180,clinical_threshold,LightGBM,1012,225,0.32,28.076,0.7181372549019608,0.7181372549019608,0.8032861292665214,0.6174496644295302,0.4289390470072986,0
classification,chronic_180,clinical_threshold,LightGBM,1013,225,0.32,28.076,0.7344771241830066,0.7344771241830066,0.8273420479302832,0.6388888888888888,0.46895424836601307,0
classification,chronic_180,clinical_threshold,LightGBM,1014,225,0.32,28.076,0.7283496732026145,0.7283496732026145,0.8160856935366739,0.6308724832214765,0.44902046306569277,0
classification,chronic_180,clinical_threshold,LightGBM,1015,225,0.32,28.076,0.6944444444444444,0.6944444444444444,0.7978395061728395,0.5866666666666667,0.38118124993124375,0
classification,chronic_180,clinical_threshold,LightGBM,1016,225,0.32,28.076,0.7655228758169934,0.7655228758169934,0.8307915758896152,0.6802721088435374,0.5254938542453881,0
classification,chronic_180,clinical_threshold,LightGBM,1017,225,0.32,28.076,0.7316176470588236,0.7316176470588236,0.824800290486565,0.6351351351351351,0.4568921268386502,0
classification,chronic_180,clinical_threshold,LightGBM,1018,225,0.32,28.076,0.7107843137254902,0.7107843137254902,0.8031045751633987,0.6068965517241379,0.4200461644516942,0
classification,chronic_180,clinical_threshold,LightGBM,1019,225,0.32,28.076,0.7487745098039216,0.7487745098039216,0.8110929557007989,0.6577181208053692,0.48918329518248105,0
classification,chronic_180,clinical_threshold,MLP,1000,225,0.32,28.076,0.625,0.625,0.7532679738562092,0.4857142857142857,0.2539496915923951,0
classification,chronic_180,clinical_threshold,MLP,1001,225,0.32,28.076,0.6768790849673203,0.6768790849673203,0.7747821350762527,0.5616438356164384,0.3512482010633649,0
classification,chronic_180,clinical_threshold,MLP,1002,225,0.32,28.076,0.7099673202614379,0.7099673202614379,0.7962055192447348,0.60431654676259,0.42837855345627507,0
classification,chronic_180,clinical_threshold,MLP,1003,225,0.32,28.076,0.7116013071895424,0.7116013071895424,0.7761437908496731,0.609271523178808,0.41359028799675396,0
classification,chronic_180,clinical_threshold,MLP,1004,225,0.32,28.076,0.7246732026143791,0.7246732026143791,0.8074618736383443,0.6258503401360545,0.44464864589994374,0
classification,chronic_180,clinical_threshold,MLP,1005,225,0.32,28.076,0.704248366013072,0.704248366013072,0.7775054466230937,0.5986394557823129,0.4042260417272216,0
classification,chronic_180,clinical_threshold,MLP,1006,225,0.32,28.076,0.6781045751633987,0.6781045751633987,0.7799564270152506,0.567741935483871,0.34437674490331277,0
classification,chronic_180,clinical_threshold,MLP,1007,225,0.32,28.076,0.6801470588235294,0.6801470588235294,0.778050108932462,0.5655172413793104,0.3589929428744131,0
classification,chronic_180,clinical_threshold,MLP,1008,225,0.32,28.076,0.7487745098039216,0.7487745098039216,0.8041938997821351,0.6577181208053692,0.48918329518248105,0
classification,chronic_180,clinical_threshold,MLP,1009,225,0.32,28.076,0.7177287581699346,0.7177287581699346,0.7998366013071895,0.6164383561643836,0.43236787798331067,0
classification,chronic_180,clinical_threshold,MLP,1010,225,0.32,28.076,0.6633986928104576,0.6633986928104576,0.7494553376906319,0.54421768707483,0.32338083338177726,0
classification,chronic_180,clinical_threshold,MLP,1011,225,0.32,28.076,0.690359477124183,0.690359477124183,0.7941176470588236,0.5793103448275863,0.37934401673350676,0
classification,chronic_180,clinical_threshold,MLP,1012,225,0.32,28.076,0.6870915032679739,0.6870915032679739,0.7848583877995643,0.5753424657534246,0.37152812029335136,0
classification,chronic_180,clinical_threshold,MLP,1013,225,0.32,28.076,0.704248366013072,0.704248366013072,0.787763253449528,0.5986394557823129,0.4042260417272216,0
classification,chronic_180,clinical_threshold,MLP,1014,225,0.32,28.076,0.7361111111111112,0.7361111111111112,0.8212599854756718,0.6410256410256411,0.4554169441763129,0
classification,chronic_180,clinical_threshold,MLP,1015,225,0.32,28.076,0.6597222222222222,0.6597222222222222,0.7632534495279594,0.5379310344827586,0.31829079515622566,0
classification,chronic_180,clinical_threshold,MLP,1016,225,0.32,28.076,0.7009803921568627,0.7009803921568627,0.8032861292665214,0.5945945945945946,0.3964566603256013,0
classification,chronic_180,clinical_threshold,MLP,1017,225,0.32,28.076,0.690359477124183,0.690359477124183,0.7792302106027597,0.5793103448275863,0.37934401673350676,0
classification,chronic_180,clinical_threshold,MLP,1018,225,0.32,28.076,0.6895424836601307,0.6895424836601307,0.7890341321713871,0.5755395683453237,0.38670748794496423,0
classification,chronic_180,clinical_threshold,MLP,1019,225,0.32,28.076,0.639297385620915,0.639297385620915,0.7677923021060277,0.5103448275862069,0.27758864743803824,0
classification,aq_le90,target_defined,LogReg,1000,170,0.4235,24.433,0.6524943310657596,0.6524943310657596,0.7113095238095238,0.6027397260273972,0.3039565486397884,0
classification,aq_le90,target_defined,LogReg,1001,170,0.4235,24.433,0.633078231292517,0.633078231292517,0.6746031746031746,0.5652173913043478,0.2698532571789085,0
classification,aq_le90,target_defined,LogReg,1002,170,0.4235,24.433,0.6816893424036281,0.6816893424036281,0.731859410430839,0.6344827586206897,0.3627366498084001,0
classification,aq_le90,target_defined,LogReg,1003,170,0.4235,24.433,0.6469671201814059,0.6469671201814059,0.6850907029478458,0.5857142857142857,0.29646602045590054,0
classification,aq_le90,target_defined,LogReg,1004,170,0.4235,24.433,0.6933106575963719,0.6933106575963719,0.7039399092970521,0.6376811594202898,0.3919913128775625,0
classification,aq_le90,target_defined,LogReg,1005,170,0.4235,24.433,0.6867913832199546,0.6867913832199546,0.7015306122448981,0.6388888888888888,0.3735827664399093,0
classification,aq_le90,target_defined,LogReg,1006,170,0.4235,24.433,0.6298185941043084,0.6298185941043084,0.6714852607709749,0.5673758865248227,0.2612527983616063,0
classification,aq_le90,target_defined,LogReg,1007,170,0.4235,24.433,0.6678004535147393,0.6678004535147393,0.6775793650793651,0.6153846153846154,0.33624484924046966,0
classification,aq_le90,target_defined,LogReg,1008,170,0.4235,24.433,0.621031746031746,0.621031746031746,0.6639739229024944,0.5507246376811594,0.2454256460391777,0
classification,aq_le90,target_defined,LogReg,1009,170,0.4235,24.433,0.63718820861678,0.63718820861678,0.6974206349206349,0.5906040268456376,0.2723574316183926,0
classification,aq_le90,target_defined,LogReg,1010,170,0.4235,24.433,0.6626984126984128,0.6626984126984128,0.7151360544217688,0.6111111111111112,0.3253968253968254,0
classification,aq_le90,target_defined,LogReg,1011,170,0.4235,24.433,0.6437074829931972,0.6437074829931972,0.6747448979591837,0.5874125874125874,0.2879664502785779,0
classification,aq_le90,target_defined,LogReg,1012,170,0.4235,24.433,0.6918934240362812,0.6918934240362812,0.748015873015873,0.6433566433566433,0.38452324820236145,0
classification,aq_le90,target_defined,LogReg,1013,170,0.4235,24.433,0.6506519274376417,0.6506519274376417,0.7203798185941044,0.5972222222222222,0.30130385487528344,0
classification,aq_le90,target_defined,LogReg,1014,170,0.4235,24.433,0.6641156462585034,0.6641156462585034,0.7062074829931972,0.60431654676259,0.3318969453045269,0
classification,aq_le90,target_defined,LogReg,1015,170,0.4235,24.433,0.6386054421768708,0.6386054421768708,0.7140022675736962,0.5833333333333334,0.27721088435374147,0
classification,aq_le90,target_defined,LogReg,1016,170,0.4235,24.433,0.6678004535147393,0.6678004535147393,0.6894841269841269,0.6153846153846154,0.33624484924046966,0
classification,aq_le90,target_defined,LogReg,1017,170,0.4235,24.433,0.6608560090702948,0.6608560090702948,0.7114512471655329,0.6056338028169014,0.322996302760604,0
classification,aq_le90,target_defined,LogReg,1018,170,0.4235,24.433,0.6678004535147393,0.6678004535147393,0.7276077097505669,0.6153846153846154,0.33624484924046966,0
classification,aq_le90,target_defined,LogReg,1019,170,0.4235,24.433,0.6422902494331066,0.6422902494331066,0.6720521541950114,0.5945945945945946,0.2828223323675132,0
classification,aq_le90,target_defined,SVM_rbf,1000,170,0.4235,24.433,0.6909013605442177,0.6909013605442177,0.7057823129251701,0.6580645161290323,0.37741541368894005,0
classification,aq_le90,target_defined,SVM_rbf,1001,170,0.4235,24.433,0.6668083900226758,0.6668083900226758,0.7141439909297053,0.632258064516129,0.32978317885069225,0
classification,aq_le90,target_defined,SVM_rbf,1002,170,0.4235,24.433,0.6964285714285714,0.6964285714285714,0.7414965986394558,0.6708074534161491,0.3886658893356653,0
classification,aq_le90,target_defined,SVM_rbf,1003,170,0.4235,24.433,0.6635487528344671,0.6635487528344671,0.7238520408163265,0.6329113924050633,0.3232716722360735,0
classification,aq_le90,target_defined,SVM_rbf,1004,170,0.4235,24.433,0.6751700680272108,0.6751700680272108,0.729875283446712,0.6357615894039735,0.3470842754616126,0
classification,aq_le90,target_defined,SVM_rbf,1005,170,0.4235,24.433,0.6941609977324263,0.6941609977324263,0.7437641723356009,0.6578947368421053,0.38441916278792465,0
classification,aq_le90,target_defined,SVM_rbf,1006,170,0.4235,24.433,0.6857993197278911,0.6857993197278911,0.7392290249433107,0.6538461538461539,0.3672523070203573,0
classification,aq_le90,target_defined,SVM_rbf,1007,170,0.4235,24.433,0.6945861678004535,0.6945861678004535,0.7364654195011339,0.6666666666666666,0.38470034372302503,0
classification,aq_le90,target_defined,SVM_rbf,1008,170,0.4235,24.433,0.69968820861678,0.69968820861678,0.7502125850340136,0.6708860759493671,0.3947051873315664,0
classification,aq_le90,target_defined,SVM_rbf,1009,170,0.4235,24.433,0.653344671201814,0.653344671201814,0.6991213151927438,0.625,0.30327017935389766,0
classification,aq_le90,target_defined,SVM_rbf,1010,170,0.4235,24.433,0.6806972789115646,0.6806972789115646,0.7397959183673469,0.6496815286624203,0.35714285714285715,0
classification,aq_le90,target_defined,SVM_rbf,1011,170,0.4235,24.433,0.6770124716553287,0.6770124716553287,0.7069869614512471,0.6405228758169934,0.35024797675342423,0
classification,aq_le90,target_defined,SVM_rbf,1012,170,0.4235,24.433,0.6584467120181405,0.6584467120181405,0.7275368480725624,0.6289308176100629,0.3132519914656533,0
classification,aq_le90,target_defined,SVM_rbf,1013,170,0.4235,24.433,0.695578231292517,0.695578231292517,0.7695578231292517,0.6530612244897959,0.38925783395597496,0
classification,aq_le90,target_defined,SVM_rbf,1014,170,0.4235,24.433,0.6741780045351474,0.6741780045351474,0.6989087301587301,0.6503067484662577,0.3451185878174125,0
classification,aq_le90,target_defined,SVM_rbf,1015,170,0.4235,24.433,0.6602891156462585,0.6602891156462585,0.7062074829931972,0.6335403726708074,0.3171580958431728,0
classification,aq_le90,target_defined,SVM_rbf,1016,170,0.4235,24.433,0.6515022675736961,0.6515022675736961,0.691468253968254,0.620253164556962,0.2994605005375759,0
classification,aq_le90,target_defined,SVM_rbf,1017,170,0.4235,24.433,0.7066326530612245,0.7066326530612245,0.7404336734693877,0.6792452830188679,0.40851646114214896,0
classification,aq_le90,target_defined,SVM_rbf,1018,170,0.4235,24.433,0.6913265306122449,0.6913265306122449,0.7211592970521542,0.6666666666666666,0.37880720420707903,0
classification,aq_le90,target_defined,SVM_rbf,1019,170,0.4235,24.433,0.6737528344671202,0.6737528344671202,0.7575113378684807,0.6410256410256411,0.3434411353218597,0
classification,aq_le90,target_defined,RandomForest,1000,170,0.4235,24.433,0.7145691609977325,0.7145691609977325,0.7534013605442177,0.6756756756756757,0.4264870629526046,0
classification,aq_le90,target_defined,RandomForest,1001,170,0.4235,24.433,0.6780045351473923,0.6780045351473923,0.7446145124716553,0.624113475177305,0.3582243610722462,0
classification,aq_le90,target_defined,RandomForest,1002,170,0.4235,24.433,0.7200963718820862,0.7200963718820862,0.7769982993197279,0.6883116883116883,0.43528520197467935,0
classification,aq_le90,target_defined,RandomForest,1003,170,0.4235,24.433,0.6696428571428572,0.6696428571428572,0.7480867346938777,0.6206896551724138,0.3386862479100272,0
classification,aq_le90,target_defined,RandomForest,1004,170,0.4235,24.433,0.671485260770975,0.671485260770975,0.7452522675736961,0.6258503401360545,0.3413057819469056,0
classification,aq_le90,target_defined,RandomForest,1005,170,0.4235,24.433,0.6974206349206349,0.6974206349206349,0.7729591836734694,0.6577181208053692,0.39193584942605464,0
classification,aq_le90,target_defined,RandomForest,1006,170,0.4235,24.433,0.6802721088435374,0.6802721088435374,0.7551020408163265,0.64,0.35751692466348484,0
classification,aq_le90,target_defined,RandomForest,1007,170,0.4235,24.433,0.7303004535147393,0.7303004535147393,0.766014739229025,0.6973684210526315,0.4559716346937062,0
classification,aq_le90,target_defined,RandomForest,1008,170,0.4235,24.433,0.7335600907029478,0.7335600907029478,0.7870606575963719,0.697986577181208,0.4636829001106519,0
classification,aq_le90,target_defined,RandomForest,1009,170,0.4235,24.433,0.6543367346938775,0.6543367346938775,0.7397959183673469,0.6081081081081081,0.3067664541316951,0
classification,aq_le90,target_defined,RandomForest,1010,170,0.4235,24.433,0.7233560090702948,0.7233560090702948,0.7797619047619048,0.6887417218543046,0.44256053246561605,0
classification,aq_le90,target_defined,RandomForest,1011,170,0.4235,24.433,0.685374149659864,0.685374149659864,0.7462443310657596,0.6442953020134228,0.36802016586452224,0
classification,aq_le90,target_defined,RandomForest,1012,170,0.4235,24.433,0.6890589569160998,0.6890589569160998,0.7616921768707483,0.6535947712418301,0.3740839079175884,0
classification,aq_le90,target_defined,RandomForest,1013,170,0.4235,24.433,0.7284580498866213,0.7284580498866213,0.7913123582766439,0.6933333333333334,0.4530796246521522,0
classification,aq_le90,target_defined,RandomForest,1014,170,0.4235,24.433,0.6802721088435374,0.6802721088435374,0.7342687074829932,0.64,0.35751692466348484,0
classification,aq_le90,target_defined,RandomForest,1015,170,0.4235,24.433,0.6821145124716553,0.6821145124716553,0.7647392290249434,0.6447368421052632,0.36056833881933076,0
classification,aq_le90,target_defined,RandomForest,1016,170,0.4235,24.433,0.6821145124716553,0.6821145124716553,0.7401502267573695,0.6447368421052632,0.36056833881933076,0
classification,aq_le90,target_defined,RandomForest,1017,170,0.4235,24.433,0.7145691609977325,0.7145691609977325,0.7786281179138322,0.6756756756756757,0.4264870629526046,0
classification,aq_le90,target_defined,RandomForest,1018,170,0.4235,24.433,0.7441893424036281,0.7441893424036281,0.7838718820861678,0.7142857142857143,0.4829339362539424,0
classification,aq_le90,target_defined,RandomForest,1019,170,0.4235,24.433,0.7409297052154196,0.7409297052154196,0.7868480725623583,0.7133757961783439,0.47619047619047616,0
classification,aq_le90,target_defined,XGBoost,1000,170,0.4235,24.433,0.6524943310657596,0.6524943310657596,0.7320011337868481,0.6027397260273972,0.3039565486397884,0
classification,aq_le90,target_defined,XGBoost,1001,170,0.4235,24.433,0.6849489795918368,0.6849489795918368,0.7354024943310657,0.6338028169014085,0.37137460361461516,0
classification,aq_le90,target_defined,XGBoost,1002,170,0.4235,24.433,0.7080498866213152,0.7080498866213152,0.7616213151927438,0.6753246753246753,0.4114608348350478,0
classification,aq_le90,target_defined,XGBoost,1003,170,0.4235,24.433,0.6645408163265306,0.6645408163265306,0.7104591836734693,0.6164383561643836,0.32796798603233673,0
classification,aq_le90,target_defined,XGBoost,1004,170,0.4235,24.433,0.6529195011337868,0.6529195011337868,0.7131519274376418,0.6143790849673203,0.30257611442509585,0
classification,aq_le90,target_defined,XGBoost,1005,170,0.4235,24.433,0.6802721088435374,0.6802721088435374,0.7355442176870748,0.64,0.35751692466348484,0
classification,aq_le90,target_defined,XGBoost,1006,170,0.4235,24.433,0.6455498866213152,0.6455498866213152,0.7138605442176871,0.593103448275862,0.2905854441132815,0
classification,aq_le90,target_defined,XGBoost,1007,170,0.4235,24.433,0.6904761904761905,0.6904761904761905,0.7443310657596371,0.6486486486486487,0.3785988194242408,0
classification,aq_le90,target_defined,XGBoost,1008,170,0.4235,24.433,0.719671201814059,0.719671201814059,0.7704081632653063,0.6802721088435374,0.43720988596504434,0
classification,aq_le90,target_defined,XGBoost,1009,170,0.4235,24.433,0.6043083900226758,0.6043083900226758,0.728032879818594,0.547945205479452,0.20791079906959503,0
classification,aq_le90,target_defined,XGBoost,1010,170,0.4235,24.433,0.7113095238095238,0.7113095238095238,0.7563775510204082,0.6754966887417219,0.41869146821461517,0
classification,aq_le90,target_defined,XGBoost,1011,170,0.4235,24.433,0.6316609977324263,0.6316609977324263,0.7280328798185942,0.5734265734265734,0.26382725079763203,0
classification,aq_le90,target_defined,XGBoost,1012,170,0.4235,24.433,0.7043650793650793,0.7043650793650793,0.7405045351473923,0.6666666666666666,0.40529827465781854,0
classification,aq_le90,target_defined,XGBoost,1013,170,0.4235,24.433,0.7247732426303855,0.7247732426303855,0.7800453514739228,0.684931506849315,0.44802517299507844,0
classification,aq_le90,target_defined,XGBoost,1014,170,0.4235,24.433,0.6580215419501134,0.6580215419501134,0.7209467120181405,0.618421052631579,0.31286669088214303,0
classification,aq_le90,target_defined,XGBoost,1015,170,0.4235,24.433,0.661281179138322,0.661281179138322,0.7487244897959184,0.6174496644295302,0.3201887987414574,0
classification,aq_le90,target_defined,XGBoost,1016,170,0.4235,24.433,0.6682256235827664,0.6682256235827664,0.7274659863945578,0.6266666666666667,0.33362624966631804,0
classification,aq_le90,target_defined,XGBoost,1017,170,0.4235,24.433,0.6867913832199546,0.6867913832199546,0.7644557823129252,0.6388888888888888,0.3735827664399093,0
classification,aq_le90,target_defined,XGBoost,1018,170,0.4235,24.433,0.6747448979591837,0.6747448979591837,0.7419217687074829,0.625,0.3494897959183674,0
classification,aq_le90,target_defined,XGBoost,1019,170,0.4235,24.433,0.6802721088435374,0.6802721088435374,0.7366780045351474,0.64,0.35751692466348484,0
classification,aq_le90,target_defined,LightGBM,1000,170,0.4235,24.433,0.6094104308390023,0.6094104308390023,0.7193877551020409,0.5517241379310345,0.21843423841816292,0
classification,aq_le90,target_defined,LightGBM,1001,170,0.4235,24.433,0.6386054421768708,0.6386054421768708,0.7135770975056689,0.5833333333333334,0.27721088435374147,0
classification,aq_le90,target_defined,LightGBM,1002,170,0.4235,24.433,0.6524943310657596,0.6524943310657596,0.741921768707483,0.6027397260273972,0.3039565486397884,0
classification,aq_le90,target_defined,LightGBM,1003,170,0.4235,24.433,0.673327664399093,0.673327664399093,0.7057823129251701,0.6308724832214765,0.34410448230298984,0
classification,aq_le90,target_defined,LightGBM,1004,170,0.4235,24.433,0.6598639455782312,0.6598639455782312,0.7134353741496599,0.6233766233766234,0.31616336627652175,0
classification,aq_le90,target_defined,LightGBM,1005,170,0.4235,24.433,0.6857993197278911,0.6857993197278911,0.7202380952380952,0.6538461538461539,0.3672523070203573,0
classification,aq_le90,target_defined,LightGBM,1006,170,0.4235,24.433,0.6232993197278911,0.6232993197278911,0.7066326530612246,0.5714285714285714,0.24540167792876683,0
classification,aq_le90,target_defined,LightGBM,1007,170,0.4235,24.433,0.6473922902494331,0.6473922902494331,0.7159863945578231,0.5986394557823129,0.2933537299378362,0
classification,aq_le90,target_defined,LightGBM,1008,170,0.4235,24.433,0.7113095238095238,0.7113095238095238,0.7487244897959184,0.6754966887417219,0.41869146821461517,0
classification,aq_le90,target_defined,LightGBM,1009,170,0.4235,24.433,0.6214569160997732,0.6214569160997732,0.7081916099773242,0.5655172413793104,0.24248464031653577,0
classification,aq_le90,target_defined,LightGBM,1010,170,0.4235,24.433,0.6816893424036281,0.6816893424036281,0.7308673469387755,0.6344827586206897,0.3627366498084001,0
classification,aq_le90,target_defined,LightGBM,1011,170,0.4235,24.433,0.6214569160997732,0.6214569160997732,0.7117346938775511,0.5655172413793104,0.24248464031653577,0
classification,aq_le90,target_defined,LightGBM,1012,170,0.4235,24.433,0.7113095238095238,0.7113095238095238,0.7389455782312926,0.6754966887417219,0.41869146821461517,0
classification,aq_le90,target_defined,LightGBM,1013,170,0.4235,24.433,0.6904761904761905,0.6904761904761905,0.7619047619047619,0.6486486486486487,0.3785988194242408,0
classification,aq_le90,target_defined,LightGBM,1014,170,0.4235,24.433,0.6788548752834467,0.6788548752834467,0.7028061224489797,0.6451612903225806,0.3535992962698162,0
classification,aq_le90,target_defined,LightGBM,1015,170,0.4235,24.433,0.6626984126984128,0.6626984126984128,0.7191043083900227,0.6111111111111112,0.3253968253968254,0
classification,aq_le90,target_defined,LightGBM,1016,170,0.4235,24.433,0.6510770975056689,0.6510770975056689,0.7225056689342404,0.609271523178808,0.29934614695961087,0
classification,aq_le90,target_defined,LightGBM,1017,170,0.4235,24.433,0.6798469387755102,0.6798469387755102,0.7441893424036282,0.6293706293706294,0.36038404872141555,0
classification,aq_le90,target_defined,LightGBM,1018,170,0.4235,24.433,0.6816893424036281,0.6816893424036281,0.721938775510204,0.6344827586206897,0.3627366498084001,0
classification,aq_le90,target_defined,LightGBM,1019,170,0.4235,24.433,0.6649659863945578,0.6649659863945578,0.7113095238095238,0.6274509803921569,0.32641204558926,0
classification,aq_le90,target_defined,MLP,1000,170,0.4235,24.433,0.6298185941043084,0.6298185941043084,0.6857993197278911,0.5673758865248227,0.2612527983616063,0
classification,aq_le90,target_defined,MLP,1001,170,0.4235,24.433,0.6534863945578231,0.6534863945578231,0.7260487528344671,0.582089552238806,0.31511671739707464,0
classification,aq_le90,target_defined,MLP,1002,170,0.4235,24.433,0.6663832199546484,0.6663832199546484,0.7348356009070295,0.6216216216216216,0.330710575895877,0
classification,aq_le90,target_defined,MLP,1003,170,0.4235,24.433,0.5834750566893423,0.5834750566893423,0.659438775510204,0.5174825174825175,0.1672704528738485,0
classification,aq_le90,target_defined,MLP,1004,170,0.4235,24.433,0.6298185941043084,0.6298185941043084,0.7030895691609977,0.5673758865248227,0.2612527983616063,0
classification,aq_le90,target_defined,MLP,1005,170,0.4235,24.433,0.6437074829931972,0.6437074829931972,0.7086167800453514,0.5874125874125874,0.2879664502785779,0
classification,aq_le90,target_defined,MLP,1006,170,0.4235,24.433,0.6335034013605443,0.6335034013605443,0.6702097505668935,0.5793103448275863,0.26653504221490865,0
classification,aq_le90,target_defined,MLP,1007,170,0.4235,24.433,0.6765873015873016,0.6765873015873016,0.711734693877551,0.6301369863013698,0.3519794234248851,0
classification,aq_le90,target_defined,MLP,1008,170,0.4235,24.433,0.6302437641723355,0.6302437641723355,0.6829648526077098,0.581081081081081,0.2588782106033313,0
classification,aq_le90,target_defined,MLP,1009,170,0.4235,24.433,0.6265589569160998,0.6265589569160998,0.6845238095238095,0.5694444444444444,0.25311791383219956,0
classification,aq_le90,target_defined,MLP,1010,170,0.4235,24.433,0.6163548752834467,0.6163548752834467,0.6931689342403627,0.5616438356164384,0.23192223646214336,0
classification,aq_le90,target_defined,MLP,1011,170,0.4235,24.433,0.6349206349206349,0.6349206349206349,0.6814058956916099,0.5714285714285714,0.2721655269759087,0
classification,aq_le90,target_defined,MLP,1012,170,0.4235,24.433,0.6200396825396826,0.6200396825396826,0.7069160997732427,0.5733333333333334,0.23806354967765067,0
classification,aq_le90,target_defined,MLP,1013,170,0.4235,24.433,0.7123015873015872,0.7123015873015872,0.7318594104308389,0.6618705035971223,0.4293450985027472,0
classification,aq_le90,target_defined,MLP,1014,170,0.4235,24.433,0.6645408163265306,0.6645408163265306,0.7223639455782312,0.6164383561643836,0.32796798603233673,0
classification,aq_le90,target_defined,MLP,1015,170,0.4235,24.433,0.6214569160997732,0.6214569160997732,0.6720521541950113,0.5655172413793104,0.24248464031653577,0
classification,aq_le90,target_defined,MLP,1016,170,0.4235,24.433,0.6140873015873016,0.6140873015873016,0.6782879818594104,0.5401459854014599,0.23200388752304094,0
classification,aq_le90,target_defined,MLP,1017,170,0.4235,24.433,0.6678004535147393,0.6678004535147393,0.7098922902494332,0.6153846153846154,0.33624484924046966,0
classification,aq_le90,target_defined,MLP,1018,170,0.4235,24.433,0.6418650793650793,0.6418650793650793,0.6945861678004536,0.5815602836879432,0.28549568903926625,0
classification,aq_le90,target_defined,MLP,1019,170,0.4235,24.433,0.6232993197278911,0.6232993197278911,0.6771541950113378,0.5714285714285714,0.24540167792876683,0
classification,teghipco_idlist,exact_persons,LogReg,1000,172,0.314,28.542,0.689579409918393,0.689579409918393,0.7796610169491526,0.5740740740740741,0.37915881983678595,0
classification,teghipco_idlist,exact_persons,LogReg,1001,172,0.314,28.542,0.6903640929064658,0.6903640929064658,0.7493722536095418,0.5765765765765766,0.37537605426798193,0
classification,teghipco_idlist,exact_persons,LogReg,1002,172,0.314,28.542,0.6702762084118017,0.6702762084118017,0.7580037664783428,0.5436893203883495,0.35016380639207756,0
classification,teghipco_idlist,exact_persons,LogReg,1003,172,0.314,28.542,0.6861268047708726,0.6861268047708726,0.7771500313873194,0.5714285714285714,0.36543520073969077,0
classification,teghipco_idlist,exact_persons,LogReg,1004,172,0.314,28.542,0.7189265536723164,0.7189265536723164,0.7859384808537351,0.6153846153846154,0.42177690536451595,0
classification,teghipco_idlist,exact_persons,LogReg,1005,172,0.314,28.542,0.7004080351537979,0.7004080351537979,0.783427495291902,0.591304347826087,0.3888271682444119,0
classification,teghipco_idlist,exact_persons,LogReg,1006,172,0.314,28.542,0.6811048336472065,0.6811048336472065,0.7482736974262398,0.5636363636363636,0.35873595991207397,0
classification,teghipco_idlist,exact_persons,LogReg,1007,172,0.314,28.542,0.6903640929064658,0.6903640929064658,0.7688323917137477,0.5765765765765766,0.37537605426798193,0
classification,teghipco_idlist,exact_persons,LogReg,1008,172,0.314,28.542,0.6726302573760201,0.6726302573760201,0.7280288763339611,0.5535714285714286,0.3389365268243338,0
classification,teghipco_idlist,exact_persons,LogReg,1009,172,0.314,28.542,0.6726302573760201,0.6726302573760201,0.7360326428123039,0.5535714285714286,0.3389365268243338,0
classification,teghipco_idlist,exact_persons,LogReg,1010,172,0.314,28.542,0.7215944758317641,0.7215944758317641,0.7975517890772128,0.6181818181818182,0.4389386268594874,0
classification,teghipco_idlist,exact_persons,LogReg,1011,172,0.314,28.542,0.7258317639673573,0.7258317639673573,0.7785624607658508,0.6238532110091743,0.44944714954318643,0
classification,teghipco_idlist,exact_persons,LogReg,1012,172,0.314,28.542,0.6702762084118017,0.6702762084118017,0.783113622096673,0.5436893203883495,0.35016380639207756,0
classification,teghipco_idlist,exact_persons,LogReg,1013,172,0.314,28.542,0.7139045825486503,0.7139045825486503,0.7904896421845574,0.6086956521739131,0.4150128663407466,0
classification,teghipco_idlist,exact_persons,LogReg,1014,172,0.314,28.542,0.7038606403013183,0.7038606403013183,0.7801318267419962,0.5945945945945946,0.4019896904320763,0
classification,teghipco_idlist,exact_persons,LogReg,1015,172,0.314,28.542,0.689579409918393,0.689579409918393,0.7636534839924671,0.5740740740740741,0.37915881983678595,0
classification,teghipco_idlist,exact_persons,LogReg,1016,172,0.314,28.542,0.6930320150659134,0.6930320150659134,0.7697740112994349,0.5769230769230769,0.39457749018168914,0
classification,teghipco_idlist,exact_persons,LogReg,1017,172,0.314,28.542,0.6961707470182046,0.6961707470182046,0.7580037664783428,0.5862068965517241,0.3792363323326855,0
classification,teghipco_idlist,exact_persons,LogReg,1018,172,0.314,28.542,0.6702762084118017,0.6702762084118017,0.7401129943502824,0.5436893203883495,0.35016380639207756,0
classification,teghipco_idlist,exact_persons,LogReg,1019,172,0.314,28.542,0.6734149403640929,0.6734149403640929,0.7434086629001884,0.5565217391304348,0.33645577205174243,0
classification,teghipco_idlist,exact_persons,SVM_rbf,1000,172,0.314,28.542,0.7162586315128687,0.7162586315128687,0.7909604519774012,0.6129032258064516,0.4085942247047007,0
classification,teghipco_idlist,exact_persons,SVM_rbf,1001,172,0.314,28.542,0.725517890772128,0.725517890772128,0.8032015065913372,0.624,0.4251664814007971,0
classification,teghipco_idlist,exact_persons,SVM_rbf,1002,172,0.314,28.542,0.6842435655994978,0.6842435655994978,0.7841337099811676,0.5737704918032787,0.3497752559084481,0
classification,teghipco_idlist,exact_persons,SVM_rbf,1003,172,0.314,28.542,0.7085687382297552,0.7085687382297552,0.7919020715630884,0.6046511627906976,0.3903917166515641,0
classification,teghipco_idlist,exact_persons,SVM_rbf,1004,172,0.314,28.542,0.6731010671688638,0.6731010671688638,0.7914312617702448,0.5648854961832062,0.3231174846169922,0
classification,teghipco_idlist,exact_persons,SVM_rbf,1005,172,0.314,28.542,0.7305398618957941,0.7305398618957941,0.8134023854362837,0.6299212598425197,0.4329471454253208,0
classification,teghipco_idlist,exact_persons,SVM_rbf,1006,172,0.314,28.542,0.6900502197112367,0.6900502197112367,0.785624607658506,0.5826771653543307,0.35690877679378047,0
classification,teghipco_idlist,exact_persons,SVM_rbf,1007,172,0.314,28.542,0.7128060263653484,0.7128060263653484,0.8043000627746391,0.609375,0.39895407363373714,0
classification,teghipco_idlist,exact_persons,SVM_rbf,1008,172,0.314,28.542,0.6707470182046453,0.6707470182046453,0.7633396107972379,0.5573770491803278,0.32415287770731815,0
classification,teghipco_idlist,exact_persons,SVM_rbf,1009,172,0.314,28.542,0.7297551789077212,0.7297551789077212,0.7934714375392342,0.6290322580645161,0.4340942996862713,0
classification,teghipco_idlist,exact_persons,SVM_rbf,1010,172,0.314,28.542,0.7432517263025737,0.7432517263025737,0.8086942875078468,0.6451612903225806,0.4595943746678418,0
classification,teghipco_idlist,exact_persons,SVM_rbf,1011,172,0.314,28.542,0.7382297551789077,0.7382297551789077,0.8054770872567483,0.639344262295082,0.45226476871296784,0
classification,teghipco_idlist,exact_persons,SVM_rbf,1012,172,0.314,28.542,0.6869114877589454,0.6869114877589454,0.8075957313245449,0.5739130434782609,0.3626414701480772,0
classification,teghipco_idlist,exact_persons,SVM_rbf,1013,172,0.314,28.542,0.7448210922787194,0.7448210922787194,0.8083804143126178,0.6461538461538462,0.45758765335347096,0
classification,teghipco_idlist,exact_persons,SVM_rbf,1014,172,0.314,28.542,0.7339924670433144,0.7339924670433144,0.7919020715630886,0.6341463414634146,0.44312535232528777,0
classification,teghipco_idlist,exact_persons,SVM_rbf,1015,172,0.314,28.542,0.6792215944758317,0.6792215944758317,0.7812303829252981,0.5666666666666667,0.34208443623753465,0
classification,teghipco_idlist,exact_persons,SVM_rbf,1016,172,0.314,28.542,0.7112366603892029,0.7112366603892029,0.8024952919020716,0.6065573770491803,0.40102001231070794,0
classification,teghipco_idlist,exact_persons,SVM_rbf,1017,172,0.314,28.542,0.7228499686126805,0.7228499686126805,0.7782485875706214,0.6212121212121212,0.4154982781080456,0
classification,teghipco_idlist,exact_persons,SVM_rbf,1018,172,0.314,28.542,0.6607030759573131,0.6607030759573131,0.785624607658506,0.5423728813559322,0.30859593713973066,0
classification,teghipco_idlist,exact_persons,SVM_rbf,1019,172,0.314,28.542,0.6993094789704959,0.6993094789704959,0.7802887633396108,0.59375,0.3736516766333674,0
classification,teghipco_idlist,exact_persons,RandomForest,1000,172,0.314,28.542,0.7250470809792844,0.7250470809792844,0.8462806026365349,0.6226415094339622,0.4548298597956457,0
classification,teghipco_idlist,exact_persons,RandomForest,1001,172,0.314,28.542,0.7655367231638418,0.7655367231638418,0.8608757062146892,0.6792452830188679,0.5366611734827285,0
classification,teghipco_idlist,exact_persons,RandomForest,1002,172,0.314,28.542,0.7292843691148776,0.7292843691148776,0.8482423101067169,0.6285714285714286,0.46597707918481446,0
classification,teghipco_idlist,exact_persons,RandomForest,1003,172,0.314,28.542,0.7470182046453233,0.7470182046453233,0.8463590709353421,0.6538461538461539,0.5049308695495761,0
classification,teghipco_idlist,exact_persons,RandomForest,1004,172,0.314,28.542,0.7393283113622097,0.7393283113622097,0.8472222222222222,0.6422018348623854,0.47630778530462775,0
classification,teghipco_idlist,exact_persons,RandomForest,1005,172,0.314,28.542,0.7790332705586943,0.7790332705586943,0.8634651600753296,0.6981132075471698,0.5639382780450893,0
classification,teghipco_idlist,exact_persons,RandomForest,1006,172,0.314,28.542,0.7520401757689894,0.7520401757689894,0.8430634023854363,0.660377358490566,0.5093840689203676,0
classification,teghipco_idlist,exact_persons,RandomForest,1007,172,0.314,28.542,0.7335216572504708,0.7335216572504708,0.8527150031387319,0.6346153846153846,0.4773425247076044,0
classification,teghipco_idlist,exact_persons,RandomForest,1008,172,0.314,28.542,0.7150031387319523,0.7150031387319523,0.834353421217828,0.6078431372549019,0.44491927205318693,0
classification,teghipco_idlist,exact_persons,RandomForest,1009,172,0.314,28.542,0.7435655994978029,0.7435655994978029,0.8531073446327684,0.6481481481481481,0.48713119899560575,0
classification,teghipco_idlist,exact_persons,RandomForest,1010,172,0.314,28.542,0.7385436283741369,0.7385436283741369,0.8536566227244193,0.6415094339622641,0.48210696435800665,0
classification,teghipco_idlist,exact_persons,RandomForest,1011,172,0.314,28.542,0.710765850596359,0.710765850596359,0.8519303201506591,0.6019417475728155,0.4334285640410693,0
classification,teghipco_idlist,exact_persons,RandomForest,1012,172,0.314,28.542,0.7419962335216572,0.7419962335216572,0.8506748273697425,0.6470588235294118,0.50077775000439,0
classification,teghipco_idlist,exact_persons,RandomForest,1013,172,0.314,28.542,0.7022912743251726,0.7022912743251726,0.8494978028876334,0.5904761904761905,0.411118723524453,0
classification,teghipco_idlist,exact_persons,RandomForest,1014,172,0.314,28.542,0.7435655994978029,0.7435655994978029,0.8400031387319523,0.6481481481481481,0.48713119899560575,0
classification,teghipco_idlist,exact_persons,RandomForest,1015,172,0.314,28.542,0.7562774639045826,0.7562774639045826,0.8489485247959825,0.6666666666666666,0.5208354348451759,0
classification,teghipco_idlist,exact_persons,RandomForest,1016,172,0.314,28.542,0.7470182046453233,0.7470182046453233,0.8555398618957941,0.6538461538461539,0.5049308695495761,0
classification,teghipco_idlist,exact_persons,RandomForest,1017,172,0.314,28.542,0.7250470809792844,0.7250470809792844,0.8401600753295668,0.6226415094339622,0.4548298597956457,0
classification,teghipco_idlist,exact_persons,RandomForest,1018,172,0.314,28.542,0.7292843691148776,0.7292843691148776,0.8368644067796611,0.6285714285714286,0.46597707918481446,0
classification,teghipco_idlist,exact_persons,RandomForest,1019,172,0.314,28.542,0.7300690521029505,0.7300690521029505,0.8440050219711237,0.6296296296296297,0.4601381042059008,0
classification,teghipco_idlist,exact_persons,XGBoost,1000,172,0.314,28.542,0.7671060891399875,0.7671060891399875,0.8378844946641557,0.6785714285714286,0.5244272442318328,0
classification,teghipco_idlist,exact_persons,XGBoost,1001,172,0.314,28.542,0.769774011299435,0.769774011299435,0.8724105461393596,0.6857142857142857,0.5482646126753566,0
classification,teghipco_idlist,exact_persons,XGBoost,1002,172,0.314,28.542,0.7435655994978029,0.7435655994978029,0.852165725047081,0.6481481481481481,0.48713119899560575,0
classification,teghipco_idlist,exact_persons,XGBoost,1003,172,0.314,28.542,0.7385436283741369,0.7385436283741369,0.8611111111111113,0.6415094339622641,0.48210696435800665,0
classification,teghipco_idlist,exact_persons,XGBoost,1004,172,0.314,28.542,0.7385436283741369,0.7385436283741369,0.858286252354049,0.6415094339622641,0.48210696435800665,0
classification,teghipco_idlist,exact_persons,XGBoost,1005,172,0.314,28.542,0.7747959824231011,0.7747959824231011,0.8727244193345888,0.6915887850467289,0.5524167553448771,0
classification,teghipco_idlist,exact_persons,XGBoost,1006,172,0.314,28.542,0.7266164469554299,0.7266164469554299,0.8424356559949779,0.625,0.44493122248576183,0
classification,teghipco_idlist,exact_persons,XGBoost,1007,172,0.314,28.542,0.7200251098556183,0.7200251098556183,0.8441619585687382,0.6153846153846154,0.44975417986563265,0
classification,teghipco_idlist,exact_persons,XGBoost,1008,172,0.314,28.542,0.7485875706214689,0.7485875706214689,0.8553044569993722,0.6545454545454545,0.49240707149109636,0
classification,teghipco_idlist,exact_persons,XGBoost,1009,172,0.314,28.542,0.7478028876333961,0.7478028876333961,0.8565599497802887,0.6542056074766355,0.4981530877724506,0
classification,teghipco_idlist,exact_persons,XGBoost,1010,172,0.314,28.542,0.7485875706214689,0.7485875706214689,0.8675455116133082,0.6545454545454545,0.49240707149109636,0
classification,teghipco_idlist,exact_persons,XGBoost,1011,172,0.314,28.542,0.7427809165097301,0.7427809165097301,0.8520087884494665,0.6476190476190476,0.4934062570149952,0
classification,teghipco_idlist,exact_persons,XGBoost,1012,172,0.314,28.542,0.7335216572504708,0.7335216572504708,0.8617388575015694,0.6346153846153846,0.4773425247076044,0
classification,teghipco_idlist,exact_persons,XGBoost,1013,172,0.314,28.542,0.753609541745135,0.753609541745135,0.8520087884494665,0.6607142857142857,0.4979285703164758,0
classification,teghipco_idlist,exact_persons,XGBoost,1014,172,0.314,28.542,0.7343063402385437,0.7343063402385437,0.8499686126804771,0.6355140186915887,0.47102125398623734,0
classification,teghipco_idlist,exact_persons,XGBoost,1015,172,0.314,28.542,0.7612994350282486,0.7612994350282486,0.8524795982423101,0.6728971962616822,0.5252849215586639,0
classification,teghipco_idlist,exact_persons,XGBoost,1016,172,0.314,28.542,0.7790332705586943,0.7790332705586943,0.8645637162586315,0.6981132075471698,0.5639382780450893,0
classification,teghipco_idlist,exact_persons,XGBoost,1017,172,0.314,28.542,0.7671060891399875,0.7671060891399875,0.8498116760828625,0.6785714285714286,0.5244272442318328,0
classification,teghipco_idlist,exact_persons,XGBoost,1018,172,0.314,28.542,0.7478028876333961,0.7478028876333961,0.8364720652856246,0.6542056074766355,0.4981530877724506,0
classification,teghipco_idlist,exact_persons,XGBoost,1019,172,0.314,28.542,0.7266164469554299,0.7266164469554299,0.8527934714375393,0.625,0.44493122248576183,0
classification,teghipco_idlist,exact_persons,LightGBM,1000,172,0.314,28.542,0.7763653483992468,0.7763653483992468,0.8480853735091023,0.6902654867256637,0.5403637917803807,0
classification,teghipco_idlist,exact_persons,LightGBM,1001,172,0.314,28.542,0.7790332705586943,0.7790332705586943,0.8736660389202762,0.6981132075471698,0.5639382780450893,0
classification,teghipco_idlist,exact_persons,LightGBM,1002,172,0.314,28.542,0.7123352165725048,0.7123352165725048,0.8380414312617703,0.6055045871559633,0.4225865137817451,0
classification,teghipco_idlist,exact_persons,LightGBM,1003,172,0.314,28.542,0.7335216572504708,0.7335216572504708,0.8564030131826742,0.6346153846153846,0.4773425247076044,0
classification,teghipco_idlist,exact_persons,LightGBM,1004,172,0.314,28.542,0.7705586942875079,0.7705586942875079,0.8647206528562461,0.6851851851851852,0.5411173885750157,0
classification,teghipco_idlist,exact_persons,LightGBM,1005,172,0.314,28.542,0.7427809165097301,0.7427809165097301,0.8609541745134965,0.6476190476190476,0.4934062570149952,0
classification,teghipco_idlist,exact_persons,LightGBM,1006,172,0.314,28.542,0.7300690521029505,0.7300690521029505,0.8331763967357186,0.6296296296296297,0.4601381042059008,0
classification,teghipco_idlist,exact_persons,LightGBM,1007,172,0.314,28.542,0.7350910232266165,0.7350910232266165,0.8502824858757062,0.6363636363636364,0.4656728491752919,0
classification,teghipco_idlist,exact_persons,LightGBM,1008,172,0.314,28.542,0.7427809165097301,0.7427809165097301,0.8441619585687382,0.6476190476190476,0.4934062570149952,0
classification,teghipco_idlist,exact_persons,LightGBM,1009,172,0.314,28.542,0.7740112994350282,0.7740112994350282,0.8556183301946014,0.6923076923076923,0.5601075592335196,0
classification,teghipco_idlist,exact_persons,LightGBM,1010,172,0.314,28.542,0.7427809165097301,0.7427809165097301,0.8493408662900188,0.6476190476190476,0.4934062570149952,0
classification,teghipco_idlist,exact_persons,LightGBM,1011,172,0.314,28.542,0.7554927809165097,0.7554927809165097,0.853578154425612,0.6666666666666666,0.5287069889799915,0
classification,teghipco_idlist,exact_persons,LightGBM,1012,172,0.314,28.542,0.7242623979912115,0.7242623979912115,0.8487131198995606,0.6213592233009708,0.4611834832573999,0
classification,teghipco_idlist,exact_persons,LightGBM,1013,172,0.314,28.542,0.763653483992467,0.763653483992467,0.8430634023854362,0.6724137931034483,0.5096936306551293,0
classification,teghipco_idlist,exact_persons,LightGBM,1014,172,0.314,28.542,0.7292843691148776,0.7292843691148776,0.8590709353421218,0.6285714285714286,0.46597707918481446,0
classification,teghipco_idlist,exact_persons,LightGBM,1015,172,0.314,28.542,0.7470182046453233,0.7470182046453233,0.8482423101067168,0.6538461538461539,0.5049308695495761,0
classification,teghipco_idlist,exact_persons,LightGBM,1016,172,0.314,28.542,0.7427809165097301,0.7427809165097301,0.8425925925925926,0.6476190476190476,0.4934062570149952,0
classification,teghipco_idlist,exact_persons,LightGBM,1017,172,0.314,28.542,0.7401129943502824,0.7401129943502824,0.8105775266792216,0.6428571428571429,0.4714298964011188,0
classification,teghipco_idlist,exact_persons,LightGBM,1018,172,0.314,28.542,0.7385436283741369,0.7385436283741369,0.8322347771500315,0.6415094339622641,0.48210696435800665,0
classification,teghipco_idlist,exact_persons,LightGBM,1019,172,0.314,28.542,0.7385436283741369,0.7385436283741369,0.8469868173258004,0.6415094339622641,0.48210696435800665,0
classification,teghipco_idlist,exact_persons,MLP,1000,172,0.314,28.542,0.7215944758317641,0.7215944758317641,0.7914312617702448,0.6181818181818182,0.4389386268594874,0
classification,teghipco_idlist,exact_persons,MLP,1001,172,0.314,28.542,0.716572504708098,0.716572504708098,0.7765222849968613,0.6111111111111112,0.4331450094161959,0
classification,teghipco_idlist,exact_persons,MLP,1002,172,0.314,28.542,0.679535467671061,0.679535467671061,0.7898618957940992,0.5576923076923077,0.3669891453397173,0
classification,teghipco_idlist,exact_persons,MLP,1003,172,0.314,28.542,0.6475204017576899,0.6475204017576899,0.7693032015065914,0.5098039215686274,0.3052730771751794,0
classification,teghipco_idlist,exact_persons,MLP,1004,172,0.314,28.542,0.7308537350910232,0.7308537350910232,0.8008474576271186,0.6306306306306306,0.45521696276026496,0
classification,teghipco_idlist,exact_persons,MLP,1005,172,0.314,28.542,0.7570621468926553,0.7570621468926553,0.8159133709981167,0.6666666666666666,0.5141242937853108,0
classification,teghipco_idlist,exact_persons,MLP,1006,172,0.314,28.542,0.6660389202762085,0.6660389202762085,0.7576898932831135,0.5384615384615384,0.33940080049774557,0
classification,teghipco_idlist,exact_persons,MLP,1007,172,0.314,28.542,0.7663214061519146,0.7663214061519146,0.817639673571877,0.6788990825688074,0.5300290568275103,0
classification,teghipco_idlist,exact_persons,MLP,1008,172,0.314,28.542,0.6818895166352794,0.6818895166352794,0.7702448210922788,0.5663716814159292,0.3556397698316078,0
classification,teghipco_idlist,exact_persons,MLP,1009,172,0.314,28.542,0.667608286252354,0.667608286252354,0.7620841180163214,0.5454545454545454,0.3320017375962695,0
classification,teghipco_idlist,exact_persons,MLP,1010,172,0.314,28.542,0.6752981795354678,0.6752981795354678,0.78954802259887,0.5523809523809524,0.35626036786409154,0
classification,teghipco_idlist,exact_persons,MLP,1011,172,0.314,28.542,0.7208097928436912,0.7208097928436912,0.7920590081607031,0.616822429906542,0.4438894202000241,0
classification,teghipco_idlist,exact_persons,MLP,1012,172,0.314,28.542,0.6980539861895794,0.6980539861895794,0.8123038292529817,0.5849056603773585,0.40027565067092397,0
classification,teghipco_idlist,exact_persons,MLP,1013,172,0.314,28.542,0.7250470809792844,0.7250470809792844,0.8058694287507846,0.6226415094339622,0.4548298597956457,0
classification,teghipco_idlist,exact_persons,MLP,1014,172,0.314,28.542,0.7393283113622097,0.7393283113622097,0.7973948524795983,0.6422018348623854,0.47630778530462775,0
classification,teghipco_idlist,exact_persons,MLP,1015,172,0.314,28.542,0.684557438794727,0.684557438794727,0.79676710608914,0.5660377358490566,0.37299854610856303,0
classification,teghipco_idlist,exact_persons,MLP,1016,172,0.314,28.542,0.7115505335844319,0.7115505335844319,0.7729127432517262,0.6037735849056604,0.42755275523328484,0
classification,teghipco_idlist,exact_persons,MLP,1017,172,0.314,28.542,0.7401129943502824,0.7401129943502824,0.7721280602636535,0.6428571428571429,0.4714298964011188,0
classification,teghipco_idlist,exact_persons,MLP,1018,172,0.314,28.542,0.6618016321406152,0.6618016321406152,0.768675455116133,0.5333333333333333,0.3288311900339108,0
classification,teghipco_idlist,exact_persons,MLP,1019,172,0.314,28.542,0.7173571876961707,0.7173571876961707,0.7842121782799749,0.6126126126126126,0.4286033265961706,0
