task,subset,category,model,seed,n,severe_prior,target_sd,score,r,mae,rmse,r2,smote_skips
regression,full,baseline,Ridge,1000,226,0.3186,28.083,0.6448014332722962,0.6448014332722962,17.652962039701656,22.83137866300378,0.33611758523986834,0
regression,full,baseline,Ridge,1001,226,0.3186,28.083,0.5276949263005805,0.5276949263005805,20.33620738267947,28.162471011156146,-0.010109385605003851,0
regression,full,baseline,Ridge,1002,226,0.3186,28.083,0.6093756462512244,0.6093756462512244,18.33396544065236,23.922084716536716,0.2711721842742021,0
regression,full,baseline,Ridge,1003,226,0.3186,28.083,0.6437797414592646,0.6437797414592646,17.60229373554638,22.559702518571534,0.3518229824116842,0
regression,full,baseline,Ridge,1004,226,0.3186,28.083,0.5814588841966909,0.5814588841966909,19.0321700222504,25.017193038072904,0.20291607549344925,0
regression,full,baseline,Ridge,1005,226,0.3186,28.083,0.5802063354002146,0.5802063354002146,19.509765757106255,24.680939842289323,0.22419910193574266,0
regression,full,baseline,Ridge,1006,226,0.3186,28.083,0.6006998931449068,0.6006998931449068,18.358682628422546,24.28243323135814,0.24904952290164328,0
regression,full,baseline,Ridge,1007,226,0.3186,28.083,0.5521834168746013,0.5521834168746013,19.47250846838767,26.479826250191532,0.10698829105076069,0
regression,full,baseline,Ridge,1008,226,0.3186,28.083,0.5772783420172393,0.5772783420172393,18.773534577029093,24.980636383660123,0.20524386917355697,0
regression,full,baseline,Ridge,1009,226,0.3186,28.083,0.5829842173735253,0.5829842173735253,19.361624665603546,25.231877758571134,0.1891770457958346,0
regression,full,baseline,Ridge,1010,226,0.3186,28.083,0.6217929755442,0.6217929755442,18.309776664445366,23.38993376629515,0.3032373294024646,0
regression,full,baseline,Ridge,1011,226,0.3186,28.083,0.5972377766123531,0.5972377766123531,18.601102822169036,24.349674341565574,0.24488481202149393,0
regression,full,baseline,Ridge,1012,226,0.3186,28.083,0.5646553338654715,0.5646553338654715,19.708485756473866,25.949180888663324,0.14242088088107951,0
regression,full,baseline,Ridge,1013,226,0.3186,28.083,0.5608136205088574,0.5608136205088574,19.038507899522504,25.552500121388583,0.16843981133321662,0
regression,full,baseline,Ridge,1014,226,0.3186,28.083,0.5945815954605864,0.5945815954605864,18.957390477510792,24.89462003653745,0.2107076469568333,0
regression,full,baseline,Ridge,1015,226,0.3186,28.083,0.5540934903491176,0.5540934903491176,19.443532684791997,25.56581636543845,0.1675728790424038,0
regression,full,baseline,Ridge,1016,226,0.3186,28.083,0.6253988369317058,0.6253988369317058,19.169586096305682,24.69726903488631,0.22317220481786337,0
regression,full,baseline,Ridge,1017,226,0.3186,28.083,0.6260743389051177,0.6260743389051177,18.23866386038709,23.253298397626143,0.3113540138352121,0
regression,full,baseline,Ridge,1018,226,0.3186,28.083,0.5314789025075596,0.5314789025075596,19.889236401456557,27.211696964223087,0.05694256605228243,0
regression,full,baseline,Ridge,1019,226,0.3186,28.083,0.641397959364692,0.641397959364692,18.163491874703947,22.960110680142677,0.3286100352202834,0
regression,full,baseline,ElasticNet,1000,226,0.3186,28.083,0.6832301121019438,0.6832301121019438,16.696669493292067,20.461286915721875,0.46679675775125584,0
regression,full,baseline,ElasticNet,1001,226,0.3186,28.083,0.6737006673055367,0.6737006673055367,16.984147563321155,20.709794670452073,0.4537663167895054,0
regression,full,baseline,ElasticNet,1002,226,0.3186,28.083,0.6642909163801518,0.6642909163801518,17.0728210197728,20.94826797519638,0.4411141260671393,0
regression,full,baseline,ElasticNet,1003,226,0.3186,28.083,0.6772271152844179,0.6772271152844179,16.870733709517324,20.61726686272564,0.4586363698210484,0
regression,full,baseline,ElasticNet,1004,226,0.3186,28.083,0.6795536264535575,0.6795536264535575,16.611334202881373,20.557958662399667,0.46174649323980743,0
regression,full,baseline,ElasticNet,1005,226,0.3186,28.083,0.6818064377332098,0.6818064377332098,16.72535303494768,20.499538336346884,0.4648012971467872,0
regression,full,baseline,ElasticNet,1006,226,0.3186,28.083,0.6699883304633161,0.6699883304633161,17.098003924277705,20.802709282438034,0.44885396072280326,0
regression,full,baseline,ElasticNet,1007,226,0.3186,28.083,0.6527089924842155,0.6527089924842155,17.307084919239234,21.296335609845574,0.42238740369030114,0
regression,full,baseline,ElasticNet,1008,226,0.3186,28.083,0.6720085359624242,0.6720085359624242,16.984969586714655,20.75141499930643,0.4515685866336725,0
regression,full,baseline,ElasticNet,1009,226,0.3186,28.083,0.6610624395638942,0.6610624395638942,17.237776742798978,21.036241913023268,0.43641009684690124,0
regression,full,baseline,ElasticNet,1010,226,0.3186,28.083,0.67677025315498,0.67677025315498,16.804106160177067,20.62920790843673,0.45800909755194175,0
regression,full,baseline,ElasticNet,1011,226,0.3186,28.083,0.677251752798567,0.677251752798567,16.77084878029489,20.620236682555404,0.4584803968446792,0
regression,full,baseline,ElasticNet,1012,226,0.3186,28.083,0.6617515596823236,0.6617515596823236,17.027834094206032,21.03009610434498,0.43673935810602016,0
regression,full,baseline,ElasticNet,1013,226,0.3186,28.083,0.6609812910894536,0.6609812910894536,16.977809712045413,21.03736048067489,0.43635015931645693,0
regression,full,baseline,ElasticNet,1014,226,0.3186,28.083,0.660221069406948,0.660221069406948,17.111383888673615,21.052971806441132,0.43551330659695386,0
regression,full,baseline,ElasticNet,1015,226,0.3186,28.083,0.6905588664947597,0.6905588664947597,16.48491691298734,20.28008300176026,0.47619897091423413,0
regression,full,baseline,ElasticNet,1016,226,0.3186,28.083,0.6717473910243636,0.6717473910243636,16.887839310458013,20.7801471323649,0.45004883357322334,0
regression,full,baseline,ElasticNet,1017,226,0.3186,28.083,0.6737831967075328,0.6737831967075328,16.874945238599114,20.70736161030861,0.45389465619178593,0
regression,full,baseline,ElasticNet,1018,226,0.3186,28.083,0.6441013501721832,0.6441013501721832,17.41190587688259,21.470409152684663,0.41290614810035253,0
regression,full,baseline,ElasticNet,1019,226,0.3186,28.083,0.6895778635161862,0.6895778635161862,16.51158294770375,20.295518397516965,0.47540132595375584,0
regression,full,baseline,SVR_rbf,1000,226,0.3186,28.083,0.623560464983889,0.623560464983889,20.18009173361489,24.263421067455376,0.2502249903010334,0
regression,full,baseline,SVR_rbf,1001,226,0.3186,28.083,0.626922070790357,0.626922070790357,20.201999251427807,24.346297937349966,0.24509421090725492,0
regression,full,baseline,SVR_rbf,1002,226,0.3186,28.083,0.6347624489814163,0.6347624489814163,20.119997518449665,24.206571011958292,0.2537343730168765,0
regression,full,baseline,SVR_rbf,1003,226,0.3186,28.083,0.6326697420695157,0.6326697420695157,20.13035494412143,24.231473627789956,0.25219813516012035,0
regression,full,baseline,SVR_rbf,1004,226,0.3186,28.083,0.6270431545034203,0.6270431545034203,20.195023003304637,24.23970384095596,0.25169006750836365,0
regression,full,baseline,SVR_rbf,1005,226,0.3186,28.083,0.6337550203864182,0.6337550203864182,20.120298133091573,24.175395579485482,0.2556553532461442,0
regression,full,baseline,SVR_rbf,1006,226,0.3186,28.083,0.6085466777205727,0.6085466777205727,20.338642019104103,24.380198219214464,0.24299045483116954,0
regression,full,baseline,SVR_rbf,1007,226,0.3186,28.083,0.6103731963570707,0.6103731963570707,20.331070437364794,24.327265142113923,0.24627404952102505,0
regression,full,baseline,SVR_rbf,1008,226,0.3186,28.083,0.6236745209758753,0.6236745209758753,20.263334010028117,24.305153152931574,0.2476436079657114,0
regression,full,baseline,SVR_rbf,1009,226,0.3186,28.083,0.6171069804732425,0.6171069804732425,20.26426061617463,24.34531353801507,0.24515525622388246,0
regression,full,baseline,SVR_rbf,1010,226,0.3186,28.083,0.6253055003886344,0.6253055003886344,20.196758050682934,24.253229914225226,0.25085470094936346,0
regression,full,baseline,SVR_rbf,1011,226,0.3186,28.083,0.6128806809944616,0.6128806809944616,20.284745583679147,24.353859720127133,0.2446252016058833,0
regression,full,baseline,SVR_rbf,1012,226,0.3186,28.083,0.6262136874613697,0.6262136874613697,20.210790084112283,24.316355314982964,0.24694993116447284,0
regression,full,baseline,SVR_rbf,1013,226,0.3186,28.083,0.6283905454775595,0.6283905454775595,20.141299506885513,24.26473465317235,0.250143804684109,0
regression,full,baseline,SVR_rbf,1014,226,0.3186,28.083,0.6307878485938959,0.6307878485938959,20.11627671235104,24.227899962985155,0.25241869096978553,0
regression,full,baseline,SVR_rbf,1015,226,0.3186,28.083,0.6384042975222093,0.6384042975222093,20.09689579975338,24.20858661679909,0.2536100894714254,0
regression,full,baseline,SVR_rbf,1016,226,0.3186,28.083,0.6171692469350812,0.6171692469350812,20.300853553922718,24.309750013924567,0.2473589930297344,0
regression,full,baseline,SVR_rbf,1017,226,0.3186,28.083,0.6248474198505627,0.6248474198505627,20.177929955352013,24.243845153766514,0.25143435066806985,0
regression,full,baseline,SVR_rbf,1018,226,0.3186,28.083,0.6297962922763194,0.6297962922763194,20.14449583005568,24.25516787085111,0.2507349751145177,0
regression,full,baseline,SVR_rbf,1019,226,0.3186,28.083,0.6320493961567908,0.6320493961567908,20.145426700685988,24.30814591250737,0.24745831718341027,0
regression,full,baseline,RandomForest,1000,226,0.3186,28.083,0.7148372799433178,0.7148372799433178,15.541652566371702,19.597128881705995,0.5108840913081625,0
regression,full,baseline,RandomForest,1001,226,0.3186,28.083,0.7062805158386268,0.7062805158386268,15.639992920353993,19.846099079791458,0.49837727689417555,0
regression,full,baseline,RandomForest,1002,226,0.3186,28.083,0.7004490333595852,0.7004490333595852,15.709214690265485,19.999564121898572,0.49058942984235465,0
regression,full,baseline,RandomForest,1003,226,0.3186,28.083,0.728795964495666,0.728795964495666,15.186081946902654,19.19046949506331,0.530972733454525,0
regression,full,baseline,RandomForest,1004,226,0.3186,28.083,0.7134693859325513,0.7134693859325513,15.329476283185855,19.634534722135747,0.5090151182861288,0
regression,full,baseline,RandomForest,1005,226,0.3186,28.083,0.7070993290670161,0.7070993290670161,15.584980000000007,19.816432210374145,0.4998758538113275,0
regression,full,baseline,RandomForest,1006,226,0.3186,28.083,0.7144965710189521,0.7144965710189521,15.57116814159294,19.607937914658205,0.5103443869438249,0
regression,full,baseline,RandomForest,1007,226,0.3186,28.083,0.7051044747475244,0.7051044747475244,15.718016106194698,19.894617304911698,0.49592162112453175,0
regression,full,baseline,RandomForest,1008,226,0.3186,28.083,0.7194503180577237,0.7194503180577237,15.435285309734518,19.463185764813872,0.5175472940733898,0
regression,full,baseline,RandomForest,1009,226,0.3186,28.083,0.7227536158776878,0.7227536158776878,15.217935929203545,19.36641341931479,0.5223329455364856,0
regression,full,baseline,RandomForest,1010,226,0.3186,28.083,0.7144590191869755,0.7144590191869755,15.42124867256638,19.6058969906352,0.5104463148363505,0
regression,full,baseline,RandomForest,1011,226,0.3186,28.083,0.7108555771070628,0.7108555771070628,15.483700176991157,19.70940186168956,0.5052636960975313,0
regression,full,baseline,RandomForest,1012,226,0.3186,28.083,0.694310153725068,0.694310153725068,15.82497150442479,20.195210152451633,0.48057404766707745,0
regression,full,baseline,RandomForest,1013,226,0.3186,28.083,0.7111665584468276,0.7111665584468276,15.736053805309746,19.700692974295468,0.5057008124424229,0
regression,full,baseline,RandomForest,1014,226,0.3186,28.083,0.716296952554137,0.716296952554137,15.517132743362847,19.555996180214926,0.5129351616577082,0
regression,full,baseline,RandomForest,1015,226,0.3186,28.083,0.7148817864838509,0.7148817864838509,15.439061592920355,19.599962904953156,0.5107426148608936,0
regression,full,baseline,RandomForest,1016,226,0.3186,28.083,0.7051393514963439,0.7051393514963439,15.559675929203543,19.872184950703502,0.4970577364406509,0
regression,full,baseline,RandomForest,1017,226,0.3186,28.083,0.7155130674746116,0.7155130674746116,15.41484442477877,19.579718403601003,0.5117527858086142,0
regression,full,baseline,RandomForest,1018,226,0.3186,28.083,0.6981619978092564,0.6981619978092564,15.80367557522125,20.062492335555323,0.48737868692423014,0
regression,full,baseline,RandomForest,1019,226,0.3186,28.083,0.7331390110156751,0.7331390110156751,14.89546088495576,19.062269215832192,0.5372183942837221,0
regression,full,baseline,XGBoost,1000,226,0.3186,28.083,0.6826376417615804,0.6826376417615804,15.929983251791086,20.60612981308503,0.45922108022287245,0
regression,full,baseline,XGBoost,1001,226,0.3186,28.083,0.6814111322992868,0.6814111322992868,16.10410706984258,20.734031849807362,0.4524870273499644,0
regression,full,baseline,XGBoost,1002,226,0.3186,28.083,0.6804525078260277,0.6804525078260277,16.411419236849895,20.638698083487604,0.4575103123653661,0
regression,full,baseline,XGBoost,1003,226,0.3186,28.083,0.711438519548218,0.711438519548218,15.501344687200225,19.78131720379329,0.5016467379503208,0
regression,full,baseline,XGBoost,1004,226,0.3186,28.083,0.6892107077511482,0.6892107077511482,15.509390109914593,20.476509707660007,0.466003077330691,0
regression,full,baseline,XGBoost,1005,226,0.3186,28.083,0.7007860899583643,0.7007860899583643,15.577924429294281,20.12883278146813,0.483982922120868,0
regression,full,baseline,XGBoost,1006,226,0.3186,28.083,0.7036535356127084,0.7036535356127084,15.877732404860774,20.042337586118805,0.48840812676808065,0
regression,full,baseline,XGBoost,1007,226,0.3186,28.083,0.6828210894359652,0.6828210894359652,16.295448422727333,20.708989344173435,0.4538087979240031,0
regression,full,baseline,XGBoost,1008,226,0.3186,28.083,0.6866091752859006,0.6866091752859006,15.994109312074377,20.546260327408834,0.46235889629029603,0
regression,full,baseline,XGBoost,1009,226,0.3186,28.083,0.7077019088389986,0.7077019088389986,15.410678096872514,19.911365309994373,0.495072561236511,0
regression,full,baseline,XGBoost,1010,226,0.3186,28.083,0.6969379463731062,0.6969379463731062,15.743516442290447,20.208953154096854,0.4798668601154693,0
regression,full,baseline,XGBoost,1011,226,0.3186,28.083,0.7061413137197425,0.7061413137197425,15.309573747077875,19.92853302358564,0.49420148218030824,0
regression,full,baseline,XGBoost,1012,226,0.3186,28.083,0.6776793121681004,0.6776793121681004,16.08473972354315,20.84379942403865,0.4466745296994793,0
regression,full,baseline,XGBoost,1013,226,0.3186,28.083,0.712534694604511,0.712534694604511,15.60089887737173,19.75885891486815,0.502777684695866,0
regression,full,baseline,XGBoost,1014,226,0.3186,28.083,0.673300451575469,0.673300451575469,16.312717305748862,20.897422027136734,0.44382390569840713,0
regression,full,baseline,XGBoost,1015,226,0.3186,28.083,0.7031161867441106,0.7031161867441106,15.48061674134921,20.030873217399872,0.48899322822230895,0
regression,full,baseline,XGBoost,1016,226,0.3186,28.083,0.6872022761476818,0.6872022761476818,16.007958663332776,20.53182564502096,0.46311406558458634,0
regression,full,baseline,XGBoost,1017,226,0.3186,28.083,0.7097146327490285,0.7097146327490285,15.590012179518167,19.892961778901466,0.4960055111670145,0
regression,full,baseline,XGBoost,1018,226,0.3186,28.083,0.6669949342203504,0.6669949342203504,16.529214693255128,21.115323609601997,0.4321647167646051,0
regression,full,baseline,XGBoost,1019,226,0.3186,28.083,0.7191228321593035,0.7191228321593035,15.212099333231427,19.581717663600436,0.5116530721211241,0
regression,full,baseline,LightGBM,1000,226,0.3186,28.083,0.6741305234485753,0.6741305234485753,16.173855103466327,20.89247154558484,0.4440873844534001,0
regression,full,baseline,LightGBM,1001,226,0.3186,28.083,0.6681598045640692,0.6681598045640692,16.392653301928668,21.25580121709522,0.4245841096893035,0
regression,full,baseline,LightGBM,1002,226,0.3186,28.083,0.6833009036472739,0.6833009036472739,16.111253661633143,20.581608722719793,0.46050735755437966,0
regression,full,baseline,LightGBM,1003,226,0.3186,28.083,0.707898734288175,0.707898734288175,15.390981446489436,19.95155389349944,0.4930322393434301,0
regression,full,baseline,LightGBM,1004,226,0.3186,28.083,0.667884154678995,0.667884154678995,16.20695443570145,21.169616147627114,0.4292408824991696,0
regression,full,baseline,LightGBM,1005,226,0.3186,28.083,0.6967691800685178,0.6967691800685178,15.84525652445832,20.377177487114743,0.4711713842285882,0
regression,full,baseline,LightGBM,1006,226,0.3186,28.083,0.6935114437893647,0.6935114437893647,16.15408828036014,20.358113325775133,0.4721604277829169,0
regression,full,baseline,LightGBM,1007,226,0.3186,28.083,0.6666079702150363,0.6666079702150363,16.50325542425131,21.28254912358972,0.42313501311053325,0
regression,full,baseline,LightGBM,1008,226,0.3186,28.083,0.6777520389596241,0.6777520389596241,16.341345730454506,20.782402775249135,0.4499294349227855,0
regression,full,baseline,LightGBM,1009,226,0.3186,28.083,0.6868957397572879,0.6868957397572879,15.815314274895897,20.727936160563555,0.4528089115222095,0
regression,full,baseline,LightGBM,1010,226,0.3186,28.083,0.658034677557748,0.658034677557748,16.83283867347705,21.33814088988819,0.42011743972609816,0
regression,full,baseline,LightGBM,1011,226,0.3186,28.083,0.7013111059991406,0.7013111059991406,15.601954821341462,20.064849222848814,0.48725823712104155,0
regression,full,baseline,LightGBM,1012,226,0.3186,28.083,0.6877934835510354,0.6877934835510354,16.032089818544442,20.601781348195548,0.4594492948410426,0
regression,full,baseline,LightGBM,1013,226,0.3186,28.083,0.6883051296478728,0.6883051296478728,16.04525442300976,20.570488568180473,0.4610901711677797,0
regression,full,baseline,LightGBM,1014,226,0.3186,28.083,0.6611182168600672,0.6611182168600672,16.73911119994673,21.35473697378734,0.4192150628792398,0
regression,full,baseline,LightGBM,1015,226,0.3186,28.083,0.6829260292980311,0.6829260292980311,15.998573070887895,20.755237608455747,0.4513665153984694,0
regression,full,baseline,LightGBM,1016,226,0.3186,28.083,0.6837144732044644,0.6837144732044644,16.004560906657144,20.75550263290423,0.45135250426376383,0
regression,full,baseline,LightGBM,1017,226,0.3186,28.083,0.6918925340121048,0.6918925340121048,16.085736476370528,20.584965588905256,0.46033136039878186,0
regression,full,baseline,LightGBM,1018,226,0.3186,28.083,0.6524295286235081,0.6524295286235081,16.82129081376878,21.551950487585636,0.4084382944960685,0
regression,full,baseline,LightGBM,1019,226,0.3186,28.083,0.7019444852616717,0.7019444852616717,15.356324966506726,20.104292125279198,0.4852403897899674,0
regression,full,baseline,MLP,1000,226,0.3186,28.083,0.5279424015994117,0.5279424015994117,21.757350387434364,29.047434236233975,-0.07458913536845313,0
regression,full,baseline,MLP,1001,226,0.3186,28.083,0.4126034650738863,0.4126034650738863,22.48231787899585,36.394476080238626,-0.6869330027174141,0
regression,full,baseline,MLP,1002,226,0.3186,28.083,0.5190118569831904,0.5190118569831904,21.656375717998518,28.588478556105798,-0.040899926243546325,0
regression,full,baseline,MLP,1003,226,0.3186,28.083,0.5308243827379947,0.5308243827379947,21.19258972715459,28.550608417354812,-0.03814406667117831,0
regression,full,baseline,MLP,1004,226,0.3186,28.083,0.4618860055453499,0.4618860055453499,22.93865004579316,32.50541164206335,-0.34566894973860895,0
regression,full,baseline,MLP,1005,226,0.3186,28.083,0.5328692479727084,0.5328692479727084,20.114940292911303,27.35301637318805,0.047121908182957806,0
regression,full,baseline,MLP,1006,226,0.3186,28.083,0.5407892289919193,0.5407892289919193,21.086337062495627,28.590606733562744,-0.04105490491483743,0
regression,full,baseline,MLP,1007,226,0.3186,28.083,0.511408370140677,0.511408370140677,21.72079967232208,30.013518027185764,-0.1472569553390286,0
regression,full,baseline,MLP,1008,226,0.3186,28.083,0.47426695673776187,0.47426695673776187,21.51655839319097,29.163690306272745,-0.08320796940583253,0
regression,full,baseline,MLP,1009,226,0.3186,28.083,0.5481804366517967,0.5481804366517967,20.160629405101766,27.973391124869902,0.003408619945923008,0
regression,full,baseline,MLP,1010,226,0.3186,28.083,0.5125934432630048,0.5125934432630048,20.377801118218436,28.132162384005717,-0.007936383477826991,0
regression,full,baseline,MLP,1011,226,0.3186,28.083,0.5028498801895975,0.5028498801895975,21.73558334321525,29.85831681867184,-0.13542260130008077,0
regression,full,baseline,MLP,1012,226,0.3186,28.083,0.563987163167377,0.563987163167377,19.944681458870612,26.075285704746076,0.13406550099703407,0
regression,full,baseline,MLP,1013,226,0.3186,28.083,0.543344579462481,0.543344579462481,19.367675922817956,26.52101154773655,0.10420824600068179,0
regression,full,baseline,MLP,1014,226,0.3186,28.083,0.49393344416827384,0.49393344416827384,21.45631154390727,28.68468723004733,-0.0479175860194081,0
regression,full,baseline,MLP,1015,226,0.3186,28.083,0.46453779955733454,0.46453779955733454,22.761727934969095,32.953807599265104,-0.38305068008209275,0
regression,full,baseline,MLP,1016,226,0.3186,28.083,0.47308062949148205,0.47308062949148205,22.62252041632594,33.860333374179476,-0.46018993449261436,0
regression,full,baseline,MLP,1017,226,0.3186,28.083,0.4932168534769585,0.4932168534769585,23.30156552541422,32.04467565085422,-0.30779192442126324,0
regression,full,baseline,MLP,1018,226,0.3186,28.083,0.3520714107446811,0.3520714107446811,22.669221492310562,35.52624020255808,-0.6074052659863223,0
regression,full,baseline,MLP,1019,226,0.3186,28.083,0.5216477589837911,0.5216477589837911,22.157331972173786,30.10537111566553,-0.15428980934351855,0
regression,has_dwi,availability,Ridge,1000,214,0.3224,28.286,0.5874109890278398,0.5874109890278398,18.94561747738313,25.700749342836772,0.17057929898135538,0
regression,has_dwi,availability,Ridge,1001,214,0.3224,28.286,0.5414153555672856,0.5414153555672856,19.21557852967587,27.74433632622,0.033432964781859864,0
regression,has_dwi,availability,Ridge,1002,214,0.3224,28.286,0.6024626227382419,0.6024626227382419,18.95884824013283,24.236678556058102,0.2623853999391619,0
regression,has_dwi,availability,Ridge,1003,214,0.3224,28.286,0.6113450779775073,0.6113450779775073,19.191631720789093,24.975933527235675,0.2167024680219407,0
regression,has_dwi,availability,Ridge,1004,214,0.3224,28.286,0.5237574636265994,0.5237574636265994,20.190501748274073,28.01973655430839,0.014148744658137646,0
regression,has_dwi,availability,Ridge,1005,214,0.3224,28.286,0.6263399665850669,0.6263399665850669,18.766320468704418,24.608026622650133,0.2396091637301836,0
regression,has_dwi,availability,Ridge,1006,214,0.3224,28.286,0.5765217420597869,0.5765217420597869,19.546629178725535,26.25341515693989,0.1345242354543439,0
regression,has_dwi,availability,Ridge,1007,214,0.3224,28.286,0.6227283638464961,0.6227283638464961,19.01619976522415,24.466248720588112,0.24834582985721465,0
regression,has_dwi,availability,Ridge,1008,214,0.3224,28.286,0.5692901455850689,0.5692901455850689,19.059899001719923,26.223604946335023,0.13648857929063563,0
regression,has_dwi,availability,Ridge,1009,214,0.3224,28.286,0.6324495112009655,0.6324495112009655,18.15221264400954,23.599552032156044,0.3006560584002622,0
regression,has_dwi,availability,Ridge,1010,214,0.3224,28.286,0.6356582648518035,0.6356582648518035,18.627463424785788,23.722315997844092,0.29336121307811314,0
regression,has_dwi,availability,Ridge,1011,214,0.3224,28.286,0.66433095587504,0.66433095587504,17.70033840214221,22.62285839603904,0.35734446447309265,0
regression,has_dwi,availability,Ridge,1012,214,0.3224,28.286,0.5557364422869562,0.5557364422869562,19.767822948886806,26.451702218079696,0.12140131611767058,0
regression,has_dwi,availability,Ridge,1013,214,0.3224,28.286,0.5729532086797848,0.5729532086797848,19.56334979370347,25.3383635919364,0.19380439557542384,0
regression,has_dwi,availability,Ridge,1014,214,0.3224,28.286,0.6338119295811869,0.6338119295811869,18.723604137461816,23.832895811899107,0.28675797016214577,0
regression,has_dwi,availability,Ridge,1015,214,0.3224,28.286,0.5664014993592742,0.5664014993592742,20.006465063163233,27.391617443501925,0.0578530345399052,0
regression,has_dwi,availability,Ridge,1016,214,0.3224,28.286,0.6240972362576882,0.6240972362576882,18.36994134890201,23.661149018860822,0.2970005909157639,0
regression,has_dwi,availability,Ridge,1017,214,0.3224,28.286,0.5625497517162185,0.5625497517162185,20.576204776345094,26.17125771010077,0.1399326000612937,0
regression,has_dwi,availability,Ridge,1018,214,0.3224,28.286,0.5984695234712581,0.5984695234712581,18.113114947491308,25.16992339978072,0.20448735714625887,0
regression,has_dwi,availability,Ridge,1019,214,0.3224,28.286,0.6063337274735227,0.6063337274735227,18.70537245818822,24.536819481152314,0.24400341442329831,0
regression,has_dwi,availability,ElasticNet,1000,214,0.3224,28.286,0.6524590617029328,0.6524590617029328,17.300459514587562,21.424317104936026,0.4236354329342493,0
regression,has_dwi,availability,ElasticNet,1001,214,0.3224,28.286,0.6685300157366352,0.6685300157366352,16.81638563027069,21.02148241400619,0.44510606751687565,0
regression,has_dwi,availability,ElasticNet,1002,214,0.3224,28.286,0.6650925162244617,0.6650925162244617,17.251629302648485,21.07511610429205,0.442270970116896,0
regression,has_dwi,availability,ElasticNet,1003,214,0.3224,28.286,0.6727230016431623,0.6727230016431623,16.854696357330063,20.880672253483496,0.45251496605959773,0
regression,has_dwi,availability,ElasticNet,1004,214,0.3224,28.286,0.6520061051035899,0.6520061051035899,17.26981218739189,21.432871769685352,0.42317505979764836,0
regression,has_dwi,availability,ElasticNet,1005,214,0.3224,28.286,0.6909816949082837,0.6909816949082837,16.442870230018247,20.400194792144386,0.4774210317435724,0
regression,has_dwi,availability,ElasticNet,1006,214,0.3224,28.286,0.6640516914938475,0.6640516914938475,17.0267286321842,21.195314531888126,0.43589099834610234,0
regression,has_dwi,availability,ElasticNet,1007,214,0.3224,28.286,0.6954008566735126,0.6954008566735126,16.552236276092557,20.28804782628624,0.48315083564967365,0
regression,has_dwi,availability,ElasticNet,1008,214,0.3224,28.286,0.6859000635358683,0.6859000635358683,16.868042646403364,20.53730228218664,0.4703730338557691,0
regression,has_dwi,availability,ElasticNet,1009,214,0.3224,28.286,0.667386926068228,0.667386926068228,16.836740322403866,21.023737790166642,0.44498699297606825,0
regression,has_dwi,availability,ElasticNet,1010,214,0.3224,28.286,0.6980257424262752,0.6980257424262752,16.516771954111398,20.21706174762602,0.48676132689115337,0
regression,has_dwi,availability,ElasticNet,1011,214,0.3224,28.286,0.6948096403615446,0.6948096403615446,16.624021029930017,20.30325546390508,0.48237569939643943,0
regression,has_dwi,availability,ElasticNet,1012,214,0.3224,28.286,0.6699708068620137,0.6699708068620137,17.07742651519694,20.954742455590385,0.4486238793700402,0
regression,has_dwi,availability,ElasticNet,1013,214,0.3224,28.286,0.6872787829902306,0.6872787829902306,16.713900911593296,20.51535247579803,0.47150453562989325,0
regression,has_dwi,availability,ElasticNet,1014,214,0.3224,28.286,0.6953220073634574,0.6953220073634574,16.514711959109977,20.28758869443795,0.4831742286571229,0
regression,has_dwi,availability,ElasticNet,1015,214,0.3224,28.286,0.6768073976673863,0.6768073976673863,16.644367049119193,20.787731634735838,0.4573778703604384,0
regression,has_dwi,availability,ElasticNet,1016,214,0.3224,28.286,0.676046678184274,0.676046678184274,17.016289551560217,20.79786564346802,0.4568486853717828,0
regression,has_dwi,availability,ElasticNet,1017,214,0.3224,28.286,0.6744199755294841,0.6744199755294841,17.16288219781798,20.83898390990011,0.4546988957796487,0
regression,has_dwi,availability,ElasticNet,1018,214,0.3224,28.286,0.6825719440846875,0.6825719440846875,16.814594652135472,20.6334893350764,0.4654003696356994,0
regression,has_dwi,availability,ElasticNet,1019,214,0.3224,28.286,0.6826910005248435,0.6826910005248435,16.732372422148888,20.638435287437666,0.46514404641631424,0
regression,has_dwi,availability,SVR_rbf,1000,214,0.3224,28.286,0.6058993773858058,0.6058993773858058,20.494205592563628,24.6621586603577,0.23626011189369744,0
regression,has_dwi,availability,SVR_rbf,1001,214,0.3224,28.286,0.6248874705721832,0.6248874705721832,20.42835888853494,24.688763207528677,0.23461143922108008,0
regression,has_dwi,availability,SVR_rbf,1002,214,0.3224,28.286,0.6412252328098594,0.6412252328098594,20.314477220681574,24.503534683495435,0.2460530791041603,0
regression,has_dwi,availability,SVR_rbf,1003,214,0.3224,28.286,0.6301242821713616,0.6301242821713616,20.404971206088565,24.53859910151058,0.24389374774828376,0
regression,has_dwi,availability,SVR_rbf,1004,214,0.3224,28.286,0.6325523222785184,0.6325523222785184,20.345887291787044,24.51601638731975,0.24528478676786147,0
regression,has_dwi,availability,SVR_rbf,1005,214,0.3224,28.286,0.6272784891168709,0.6272784891168709,20.341973952482306,24.512084322426357,0.24552686126849266,0
regression,has_dwi,availability,SVR_rbf,1006,214,0.3224,28.286,0.6248011777724263,0.6248011777724263,20.38631138841149,24.54534799436407,0.24347778416469823,0
regression,has_dwi,availability,SVR_rbf,1007,214,0.3224,28.286,0.6380160271864423,0.6380160271864423,20.35798094123521,24.602458303259017,0.23995324820766595,0
regression,has_dwi,availability,SVR_rbf,1008,214,0.3224,28.286,0.635860316432438,0.635860316432438,20.260408261794847,24.458426776837904,0.24882636587022988,0
regression,has_dwi,availability,SVR_rbf,1009,214,0.3224,28.286,0.6277365436881182,0.6277365436881182,20.401502528314957,24.514046289859145,0.24540607913116674,0
regression,has_dwi,availability,SVR_rbf,1010,214,0.3224,28.286,0.6187951018660286,0.6187951018660286,20.47036476057456,24.635167738951832,0.23793091154265955,0
regression,has_dwi,availability,SVR_rbf,1011,214,0.3224,28.286,0.6367068340546289,0.6367068340546289,20.312757570506424,24.53107572695312,0.24435731117286263,0
regression,has_dwi,availability,SVR_rbf,1012,214,0.3224,28.286,0.6203453967865452,0.6203453967865452,20.53998553349752,24.6999150765949,0.23391983383926207,0
regression,has_dwi,availability,SVR_rbf,1013,214,0.3224,28.286,0.6262285194314755,0.6262285194314755,20.371424373877847,24.555391092612567,0.2428585726281478,0
regression,has_dwi,availability,SVR_rbf,1014,214,0.3224,28.286,0.6226342682797781,0.6226342682797781,20.429888443716152,24.576409917685133,0.2415618281166455,0
regression,has_dwi,availability,SVR_rbf,1015,214,0.3224,28.286,0.6434631975707791,0.6434631975707791,20.34825995465284,24.560043309116125,0.24257165237484468,0
regression,has_dwi,availability,SVR_rbf,1016,214,0.3224,28.286,0.6230226477829048,0.6230226477829048,20.41834850394422,24.608464367113896,0.2395821107816053,0
regression,has_dwi,availability,SVR_rbf,1017,214,0.3224,28.286,0.6340645085946394,0.6340645085946394,20.410691861520416,24.55798894400436,0.24269835974859932,0
regression,has_dwi,availability,SVR_rbf,1018,214,0.3224,28.286,0.6199166735350996,0.6199166735350996,20.41115651612452,24.68166254645091,0.23505163812282548,0
regression,has_dwi,availability,SVR_rbf,1019,214,0.3224,28.286,0.6396499132790624,0.6396499132790624,20.2757967402646,24.58717702127062,0.24089712800632856,0
regression,has_dwi,availability,RandomForest,1000,214,0.3224,28.286,0.7050666695423955,0.7050666695423955,15.512930093457951,20.028605642322468,0.49628517901885094,0
regression,has_dwi,availability,RandomForest,1001,214,0.3224,28.286,0.7248989228085858,0.7248989228085858,15.195611028037394,19.446578704352106,0.5251354934551951,0
regression,has_dwi,availability,RandomForest,1002,214,0.3224,28.286,0.7030688867985454,0.7030688867985454,15.660975700934594,20.07452396122439,0.4939728611028361,0
regression,has_dwi,availability,RandomForest,1003,214,0.3224,28.286,0.7077084388444655,0.7077084388444655,15.69549439252337,19.94004435394331,0.5007299225236499,0
regression,has_dwi,availability,RandomForest,1004,214,0.3224,28.286,0.7066997362074557,0.7066997362074557,15.630004672897208,19.970173136358316,0.4992200197811437,0
regression,has_dwi,availability,RandomForest,1005,214,0.3224,28.286,0.7229598635841096,0.7229598635841096,15.19879495327104,19.4970235344175,0.5226686812838063,0
regression,has_dwi,availability,RandomForest,1006,214,0.3224,28.286,0.7261231051877665,0.7261231051877665,15.167328037383196,19.40751121022722,0.5270415491863951,0
regression,has_dwi,availability,RandomForest,1007,214,0.3224,28.286,0.7163357424802202,0.7163357424802202,15.570152149532719,19.69366860746344,0.5129914905342001,0
regression,has_dwi,availability,RandomForest,1008,214,0.3224,28.286,0.718360538224832,0.718360538224832,15.347096261682253,19.632340249230865,0.5160199691390317,0
regression,has_dwi,availability,RandomForest,1009,214,0.3224,28.286,0.7134778785802278,0.7134778785802278,15.519251028037395,19.777603983165122,0.5088313359761031,0
regression,has_dwi,availability,RandomForest,1010,214,0.3224,28.286,0.7075449691619856,0.7075449691619856,15.552496635514023,19.947769120443883,0.5003430134725393,0
regression,has_dwi,availability,RandomForest,1011,214,0.3224,28.286,0.7195421362507184,0.7195421362507184,15.513530467289733,19.597661195640427,0.5177282876995035,0
regression,has_dwi,availability,RandomForest,1012,214,0.3224,28.286,0.7153297935654692,0.7153297935654692,15.484202242990671,19.723392309286808,0.5115202948813339,0
regression,has_dwi,availability,RandomForest,1013,214,0.3224,28.286,0.7156403807424081,0.7156403807424081,15.719624112149544,19.720931220908547,0.5116421924435366,0
regression,has_dwi,availability,RandomForest,1014,214,0.3224,28.286,0.7150860974312465,0.7150860974312465,15.445593271028049,19.72812732305671,0.5112857271425978,0
regression,has_dwi,availability,RandomForest,1015,214,0.3224,28.286,0.7274727147939692,0.7274727147939692,15.019793644859822,19.36449914974625,0.5291356224232973,0
regression,has_dwi,availability,RandomForest,1016,214,0.3224,28.286,0.7188575146419987,0.7188575146419987,15.39060448598132,19.62349869371732,0.5164557982543783,0
regression,has_dwi,availability,RandomForest,1017,214,0.3224,28.286,0.7098824556666965,0.7098824556666965,15.674665794392526,19.87667438092583,0.5038982662271108,0
regression,has_dwi,availability,RandomForest,1018,214,0.3224,28.286,0.7151745886400724,0.7151745886400724,15.645772710280376,19.728994346659626,0.5112427695811617,0
regression,has_dwi,availability,RandomForest,1019,214,0.3224,28.286,0.718555313297021,0.718555313297021,15.403458691588797,19.631657420104695,0.5160536350097585,0
regression,has_dwi,availability,XGBoost,1000,214,0.3224,28.286,0.6784379729500778,0.6784379729500778,16.01962820445266,20.946713634895143,0.44904631853224997,0
regression,has_dwi,availability,XGBoost,1001,214,0.3224,28.286,0.7047222854992979,0.7047222854992979,15.534520774556098,20.21723661714339,0.4867524482332818,0
regression,has_dwi,availability,XGBoost,1002,214,0.3224,28.286,0.6863798988908573,0.6863798988908573,16.00738913241948,20.73357838035897,0.4602013125938208,0
regression,has_dwi,availability,XGBoost,1003,214,0.3224,28.286,0.6992465206925893,0.6992465206925893,15.75882112610006,20.318366174755866,0.4816049282468038,0
regression,has_dwi,availability,XGBoost,1004,214,0.3224,28.286,0.6847909365360362,0.6847909365360362,16.280265313977395,20.736614764904274,0.4600431964810603,0
regression,has_dwi,availability,XGBoost,1005,214,0.3224,28.286,0.7084561141585034,0.7084561141585034,15.416728317046836,20.05333077298411,0.4950407486857431,0
regression,has_dwi,availability,XGBoost,1006,214,0.3224,28.286,0.719563557117813,0.719563557117813,15.14854078168067,19.70069206029654,0.5126440599669931,0
regression,has_dwi,availability,XGBoost,1007,214,0.3224,28.286,0.7171674891914974,0.7171674891914974,15.322449541181047,19.78891947587453,0.5082691439778586,0
regression,has_dwi,availability,XGBoost,1008,214,0.3224,28.286,0.701218789483999,0.701218789483999,15.49719590124683,20.28085522170626,0.48351724179461664,0
regression,has_dwi,availability,XGBoost,1009,214,0.3224,28.286,0.686850608799765,0.686850608799765,16.056513743177753,20.72891444640024,0.46044413630930303,0
regression,has_dwi,availability,XGBoost,1010,214,0.3224,28.286,0.6659667503909306,0.6659667503909306,16.271976030296255,21.255575992196956,0.4326787452578468,0
regression,has_dwi,availability,XGBoost,1011,214,0.3224,28.286,0.7111923979637563,0.7111923979637563,15.537486972630582,19.896059747434,0.5029301159772154,0
regression,has_dwi,availability,XGBoost,1012,214,0.3224,28.286,0.671276194437006,0.671276194437006,16.45727108714737,21.00812069010887,0.4458112492935208,0
regression,has_dwi,availability,XGBoost,1013,214,0.3224,28.286,0.6949143221364222,0.6949143221364222,15.964260975311852,20.38675099334405,0.47810956748368005,0
regression,has_dwi,availability,XGBoost,1014,214,0.3224,28.286,0.6895209374431978,0.6895209374431978,16.012400331764578,20.545303597760597,0.46996026903018895,0
regression,has_dwi,availability,XGBoost,1015,214,0.3224,28.286,0.714472431340889,0.714472431340889,15.204613203066533,19.835322020604163,0.5059603453355497,0
regression,has_dwi,availability,XGBoost,1016,214,0.3224,28.286,0.7067926952091852,0.7067926952091852,15.811901630508567,20.021031457932725,0.4966660849693396,0
regression,has_dwi,availability,XGBoost,1017,214,0.3224,28.286,0.6805792562262573,0.6805792562262573,16.083081672882365,20.92744091214583,0.45005969875402285,0
regression,has_dwi,availability,XGBoost,1018,214,0.3224,28.286,0.7100589077272548,0.7100589077272548,15.468059487743915,20.006193828502795,0.49741185221379636,0
regression,has_dwi,availability,XGBoost,1019,214,0.3224,28.286,0.7078972051597943,0.7078972051597943,15.468927639756249,20.05492665442424,0.4949603742908816,0
regression,has_dwi,availability,LightGBM,1000,214,0.3224,28.286,0.6752091803082021,0.6752091803082021,16.13535969346378,21.11354184306949,0.4402353289040044,0
regression,has_dwi,availability,LightGBM,1001,214,0.3224,28.286,0.6783582116271071,0.6783582116271071,16.215775055443704,21.149164806829948,0.43834485513889543,0
regression,has_dwi,availability,LightGBM,1002,214,0.3224,28.286,0.6647893931413521,0.6647893931413521,16.079593104382308,21.37202288695045,0.426445674159345,0
regression,has_dwi,availability,LightGBM,1003,214,0.3224,28.286,0.6597527819094184,0.6597527819094184,16.95727114724676,21.538345854615763,0.4174838220988064,0
regression,has_dwi,availability,LightGBM,1004,214,0.3224,28.286,0.6893015553536042,0.6893015553536042,16.255390995275583,20.620737210001387,0.46606096315887857,0
regression,has_dwi,availability,LightGBM,1005,214,0.3224,28.286,0.7167665742150877,0.7167665742150877,15.25254702985615,19.81199773425024,0.5071215412429124,0
regression,has_dwi,availability,LightGBM,1006,214,0.3224,28.286,0.6900605782589373,0.6900605782589373,15.51730612638054,20.689029237360888,0.4625184942790257,0
regression,has_dwi,availability,LightGBM,1007,214,0.3224,28.286,0.6823876217624614,0.6823876217624614,16.07788754612657,20.84132875736825,0.45457617195998035,0
regression,has_dwi,availability,LightGBM,1008,214,0.3224,28.286,0.6835351455617005,0.6835351455617005,15.880773267224571,20.850728914829595,0.4540840511197938,0
regression,has_dwi,availability,LightGBM,1009,214,0.3224,28.286,0.6833308386174158,0.6833308386174158,16.13607439091579,20.83349400487079,0.45498617052949075,0
regression,has_dwi,availability,LightGBM,1010,214,0.3224,28.286,0.6649224195976825,0.6649224195976825,16.770544278853325,21.346615531730652,0.42780856213471774,0
regression,has_dwi,availability,LightGBM,1011,214,0.3224,28.286,0.6696604084610442,0.6696604084610442,16.61553153106131,21.191867464001515,0.4360744694523251,0
regression,has_dwi,availability,LightGBM,1012,214,0.3224,28.286,0.6561331495910447,0.6561331495910447,16.562545140910906,21.55368555939792,0.41665378545102094,0
regression,has_dwi,availability,LightGBM,1013,214,0.3224,28.286,0.6692739039390364,0.6692739039390364,16.56744905773043,21.24794742568048,0.4330858921922198,0
regression,has_dwi,availability,LightGBM,1014,214,0.3224,28.286,0.6525057607752696,0.6525057607752696,17.053333861520713,21.69511506604006,0.4089731457473462,0
regression,has_dwi,availability,LightGBM,1015,214,0.3224,28.286,0.6673871771028913,0.6673871771028913,16.425811458486645,21.459007404967135,0.4217674203357744,0
regression,has_dwi,availability,LightGBM,1016,214,0.3224,28.286,0.6702772055835923,0.6702772055835923,16.396128022206778,21.148205645817583,0.43839579856916777,0
regression,has_dwi,availability,LightGBM,1017,214,0.3224,28.286,0.6363262734072651,0.6363262734072651,17.520134442040906,22.36827408649695,0.37172721201209435,0
regression,has_dwi,availability,LightGBM,1018,214,0.3224,28.286,0.6863174655898343,0.6863174655898343,16.246138109431534,20.726732438303607,0.4605577219292115,0
regression,has_dwi,availability,LightGBM,1019,214,0.3224,28.286,0.7169833646600929,0.7169833646600929,15.303986913769078,19.839208493983545,0.5057667250786381,0
regression,has_dwi,availability,MLP,1000,214,0.3224,28.286,0.3989875484699301,0.3989875484699301,23.997926421131847,34.89444612133421,-0.5289592714553497,0
regression,has_dwi,availability,MLP,1001,214,0.3224,28.286,0.4289838878808636,0.4289838878808636,22.405058870198186,36.913136527127314,-0.7109810376784251,0
regression,has_dwi,availability,MLP,1002,214,0.3224,28.286,0.5138036193133538,0.5138036193133538,21.19701283085189,28.239429034404736,-0.0013712574771445052,0
regression,has_dwi,availability,MLP,1003,214,0.3224,28.286,0.4592246020504548,0.4592246020504548,24.029324218497255,33.206475196481776,-0.38461443675116325,0
regression,has_dwi,availability,MLP,1004,214,0.3224,28.286,0.39464761001929793,0.39464761001929793,23.44799575381289,33.482194129531685,-0.40770326746284047,0
regression,has_dwi,availability,MLP,1005,214,0.3224,28.286,0.45955253276686664,0.45955253276686664,23.099272405987424,32.32551554126464,-0.31212200315823657,0
regression,has_dwi,availability,MLP,1006,214,0.3224,28.286,0.5001424622491367,0.5001424622491367,22.211290823984307,29.54139889380232,-0.09583561808349361,0
regression,has_dwi,availability,MLP,1007,214,0.3224,28.286,0.5250631554391674,0.5250631554391674,21.919326535988905,29.675672352315505,-0.10581998190676001,0
regression,has_dwi,availability,MLP,1008,214,0.3224,28.286,0.46787053096530984,0.46787053096530984,22.01633510441695,29.794684241098764,-0.11470737089015248,0
regression,has_dwi,availability,MLP,1009,214,0.3224,28.286,0.5431778847955663,0.5431778847955663,20.379572818932417,27.65130961542944,0.03990389318823517,0
regression,has_dwi,availability,MLP,1010,214,0.3224,28.286,0.5142963694115189,0.5142963694115189,21.472948277962303,29.12805715496813,-0.06538440331860484,0
regression,has_dwi,availability,MLP,1011,214,0.3224,28.286,0.5977124998255503,0.5977124998255503,19.209544132823293,25.6788284172035,0.17199357024813733,0
regression,has_dwi,availability,MLP,1012,214,0.3224,28.286,0.36524134274907627,0.36524134274907627,23.69503770442012,35.06260944463439,-0.5437315028534413,0
regression,has_dwi,availability,MLP,1013,214,0.3224,28.286,0.4786915755323572,0.4786915755323572,22.08265935819599,29.5569245823406,-0.09698776889161964,0
regression,has_dwi,availability,MLP,1014,214,0.3224,28.286,0.516727269230788,0.516727269230788,21.274812424802864,28.97197549599244,-0.05399734493442687,0
regression,has_dwi,availability,MLP,1015,214,0.3224,28.286,0.4911183836170481,0.4911183836170481,23.395650358862042,32.09235787532541,-0.2932621033522047,0
regression,has_dwi,availability,MLP,1016,214,0.3224,28.286,0.4132390971766918,0.4132390971766918,22.71898492456741,30.855166218631016,-0.19547109286849706,0
regression,has_dwi,availability,MLP,1017,214,0.3224,28.286,0.4575948857844858,0.4575948857844858,23.470232231791513,32.93199881232311,-0.3618192868393115,0
regression,has_dwi,availability,MLP,1018,214,0.3224,28.286,0.48326010736896213,0.48326010736896213,21.256048563282466,30.357936703335945,-0.1572516287589154,0
regression,has_dwi,availability,MLP,1019,214,0.3224,28.286,0.5180304122018649,0.5180304122018649,21.34811323914231,29.00922162096168,-0.05670910694514686,0
regression,has_rsfmri,availability,Ridge,1000,192,0.2969,27.378,0.48162336449610366,0.48162336449610366,19.39787986816715,29.822108287691137,-0.19269211067868586,0
regression,has_rsfmri,availability,Ridge,1001,192,0.2969,27.378,0.5157556228841365,0.5157556228841365,19.15460081133267,27.91921387268822,-0.045341114452123854,0
regression,has_rsfmri,availability,Ridge,1002,192,0.2969,27.378,0.5172206232385061,0.5172206232385061,18.984738269866153,28.830912640772592,-0.11472679668506647,0
regression,has_rsfmri,availability,Ridge,1003,192,0.2969,27.378,0.4987777468009164,0.4987777468009164,20.303807380702008,28.45037083988558,-0.08549424202405365,0
regression,has_rsfmri,availability,Ridge,1004,192,0.2969,27.378,0.5421043376766699,0.5421043376766699,18.769055861160265,26.41447731244231,0.06430199509867296,0
regression,has_rsfmri,availability,Ridge,1005,192,0.2969,27.378,0.4965739774808695,0.4965739774808695,20.39323060180779,30.603956523998818,-0.2560496692605181,0
regression,has_rsfmri,availability,Ridge,1006,192,0.2969,27.378,0.4942598635680453,0.4942598635680453,21.15751374881657,28.96995141610299,-0.12550439331400431,0
regression,has_rsfmri,availability,Ridge,1007,192,0.2969,27.378,0.5867683171614637,0.5867683171614637,19.84773073139827,25.908516589295,0.09980466803948496,0
regression,has_rsfmri,availability,Ridge,1008,192,0.2969,27.378,0.5757976674552268,0.5757976674552268,18.586661012190103,25.97774388198042,0.09498761553475654,0
regression,has_rsfmri,availability,Ridge,1009,192,0.2969,27.378,0.5592079554330842,0.5592079554330842,18.562575474265444,25.40018157644135,0.13478248335335874,0
regression,has_rsfmri,availability,Ridge,1010,192,0.2969,27.378,0.5020587184777741,0.5020587184777741,20.748671548005532,28.002076341665035,-0.05155533572217985,0
regression,has_rsfmri,availability,Ridge,1011,192,0.2969,27.378,0.5166829279411563,0.5166829279411563,19.99684095356538,27.143282074737552,0.0119557827665151,0
regression,has_rsfmri,availability,Ridge,1012,192,0.2969,27.378,0.5200876796865795,0.5200876796865795,20.633189836328707,27.901016957303074,-0.04397891386061481,0
regression,has_rsfmri,availability,Ridge,1013,192,0.2969,27.378,0.5370834042013527,0.5370834042013527,19.70027298320726,28.36502607767824,-0.0789915291454979,0
regression,has_rsfmri,availability,Ridge,1014,192,0.2969,27.378,0.5067048260138107,0.5067048260138107,19.779463264410996,28.37670504990869,-0.0798802366922402,0
regression,has_rsfmri,availability,Ridge,1015,192,0.2969,27.378,0.5397080211763138,0.5397080211763138,19.615120544402245,27.456196656149285,-0.010956373279513931,0
regression,has_rsfmri,availability,Ridge,1016,192,0.2969,27.378,0.5314466825281944,0.5314466825281944,20.810730938298928,27.438302919940547,-0.009639082894690398,0
regression,has_rsfmri,availability,Ridge,1017,192,0.2969,27.378,0.43884523404251563,0.43884523404251563,20.17110614372305,31.454059083542795,-0.3267987610065848,0
regression,has_rsfmri,availability,Ridge,1018,192,0.2969,27.378,0.5511548333707514,0.5511548333707514,19.68689316882003,27.53369359229045,-0.016671410282283583,0
regression,has_rsfmri,availability,Ridge,1019,192,0.2969,27.378,0.46864197256099716,0.46864197256099716,21.134640778500227,29.35040106787188,-0.15526001249734156,0
regression,has_rsfmri,availability,ElasticNet,1000,192,0.2969,27.378,0.7048877017657952,0.7048877017657952,15.710451077334227,19.393285853358734,0.4956239470968097,0
regression,has_rsfmri,availability,ElasticNet,1001,192,0.2969,27.378,0.6958261753766866,0.6958261753766866,16.00203934514295,19.61239848247408,0.48416230157995466,0
regression,has_rsfmri,availability,ElasticNet,1002,192,0.2969,27.378,0.6607151465670116,0.6607151465670116,16.370832340621934,20.56225349960138,0.43298691816514334,0
regression,has_rsfmri,availability,ElasticNet,1003,192,0.2969,27.378,0.6892768980719199,0.6892768980719199,16.104370151411118,19.78455294105746,0.47506667645479694,0
regression,has_rsfmri,availability,ElasticNet,1004,192,0.2969,27.378,0.6655347453622014,0.6655347453622014,16.399215097935585,20.400916530102794,0.44184988479252174,0
regression,has_rsfmri,availability,ElasticNet,1005,192,0.2969,27.378,0.6615842526018418,0.6615842526018418,16.32251707980875,20.599155274058294,0.4309499270192131,0
regression,has_rsfmri,availability,ElasticNet,1006,192,0.2969,27.378,0.6671523962245169,0.6671523962245169,16.476062547125156,20.367093483630956,0.443699084840923,0
regression,has_rsfmri,availability,ElasticNet,1007,192,0.2969,27.378,0.7097136726852082,0.7097136726852082,15.821050622344108,19.243525557472648,0.5033837310233691,0
regression,has_rsfmri,availability,ElasticNet,1008,192,0.2969,27.378,0.6721599129774507,0.6721599129774507,16.15915992028601,20.24697857739019,0.4502413042100859,0
regression,has_rsfmri,availability,ElasticNet,1009,192,0.2969,27.378,0.7089488985675327,0.7089488985675327,15.716469079455806,19.273968223512455,0.5018112248271872,0
regression,has_rsfmri,availability,ElasticNet,1010,192,0.2969,27.378,0.7079956521683609,0.7079956521683609,15.782980312882893,19.2978391147904,0.5005764428428725,0
regression,has_rsfmri,availability,ElasticNet,1011,192,0.2969,27.378,0.7025329875463038,0.7025329875463038,15.910062259924077,19.434040261075747,0.4935018574322805,0
regression,has_rsfmri,availability,ElasticNet,1012,192,0.2969,27.378,0.666559283498986,0.666559283498986,16.4608068644319,20.426462456435992,0.4404511840143118,0
regression,has_rsfmri,availability,ElasticNet,1013,192,0.2969,27.378,0.6916506260530293,0.6916506260530293,16.111712538038272,19.72900885518947,0.47800998413519535,0
regression,has_rsfmri,availability,ElasticNet,1014,192,0.2969,27.378,0.6841562940778583,0.6841562940778583,16.069259184551804,19.91782426196804,0.46797081913649297,0
regression,has_rsfmri,availability,ElasticNet,1015,192,0.2969,27.378,0.6998153195944978,0.6998153195944978,15.950305551716298,19.514830111021976,0.48928194607109543,0
regression,has_rsfmri,availability,ElasticNet,1016,192,0.2969,27.378,0.6830549644500199,0.6830549644500199,16.1571839653586,19.95414497653064,0.4660287095565896,0
regression,has_rsfmri,availability,ElasticNet,1017,192,0.2969,27.378,0.6589114180285011,0.6589114180285011,16.373063702545764,20.567020212902996,0.4327239993096962,0
regression,has_rsfmri,availability,ElasticNet,1018,192,0.2969,27.378,0.680815528441043,0.680815528441043,16.205256707793392,20.017057697196037,0.4626563230477766,0
regression,has_rsfmri,availability,ElasticNet,1019,192,0.2969,27.378,0.666227693646765,0.666227693646765,16.407703620464446,20.374318890882897,0.443304309450251,0
regression,has_rsfmri,availability,SVR_rbf,1000,192,0.2969,27.378,0.6372995358917143,0.6372995358917143,19.74036977822468,23.814478272713867,0.23943943470879325,0
regression,has_rsfmri,availability,SVR_rbf,1001,192,0.2969,27.378,0.6290472919860542,0.6290472919860542,19.7185430412399,23.811622502556276,0.23962183265268855,0
regression,has_rsfmri,availability,SVR_rbf,1002,192,0.2969,27.378,0.6461190498260432,0.6461190498260432,19.69483281077123,23.6902674280574,0.2473525623939028,0
regression,has_rsfmri,availability,SVR_rbf,1003,192,0.2969,27.378,0.6360883387586118,0.6360883387586118,19.708252466149442,23.74283317540381,0.24400879530696717,0
regression,has_rsfmri,availability,SVR_rbf,1004,192,0.2969,27.378,0.6027143338771724,0.6027143338771724,19.970919005871195,23.94623865433825,0.23100011689538413,0
regression,has_rsfmri,availability,SVR_rbf,1005,192,0.2969,27.378,0.6306110148914991,0.6306110148914991,19.755762495244998,23.77707967964927,0.2418263491235897,0
regression,has_rsfmri,availability,SVR_rbf,1006,192,0.2969,27.378,0.6270494260324175,0.6270494260324175,19.812388727285125,23.83226964774397,0.23830260755375976,0
regression,has_rsfmri,availability,SVR_rbf,1007,192,0.2969,27.378,0.6356626509786444,0.6356626509786444,19.7355995328342,23.822157189699027,0.2389488740533804,0
regression,has_rsfmri,availability,SVR_rbf,1008,192,0.2969,27.378,0.6352797830968784,0.6352797830968784,19.74868526132113,23.84525906400556,0.23747207811359305,0
regression,has_rsfmri,availability,SVR_rbf,1009,192,0.2969,27.378,0.6374019434720326,0.6374019434720326,19.704874378001932,23.715863040452177,0.24572532208752007,0
regression,has_rsfmri,availability,SVR_rbf,1010,192,0.2969,27.378,0.6200825552166354,0.6200825552166354,19.87736724269538,23.90245659763198,0.23380954498157813,0
regression,has_rsfmri,availability,SVR_rbf,1011,192,0.2969,27.378,0.6245889390263548,0.6245889390263548,19.80463399045504,23.84669374028227,0.23738031868861065,0
regression,has_rsfmri,availability,SVR_rbf,1012,192,0.2969,27.378,0.6267143907171271,0.6267143907171271,19.75336942517006,23.819899478366747,0.23909312231068325,0
regression,has_rsfmri,availability,SVR_rbf,1013,192,0.2969,27.378,0.6332794882370364,0.6332794882370364,19.753068708724143,23.84135530163187,0.23772172808710523,0
regression,has_rsfmri,availability,SVR_rbf,1014,192,0.2969,27.378,0.6252258230410055,0.6252258230410055,19.702422027198747,23.80116155158329,0.24028978642081067,0
regression,has_rsfmri,availability,SVR_rbf,1015,192,0.2969,27.378,0.6361407326025872,0.6361407326025872,19.68261467287265,23.784828268376852,0.24133211407589272,0
regression,has_rsfmri,availability,SVR_rbf,1016,192,0.2969,27.378,0.6347124316792843,0.6347124316792843,19.792435922167513,23.870062197447226,0.23588493509593977,0
regression,has_rsfmri,availability,SVR_rbf,1017,192,0.2969,27.378,0.633400740725008,0.633400740725008,19.851868127192798,23.84278292969315,0.23763043441524,0
regression,has_rsfmri,availability,SVR_rbf,1018,192,0.2969,27.378,0.6414571938687078,0.6414571938687078,19.688836038045608,23.73659960116942,0.24440570738849932,0
regression,has_rsfmri,availability,SVR_rbf,1019,192,0.2969,27.378,0.6342997783916536,0.6342997783916536,19.76472628902252,23.78377233688906,0.24139947495972736,0
regression,has_rsfmri,availability,RandomForest,1000,192,0.2969,27.378,0.7308662465640849,0.7308662465640849,14.911536041666679,18.645827025234322,0.5337541675808642,0
regression,has_rsfmri,availability,RandomForest,1001,192,0.2969,27.378,0.7130671281965049,0.7130671281965049,15.25629458333335,19.14941621617267,0.5082291996364151,0
regression,has_rsfmri,availability,RandomForest,1002,192,0.2969,27.378,0.7207288521299784,0.7207288521299784,15.079023333333353,18.934687377733493,0.5191961473640965,0
regression,has_rsfmri,availability,RandomForest,1003,192,0.2969,27.378,0.7230730240726675,0.7230730240726675,14.992331458333341,18.864873012250627,0.5227351688969116,0
regression,has_rsfmri,availability,RandomForest,1004,192,0.2969,27.378,0.7065667071114501,0.7065667071114501,15.44546833333335,19.327101992236194,0.49906066163147766,0
regression,has_rsfmri,availability,RandomForest,1005,192,0.2969,27.378,0.7192555862687203,0.7192555862687203,15.001343125000025,18.97873466009853,0.5169565818853622,0
regression,has_rsfmri,availability,RandomForest,1006,192,0.2969,27.378,0.7079617230465274,0.7079617230465274,15.224406041666688,19.307387200080314,0.5000821161602163,0
regression,has_rsfmri,availability,RandomForest,1007,192,0.2969,27.378,0.6984908294747969,0.6984908294747969,15.578680833333353,19.55390897180409,0.48723445059675496,0
regression,has_rsfmri,availability,RandomForest,1008,192,0.2969,27.378,0.7022794460802778,0.7022794460802778,15.633657500000018,19.46905233529487,0.4916752146374963,0
regression,has_rsfmri,availability,RandomForest,1009,192,0.2969,27.378,0.7161016179619554,0.7161016179619554,14.994427291666689,19.06263144759992,0.5126764899573424,0
regression,has_rsfmri,availability,RandomForest,1010,192,0.2969,27.378,0.7219114909734008,0.7219114909734008,14.996248750000012,18.89688148149583,0.5211142222126696,0
regression,has_rsfmri,availability,RandomForest,1011,192,0.2969,27.378,0.7284276486149538,0.7284276486149538,14.927547291666668,18.712710790736814,0.5304032615716561,0
regression,has_rsfmri,availability,RandomForest,1012,192,0.2969,27.378,0.6901952415837409,0.6901952415837409,15.60403062500002,19.79564512608455,0.47447790502267373,0
regression,has_rsfmri,availability,RandomForest,1013,192,0.2969,27.378,0.718491255559795,0.718491255559795,15.194569583333347,18.99591235021937,0.5160817790733203,0
regression,has_rsfmri,availability,RandomForest,1014,192,0.2969,27.378,0.7249506696703489,0.7249506696703489,14.983229166666677,18.81469680380473,0.5252706211562962,0
regression,has_rsfmri,availability,RandomForest,1015,192,0.2969,27.378,0.702977403116088,0.702977403116088,15.38338625000002,19.430632429209993,0.4936794745568114,0
regression,has_rsfmri,availability,RandomForest,1016,192,0.2969,27.378,0.714511660331807,0.714511660331807,15.242695833333343,19.106639520699783,0.5104238183814438,0
regression,has_rsfmri,availability,RandomForest,1017,192,0.2969,27.378,0.7160285109667868,0.7160285109667868,15.100801458333356,19.062843830240595,0.5126656310545967,0
regression,has_rsfmri,availability,RandomForest,1018,192,0.2969,27.378,0.7074792097958279,0.7074792097958279,15.470685208333345,19.311080454141482,0.49989084218569424,0
regression,has_rsfmri,availability,RandomForest,1019,192,0.2969,27.378,0.712884669984851,0.712884669984851,15.269378125000019,19.15484934727084,0.5079501066100857,0
regression,has_rsfmri,availability,XGBoost,1000,192,0.2969,27.378,0.7272069767353964,0.7272069767353964,14.646931337515513,18.776954372456846,0.5271733326282861,0
regression,has_rsfmri,availability,XGBoost,1001,192,0.2969,27.378,0.6933330623178015,0.6933330623178015,15.60819694519043,19.84708981524271,0.471742914555232,0
regression,has_rsfmri,availability,XGBoost,1002,192,0.2969,27.378,0.7161273819211575,0.7161273819211575,15.256157232522964,19.166144338223788,0.5073696439198765,0
regression,has_rsfmri,availability,XGBoost,1003,192,0.2969,27.378,0.7047387150697212,0.7047387150697212,15.451672012805938,19.4813060206176,0.49103514114524893,0
regression,has_rsfmri,availability,XGBoost,1004,192,0.2969,27.378,0.7033748403418505,0.7033748403418505,15.383383609056473,19.512652776896573,0.4893959047175176,0
regression,has_rsfmri,availability,XGBoost,1005,192,0.2969,27.378,0.7055144647877387,0.7055144647877387,15.321855341593425,19.480536108216196,0.4910753695173161,0
regression,has_rsfmri,availability,XGBoost,1006,192,0.2969,27.378,0.696779615947382,0.696779615947382,15.544963676929475,19.735052363127586,0.4776901369494192,0
regression,has_rsfmri,availability,XGBoost,1007,192,0.2969,27.378,0.6734228681005194,0.6734228681005194,15.99651618719101,20.43080624585075,0.4402131770011335,0
regression,has_rsfmri,availability,XGBoost,1008,192,0.2969,27.378,0.6826987359837371,0.6826987359837371,15.833623958826065,20.19352871607367,0.4531400814207126,0
regression,has_rsfmri,availability,XGBoost,1009,192,0.2969,27.378,0.7092908089253753,0.7092908089253753,15.06639387925466,19.357392756126025,0.4974892179699306,0
regression,has_rsfmri,availability,XGBoost,1010,192,0.2969,27.378,0.6913954803479065,0.6913954803479065,15.383643730680149,19.886819822347256,0.4696258621758378,0
regression,has_rsfmri,availability,XGBoost,1011,192,0.2969,27.378,0.7111069648820387,0.7111069648820387,14.896505589485168,19.376093973049823,0.49651779555139763,0
regression,has_rsfmri,availability,XGBoost,1012,192,0.2969,27.378,0.6571180390809657,0.6571180390809657,16.63145919362704,20.938939903952722,0.41202204729185854,0
regression,has_rsfmri,availability,XGBoost,1013,192,0.2969,27.378,0.7151813881958531,0.7151813881958531,15.23498083472252,19.15710023550399,0.5078344581526963,0
regression,has_rsfmri,availability,XGBoost,1014,192,0.2969,27.378,0.708678945549619,0.708678945549619,15.102025829950968,19.41374366320065,0.4945592619404917,0
regression,has_rsfmri,availability,XGBoost,1015,192,0.2969,27.378,0.6948399014367231,0.6948399014367231,15.657324869632722,19.790854982785014,0.4747322055574764,0
regression,has_rsfmri,availability,XGBoost,1016,192,0.2969,27.378,0.7070979034960458,0.7070979034960458,15.313840485811234,19.396372171544158,0.49546339783632753,0
regression,has_rsfmri,availability,XGBoost,1017,192,0.2969,27.378,0.6950747531286556,0.6950747531286556,15.351454211473465,19.76188657187802,0.4762687775909923,0
regression,has_rsfmri,availability,XGBoost,1018,192,0.2969,27.378,0.6774944393067883,0.6774944393067883,15.992918788592021,20.283658033759618,0.4482476126224806,0
regression,has_rsfmri,availability,XGBoost,1019,192,0.2969,27.378,0.6719519403868613,0.6719519403868613,16.195032538175585,20.426625962906588,0.4404422260052199,0
regression,has_rsfmri,availability,LightGBM,1000,192,0.2969,27.378,0.6944966460328079,0.6944966460328079,15.244969456225945,19.760794111267415,0.4763266809611203,0
regression,has_rsfmri,availability,LightGBM,1001,192,0.2969,27.378,0.6848637283009902,0.6848637283009902,15.486381383483305,20.167430006330815,0.4545527236083069,0
regression,has_rsfmri,availability,LightGBM,1002,192,0.2969,27.378,0.6960234338509016,0.6960234338509016,15.383294177814355,19.787577201463137,0.47490618191081624,0
regression,has_rsfmri,availability,LightGBM,1003,192,0.2969,27.378,0.6904270601275309,0.6904270601275309,15.60497190427629,20.05927259283741,0.46038747543206926,0
regression,has_rsfmri,availability,LightGBM,1004,192,0.2969,27.378,0.6671266705945447,0.6671266705945447,16.10079902458634,20.636502545092323,0.42888462551501894,0
regression,has_rsfmri,availability,LightGBM,1005,192,0.2969,27.378,0.6874677840570571,0.6874677840570571,15.619947169017053,20.221308214106934,0.4516344561842889,0
regression,has_rsfmri,availability,LightGBM,1006,192,0.2969,27.378,0.6764616729991487,0.6764616729991487,15.542751627959817,20.4949930208929,0.43669032509681927,0
regression,has_rsfmri,availability,LightGBM,1007,192,0.2969,27.378,0.6477775030730577,0.6477775030730577,16.833453064149964,21.21946665471404,0.39616179359205683,0
regression,has_rsfmri,availability,LightGBM,1008,192,0.2969,27.378,0.6424443420147141,0.6424443420147141,17.00406425851828,21.541762709660226,0.3776794587994552,0
regression,has_rsfmri,availability,LightGBM,1009,192,0.2969,27.378,0.7154177728378207,0.7154177728378207,14.999644225391357,19.230693877750813,0.50404580267006,0
regression,has_rsfmri,availability,LightGBM,1010,192,0.2969,27.378,0.7067790785508121,0.7067790785508121,15.074855775371203,19.56372545180855,0.4867194828483159,0
regression,has_rsfmri,availability,LightGBM,1011,192,0.2969,27.378,0.6910805278840216,0.6910805278840216,15.528207321460021,20.012178539814272,0.46291824614133625,0
regression,has_rsfmri,availability,LightGBM,1012,192,0.2969,27.378,0.64749928335305,0.64749928335305,16.718070452568558,21.28273436987603,0.39255563159268836,0
regression,has_rsfmri,availability,LightGBM,1013,192,0.2969,27.378,0.6787360323567043,0.6787360323567043,16.06170255468231,20.564389997355672,0.43286908233438204,0
regression,has_rsfmri,availability,LightGBM,1014,192,0.2969,27.378,0.6867276346838975,0.6867276346838975,15.809438205621662,20.218673141498762,0.4517773637409507,0
regression,has_rsfmri,availability,LightGBM,1015,192,0.2969,27.378,0.6812193551882391,0.6812193551882391,15.820444203337757,20.270113582232558,0.4489842340284468,0
regression,has_rsfmri,availability,LightGBM,1016,192,0.2969,27.378,0.6891159838621188,0.6891159838621188,15.89378536830327,20.015710038411694,0.46272867449525945,0
regression,has_rsfmri,availability,LightGBM,1017,192,0.2969,27.378,0.6610951064912522,0.6610951064912522,16.14381349219352,20.80639889070811,0.4194421503490565,0
regression,has_rsfmri,availability,LightGBM,1018,192,0.2969,27.378,0.6724485297012468,0.6724485297012468,15.94939322406276,20.50090247618596,0.43636543274368567,0
regression,has_rsfmri,availability,LightGBM,1019,192,0.2969,27.378,0.6520118828422783,0.6520118828422783,16.537182513649398,21.11031650001532,0.4023579455498607,0
regression,has_rsfmri,availability,MLP,1000,192,0.2969,27.378,0.4905931985599712,0.4905931985599712,21.390063399914215,29.315386307538688,-0.1525052274135561,0
regression,has_rsfmri,availability,MLP,1001,192,0.2969,27.378,0.41321283687610344,0.41321283687610344,21.697360274726012,34.53227802429493,-0.5991975599526305,0
regression,has_rsfmri,availability,MLP,1002,192,0.2969,27.378,0.5106412046687663,0.5106412046687663,21.20371686506405,28.480255524046587,-0.087775877669934,0
regression,has_rsfmri,availability,MLP,1003,192,0.2969,27.378,0.45169302401883415,0.45169302401883415,22.378148081662328,29.257221245251962,-0.14793636145575118,0
regression,has_rsfmri,availability,MLP,1004,192,0.2969,27.378,0.37309601383455215,0.37309601383455215,22.534423115060253,36.9520002515143,-0.8311653641449965,0
regression,has_rsfmri,availability,MLP,1005,192,0.2969,27.378,0.47789509292274124,0.47789509292274124,20.207261072631557,30.228426156346497,-0.22541370526280158,0
regression,has_rsfmri,availability,MLP,1006,192,0.2969,27.378,0.41335110221680005,0.41335110221680005,21.977369783869573,31.294470645370552,-0.3133693600818468,0
regression,has_rsfmri,availability,MLP,1007,192,0.2969,27.378,0.4451037507749437,0.4451037507749437,21.944289151648253,31.730345446855015,-0.3502098172152086,0
regression,has_rsfmri,availability,MLP,1008,192,0.2969,27.378,0.440806359803116,0.440806359803116,21.415323529537243,30.085443375231204,-0.21384852002517807,0
regression,has_rsfmri,availability,MLP,1009,192,0.2969,27.378,0.5163078148046891,0.5163078148046891,19.891783828707965,28.001513656203066,-0.05151307535921523,0
regression,has_rsfmri,availability,MLP,1010,192,0.2969,27.378,0.4005540695867368,0.4005540695867368,22.29687569415675,30.892616173328683,-0.2798557911581905,0
regression,has_rsfmri,availability,MLP,1011,192,0.2969,27.378,0.4794257518478473,0.4794257518478473,20.931040120261752,28.76801118637884,-0.10986802247940974,0
regression,has_rsfmri,availability,MLP,1012,192,0.2969,27.378,0.45787705780179927,0.45787705780179927,20.856065493765705,28.69902667834834,-0.10455156867853144,0
regression,has_rsfmri,availability,MLP,1013,192,0.2969,27.378,0.5214968605684784,0.5214968605684784,19.5274184034329,27.14052567039774,0.012156444652389298,0
regression,has_rsfmri,availability,MLP,1014,192,0.2969,27.378,0.4743420442627426,0.4743420442627426,20.456437273859223,26.98856403416839,0.02318748175983054,0
regression,has_rsfmri,availability,MLP,1015,192,0.2969,27.378,0.38497164320287613,0.38497164320287613,21.240311285281006,32.93948775519328,-0.45507487951381664,0
regression,has_rsfmri,availability,MLP,1016,192,0.2969,27.378,0.347434263423714,0.347434263423714,23.155822253663814,33.96095089419591,-0.5467187293978242,0
regression,has_rsfmri,availability,MLP,1017,192,0.2969,27.378,0.37664408112403713,0.37664408112403713,21.448373665633074,34.2565900774805,-0.5737651448659697,0
regression,has_rsfmri,availability,MLP,1018,192,0.2969,27.378,0.4265481933688101,0.4265481933688101,23.358559237467418,34.605809515778596,-0.606015330769683,0
regression,has_rsfmri,availability,MLP,1019,192,0.2969,27.378,0.37613557237874834,0.37613557237874834,23.093748163674395,33.30774394278718,-0.4877915762622431,0
regression,has_taskfmri,availability,Ridge,1000,189,0.2963,25.723,0.5798749220707823,0.5798749220707823,18.343678989618205,23.088661690661667,0.19006170822236335,0
regression,has_taskfmri,availability,Ridge,1001,189,0.2963,25.723,0.5306271824643535,0.5306271824643535,19.633557631897098,25.227294767682015,0.033068352695211356,0
regression,has_taskfmri,availability,Ridge,1002,189,0.2963,25.723,0.5484233337573386,0.5484233337573386,19.70051629372684,24.420842843857653,0.09390087941662562,0
regression,has_taskfmri,availability,Ridge,1003,189,0.2963,25.723,0.521239634712862,0.521239634712862,19.90858982429007,25.089667676150782,0.04358973396992749,0
regression,has_taskfmri,availability,Ridge,1004,189,0.2963,25.723,0.6162833636886877,0.6162833636886877,17.20116442923808,22.145459941833984,0.2548841177306427,0
regression,has_taskfmri,availability,Ridge,1005,189,0.2963,25.723,0.5803707346843305,0.5803707346843305,18.145906739802342,23.155693299820456,0.18535201322554995,0
regression,has_taskfmri,availability,Ridge,1006,189,0.2963,25.723,0.5328180616700989,0.5328180616700989,18.904566548582604,24.393553783657854,0.09592478811183769,0
regression,has_taskfmri,availability,Ridge,1007,189,0.2963,25.723,0.5473088558717748,0.5473088558717748,19.026297672061165,24.698271065909168,0.07319681674438128,0
regression,has_taskfmri,availability,Ridge,1008,189,0.2963,25.723,0.5158618632379204,0.5158618632379204,19.916224097536226,25.6044628240976,0.003939428755638019,0
regression,has_taskfmri,availability,Ridge,1009,189,0.2963,25.723,0.5745650232689947,0.5745650232689947,18.341931508442165,22.57136978826798,0.22594781110979645,0
regression,has_taskfmri,availability,Ridge,1010,189,0.2963,25.723,0.553506952252124,0.553506952252124,19.003733083563933,24.526014177067776,0.08607962162398164,0
regression,has_taskfmri,availability,Ridge,1011,189,0.2963,25.723,0.5177184274981594,0.5177184274981594,19.565059628502635,25.612239796233712,0.0033342599006345175,0
regression,has_taskfmri,availability,Ridge,1012,189,0.2963,25.723,0.5495995587606298,0.5495995587606298,19.395852445410974,24.240502715046407,0.10723397217433406,0
regression,has_taskfmri,availability,Ridge,1013,189,0.2963,25.723,0.5429938648001688,0.5429938648001688,18.695866214594087,23.786107336860326,0.14039059200831472,0
regression,has_taskfmri,availability,Ridge,1014,189,0.2963,25.723,0.4466634543841899,0.4466634543841899,19.97363544630339,28.07003249729834,-0.19712704453886754,0
regression,has_taskfmri,availability,Ridge,1015,189,0.2963,25.723,0.5643447474569266,0.5643447474569266,18.72102617597249,23.674758547493497,0.1484198528748194,0
regression,has_taskfmri,availability,Ridge,1016,189,0.2963,25.723,0.540548956073309,0.540548956073309,19.525194082452586,24.47699882849007,0.08972891930167937,0
regression,has_taskfmri,availability,Ridge,1017,189,0.2963,25.723,0.5199268373357546,0.5199268373357546,19.403044625484156,26.981600751483768,-0.10608839235336776,0
regression,has_taskfmri,availability,Ridge,1018,189,0.2963,25.723,0.5179932928476644,0.5179932928476644,19.721869782171463,24.783490642168466,0.06679004966685809,0
regression,has_taskfmri,availability,Ridge,1019,189,0.2963,25.723,0.5415885591098898,0.5415885591098898,19.07493464426996,23.884753165309245,0.13324585697830227,0
regression,has_taskfmri,availability,ElasticNet,1000,189,0.2963,25.723,0.6631135924066948,0.6631135924066948,16.081016341919348,19.212960128233345,0.4391548426798797,0
regression,has_taskfmri,availability,ElasticNet,1001,189,0.2963,25.723,0.6345056618016687,0.6345056618016687,16.629907063383413,19.843034043064876,0.40176672433684946,0
regression,has_taskfmri,availability,ElasticNet,1002,189,0.2963,25.723,0.6585096126325163,0.6585096126325163,16.28044324170673,19.311948686514416,0.4333608088079336,0
regression,has_taskfmri,availability,ElasticNet,1003,189,0.2963,25.723,0.6450066735944582,0.6450066735944582,16.435524535975095,19.6120231259678,0.4156148052533144,0
regression,has_taskfmri,availability,ElasticNet,1004,189,0.2963,25.723,0.6712326369717945,0.6712326369717945,16.05098146231908,19.027828233017956,0.4499111324978279,0
regression,has_taskfmri,availability,ElasticNet,1005,189,0.2963,25.723,0.645595006351022,0.645595006351022,16.362849361877245,19.595139659256844,0.4166205353646658,0
regression,has_taskfmri,availability,ElasticNet,1006,189,0.2963,25.723,0.6397024385543467,0.6397024385543467,16.401503321681545,19.72186372036819,0.40905056980937005,0
regression,has_taskfmri,availability,ElasticNet,1007,189,0.2963,25.723,0.643611929861701,0.643611929861701,16.521110592878607,19.647368582606504,0.41350650930375366,0
regression,has_taskfmri,availability,ElasticNet,1008,189,0.2963,25.723,0.6205679874376102,0.6205679874376102,16.72474337036836,20.148197233281454,0.3832249481976101,0
regression,has_taskfmri,availability,ElasticNet,1009,189,0.2963,25.723,0.6551506458530661,0.6551506458530661,16.38268029463337,19.385361592515498,0.42904454871719844,0
regression,has_taskfmri,availability,ElasticNet,1010,189,0.2963,25.723,0.6663214627011701,0.6663214627011701,16.10846003011179,19.130888783650278,0.4439360950147532,0
regression,has_taskfmri,availability,ElasticNet,1011,189,0.2963,25.723,0.6187032265550829,0.6187032265550829,16.90111580301492,20.21462153987497,0.3791514931434151,0
regression,has_taskfmri,availability,ElasticNet,1012,189,0.2963,25.723,0.6410853265951745,0.6410853265951745,16.415674787019476,19.700223065059472,0.4103467471609158,0
regression,has_taskfmri,availability,ElasticNet,1013,189,0.2963,25.723,0.6461686422619461,0.6461686422619461,16.64244862615728,19.584788483657814,0.41723671554155795,0
regression,has_taskfmri,availability,ElasticNet,1014,189,0.2963,25.723,0.6667610638695771,0.6667610638695771,16.109029546255574,19.132927367245784,0.44381758058871146,0
regression,has_taskfmri,availability,ElasticNet,1015,189,0.2963,25.723,0.6499103429313337,0.6499103429313337,16.394962366285682,19.500024317442996,0.4222702696557432,0
regression,has_taskfmri,availability,ElasticNet,1016,189,0.2963,25.723,0.6524015551958433,0.6524015551958433,16.444837180151342,19.44590747578464,0.42547247333952687,0
regression,has_taskfmri,availability,ElasticNet,1017,189,0.2963,25.723,0.6475525332702773,0.6475525332702773,16.4510567014881,19.554257749732265,0.4190522391217958,0
regression,has_taskfmri,availability,ElasticNet,1018,189,0.2963,25.723,0.65371642298779,0.65371642298779,16.277531235609683,19.415057235598283,0.4272939622793397,0
regression,has_taskfmri,availability,ElasticNet,1019,189,0.2963,25.723,0.634349290473138,0.634349290473138,16.671808743916447,19.832857691853352,0.40238016589592596,0
regression,has_taskfmri,availability,SVR_rbf,1000,189,0.2963,25.723,0.5595354992315718,0.5595354992315718,19.706957258321523,23.325098971909924,0.17338857859889645,0
regression,has_taskfmri,availability,SVR_rbf,1001,189,0.2963,25.723,0.5647097771916925,0.5647097771916925,19.669332312572966,23.352696417654343,0.1714313856816001,0
regression,has_taskfmri,availability,SVR_rbf,1002,189,0.2963,25.723,0.5433399315823558,0.5433399315823558,19.82550347562276,23.44240414894601,0.16505338340758824,0
regression,has_taskfmri,availability,SVR_rbf,1003,189,0.2963,25.723,0.5552359828095241,0.5552359828095241,19.809420478716262,23.41991211162803,0.16665480971033908,0
regression,has_taskfmri,availability,SVR_rbf,1004,189,0.2963,25.723,0.5798481841178998,0.5798481841178998,19.58684621956694,23.243941053632156,0.17913083519773576,0
regression,has_taskfmri,availability,SVR_rbf,1005,189,0.2963,25.723,0.5526430859209509,0.5526430859209509,19.802322696666977,23.4287730643298,0.16602409605121726,0
regression,has_taskfmri,availability,SVR_rbf,1006,189,0.2963,25.723,0.5653111053339116,0.5653111053339116,19.70456754222856,23.359341929830844,0.17095974453320328,0
regression,has_taskfmri,availability,SVR_rbf,1007,189,0.2963,25.723,0.5647668213111361,0.5647668213111361,19.753451244157834,23.330467933395607,0.17300799666317745,0
regression,has_taskfmri,availability,SVR_rbf,1008,189,0.2963,25.723,0.5694259901585436,0.5694259901585436,19.642854378953363,23.305057485162394,0.17480845721892246,0
regression,has_taskfmri,availability,SVR_rbf,1009,189,0.2963,25.723,0.5681094749133424,0.5681094749133424,19.69336352050519,23.317752043285278,0.17390922793690344,0
regression,has_taskfmri,availability,SVR_rbf,1010,189,0.2963,25.723,0.5713447275012219,0.5713447275012219,19.646809453496484,23.359557642664285,0.17094443284772798,0
regression,has_taskfmri,availability,SVR_rbf,1011,189,0.2963,25.723,0.5641675277718599,0.5641675277718599,19.66852817466897,23.35839730992193,0.17102679369055063,0
regression,has_taskfmri,availability,SVR_rbf,1012,189,0.2963,25.723,0.5583180161582566,0.5583180161582566,19.752648163845418,23.352221047554597,0.17146511820900434,0
regression,has_taskfmri,availability,SVR_rbf,1013,189,0.2963,25.723,0.5520472882086083,0.5520472882086083,19.718116601285598,23.432244940433115,0.16577690636349385,0
regression,has_taskfmri,availability,SVR_rbf,1014,189,0.2963,25.723,0.5607561576934872,0.5607561576934872,19.71045391177204,23.338358498712463,0.17244851042256204,0
regression,has_taskfmri,availability,SVR_rbf,1015,189,0.2963,25.723,0.5707115482791775,0.5707115482791775,19.68347821958809,23.33631760340525,0.17259323971910512,0
regression,has_taskfmri,availability,SVR_rbf,1016,189,0.2963,25.723,0.5609420555233418,0.5609420555233418,19.739443885097938,23.35950480656922,0.1709481832620029,0
regression,has_taskfmri,availability,SVR_rbf,1017,189,0.2963,25.723,0.5580430287524577,0.5580430287524577,19.768869486530026,23.417765025494184,0.16680760122179772,0
regression,has_taskfmri,availability,SVR_rbf,1018,189,0.2963,25.723,0.5675801283800153,0.5675801283800153,19.688445954816036,23.364146072036515,0.17061870437439275,0
regression,has_taskfmri,availability,SVR_rbf,1019,189,0.2963,25.723,0.5650364124497924,0.5650364124497924,19.652197064604326,23.315920199406957,0.17403901831117907,0
regression,has_taskfmri,availability,RandomForest,1000,189,0.2963,25.723,0.6804506064170472,0.6804506064170472,14.94885375661375,18.80181580281917,0.46290142682238933,0
regression,has_taskfmri,availability,RandomForest,1001,189,0.2963,25.723,0.6670351459774485,0.6670351459774485,15.333787301587304,19.1140148641719,0.44491658678948365,0
regression,has_taskfmri,availability,RandomForest,1002,189,0.2963,25.723,0.6781368229358036,0.6781368229358036,15.076878306878315,18.858842146381562,0.45963842106121955,0
regression,has_taskfmri,availability,RandomForest,1003,189,0.2963,25.723,0.6744501760643776,0.6744501760643776,15.304765925925922,18.94519820978616,0.45467837778253883,0
regression,has_taskfmri,availability,RandomForest,1004,189,0.2963,25.723,0.6669229065423649,0.6669229065423649,15.354747513227517,19.133636891353152,0.4437763289658718,0
regression,has_taskfmri,availability,RandomForest,1005,189,0.2963,25.723,0.6813553253101519,0.6813553253101519,14.941848042328044,18.77922288904174,0.4641914438281771,0
regression,has_taskfmri,availability,RandomForest,1006,189,0.2963,25.723,0.6788255550118736,0.6788255550118736,15.080836190476195,18.84107925509206,0.46065586037318496,0
regression,has_taskfmri,availability,RandomForest,1007,189,0.2963,25.723,0.6712603154039084,0.6712603154039084,15.277139470899476,19.016655593665387,0.4505569382182585,0
regression,has_taskfmri,availability,RandomForest,1008,189,0.2963,25.723,0.6505693783439166,0.6505693783439166,15.74658201058201,19.50351025207959,0.4220636947248204,0
regression,has_taskfmri,availability,RandomForest,1009,189,0.2963,25.723,0.6811610696699258,0.6811610696699258,14.773094391534388,18.784756508826476,0.46387562696152207,0
regression,has_taskfmri,availability,RandomForest,1010,189,0.2963,25.723,0.6855106117708873,0.6855106117708873,15.045679365079366,18.68454422361024,0.4695805654384235,0
regression,has_taskfmri,availability,RandomForest,1011,189,0.2963,25.723,0.6752027301146193,0.6752027301146193,15.19671703703704,18.93363955412996,0.4553435871897069,0
regression,has_taskfmri,availability,RandomForest,1012,189,0.2963,25.723,0.6650681173626712,0.6650681173626712,15.314702645502653,19.16277624705834,0.4420808498064609,0
regression,has_taskfmri,availability,RandomForest,1013,189,0.2963,25.723,0.6409604418200575,0.6409604418200575,15.884358941798952,19.70856657120339,0.4098471774513025,0
regression,has_taskfmri,availability,RandomForest,1014,189,0.2963,25.723,0.6697982383070609,0.6697982383070609,15.413102222222223,19.06316891535477,0.44786585762232134,0
regression,has_taskfmri,availability,RandomForest,1015,189,0.2963,25.723,0.6783512302011195,0.6783512302011195,14.999146455026459,18.853994966685246,0.4599161574196883,0
regression,has_taskfmri,availability,RandomForest,1016,189,0.2963,25.723,0.6668746468627832,0.6668746468627832,15.170891851851858,19.124786132172282,0.4442908012703273,0
regression,has_taskfmri,availability,RandomForest,1017,189,0.2963,25.723,0.6473663061577503,0.6473663061577503,15.660075132275141,19.571040599993093,0.4180545900718393,0
regression,has_taskfmri,availability,RandomForest,1018,189,0.2963,25.723,0.685764442404716,0.685764442404716,15.073068571428577,18.677414179013113,0.4699853055901597,0
regression,has_taskfmri,availability,RandomForest,1019,189,0.2963,25.723,0.6681979594741411,0.6681979594741411,15.298243386243394,19.087197907293426,0.44647305786916147,0
regression,has_taskfmri,availability,XGBoost,1000,189,0.2963,25.723,0.6793337061051304,0.6793337061051304,14.897608489182891,18.89128255714926,0.45777779479897973,0
regression,has_taskfmri,availability,XGBoost,1001,189,0.2963,25.723,0.684532722256813,0.684532722256813,15.206596925119877,18.800057770122343,0.4630018631545304,0
regression,has_taskfmri,availability,XGBoost,1002,189,0.2963,25.723,0.6555445744675039,0.6555445744675039,15.25483936491467,19.495895570936646,0.42251488956460237,0
regression,has_taskfmri,availability,XGBoost,1003,189,0.2963,25.723,0.6565553273443839,0.6565553273443839,15.6022022909336,19.463202359461725,0.4244500674283448,0
regression,has_taskfmri,availability,XGBoost,1004,189,0.2963,25.723,0.6875146671621165,0.6875146671621165,14.911783425871025,18.718227800906323,0.46766641348859705,0
regression,has_taskfmri,availability,XGBoost,1005,189,0.2963,25.723,0.6783149577638358,0.6783149577638358,15.160110973782011,18.937229916371447,0.45513700258410494,0
regression,has_taskfmri,availability,XGBoost,1006,189,0.2963,25.723,0.6778301002693586,0.6778301002693586,15.016621063474627,18.91365890480992,0.45649253127529554,0
regression,has_taskfmri,availability,XGBoost,1007,189,0.2963,25.723,0.6459214262095572,0.6459214262095572,15.786879838812292,19.71832042973897,0.40926289431472807,0
regression,has_taskfmri,availability,XGBoost,1008,189,0.2963,25.723,0.6522409954419723,0.6522409954419723,15.848938783110768,19.62963985008836,0.41456447235605254,0
regression,has_taskfmri,availability,XGBoost,1009,189,0.2963,25.723,0.6971913458787012,0.6971913458787012,14.432690411118605,18.522356544216176,0.47874901219314636,0
regression,has_taskfmri,availability,XGBoost,1010,189,0.2963,25.723,0.6933046913447444,0.6933046913447444,14.661447980769731,18.570923472214442,0.4760119145969449,0
regression,has_taskfmri,availability,XGBoost,1011,189,0.2963,25.723,0.6478732184999498,0.6478732184999498,15.646171383731584,19.750610701407133,0.4073265549456697,0
regression,has_taskfmri,availability,XGBoost,1012,189,0.2963,25.723,0.65228660601002,0.65228660601002,15.494732324509396,19.546374043923272,0.419520587041757,0
regression,has_taskfmri,availability,XGBoost,1013,189,0.2963,25.723,0.6445382909630609,0.6445382909630609,15.928156821033943,19.792853379252787,0.4047886195419379,0
regression,has_taskfmri,availability,XGBoost,1014,189,0.2963,25.723,0.6722662808332778,0.6722662808332778,15.331018047837354,19.103440074355188,0.4455306144246697,0
regression,has_taskfmri,availability,XGBoost,1015,189,0.2963,25.723,0.6881948318737332,0.6881948318737332,14.701846884268303,18.674540760217475,0.47014837281361666,0
regression,has_taskfmri,availability,XGBoost,1016,189,0.2963,25.723,0.6839001736407272,0.6839001736407272,14.791157428398336,18.766414331536392,0.46492210177684334,0
regression,has_taskfmri,availability,XGBoost,1017,189,0.2963,25.723,0.662542545319426,0.662542545319426,15.35401587067458,19.307910135397556,0.4335977773395082,0
regression,has_taskfmri,availability,XGBoost,1018,189,0.2963,25.723,0.6958377959177984,0.6958377959177984,14.881334700004134,18.49291551900554,0.48040473749796797,0
regression,has_taskfmri,availability,XGBoost,1019,189,0.2963,25.723,0.6645018527979721,0.6645018527979721,15.445585829719667,19.281576889439314,0.4351417080728893,0
regression,has_taskfmri,availability,LightGBM,1000,189,0.2963,25.723,0.6509954245545494,0.6509954245545494,15.409034079518134,19.687465194418987,0.41111021913173906,0
regression,has_taskfmri,availability,LightGBM,1001,189,0.2963,25.723,0.6505040668690978,0.6505040668690978,15.653805439167188,19.80552299507641,0.40402637339695946,0
regression,has_taskfmri,availability,LightGBM,1002,189,0.2963,25.723,0.6691564156476778,0.6691564156476778,15.001268702715368,19.21490050812826,0.43904155377350995,0
regression,has_taskfmri,availability,LightGBM,1003,189,0.2963,25.723,0.6363036457156567,0.6363036457156567,16.2035281140763,20.10448876889021,0.3858980458561193,0
regression,has_taskfmri,availability,LightGBM,1004,189,0.2963,25.723,0.6483908455743175,0.6483908455743175,15.623189640206254,19.897410800347743,0.3984835008893869,0
regression,has_taskfmri,availability,LightGBM,1005,189,0.2963,25.723,0.6465097425957643,0.6465097425957643,15.677805397515003,19.914568218170846,0.3974456855026576,0
regression,has_taskfmri,availability,LightGBM,1006,189,0.2963,25.723,0.6703204363062446,0.6703204363062446,15.127129747467816,19.10877130144737,0.44522109795363063,0
regression,has_taskfmri,availability,LightGBM,1007,189,0.2963,25.723,0.6430627275909919,0.6430627275909919,15.81611425727535,19.88602153638884,0.39917191905067795,0
regression,has_taskfmri,availability,LightGBM,1008,189,0.2963,25.723,0.613801584037696,0.613801584037696,16.342020392363438,20.63097487819312,0.3533133259353578,0
regression,has_taskfmri,availability,LightGBM,1009,189,0.2963,25.723,0.6882080329003042,0.6882080329003042,14.306379705215818,18.769494036428775,0.4647464670278121,0
regression,has_taskfmri,availability,LightGBM,1010,189,0.2963,25.723,0.6364001311976596,0.6364001311976596,15.840534092893416,20.16469547044705,0.3822144491318934,0
regression,has_taskfmri,availability,LightGBM,1011,189,0.2963,25.723,0.6397775378828452,0.6397775378828452,15.746520948251172,20.12435367783721,0.3846838785727168,0
regression,has_taskfmri,availability,LightGBM,1012,189,0.2963,25.723,0.6017730819785614,0.6017730819785614,16.33655653612699,20.793091973878465,0.3431101362628437,0
regression,has_taskfmri,availability,LightGBM,1013,189,0.2963,25.723,0.6277798050838015,0.6277798050838015,16.14648833649696,20.284937566469907,0.3748247707797321,0
regression,has_taskfmri,availability,LightGBM,1014,189,0.2963,25.723,0.6273686646940485,0.6273686646940485,16.19248219658801,20.314595212987328,0.37299535621801183,0
regression,has_taskfmri,availability,LightGBM,1015,189,0.2963,25.723,0.6749737620724225,0.6749737620724225,14.681426721280163,19.104799699369007,0.44545168651742095,0
regression,has_taskfmri,availability,LightGBM,1016,189,0.2963,25.723,0.662691541867146,0.662691541867146,15.266935964204503,19.401869652288728,0.42807171363555374,0
regression,has_taskfmri,availability,LightGBM,1017,189,0.2963,25.723,0.639531391943489,0.639531391943489,15.825636761163565,20.060438452548347,0.38858617684365904,0
regression,has_taskfmri,availability,LightGBM,1018,189,0.2963,25.723,0.6536297723457349,0.6536297723457349,15.335310045065942,19.62125514680215,0.41506449730463746,0
regression,has_taskfmri,availability,LightGBM,1019,189,0.2963,25.723,0.6574258497323855,0.6574258497323855,15.316912853967631,19.561409009033248,0.41862724035050636,0
regression,has_taskfmri,availability,MLP,1000,189,0.2963,25.723,0.48910943358201564,0.48910943358201564,21.140865842656282,27.89992654051456,-0.18266169533150012,0
regression,has_taskfmri,availability,MLP,1001,189,0.2963,25.723,0.5078021470959572,0.5078021470959572,20.293109530949884,27.095731968550567,-0.11546561272471623,0
regression,has_taskfmri,availability,MLP,1002,189,0.2963,25.723,0.4829480509348359,0.4829480509348359,20.673956787287747,28.035132323482507,-0.19415205910453204,0
regression,has_taskfmri,availability,MLP,1003,189,0.2963,25.723,0.5231470440119905,0.5231470440119905,20.541848485043758,26.539318318603325,-0.07012359117518985,0
regression,has_taskfmri,availability,MLP,1004,189,0.2963,25.723,0.5675850574140626,0.5675850574140626,19.682418426202787,25.321549420984635,0.025829521631673513,0
regression,has_taskfmri,availability,MLP,1005,189,0.2963,25.723,0.4966604529027734,0.4966604529027734,20.366480781716355,26.227528970276882,-0.04512722763362875,0
regression,has_taskfmri,availability,MLP,1006,189,0.2963,25.723,0.3827523655845597,0.3827523655845597,23.920065352739627,31.208868981407132,-0.4798253792614211,0
regression,has_taskfmri,availability,MLP,1007,189,0.2963,25.723,0.439182921268949,0.439182921268949,22.339624995689068,28.177456732241215,-0.20630740686163596,0
regression,has_taskfmri,availability,MLP,1008,189,0.2963,25.723,0.4560551296771843,0.4560551296771843,21.150031173198037,27.27312826977757,-0.13011937697938536,0
regression,has_taskfmri,availability,MLP,1009,189,0.2963,25.723,0.4889344673585026,0.4889344673585026,21.36846658412485,27.182247799511792,-0.1226002790945857,0
regression,has_taskfmri,availability,MLP,1010,189,0.2963,25.723,0.5230018458916097,0.5230018458916097,19.818533253507667,25.78226842865653,-0.009942533210655524,0
regression,has_taskfmri,availability,MLP,1011,189,0.2963,25.723,0.4683024697660064,0.4683024697660064,21.06732822036798,27.039822313224843,-0.11086703200661496,0
regression,has_taskfmri,availability,MLP,1012,189,0.2963,25.723,0.47256005859466915,0.47256005859466915,20.72412749239942,26.20449673334417,-0.043292434240091104,0
regression,has_taskfmri,availability,MLP,1013,189,0.2963,25.723,0.44225124938803695,0.44225124938803695,20.852657589960984,26.809221344298646,-0.09200043670009417,0
regression,has_taskfmri,availability,MLP,1014,189,0.2963,25.723,0.49464303087907824,0.49464303087907824,20.386379121695253,26.983432659566738,-0.10623859256357826,0
regression,has_taskfmri,availability,MLP,1015,189,0.2963,25.723,0.49656855211653206,0.49656855211653206,20.744774744406328,27.089565992864962,-0.11495799394004136,0
regression,has_taskfmri,availability,MLP,1016,189,0.2963,25.723,0.48425377508010203,0.48425377508010203,20.569620629462484,26.65386978878451,-0.07938146162157178,0
regression,has_taskfmri,availability,MLP,1017,189,0.2963,25.723,0.46782306273416974,0.46782306273416974,20.9935731636974,27.808314204398112,-0.17490765933428798,0
regression,has_taskfmri,availability,MLP,1018,189,0.2963,25.723,0.4614116543535962,0.4614116543535962,20.887470707792918,27.464094090668613,-0.146000924218602,0
regression,has_taskfmri,availability,MLP,1019,189,0.2963,25.723,0.4844304460099309,0.4844304460099309,21.56273711448554,27.634874546200564,-0.16029763226667448,0
regression,has_flair,availability,Ridge,1000,135,0.3111,25.647,0.2900746121296369,0.2900746121296369,26.801457057432412,38.81745816867574,-1.307899674151757,0
regression,has_flair,availability,Ridge,1001,135,0.3111,25.647,0.44297313748423583,0.44297313748423583,23.25180844565388,32.34310096814192,-0.6022343991645269,0
regression,has_flair,availability,Ridge,1002,135,0.3111,25.647,0.4038145679590961,0.4038145679590961,22.38949136140312,29.503820693284265,-0.3332735347002096,0
regression,has_flair,availability,Ridge,1003,135,0.3111,25.647,0.47566203530885076,0.47566203530885076,21.820709288449063,27.97778559429608,-0.19891781588453217,0
regression,has_flair,availability,Ridge,1004,135,0.3111,25.647,0.4522166904251225,0.4522166904251225,22.712547006770308,29.749821952179506,-0.3555997506977142,0
regression,has_flair,availability,Ridge,1005,135,0.3111,25.647,0.4723560659953588,0.4723560659953588,23.0223416094697,29.779858798526448,-0.3583384895633057,0
regression,has_flair,availability,Ridge,1006,135,0.3111,25.647,0.42722040023497043,0.42722040023497043,22.890646831730887,30.205661408116192,-0.39746016869452583,0
regression,has_flair,availability,Ridge,1007,135,0.3111,25.647,0.472218448619153,0.472218448619153,21.53313272219828,26.86627912543817,-0.10554845893186737,0
regression,has_flair,availability,Ridge,1008,135,0.3111,25.647,0.5425668309845596,0.5425668309845596,19.174960928421033,24.18851093180087,0.10384938802173937,0
regression,has_flair,availability,Ridge,1009,135,0.3111,25.647,0.4006436792960632,0.4006436792960632,23.74721576028891,32.195532387604196,-0.5876470491720376,0
regression,has_flair,availability,Ridge,1010,135,0.3111,25.647,0.43560093315944415,0.43560093315944415,22.36275889518514,30.371792954239538,-0.4128745417152513,0
regression,has_flair,availability,Ridge,1011,135,0.3111,25.647,0.4626859621931462,0.4626859621931462,23.020350067732426,31.03796726824014,-0.4755342002067362,0
regression,has_flair,availability,Ridge,1012,135,0.3111,25.647,0.47789784936598423,0.47789784936598423,21.06152529786068,26.889705130250565,-0.10747726154055526,0
regression,has_flair,availability,Ridge,1013,135,0.3111,25.647,0.42464625932724726,0.42464625932724726,21.699424828673706,28.913517181957868,-0.2804557883001384,0
regression,has_flair,availability,Ridge,1014,135,0.3111,25.647,0.5344975870099201,0.5344975870099201,21.339409578276456,29.015898698478413,-0.28953992050692023,0
regression,has_flair,availability,Ridge,1015,135,0.3111,25.647,0.44192001372144546,0.44192001372144546,22.183173176286243,29.5280258147987,-0.33546208420038237,0
regression,has_flair,availability,Ridge,1016,135,0.3111,25.647,0.42908363866659555,0.42908363866659555,22.216653203738062,29.05302964216543,-0.29284241830516966,0
regression,has_flair,availability,Ridge,1017,135,0.3111,25.647,0.39765887911972386,0.39765887911972386,23.126890290705315,29.99721134234569,-0.3782389026297168,0
regression,has_flair,availability,Ridge,1018,135,0.3111,25.647,0.41194020358100375,0.41194020358100375,22.96102185221038,30.144191067909986,-0.3917781250137222,0
regression,has_flair,availability,Ridge,1019,135,0.3111,25.647,0.4283635072422424,0.4283635072422424,24.460661283847944,34.716514373954325,-0.8460139023023867,0
regression,has_flair,availability,ElasticNet,1000,135,0.3111,25.647,0.6068449981367068,0.6068449981367068,17.298266933892187,20.38166827029361,0.3637289022856076,0
regression,has_flair,availability,ElasticNet,1001,135,0.3111,25.647,0.6071431862248932,0.6071431862248932,17.295162640389815,20.474164277215824,0.35794075214500776,0
regression,has_flair,availability,ElasticNet,1002,135,0.3111,25.647,0.6059074314357048,0.6059074314357048,17.07233462169917,20.35719219989306,0.3652561634521042,0
regression,has_flair,availability,ElasticNet,1003,135,0.3111,25.647,0.6140899506336414,0.6140899506336414,17.214622201962232,20.177018803331105,0.3764421715194871,0
regression,has_flair,availability,ElasticNet,1004,135,0.3111,25.647,0.6334410553504152,0.6334410553504152,16.634129658621763,19.7786677377037,0.4008206905503555,0
regression,has_flair,availability,ElasticNet,1005,135,0.3111,25.647,0.6239670652441808,0.6239670652441808,17.0721500597551,19.994554777004854,0.3876690452077086,0
regression,has_flair,availability,ElasticNet,1006,135,0.3111,25.647,0.6261687730195277,0.6261687730195277,16.874232145296396,19.949687818995503,0.39041405282828867,0
regression,has_flair,availability,ElasticNet,1007,135,0.3111,25.647,0.6284735199217865,0.6284735199217865,16.916996494108623,19.884584558958434,0.3943861728576614,0
regression,has_flair,availability,ElasticNet,1008,135,0.3111,25.647,0.6409561324440799,0.6409561324440799,16.76140045776512,19.613635954203136,0.41077799327935915,0
regression,has_flair,availability,ElasticNet,1009,135,0.3111,25.647,0.6099244057311463,0.6099244057311463,17.21967026124876,20.28369847996669,0.3698310063608602,0
regression,has_flair,availability,ElasticNet,1010,135,0.3111,25.647,0.6562746163424984,0.6562746163424984,16.35445427738319,19.279509589018037,0.4306822769975256,0
regression,has_flair,availability,ElasticNet,1011,135,0.3111,25.647,0.593656882792628,0.593656882792628,17.35513282799942,20.63419308375591,0.34786468557406824,0
regression,has_flair,availability,ElasticNet,1012,135,0.3111,25.647,0.6527553411152986,0.6527553411152986,16.50688544471121,19.368947517164592,0.4253878784623475,0
regression,has_flair,availability,ElasticNet,1013,135,0.3111,25.647,0.6435996231328242,0.6435996231328242,16.78807520660271,19.556494707059812,0.4142062037233617,0
regression,has_flair,availability,ElasticNet,1014,135,0.3111,25.647,0.6579778783598392,0.6579778783598392,16.330626681046922,19.25043172527238,0.432398301889365,0
regression,has_flair,availability,ElasticNet,1015,135,0.3111,25.647,0.6431196203642335,0.6431196203642335,16.564957726976953,19.568989020433992,0.4134574571412418,0
regression,has_flair,availability,ElasticNet,1016,135,0.3111,25.647,0.6245237259291967,0.6245237259291967,16.883323980219973,19.95798753252625,0.38990673249182506,0
regression,has_flair,availability,ElasticNet,1017,135,0.3111,25.647,0.6095391919715453,0.6095391919715453,17.239793509223787,20.286982268827536,0.36962694994286593,0
regression,has_flair,availability,ElasticNet,1018,135,0.3111,25.647,0.6021850594992215,0.6021850594992215,17.376551387818008,20.40530168443628,0.36225247981310416,0
regression,has_flair,availability,ElasticNet,1019,135,0.3111,25.647,0.625863171603863,0.625863171603863,17.03202129095971,19.93735574265413,0.39116746180520456,0
regression,has_flair,availability,SVR_rbf,1000,135,0.3111,25.647,0.44542502936141243,0.44542502936141243,20.528301035431962,24.15146754259326,0.10659209812225912,0
regression,has_flair,availability,SVR_rbf,1001,135,0.3111,25.647,0.5008321550420495,0.5008321550420495,20.298752048730552,24.030533359454687,0.1155168601624793,0
regression,has_flair,availability,SVR_rbf,1002,135,0.3111,25.647,0.5181901142489348,0.5181901142489348,20.24297055839094,23.968877620341527,0.12004971858666269,0
regression,has_flair,availability,SVR_rbf,1003,135,0.3111,25.647,0.4981518410579988,0.4981518410579988,20.35885506264001,24.06222770645375,0.11318219685349296,0
regression,has_flair,availability,SVR_rbf,1004,135,0.3111,25.647,0.5202591496753755,0.5202591496753755,20.19773688895236,23.894688386205633,0.1254885885853605,0
regression,has_flair,availability,SVR_rbf,1005,135,0.3111,25.647,0.5034314051376634,0.5034314051376634,20.21884980218167,23.988127107349797,0.11863576892255434,0
regression,has_flair,availability,SVR_rbf,1006,135,0.3111,25.647,0.5108193625845098,0.5108193625845098,20.31680558587039,23.965148338200542,0.12032351760496429,0
regression,has_flair,availability,SVR_rbf,1007,135,0.3111,25.647,0.5240948223112788,0.5240948223112788,20.260083840730342,23.931384696932625,0.12280046107040832,0
regression,has_flair,availability,SVR_rbf,1008,135,0.3111,25.647,0.47332583482802143,0.47332583482802143,20.47193889054951,24.0689022687235,0.11269014419183454,0
regression,has_flair,availability,SVR_rbf,1009,135,0.3111,25.647,0.4748048793255698,0.4748048793255698,20.37906882196505,24.0251475653929,0.11591328167756265,0
regression,has_flair,availability,SVR_rbf,1010,135,0.3111,25.647,0.49385861776923745,0.49385861776923745,20.35695616089666,24.013187208191926,0.11679330631937501,0
regression,has_flair,availability,SVR_rbf,1011,135,0.3111,25.647,0.4913845947351968,0.4913845947351968,20.27037661740763,23.977481942725827,0.11941783794496974,0
regression,has_flair,availability,SVR_rbf,1012,135,0.3111,25.647,0.5163371545549338,0.5163371545549338,20.245378620923415,23.930750465336768,0.12284695568810944,0
regression,has_flair,availability,SVR_rbf,1013,135,0.3111,25.647,0.5136366198792648,0.5136366198792648,20.267553250168177,23.952158183895826,0.12127690508926758,0
regression,has_flair,availability,SVR_rbf,1014,135,0.3111,25.647,0.514648097805326,0.514648097805326,20.217512749127444,23.934001709864088,0.12260859853627182,0
regression,has_flair,availability,SVR_rbf,1015,135,0.3111,25.647,0.5012205032121475,0.5012205032121475,20.35260696700384,24.065907928430175,0.11291090560049988,0
regression,has_flair,availability,SVR_rbf,1016,135,0.3111,25.647,0.4894725164891086,0.4894725164891086,20.233202118776454,24.015580383279804,0.11661725525514588,0
regression,has_flair,availability,SVR_rbf,1017,135,0.3111,25.647,0.4761644693413377,0.4761644693413377,20.431458137866134,24.0541338725978,0.11377869596841317,0
regression,has_flair,availability,SVR_rbf,1018,135,0.3111,25.647,0.5043877483197909,0.5043877483197909,20.35619862319241,23.95324105330951,0.12119744971286794,0
regression,has_flair,availability,SVR_rbf,1019,135,0.3111,25.647,0.514382763001203,0.514382763001203,20.29826734720918,23.98778886359932,0.11866062403858191,0
regression,has_flair,availability,RandomForest,1000,135,0.3111,25.647,0.6215655988286404,0.6215655988286404,16.534860740740744,20.021524994665125,0.38601601142191844,0
regression,has_flair,availability,RandomForest,1001,135,0.3111,25.647,0.5947061825726389,0.5947061825726389,16.899623703703714,20.57419740051982,0.35165145092102057,0
regression,has_flair,availability,RandomForest,1002,135,0.3111,25.647,0.6169287806233191,0.6169287806233191,16.463500740740752,20.113255661670106,0.38037706220096823,0
regression,has_flair,availability,RandomForest,1003,135,0.3111,25.647,0.6156762185699859,0.6156762185699859,16.678105185185196,20.155176268417094,0.3777914998413835,0
regression,has_flair,availability,RandomForest,1004,135,0.3111,25.647,0.6483742107701094,0.6483742107701094,15.935322962962955,19.468679869818637,0.419455190682377,0
regression,has_flair,availability,RandomForest,1005,135,0.3111,25.647,0.6044560567443927,0.6044560567443927,16.826314074074077,20.390466157358215,0.36317948215382834,0
regression,has_flair,availability,RandomForest,1006,135,0.3111,25.647,0.6154745412386389,0.6154745412386389,16.942485925925926,20.152805357482944,0.37793787555655,0
regression,has_flair,availability,RandomForest,1007,135,0.3111,25.647,0.6223708245751017,0.6223708245751017,16.72726962962964,20.004064359431982,0.38708644694638306,0
regression,has_flair,availability,RandomForest,1008,135,0.3111,25.647,0.6266229065928158,0.6266229065928158,16.436511111111116,19.91492175616994,0.39253683662619643,0
regression,has_flair,availability,RandomForest,1009,135,0.3111,25.647,0.6206237031615136,0.6206237031615136,16.486010370370376,20.04586816177858,0.38452207915853065,0
regression,has_flair,availability,RandomForest,1010,135,0.3111,25.647,0.66216866334081,0.66216866334081,15.858136296296298,19.17079813534309,0.43708460413704897,0
regression,has_flair,availability,RandomForest,1011,135,0.3111,25.647,0.5951564463602836,0.5951564463602836,16.770225185185183,20.554590047542156,0.3528866234144893,0
regression,has_flair,availability,RandomForest,1012,135,0.3111,25.647,0.6420882525226368,0.6420882525226368,16.09341333333333,19.590218584120752,0.4121841367258574,0
regression,has_flair,availability,RandomForest,1013,135,0.3111,25.647,0.6470217149340329,0.6470217149340329,16.076114074074077,19.487536370549304,0.41833006611255186,0
regression,has_flair,availability,RandomForest,1014,135,0.3111,25.647,0.6161171484077593,0.6161171484077593,16.51687407407407,20.14423583502699,0.37846679863741606,0
regression,has_flair,availability,RandomForest,1015,135,0.3111,25.647,0.6088832971351362,0.6088832971351362,16.53646370370371,20.279529941436767,0.3700899940208472,0
regression,has_flair,availability,RandomForest,1016,135,0.3111,25.647,0.6339035708584996,0.6339035708584996,16.406253333333336,19.76622577679562,0.401574292444588,0
regression,has_flair,availability,RandomForest,1017,135,0.3111,25.647,0.6107697030282607,0.6107697030282607,16.516377777777777,20.2468776860697,0.3721168086546407,0
regression,has_flair,availability,RandomForest,1018,135,0.3111,25.647,0.5792130593744604,0.5792130593744604,17.151605925925935,20.872846867605755,0.3326923365009078,0
regression,has_flair,availability,RandomForest,1019,135,0.3111,25.647,0.6143130127606805,0.6143130127606805,16.740620740740745,20.17509330753402,0.3765611782667375,0
regression,has_flair,availability,XGBoost,1000,135,0.3111,25.647,0.6315253865792514,0.6315253865792514,16.297224440398047,19.95153520719646,0.3903011494046168,0
regression,has_flair,availability,XGBoost,1001,135,0.3111,25.647,0.6339848678585409,0.6339848678585409,16.080998148035125,19.87428907428602,0.39501313830520246,0
regression,has_flair,availability,XGBoost,1002,135,0.3111,25.647,0.6188927535379883,0.6188927535379883,16.583709140353736,20.15863008753311,0.37757823653762335,0
regression,has_flair,availability,XGBoost,1003,135,0.3111,25.647,0.6272344597195825,0.6272344597195825,16.63390156498662,19.993941566007674,0.3877066036651664,0
regression,has_flair,availability,XGBoost,1004,135,0.3111,25.647,0.6613377349943378,0.6613377349943378,15.97583645855939,19.230923070712663,0.43354814982776857,0
regression,has_flair,availability,XGBoost,1005,135,0.3111,25.647,0.609452544865427,0.609452544865427,16.607335264417863,20.54198155968784,0.3536802776462419,0
regression,has_flair,availability,XGBoost,1006,135,0.3111,25.647,0.6146330348207588,0.6146330348207588,16.649902708265518,20.286409330258554,0.36966255503469103,0
regression,has_flair,availability,XGBoost,1007,135,0.3111,25.647,0.6502130261215937,0.6502130261215937,16.26935786777073,19.508146204823234,0.4170990782674826,0
regression,has_flair,availability,XGBoost,1008,135,0.3111,25.647,0.6597592022651368,0.6597592022651368,16.055621838039823,19.295152339062895,0.4297580514421455,0
regression,has_flair,availability,XGBoost,1009,135,0.3111,25.647,0.6312769355067037,0.6312769355067037,16.245239110876017,19.990379719168228,0.38792473984728215,0
regression,has_flair,availability,XGBoost,1010,135,0.3111,25.647,0.6635566842722521,0.6635566842722521,15.69509932058829,19.154786452970864,0.43802451894718664,0
regression,has_flair,availability,XGBoost,1011,135,0.3111,25.647,0.6017410868162457,0.6017410868162457,16.66287796868219,20.585312412645067,0.35095073356726625,0
regression,has_flair,availability,XGBoost,1012,135,0.3111,25.647,0.6390268511990403,0.6390268511990403,16.07043522022389,19.714633752403376,0.404694129462421,0
regression,has_flair,availability,XGBoost,1013,135,0.3111,25.647,0.643573903553131,0.643573903553131,16.171705726340967,19.64329282003001,0.4089947758067072,0
regression,has_flair,availability,XGBoost,1014,135,0.3111,25.647,0.6381078471702784,0.6381078471702784,16.06768759550872,19.783912095631173,0.4005029009602249,0
regression,has_flair,availability,XGBoost,1015,135,0.3111,25.647,0.6218181537245906,0.6218181537245906,16.61146956832321,20.205784071839357,0.37466295980309494,0
regression,has_flair,availability,XGBoost,1016,135,0.3111,25.647,0.6430444844396764,0.6430444844396764,15.767968006840464,19.64635536712042,0.4088104765202617,0
regression,has_flair,availability,XGBoost,1017,135,0.3111,25.647,0.5775228458546224,0.5775228458546224,17.18021311724628,21.228958498260933,0.3097282266473462,0
regression,has_flair,availability,XGBoost,1018,135,0.3111,25.647,0.5703065016112245,0.5703065016112245,17.427175609447342,21.397495952140215,0.2987245358579381,0
regression,has_flair,availability,XGBoost,1019,135,0.3111,25.647,0.6293984585496023,0.6293984585496023,16.590097413239658,20.102459785927998,0.38104205419245807,0
regression,has_flair,availability,LightGBM,1000,135,0.3111,25.647,0.6264314711690762,0.6264314711690762,16.136150231757366,20.276450256076313,0.3702812979937915,0
regression,has_flair,availability,LightGBM,1001,135,0.3111,25.647,0.61409186704698,0.61409186704698,16.452662901780524,20.509613760996725,0.35571547224762023,0
regression,has_flair,availability,LightGBM,1002,135,0.3111,25.647,0.6211611262443417,0.6211611262443417,16.396802131937196,20.284930389518685,0.36975445870584234,0
regression,has_flair,availability,LightGBM,1003,135,0.3111,25.647,0.5533093113455911,0.5533093113455911,17.628776468719213,21.671175867611268,0.28067079748900126,0
regression,has_flair,availability,LightGBM,1004,135,0.3111,25.647,0.6486217326360588,0.6486217326360588,15.718773620964997,19.56064963007837,0.41395726476800965,0
regression,has_flair,availability,LightGBM,1005,135,0.3111,25.647,0.5741527457162474,0.5741527457162474,16.96764301954598,21.544631680576316,0.28904700776707193,0
regression,has_flair,availability,LightGBM,1006,135,0.3111,25.647,0.5830862315840837,0.5830862315840837,17.12581794470309,21.219531599808633,0.3103411325646267,0
regression,has_flair,availability,LightGBM,1007,135,0.3111,25.647,0.614031740881483,0.614031740881483,16.48157055162272,20.527154116967324,0.3546129831865288,0
regression,has_flair,availability,LightGBM,1008,135,0.3111,25.647,0.58878857524069,0.58878857524069,17.098418199670615,21.185552136361558,0.3125481063799971,0
regression,has_flair,availability,LightGBM,1009,135,0.3111,25.647,0.6003220464089457,0.6003220464089457,16.74768607239485,20.78090434760911,0.3385582176618688,0
regression,has_flair,availability,LightGBM,1010,135,0.3111,25.647,0.6334275026725227,0.6334275026725227,16.23908903101708,20.039987439805287,0.3848831434533174,0
regression,has_flair,availability,LightGBM,1011,135,0.3111,25.647,0.5885274223141034,0.5885274223141034,16.828158987522816,21.152273844249354,0.3147061107591044,0
regression,has_flair,availability,LightGBM,1012,135,0.3111,25.647,0.6438967771235301,0.6438967771235301,15.832938218167152,19.767116729223147,0.4015203437687995,0
regression,has_flair,availability,LightGBM,1013,135,0.3111,25.647,0.6266498497660412,0.6266498497660412,16.589579313524208,20.250903984441337,0.3718670618567508,0
regression,has_flair,availability,LightGBM,1014,135,0.3111,25.647,0.6322920173536495,0.6322920173536495,15.689695827923774,19.978296215630774,0.3886644734947656,0
regression,has_flair,availability,LightGBM,1015,135,0.3111,25.647,0.620411133097132,0.620411133097132,16.633179424260927,20.312936383756448,0.36801298489509615,0
regression,has_flair,availability,LightGBM,1016,135,0.3111,25.647,0.6341512411673565,0.6341512411673565,15.552757845084185,20.032165066571345,0.38536325698220675,0
regression,has_flair,availability,LightGBM,1017,135,0.3111,25.647,0.5985897116408069,0.5985897116408069,16.97293181878139,20.947179336421414,0.3279310359517751,0
regression,has_flair,availability,LightGBM,1018,135,0.3111,25.647,0.5553016038518247,0.5553016038518247,17.668482837700747,21.766969398748525,0.2742974118951067,0
regression,has_flair,availability,LightGBM,1019,135,0.3111,25.647,0.5945218771394046,0.5945218771394046,17.156868068339215,21.027453805800285,0.32277011637883934,0
regression,has_flair,availability,MLP,1000,135,0.3111,25.647,0.3244938912053989,0.3244938912053989,26.57207995824207,37.20236798394253,-1.1198440231050593,0
regression,has_flair,availability,MLP,1001,135,0.3111,25.647,0.2957038925759168,0.2957038925759168,26.117789851698213,33.82225635748001,-0.7521363210599394,0
regression,has_flair,availability,MLP,1002,135,0.3111,25.647,0.27624282027444363,0.27624282027444363,26.660376933905205,37.775534544407336,-1.1856669016126276,0
regression,has_flair,availability,MLP,1003,135,0.3111,25.647,0.4466849603862267,0.4466849603862267,22.72950303560552,29.321639983988483,-0.3168589286532779,0
regression,has_flair,availability,MLP,1004,135,0.3111,25.647,0.48694498827867383,0.48694498827867383,21.53851190126201,28.732194281386604,-0.2644461175717081,0
regression,has_flair,availability,MLP,1005,135,0.3111,25.647,0.43750634881755457,0.43750634881755457,23.44420332249025,30.164114063328448,-0.3936184498918145,0
regression,has_flair,availability,MLP,1006,135,0.3111,25.647,0.3944698983754574,0.3944698983754574,23.600397293895153,30.572754658740887,-0.4316335943435259,0
regression,has_flair,availability,MLP,1007,135,0.3111,25.647,0.4359088839260772,0.4359088839260772,23.793253086453493,29.41042215404471,-0.32484556194529524,0
regression,has_flair,availability,MLP,1008,135,0.3111,25.647,0.44928404435528996,0.44928404435528996,21.39166091659855,26.723169579317258,-0.09380190080328132,0
regression,has_flair,availability,MLP,1009,135,0.3111,25.647,0.31456098565724305,0.31456098565724305,26.237638798062655,33.26767390834517,-0.6951479556517899,0
regression,has_flair,availability,MLP,1010,135,0.3111,25.647,0.4551650724228774,0.4551650724228774,23.361934710006775,28.68720641780997,-0.2604895666155185,0
regression,has_flair,availability,MLP,1011,135,0.3111,25.647,0.39216469666212384,0.39216469666212384,24.349142821359244,32.36469871206021,-0.604374960903038,0
regression,has_flair,availability,MLP,1012,135,0.3111,25.647,0.467659418125596,0.467659418125596,22.084885562871428,28.65781046035137,-0.25790762728225247,0
regression,has_flair,availability,MLP,1013,135,0.3111,25.647,0.37626817828938863,0.37626817828938863,24.637967854038457,36.14181429123887,-1.000703070041752,0
regression,has_flair,availability,MLP,1014,135,0.3111,25.647,0.4224935151691388,0.4224935151691388,22.98467397932462,28.79970952064148,-0.2703955192979921,0
regression,has_flair,availability,MLP,1015,135,0.3111,25.647,0.43100233038092706,0.43100233038092706,23.719257743361183,29.850887507542655,-0.3648258332185925,0
regression,has_flair,availability,MLP,1016,135,0.3111,25.647,0.3826839030534784,0.3826839030534784,23.096808267496137,29.78591989409028,-0.3588914711796607,0
regression,has_flair,availability,MLP,1017,135,0.3111,25.647,0.37825703601964356,0.37825703601964356,23.707809460620705,30.18879267582659,-0.39589974604880473,0
regression,has_flair,availability,MLP,1018,135,0.3111,25.647,0.3229594061684277,0.3229594061684277,25.582430989391355,32.36479384734764,-0.6043843929634902,0
regression,has_flair,availability,MLP,1019,135,0.3111,25.647,0.36540732869618414,0.36540732869618414,27.81081335837957,38.73417701080152,-1.2980073018561091,0
regression,multimodal_complete,availability,Ridge,1000,162,0.284,25.008,0.5208309301072771,0.5208309301072771,19.229981953647663,25.366533699463368,-0.03529426758416787,0
regression,multimodal_complete,availability,Ridge,1001,162,0.284,25.008,0.5066885534439853,0.5066885534439853,20.222025763439945,26.05665348186974,-0.09239281045813286,0
regression,multimodal_complete,availability,Ridge,1002,162,0.284,25.008,0.5515286315760588,0.5515286315760588,19.016580928058914,23.87020343424054,0.08324392018601345,0
regression,multimodal_complete,availability,Ridge,1003,162,0.284,25.008,0.5527425885622884,0.5527425885622884,18.784366145800682,23.535515870002577,0.10877163119812816,0
regression,multimodal_complete,availability,Ridge,1004,162,0.284,25.008,0.5195575167673971,0.5195575167673971,19.505164725090033,25.681003232211246,-0.0611225142641314,0
regression,multimodal_complete,availability,Ridge,1005,162,0.284,25.008,0.43123084390594346,0.43123084390594346,20.89923159691617,27.66021552298749,-0.23098476400578183,0
regression,multimodal_complete,availability,Ridge,1006,162,0.284,25.008,0.4822206227646422,0.4822206227646422,20.183129940693995,26.056711672679413,-0.09239768961831718,0
regression,multimodal_complete,availability,Ridge,1007,162,0.284,25.008,0.5439075200186516,0.5439075200186516,18.491243206794955,24.04796429370838,0.06953895606307392,0
regression,multimodal_complete,availability,Ridge,1008,162,0.284,25.008,0.5597943746087362,0.5597943746087362,18.515961559036622,23.364484077985033,0.121677618890215,0
regression,multimodal_complete,availability,Ridge,1009,162,0.284,25.008,0.587317650065373,0.587317650065373,18.117348869393123,22.710718463345266,0.17014291672723325,0
regression,multimodal_complete,availability,Ridge,1010,162,0.284,25.008,0.4442654650925171,0.4442654650925171,20.571946093359692,27.177030919964103,-0.18835329633693298,0
regression,multimodal_complete,availability,Ridge,1011,162,0.284,25.008,0.5101504602169806,0.5101504602169806,20.55361054799201,28.12216617376314,-0.2724452314804313,0
regression,multimodal_complete,availability,Ridge,1012,162,0.284,25.008,0.5017326205388716,0.5017326205388716,19.837990846491643,26.05194044454405,-0.09199766973346302,0
regression,multimodal_complete,availability,Ridge,1013,162,0.284,25.008,0.5004043158972826,0.5004043158972826,18.893671028099593,25.221654330177945,-0.02350200261834945,0
regression,multimodal_complete,availability,Ridge,1014,162,0.284,25.008,0.5788554166482247,0.5788554166482247,17.476501581820482,22.239376549485172,0.2042314435592617,0
regression,multimodal_complete,availability,Ridge,1015,162,0.284,25.008,0.5400213647937904,0.5400213647937904,18.76813962227225,23.63483837019262,0.10123359290691991,0
regression,multimodal_complete,availability,Ridge,1016,162,0.284,25.008,0.5785165965382004,0.5785165965382004,19.18013167766763,23.539556696590065,0.10846557387925149,0
regression,multimodal_complete,availability,Ridge,1017,162,0.284,25.008,0.4945209853015945,0.4945209853015945,19.98830430733073,27.68883712205806,-0.2335336220228139,0
regression,multimodal_complete,availability,Ridge,1018,162,0.284,25.008,0.5202763402362643,0.5202763402362643,19.899612147550844,24.91607810635893,0.0011485015597464399,0
regression,multimodal_complete,availability,Ridge,1019,162,0.284,25.008,0.5236241826117533,0.5236241826117533,19.1063475667241,24.134063350964823,0.06286435940228718,0
regression,multimodal_complete,availability,ElasticNet,1000,162,0.284,25.008,0.6910700747444182,0.6910700747444182,15.153302887190016,18.05327937658689,0.47561076921378487,0
regression,multimodal_complete,availability,ElasticNet,1001,162,0.284,25.008,0.6792522087420871,0.6792522087420871,15.369035474155506,18.320763367762577,0.45995656749523417,0
regression,multimodal_complete,availability,ElasticNet,1002,162,0.284,25.008,0.6626671711561194,0.6626671711561194,15.568343513581151,18.673215564985494,0.4389781451049317,0
regression,multimodal_complete,availability,ElasticNet,1003,162,0.284,25.008,0.6763905087448098,0.6763905087448098,15.441364445637443,18.36879514539236,0.4571211781433525,0
regression,multimodal_complete,availability,ElasticNet,1004,162,0.284,25.008,0.6516803577752107,0.6516803577752107,15.762598419841474,18.916988228939715,0.42423462311792115,0
regression,multimodal_complete,availability,ElasticNet,1005,162,0.284,25.008,0.6482848167206298,0.6482848167206298,15.94700465500297,18.98838954629392,0.419880019670101,0
regression,multimodal_complete,availability,ElasticNet,1006,162,0.284,25.008,0.6608591647747237,0.6608591647747237,15.560981652288746,18.71297383810722,0.4365865906566947,0
regression,multimodal_complete,availability,ElasticNet,1007,162,0.284,25.008,0.6587499131969726,0.6587499131969726,15.57420217079891,18.759021477017832,0.4338103587319352,0
regression,multimodal_complete,availability,ElasticNet,1008,162,0.284,25.008,0.6714651546900009,0.6714651546900009,15.413672134192222,18.47491086739977,0.4508306863538679,0
regression,multimodal_complete,availability,ElasticNet,1009,162,0.284,25.008,0.6889521385760262,0.6889521385760262,15.189950000052365,18.087623491515238,0.47361370106640144,0
regression,multimodal_complete,availability,ElasticNet,1010,162,0.284,25.008,0.6654459123070091,0.6654459123070091,15.662054101600248,18.614268603872425,0.442514583206982,0
regression,multimodal_complete,availability,ElasticNet,1011,162,0.284,25.008,0.6635998266075759,0.6635998266075759,15.544058429838758,18.656648124395588,0.43997321453480276,0
regression,multimodal_complete,availability,ElasticNet,1012,162,0.284,25.008,0.6607982069871422,0.6607982069871422,15.716143633641968,18.71649283807358,0.4363746694296521,0
regression,multimodal_complete,availability,ElasticNet,1013,162,0.284,25.008,0.661446094697004,0.661446094697004,15.715197461218933,18.6991481690285,0.43741881431544793,0
regression,multimodal_complete,availability,ElasticNet,1014,162,0.284,25.008,0.6666109701990985,0.6666109701990985,15.55480622935219,18.584282504254396,0.44430926543422444,0
regression,multimodal_complete,availability,ElasticNet,1015,162,0.284,25.008,0.6613585483194659,0.6613585483194659,15.703383860484449,18.70147178516614,0.4372789893426934,0
regression,multimodal_complete,availability,ElasticNet,1016,162,0.284,25.008,0.6312510280095918,0.6312510280095918,16.17495812449216,19.46415683235933,0.39044520949837713,0
regression,multimodal_complete,availability,ElasticNet,1017,162,0.284,25.008,0.6524488935663102,0.6524488935663102,16.031481934227788,18.894880149481097,0.4255796182499588,0
regression,multimodal_complete,availability,ElasticNet,1018,162,0.284,25.008,0.6456042059382022,0.6456042059382022,15.99663576484445,19.049010217437043,0.4161700264210103,0
regression,multimodal_complete,availability,ElasticNet,1019,162,0.284,25.008,0.6674467448067637,0.6674467448067637,15.764611857410133,18.5691478803573,0.4452139810982888,0
regression,multimodal_complete,availability,SVR_rbf,1000,162,0.284,25.008,0.5941009674313963,0.5941009674313963,19.099867045612662,22.57468115779012,0.18005483663635646,0
regression,multimodal_complete,availability,SVR_rbf,1001,162,0.284,25.008,0.571347592163437,0.571347592163437,19.24696236577159,22.72343033045647,0.16921366516830805,0
regression,multimodal_complete,availability,SVR_rbf,1002,162,0.284,25.008,0.5765153901650737,0.5765153901650737,19.179901395985375,22.66250700217883,0.173662502111133,0
regression,multimodal_complete,availability,SVR_rbf,1003,162,0.284,25.008,0.5550490176206384,0.5550490176206384,19.237614141683324,22.762936040883226,0.16632243491667908,0
regression,multimodal_complete,availability,SVR_rbf,1004,162,0.284,25.008,0.5962893659167112,0.5962893659167112,19.063635709191573,22.61359895287109,0.17722529820241728,0
regression,multimodal_complete,availability,SVR_rbf,1005,162,0.284,25.008,0.5764013831549374,0.5764013831549374,19.246086419425865,22.748728154071006,0.16736281915290563,0
regression,multimodal_complete,availability,SVR_rbf,1006,162,0.284,25.008,0.5944093111863408,0.5944093111863408,19.189310976765775,22.615120864486002,0.1771145478071008,0
regression,multimodal_complete,availability,SVR_rbf,1007,162,0.284,25.008,0.5684458693833478,0.5684458693833478,19.165710084950828,22.652632593787168,0.1743824415504398,0
regression,multimodal_complete,availability,SVR_rbf,1008,162,0.284,25.008,0.5885663923366652,0.5885663923366652,19.17316534394797,22.6757608737657,0.17269567406332897,0
regression,multimodal_complete,availability,SVR_rbf,1009,162,0.284,25.008,0.5933908667506909,0.5933908667506909,19.06921084686465,22.583939104843026,0.1793821746037162,0
regression,multimodal_complete,availability,SVR_rbf,1010,162,0.284,25.008,0.5800676504548584,0.5800676504548584,19.183054772825706,22.68525866125245,0.1720024928028796,0
regression,multimodal_complete,availability,SVR_rbf,1011,162,0.284,25.008,0.5779793514226026,0.5779793514226026,19.20379409111879,22.663551424634765,0.17358633531052148,0
regression,multimodal_complete,availability,SVR_rbf,1012,162,0.284,25.008,0.5689859654099961,0.5689859654099961,19.20914338574164,22.745805742572177,0.16757673459977396,0
regression,multimodal_complete,availability,SVR_rbf,1013,162,0.284,25.008,0.5816959559382803,0.5816959559382803,19.118258949467798,22.654649635195874,0.1742354053119367,0
regression,multimodal_complete,availability,SVR_rbf,1014,162,0.284,25.008,0.5761136504228755,0.5761136504228755,19.163697255495453,22.696543744751303,0.1711784911638542,0
regression,multimodal_complete,availability,SVR_rbf,1015,162,0.284,25.008,0.5689880330252026,0.5689880330252026,19.25422992277012,22.75546684604337,0.16686945385489282,0
regression,multimodal_complete,availability,SVR_rbf,1016,162,0.284,25.008,0.5718400698533913,0.5718400698533913,19.184352277635618,22.70322663535742,0.17069033411290924,0
regression,multimodal_complete,availability,SVR_rbf,1017,162,0.284,25.008,0.5742509209858221,0.5742509209858221,19.237956245035267,22.70079984431286,0.1708676176100452,0
regression,multimodal_complete,availability,SVR_rbf,1018,162,0.284,25.008,0.5755354026586087,0.5755354026586087,19.19959979884994,22.72232314101929,0.16929462261458672,0
regression,multimodal_complete,availability,SVR_rbf,1019,162,0.284,25.008,0.5923064273017953,0.5923064273017953,19.110003602712897,22.595550960072767,0.17853809288244427,0
regression,multimodal_complete,availability,RandomForest,1000,162,0.284,25.008,0.6975726419454624,0.6975726419454624,14.447663209876554,17.865393708383138,0.4864689106995058,0
regression,multimodal_complete,availability,RandomForest,1001,162,0.284,25.008,0.6869131270834395,0.6869131270834395,14.751422962962966,18.117934308174554,0.47184801114247366,0
regression,multimodal_complete,availability,RandomForest,1002,162,0.284,25.008,0.6636972020928671,0.6636972020928671,15.064820493827163,18.66100872710732,0.43971139475959864,0
regression,multimodal_complete,availability,RandomForest,1003,162,0.284,25.008,0.6773556233328719,0.6773556233328719,15.047474074074087,18.34291031343759,0.45865012175409337,0
regression,multimodal_complete,availability,RandomForest,1004,162,0.284,25.008,0.6898171268779865,0.6898171268779865,14.713289382716056,18.050422160450132,0.47577674180819474,0
regression,multimodal_complete,availability,RandomForest,1005,162,0.284,25.008,0.6533774180972353,0.6533774180972353,15.585680246913583,18.889621332120548,0.4258993187700728,0
regression,multimodal_complete,availability,RandomForest,1006,162,0.284,25.008,0.6767695045019301,0.6767695045019301,15.034115061728412,18.36678024069369,0.45724027023265057,0
regression,multimodal_complete,availability,RandomForest,1007,162,0.284,25.008,0.6552466069947865,0.6552466069947865,15.442759259259264,18.86665094206046,0.42729471979461453,0
regression,multimodal_complete,availability,RandomForest,1008,162,0.284,25.008,0.6922969700942937,0.6922969700942937,14.713417283950639,17.994790049504566,0.4790031156235548,0
regression,multimodal_complete,availability,RandomForest,1009,162,0.284,25.008,0.6822325457412157,0.6822325457412157,14.594472592592604,18.23269292498858,0.4651362147660971,0
regression,multimodal_complete,availability,RandomForest,1010,162,0.284,25.008,0.7064659949206306,0.7064659949206306,14.49186148148148,17.657037049302037,0.49837726149733563,0
regression,multimodal_complete,availability,RandomForest,1011,162,0.284,25.008,0.6550673274300106,0.6550673274300106,15.4743787654321,18.845899579822678,0.42855385995136785,0
regression,multimodal_complete,availability,RandomForest,1012,162,0.284,25.008,0.6721452523852308,0.6721452523852308,15.189968395061733,18.459381682059945,0.4517535127668105,0
regression,multimodal_complete,availability,RandomForest,1013,162,0.284,25.008,0.6799778039951323,0.6799778039951323,14.798771111111117,18.28608444891037,0.46199910218635054,0
regression,multimodal_complete,availability,RandomForest,1014,162,0.284,25.008,0.6643556844112765,0.6643556844112765,14.895793580246922,18.65005631917092,0.4403688842506208,0
regression,multimodal_complete,availability,RandomForest,1015,162,0.284,25.008,0.6427720163799023,0.6427720163799023,15.522884938271629,19.13689290375164,0.4107705960111184,0
regression,multimodal_complete,availability,RandomForest,1016,162,0.284,25.008,0.6749442996310557,0.6749442996310557,14.993199012345679,18.39619688618382,0.4555002857350757,0
regression,multimodal_complete,availability,RandomForest,1017,162,0.284,25.008,0.677554404471608,0.677554404471608,15.006745679012347,18.340240235153974,0.4588077130333533,0
regression,multimodal_complete,availability,RandomForest,1018,162,0.284,25.008,0.6839500002782855,0.6839500002782855,14.986509135802475,18.193781146656804,0.46741676568225676,0
regression,multimodal_complete,availability,RandomForest,1019,162,0.284,25.008,0.6791355415791321,0.6791355415791321,14.82486370370371,18.301034212391418,0.4611190587890236,0
regression,multimodal_complete,availability,XGBoost,1000,162,0.284,25.008,0.6683388130567182,0.6683388130567182,14.951227618087957,18.73389710159056,0.4353259639131605,0
regression,multimodal_complete,availability,XGBoost,1001,162,0.284,25.008,0.6933816663162585,0.6933816663162585,14.591342998080785,17.974932250708694,0.4801523530188003,0
regression,multimodal_complete,availability,XGBoost,1002,162,0.284,25.008,0.6673401914321061,0.6673401914321061,15.043362046700937,18.710296471699223,0.4367478003326103,0
regression,multimodal_complete,availability,XGBoost,1003,162,0.284,25.008,0.6889285610444331,0.6889285610444331,14.661669165057901,18.155756163341007,0.4696406360984364,0
regression,multimodal_complete,availability,XGBoost,1004,162,0.284,25.008,0.6869654694268326,0.6869654694268326,14.607087435781219,18.190979232667146,0.4675807928843526,0
regression,multimodal_complete,availability,XGBoost,1005,162,0.284,25.008,0.6380126187909076,0.6380126187909076,15.689366339695308,19.34160602245799,0.39809683963994513,0
regression,multimodal_complete,availability,XGBoost,1006,162,0.284,25.008,0.6556790137756722,0.6556790137756722,15.392180364161364,18.990001766966817,0.4197815046140365,0
regression,multimodal_complete,availability,XGBoost,1007,162,0.284,25.008,0.640120316168781,0.640120316168781,15.432913254160942,19.385148058950186,0.3953837671771502,0
regression,multimodal_complete,availability,XGBoost,1008,162,0.284,25.008,0.6771056643744345,0.6771056643744345,14.758696185453438,18.450144946161412,0.45230204046169487,0
regression,multimodal_complete,availability,XGBoost,1009,162,0.284,25.008,0.6686121123315792,0.6686121123315792,14.891887623822248,18.6865012703341,0.43817954428732375,0
regression,multimodal_complete,availability,XGBoost,1010,162,0.284,25.008,0.7007935686907399,0.7007935686907399,14.298707808035392,17.83659230471406,0.48812333761854587,0
regression,multimodal_complete,availability,XGBoost,1011,162,0.284,25.008,0.6790096810625231,0.6790096810625231,14.871397582631053,18.35256467290436,0.4580801182349883,0
regression,multimodal_complete,availability,XGBoost,1012,162,0.284,25.008,0.678717355288804,0.678717355288804,14.969090154671376,18.331180277680925,0.4593422717929737,0
regression,multimodal_complete,availability,XGBoost,1013,162,0.284,25.008,0.6608439656298257,0.6608439656298257,15.237567196598764,18.910902856740915,0.424604997409866,0
regression,multimodal_complete,availability,XGBoost,1014,162,0.284,25.008,0.6380957506972825,0.6380957506972825,15.268113559204856,19.40568779598283,0.3941018334462355,0
regression,multimodal_complete,availability,XGBoost,1015,162,0.284,25.008,0.6366849131776663,0.6366849131776663,15.411101526331018,19.402681095474623,0.39428957357829664,0
regression,multimodal_complete,availability,XGBoost,1016,162,0.284,25.008,0.6711392289643325,0.6711392289643325,14.951728652671529,18.560180703256655,0.44574967216147665,0
regression,multimodal_complete,availability,XGBoost,1017,162,0.284,25.008,0.6671310119244852,0.6671310119244852,15.007969655166438,18.66114938904122,0.4397029481019782,0
regression,multimodal_complete,availability,XGBoost,1018,162,0.284,25.008,0.6596804548579881,0.6596804548579881,15.332036095136477,18.801894191078098,0.43121941067314673,0
regression,multimodal_complete,availability,XGBoost,1019,162,0.284,25.008,0.6702132833726197,0.6702132833726197,14.936166350282269,18.6969182403327,0.4375529852537142,0
regression,multimodal_complete,availability,LightGBM,1000,162,0.284,25.008,0.6769103925707669,0.6769103925707669,14.703033165630677,18.692084688763686,0.4378437567279775,0
regression,multimodal_complete,availability,LightGBM,1001,162,0.284,25.008,0.680873104269403,0.680873104269403,14.599071126774954,18.45731678271874,0.4518761615653356,0
regression,multimodal_complete,availability,LightGBM,1002,162,0.284,25.008,0.6441272952014061,0.6441272952014061,15.284235359885386,19.530207342375345,0.3863012111184627,0
regression,multimodal_complete,availability,LightGBM,1003,162,0.284,25.008,0.6809872498176859,0.6809872498176859,14.764496964273848,18.452182502447467,0.452181062871022,0
regression,multimodal_complete,availability,LightGBM,1004,162,0.284,25.008,0.6688404625715448,0.6688404625715448,15.020133778249065,18.718505193138423,0.43625346346734484,0
regression,multimodal_complete,availability,LightGBM,1005,162,0.284,25.008,0.6005006298628679,0.6005006298628679,16.431683114206642,20.404448721554747,0.3301288259477465,0
regression,multimodal_complete,availability,LightGBM,1006,162,0.284,25.008,0.6440874379252359,0.6440874379252359,15.528309453651344,19.30861197933085,0.40014861138005564,0
regression,multimodal_complete,availability,LightGBM,1007,162,0.284,25.008,0.6375831235368143,0.6375831235368143,15.419856244819927,19.52482997916483,0.3866391109591286,0
regression,multimodal_complete,availability,LightGBM,1008,162,0.284,25.008,0.6723894911076759,0.6723894911076759,15.167757991897197,18.728259877432194,0.43566574534491376,0
regression,multimodal_complete,availability,LightGBM,1009,162,0.284,25.008,0.6589111832418487,0.6589111832418487,14.605056686718472,19.06085761353601,0.4154435828084675,0
regression,multimodal_complete,availability,LightGBM,1010,162,0.284,25.008,0.6537121362765002,0.6537121362765002,14.564322705926063,18.995949298366163,0.4194180072162409,0
regression,multimodal_complete,availability,LightGBM,1011,162,0.284,25.008,0.6599782455222593,0.6599782455222593,15.028466300296985,18.96788796719824,0.4211320431818216,0
regression,multimodal_complete,availability,LightGBM,1012,162,0.284,25.008,0.6802140652966,0.6802140652966,14.888638720081925,18.354000312750703,0.4579953309347422,0
regression,multimodal_complete,availability,LightGBM,1013,162,0.284,25.008,0.661531147249861,0.661531147249861,15.009413014562726,18.980708886701642,0.4203492330208669,0
regression,multimodal_complete,availability,LightGBM,1014,162,0.284,25.008,0.6363091828418485,0.6363091828418485,15.245528026886994,19.524786135414523,0.3866418656065702,0
regression,multimodal_complete,availability,LightGBM,1015,162,0.284,25.008,0.632912913776619,0.632912913776619,15.432484152980836,19.67329657887687,0.37727566666440393,0
regression,multimodal_complete,availability,LightGBM,1016,162,0.284,25.008,0.6694894956166293,0.6694894956166293,14.898634859054766,18.79509947814089,0.4316304333571376,0
regression,multimodal_complete,availability,LightGBM,1017,162,0.284,25.008,0.6245727596656998,0.6245727596656998,15.916794767228676,19.924548977114835,0.36126817326221694,0
regression,multimodal_complete,availability,LightGBM,1018,162,0.284,25.008,0.666911957871672,0.666911957871672,14.816103469311356,18.709588192726304,0.43679044339164885,0
regression,multimodal_complete,availability,LightGBM,1019,162,0.284,25.008,0.6301339572904445,0.6301339572904445,15.313384987956413,19.82190026693622,0.36783254839830426,0
regression,multimodal_complete,availability,MLP,1000,162,0.284,25.008,0.47759935749853755,0.47759935749853755,21.047636221703165,27.77228321096791,-0.24097984749761125,0
regression,multimodal_complete,availability,MLP,1001,162,0.284,25.008,0.481642090957166,0.481642090957166,20.0599731170708,26.689893188386655,-0.14613356114993525,0
regression,multimodal_complete,availability,MLP,1002,162,0.284,25.008,0.39616422697573145,0.39616422697573145,22.038693515934508,29.025738391456084,-0.355526809763673,0
regression,multimodal_complete,availability,MLP,1003,162,0.284,25.008,0.4018349379878196,0.4018349379878196,20.938039513159424,27.849530954335805,-0.24789294224641378,0
regression,multimodal_complete,availability,MLP,1004,162,0.284,25.008,0.43820166525199833,0.43820166525199833,21.697352396212565,29.195211492965235,-0.371402098119183,0
regression,multimodal_complete,availability,MLP,1005,162,0.284,25.008,0.4168566108474779,0.4168566108474779,21.92089248444086,27.93406091665485,-0.2554797435191385,0
regression,multimodal_complete,availability,MLP,1006,162,0.284,25.008,0.45637819838092386,0.45637819838092386,20.71934442863194,25.960079689438203,-0.08431034386672254,0
regression,multimodal_complete,availability,MLP,1007,162,0.284,25.008,0.46379671377121623,0.46379671377121623,20.48071207854716,27.022877872514822,-0.1749104192222286,0
regression,multimodal_complete,availability,MLP,1008,162,0.284,25.008,0.511696450418566,0.511696450418566,20.445114949865317,25.754710202224103,-0.06722230427803999,0
regression,multimodal_complete,availability,MLP,1009,162,0.284,25.008,0.5218759347682779,0.5218759347682779,18.669186435469182,24.33837748511761,0.046929990811000244,0
regression,multimodal_complete,availability,MLP,1010,162,0.284,25.008,0.4343984347743236,0.4343984347743236,19.413043363482284,26.805613712141177,-0.1560937885972722,0
regression,multimodal_complete,availability,MLP,1011,162,0.284,25.008,0.43257675966731446,0.43257675966731446,22.647233871944938,30.078975898437488,-0.4556858137120432,0
regression,multimodal_complete,availability,MLP,1012,162,0.284,25.008,0.4604784299675077,0.4604784299675077,20.052291148794257,25.786996772090532,-0.06989975979163043,0
regression,multimodal_complete,availability,MLP,1013,162,0.284,25.008,0.44375021656515756,0.44375021656515756,20.31431275657608,26.832319725872267,-0.15839853243885615,0
regression,multimodal_complete,availability,MLP,1014,162,0.284,25.008,0.4241639616921423,0.4241639616921423,20.372053075687344,27.42759580480541,-0.21036690329091057,0
regression,multimodal_complete,availability,MLP,1015,162,0.284,25.008,0.43742777776518205,0.43742777776518205,22.0452103853701,28.551487913821525,-0.31159287763755805,0
regression,multimodal_complete,availability,MLP,1016,162,0.284,25.008,0.46466165073495447,0.46466165073495447,20.544214981443854,26.91343583492883,-0.16541296979876896,0
regression,multimodal_complete,availability,MLP,1017,162,0.284,25.008,0.37037783424003873,0.37037783424003873,21.446799212934007,29.10421448816428,-0.3628665201361263,0
regression,multimodal_complete,availability,MLP,1018,162,0.284,25.008,0.3818872363000594,0.3818872363000594,22.70537486337425,31.31173535165363,-0.5774508394054105,0
regression,multimodal_complete,availability,MLP,1019,162,0.284,25.008,0.4798416538454496,0.4798416538454496,20.490753672220336,26.82715427491772,-0.15795257212574954,0
regression,chronic_365,clinical_threshold,Ridge,1000,183,0.3169,27.73,0.5153572438216132,0.5153572438216132,20.51167452215824,27.408624999327593,0.017653712104401476,0
regression,chronic_365,clinical_threshold,Ridge,1001,183,0.3169,27.73,0.5343107570788261,0.5343107570788261,19.63869065757788,26.030017195043108,0.1139891903912158,0
regression,chronic_365,clinical_threshold,Ridge,1002,183,0.3169,27.73,0.5572477630179322,0.5572477630179322,18.979041295459194,25.602624871470468,0.14284552575361475,0
regression,chronic_365,clinical_threshold,Ridge,1003,183,0.3169,27.73,0.613840225928575,0.613840225928575,18.283281274769852,23.450642315788283,0.28088293378222606,0
regression,chronic_365,clinical_threshold,Ridge,1004,183,0.3169,27.73,0.5839813490322396,0.5839813490322396,18.62722970348096,25.136632349519306,0.17376365177791786,0
regression,chronic_365,clinical_threshold,Ridge,1005,183,0.3169,27.73,0.5665618321568132,0.5665618321568132,19.652643192171592,25.021846989956405,0.1812923687488358,0
regression,chronic_365,clinical_threshold,Ridge,1006,183,0.3169,27.73,0.5527025377063134,0.5527025377063134,19.20825410069691,25.842054488881654,0.12673875613849261,0
regression,chronic_365,clinical_threshold,Ridge,1007,183,0.3169,27.73,0.530057223997804,0.530057223997804,19.928626028460478,26.016274282459104,0.11492450708127522,0
regression,chronic_365,clinical_threshold,Ridge,1008,183,0.3169,27.73,0.5331585987583608,0.5331585987583608,19.891701952814813,27.302295982372033,0.025260756217718283,0
regression,chronic_365,clinical_threshold,Ridge,1009,183,0.3169,27.73,0.5091056243347554,0.5091056243347554,19.534843220774107,27.073446897972396,0.04153288950577827,0
regression,chronic_365,clinical_threshold,Ridge,1010,183,0.3169,27.73,0.5291566524100211,0.5291566524100211,20.222888239159595,27.727819877852202,-0.00535989979507101,0
regression,chronic_365,clinical_threshold,Ridge,1011,183,0.3169,27.73,0.5046501799331208,0.5046501799331208,21.587197593846525,29.551296214458635,-0.14193972411680766,0
regression,chronic_365,clinical_threshold,Ridge,1012,183,0.3169,27.73,0.5335750266263557,0.5335750266263557,20.106282142792438,26.38174405993552,0.08988323183870406,0
regression,chronic_365,clinical_threshold,Ridge,1013,183,0.3169,27.73,0.5061360905434555,0.5061360905434555,20.890309508688887,27.67305097276962,-0.0013921821329645478,0
regression,chronic_365,clinical_threshold,Ridge,1014,183,0.3169,27.73,0.516194628842763,0.516194628842763,20.521321771387427,29.497346172702336,-0.13777398745322378,0
regression,chronic_365,clinical_threshold,Ridge,1015,183,0.3169,27.73,0.5480656490201121,0.5480656490201121,19.638631002908213,26.058752215084354,0.11203194304797182,0
regression,chronic_365,clinical_threshold,Ridge,1016,183,0.3169,27.73,0.5505659810330648,0.5505659810330648,20.04868836051997,26.810007532547967,0.060094951221004944,0
regression,chronic_365,clinical_threshold,Ridge,1017,183,0.3169,27.73,0.5408258782362084,0.5408258782362084,19.88509219514261,27.44610838761699,0.014965007686277843,0
regression,chronic_365,clinical_threshold,Ridge,1018,183,0.3169,27.73,0.5740801789431957,0.5740801789431957,19.240834392326562,25.70211399378074,0.13617095730067774,0
regression,chronic_365,clinical_threshold,Ridge,1019,183,0.3169,27.73,0.6070741211317966,0.6070741211317966,19.139815458754658,24.705339635746377,0.20187343189652596,0
regression,chronic_365,clinical_threshold,ElasticNet,1000,183,0.3169,27.73,0.6520949856224576,0.6520949856224576,17.16049871780924,20.974792813277414,0.4247117952776026,0
regression,chronic_365,clinical_threshold,ElasticNet,1001,183,0.3169,27.73,0.6520905713568603,0.6520905713568603,17.068207887243837,20.97570619383275,0.42466169051561375,0
regression,chronic_365,clinical_threshold,ElasticNet,1002,183,0.3169,27.73,0.6859685125680339,0.6859685125680339,16.76837075580055,20.141629354139543,0.46950742451579,0
regression,chronic_365,clinical_threshold,ElasticNet,1003,183,0.3169,27.73,0.6792869163492209,0.6792869163492209,16.812135419489223,20.296841672404806,0.4612999220347287,0
regression,chronic_365,clinical_threshold,ElasticNet,1004,183,0.3169,27.73,0.683360734964568,0.683360734964568,16.88145564218531,20.191392744448564,0.46688283834999156,0
regression,chronic_365,clinical_threshold,ElasticNet,1005,183,0.3169,27.73,0.6536187257778946,0.6536187257778946,17.190422035180582,20.933826860990887,0.4269567961918136,0
regression,chronic_365,clinical_threshold,ElasticNet,1006,183,0.3169,27.73,0.6673138784133272,0.6673138784133272,16.97035458770414,20.59735863283989,0.4452297391998149,0
regression,chronic_365,clinical_threshold,ElasticNet,1007,183,0.3169,27.73,0.6535317866344467,0.6535317866344467,17.34325784715399,20.94321028185129,0.42644295696780854,0
regression,chronic_365,clinical_threshold,ElasticNet,1008,183,0.3169,27.73,0.6731176220259091,0.6731176220259091,16.868436925967544,20.452319056313637,0.453015236976811,0
regression,chronic_365,clinical_threshold,ElasticNet,1009,183,0.3169,27.73,0.6482355017339331,0.6482355017339331,17.17203379387605,21.080835661654778,0.41888008926160425,0
regression,chronic_365,clinical_threshold,ElasticNet,1010,183,0.3169,27.73,0.6553493973818044,0.6553493973818044,17.233910078646037,20.933896450330586,0.4269529863041406,0
regression,chronic_365,clinical_threshold,ElasticNet,1011,183,0.3169,27.73,0.636321376645527,0.636321376645527,17.511175918772096,21.50092519162416,0.39548872324586115,0
regression,chronic_365,clinical_threshold,ElasticNet,1012,183,0.3169,27.73,0.6435966003477172,0.6435966003477172,17.686946797188703,21.20917798969478,0.4117827126893506,0
regression,chronic_365,clinical_threshold,ElasticNet,1013,183,0.3169,27.73,0.62818302482859,0.62818302482859,17.58106570860123,21.639549189388603,0.38766860272859893,0
regression,chronic_365,clinical_threshold,ElasticNet,1014,183,0.3169,27.73,0.6228301002804301,0.6228301002804301,17.737858034965225,22.00233220128057,0.36696525782791733,0
regression,chronic_365,clinical_threshold,ElasticNet,1015,183,0.3169,27.73,0.6838957025870367,0.6838957025870367,16.82490561597046,20.182366766669514,0.46735936101531084,0
regression,chronic_365,clinical_threshold,ElasticNet,1016,183,0.3169,27.73,0.6720310190770553,0.6720310190770553,17.01105819102864,20.478714185248037,0.4516024827799978,0
regression,chronic_365,clinical_threshold,ElasticNet,1017,183,0.3169,27.73,0.6709611452998552,0.6709611452998552,16.83008046257736,20.51213401143675,0.449811129668961,0
regression,chronic_365,clinical_threshold,ElasticNet,1018,183,0.3169,27.73,0.6731275369302494,0.6731275369302494,16.974591667862224,20.45140910278099,0.45306390819533304,0
regression,chronic_365,clinical_threshold,ElasticNet,1019,183,0.3169,27.73,0.6583149419727198,0.6583149419727198,17.264374006755553,20.828614996831604,0.4327024666041852,0
regression,chronic_365,clinical_threshold,SVR_rbf,1000,183,0.3169,27.73,0.6008979714989645,0.6008979714989645,20.652937538393417,24.672056931123635,0.204022434339157,0
regression,chronic_365,clinical_threshold,SVR_rbf,1001,183,0.3169,27.73,0.6145777939886606,0.6145777939886606,20.565404567698167,24.641030635850818,0.20602313551307738,0
regression,chronic_365,clinical_threshold,SVR_rbf,1002,183,0.3169,27.73,0.6127946390116483,0.6127946390116483,20.600629087568105,24.607383568646398,0.20818998914775455,0
regression,chronic_365,clinical_threshold,SVR_rbf,1003,183,0.3169,27.73,0.6057522980092773,0.6057522980092773,20.65589210017854,24.66294048817068,0.20461056069089645,0
regression,chronic_365,clinical_threshold,SVR_rbf,1004,183,0.3169,27.73,0.6185424195017871,0.6185424195017871,20.561453798179567,24.578431095880614,0.21005214334914324,0
regression,chronic_365,clinical_threshold,SVR_rbf,1005,183,0.3169,27.73,0.6132863676114918,0.6132863676114918,20.570557973950674,24.5798868656024,0.20995856404593327,0
regression,chronic_365,clinical_threshold,SVR_rbf,1006,183,0.3169,27.73,0.5950794751816315,0.5950794751816315,20.7676298817718,24.75712461006166,0.19852401177522017,0
regression,chronic_365,clinical_threshold,SVR_rbf,1007,183,0.3169,27.73,0.5789014976375886,0.5789014976375886,20.79663054708395,24.856262364348005,0.1920922779430171,0
regression,chronic_365,clinical_threshold,SVR_rbf,1008,183,0.3169,27.73,0.6063205036523682,0.6063205036523682,20.62349172467139,24.646351085293833,0.20568023022780857,0
regression,chronic_365,clinical_threshold,SVR_rbf,1009,183,0.3169,27.73,0.5808687664294323,0.5808687664294323,20.829288969220492,24.85524500796417,0.19215841123738853,0
regression,chronic_365,clinical_threshold,SVR_rbf,1010,183,0.3169,27.73,0.609030509488262,0.609030509488262,20.654301930094395,24.674511364263733,0.20386405509259697,0
regression,chronic_365,clinical_threshold,SVR_rbf,1011,183,0.3169,27.73,0.6058248467122556,0.6058248467122556,20.665442112754988,24.662947363719173,0.20461011721259947,0
regression,chronic_365,clinical_threshold,SVR_rbf,1012,183,0.3169,27.73,0.6019869783514807,0.6019869783514807,20.660268476809758,24.623583701175413,0.20714707863188853,0
regression,chronic_365,clinical_threshold,SVR_rbf,1013,183,0.3169,27.73,0.6088480915865433,0.6088480915865433,20.678408441971477,24.639467288045438,0.2061238798878633,0
regression,chronic_365,clinical_threshold,SVR_rbf,1014,183,0.3169,27.73,0.5795506211623039,0.5795506211623039,20.783736174255456,24.803624209775258,0.19551047022136736,0
regression,chronic_365,clinical_threshold,SVR_rbf,1015,183,0.3169,27.73,0.6037299626716065,0.6037299626716065,20.7110792128552,24.70159177452302,0.20211556908376338,0
regression,chronic_365,clinical_threshold,SVR_rbf,1016,183,0.3169,27.73,0.612576281467073,0.612576281467073,20.60072925015285,24.696627550448465,0.20243623498517405,0
regression,chronic_365,clinical_threshold,SVR_rbf,1017,183,0.3169,27.73,0.6063941935012888,0.6063941935012888,20.634924729258202,24.643748089972494,0.2058480036603204,0
regression,chronic_365,clinical_threshold,SVR_rbf,1018,183,0.3169,27.73,0.6059334954776061,0.6059334954776061,20.593692707143404,24.655614957619708,0.20508299294670385,0
regression,chronic_365,clinical_threshold,SVR_rbf,1019,183,0.3169,27.73,0.5970592636528861,0.5970592636528861,20.76496898098954,24.663702909647178,0.20456138315147376,0
regression,chronic_365,clinical_threshold,RandomForest,1000,183,0.3169,27.73,0.7015084653477056,0.7015084653477056,15.68946491803279,19.714471231084076,0.4917699067665411,0
regression,chronic_365,clinical_threshold,RandomForest,1001,183,0.3169,27.73,0.7174340572422905,0.7174340572422905,15.569471693989065,19.267728426943194,0.5145425801771865,0
regression,chronic_365,clinical_threshold,RandomForest,1002,183,0.3169,27.73,0.6940724308447244,0.6940724308447244,16.061375300546466,19.920021844285007,0.48111665489317956,0
regression,chronic_365,clinical_threshold,RandomForest,1003,183,0.3169,27.73,0.677132413202963,0.677132413202963,16.475860983606566,20.39963701895607,0.4558295054704715,0
regression,chronic_365,clinical_threshold,RandomForest,1004,183,0.3169,27.73,0.7153882997333669,0.7153882997333669,15.510719125683067,19.323248796215108,0.5117408375831678,0
regression,chronic_365,clinical_threshold,RandomForest,1005,183,0.3169,27.73,0.7093248607759349,0.7093248607759349,15.649261857923488,19.49281522027704,0.503134042413778,0
regression,chronic_365,clinical_threshold,RandomForest,1006,183,0.3169,27.73,0.7030327296641742,0.7030327296641742,15.966948196721312,19.669584535242343,0.4940815892694894,0
regression,chronic_365,clinical_threshold,RandomForest,1007,183,0.3169,27.73,0.6977638433374026,0.6977638433374026,16.019120000000004,19.81119860603834,0.48677049680932116,0
regression,chronic_365,clinical_threshold,RandomForest,1008,183,0.3169,27.73,0.7091329574895355,0.7091329574895355,15.724762185792352,19.49865473996397,0.5028363026458165,0
regression,chronic_365,clinical_threshold,RandomForest,1009,183,0.3169,27.73,0.6982442375971226,0.6982442375971226,15.943170054644819,19.80052431981368,0.4873234045715804,0
regression,chronic_365,clinical_threshold,RandomForest,1010,183,0.3169,27.73,0.7101356840449188,0.7101356840449188,15.83857726775957,19.473942601875496,0.5040956913190424,0
regression,chronic_365,clinical_threshold,RandomForest,1011,183,0.3169,27.73,0.6891018275016646,0.6891018275016646,16.298531584699457,20.05740196971099,0.473934929032637,0
regression,chronic_365,clinical_threshold,RandomForest,1012,183,0.3169,27.73,0.6904188543152056,0.6904188543152056,16.073609617486344,20.016761106287994,0.47606462445617004,0
regression,chronic_365,clinical_threshold,RandomForest,1013,183,0.3169,27.73,0.7106058604975338,0.7106058604975338,15.690346885245898,19.458831113850355,0.50486502135322,0
regression,chronic_365,clinical_threshold,RandomForest,1014,183,0.3169,27.73,0.6951241450188719,0.6951241450188719,15.995668852459028,19.92411379192978,0.4809034561752642,0
regression,chronic_365,clinical_threshold,RandomForest,1015,183,0.3169,27.73,0.7010574439622916,0.7010574439622916,15.800681967213112,19.72257563545504,0.49135196516834356,0
regression,chronic_365,clinical_threshold,RandomForest,1016,183,0.3169,27.73,0.6901746569971481,0.6901746569971481,15.993617267759568,20.022383155354436,0.475770270736007,0
regression,chronic_365,clinical_threshold,RandomForest,1017,183,0.3169,27.73,0.7032862405930584,0.7032862405930584,15.962985136612032,19.66061893847066,0.4945426896771953,0
regression,chronic_365,clinical_threshold,RandomForest,1018,183,0.3169,27.73,0.7132820408029261,0.7132820408029261,15.711127868852461,19.387006477053315,0.5085134683308132,0
regression,chronic_365,clinical_threshold,RandomForest,1019,183,0.3169,27.73,0.669023893754679,0.669023893754679,16.617812240437175,20.58970363437399,0.44564202277625387,0
regression,chronic_365,clinical_threshold,XGBoost,1000,183,0.3169,27.73,0.698258695026556,0.698258695026556,15.684519899712237,19.9085713944297,0.48171301368589825,0
regression,chronic_365,clinical_threshold,XGBoost,1001,183,0.3169,27.73,0.6887820783513402,0.6887820783513402,15.697128368440225,20.257810343378868,0.46336979708189807,0
regression,chronic_365,clinical_threshold,XGBoost,1002,183,0.3169,27.73,0.6693864168071365,0.6693864168071365,15.90106240736331,20.698677175670724,0.4397584784948876,0
regression,chronic_365,clinical_threshold,XGBoost,1003,183,0.3169,27.73,0.6923076299714771,0.6923076299714771,15.48147714917126,20.10629944049646,0.471366839054277,0
regression,chronic_365,clinical_threshold,XGBoost,1004,183,0.3169,27.73,0.7047522238122881,0.7047522238122881,14.960350366602833,19.735126051723114,0.49070440515084945,0
regression,chronic_365,clinical_threshold,XGBoost,1005,183,0.3169,27.73,0.7005179615673989,0.7005179615673989,15.423931354877077,19.796793278729595,0.4875165951348239,0
regression,chronic_365,clinical_threshold,XGBoost,1006,183,0.3169,27.73,0.7080730173855465,0.7080730173855465,15.422917739784785,19.619263865651305,0.49666685876134353,0
regression,chronic_365,clinical_threshold,XGBoost,1007,183,0.3169,27.73,0.6995235572247689,0.6995235572247689,15.527081519371828,19.82270714135641,0.4861740426965496,0
regression,chronic_365,clinical_threshold,XGBoost,1008,183,0.3169,27.73,0.7043915010161281,0.7043915010161281,15.55942180987916,19.730609488712716,0.4909374923295857,0
regression,chronic_365,clinical_threshold,XGBoost,1009,183,0.3169,27.73,0.6923295207173482,0.6923295207173482,15.838883992596404,20.040390445955897,0.4748269063069085,0
regression,chronic_365,clinical_threshold,XGBoost,1010,183,0.3169,27.73,0.7053317073344724,0.7053317073344724,15.479894168624467,19.7015216195717,0.4924373576630724,0
regression,chronic_365,clinical_threshold,XGBoost,1011,183,0.3169,27.73,0.6765195151479312,0.6765195151479312,16.358569325097925,20.522360045529503,0.4492624151777227,0
regression,chronic_365,clinical_threshold,XGBoost,1012,183,0.3169,27.73,0.6842510791128633,0.6842510791128633,15.798807700318719,20.309671386377083,0.46061867789041944,0
regression,chronic_365,clinical_threshold,XGBoost,1013,183,0.3169,27.73,0.7228032120845419,0.7228032120845419,14.909153667929395,19.150143020814195,0.5204497143168463,0
regression,chronic_365,clinical_threshold,XGBoost,1014,183,0.3169,27.73,0.6925038205262883,0.6925038205262883,15.677432233883387,20.156892673576007,0.4687031057114749,0
regression,chronic_365,clinical_threshold,XGBoost,1015,183,0.3169,27.73,0.699644717981301,0.699644717981301,15.703077720266876,19.874572853545903,0.48348169461783574,0
regression,chronic_365,clinical_threshold,XGBoost,1016,183,0.3169,27.73,0.6757248514543971,0.6757248514543971,15.955663657683495,20.540336039814832,0.44829718588678014,0
regression,chronic_365,clinical_threshold,XGBoost,1017,183,0.3169,27.73,0.7080653362202709,0.7080653362202709,15.299494885720845,19.61647897007675,0.496809741874743,0
regression,chronic_365,clinical_threshold,XGBoost,1018,183,0.3169,27.73,0.7025234257150952,0.7025234257150952,15.503847661669791,19.805325068498504,0.4870747717756799,0
regression,chronic_365,clinical_threshold,XGBoost,1019,183,0.3169,27.73,0.6748683230852471,0.6748683230852471,16.083712069818883,20.56027705442999,0.4472254552086473,0
regression,chronic_365,clinical_threshold,LightGBM,1000,183,0.3169,27.73,0.6681996284453554,0.6681996284453554,16.44964691896412,20.91719241482481,0.42786713801561127,0
regression,chronic_365,clinical_threshold,LightGBM,1001,183,0.3169,27.73,0.6992279096086529,0.6992279096086529,15.625152069369761,20.07533680788941,0.4729937193826387,0
regression,chronic_365,clinical_threshold,LightGBM,1002,183,0.3169,27.73,0.6945813347435142,0.6945813347435142,15.52628751187337,20.0502975654891,0.47430753132881254,0
regression,chronic_365,clinical_threshold,LightGBM,1003,183,0.3169,27.73,0.6777822940977016,0.6777822940977016,15.989842470247257,20.68263359549863,0.44062663023948645,0
regression,chronic_365,clinical_threshold,LightGBM,1004,183,0.3169,27.73,0.7055892543615813,0.7055892543615813,15.172167383189581,19.853971540740307,0.48455195059058054,0
regression,chronic_365,clinical_threshold,LightGBM,1005,183,0.3169,27.73,0.6783648924502094,0.6783648924502094,16.17908617472486,20.788842525928192,0.434866919945157,0
regression,chronic_365,clinical_threshold,LightGBM,1006,183,0.3169,27.73,0.7195603884340352,0.7195603884340352,14.899639449879544,19.36317146914541,0.5097212240757995,0
regression,chronic_365,clinical_threshold,LightGBM,1007,183,0.3169,27.73,0.7012268078788372,0.7012268078788372,15.293236659278124,19.864140408827026,0.48402380784403043,0
regression,chronic_365,clinical_threshold,LightGBM,1008,183,0.3169,27.73,0.6848442550050908,0.6848442550050908,16.048575833585833,20.397758470974242,0.45592972326504977,0
regression,chronic_365,clinical_threshold,LightGBM,1009,183,0.3169,27.73,0.6779205038463041,0.6779205038463041,16.274255448281743,20.627378959673,0.4436114228325947,0
regression,chronic_365,clinical_threshold,LightGBM,1010,183,0.3169,27.73,0.6808650661431459,0.6808650661431459,16.042165419333962,20.521503021695846,0.4493084123612687,0
regression,chronic_365,clinical_threshold,LightGBM,1011,183,0.3169,27.73,0.6576408048915833,0.6576408048915833,16.884339269923796,21.21619928591492,0.4113931896777584,0
regression,chronic_365,clinical_threshold,LightGBM,1012,183,0.3169,27.73,0.674058973557279,0.674058973557279,15.985642152600644,20.674702771718884,0.4410555351027744,0
regression,chronic_365,clinical_threshold,LightGBM,1013,183,0.3169,27.73,0.7082641278267746,0.7082641278267746,14.919075865622096,19.69457180494379,0.49279538524879085,0
regression,chronic_365,clinical_threshold,LightGBM,1014,183,0.3169,27.73,0.6997857644322244,0.6997857644322244,15.581110175846428,20.085481995327964,0.472460933456181,0
regression,chronic_365,clinical_threshold,LightGBM,1015,183,0.3169,27.73,0.6863449141637679,0.6863449141637679,15.664566376451228,20.384734281941537,0.45662429094256485,0
regression,chronic_365,clinical_threshold,LightGBM,1016,183,0.3169,27.73,0.6477172734451194,0.6477172734451194,16.76589710582585,21.524837210718154,0.39414337432753044,0
regression,chronic_365,clinical_threshold,LightGBM,1017,183,0.3169,27.73,0.6702732189838525,0.6702732189838525,15.9852670216751,20.732751631816363,0.43791240513993734,0
regression,chronic_365,clinical_threshold,LightGBM,1018,183,0.3169,27.73,0.7087290844035631,0.7087290844035631,15.576096481461981,19.89780385915636,0.4822734923003492,0
regression,chronic_365,clinical_threshold,LightGBM,1019,183,0.3169,27.73,0.6599569001323456,0.6599569001323456,16.626674839468805,21.113815641151273,0.417060397227223,0
regression,chronic_365,clinical_threshold,MLP,1000,183,0.3169,27.73,0.4777431733158936,0.4777431733158936,21.775019204031185,29.44506792762704,-0.13374459999755195,0
regression,chronic_365,clinical_threshold,MLP,1001,183,0.3169,27.73,0.44587481802536616,0.44587481802536616,21.436735350173517,31.224053447235434,-0.2748781380611751,0
regression,chronic_365,clinical_threshold,MLP,1002,183,0.3169,27.73,0.4788991028888716,0.4788991028888716,21.884675911434034,29.950191047512813,-0.1729764815868,0
regression,chronic_365,clinical_threshold,MLP,1003,183,0.3169,27.73,0.5189230204530236,0.5189230204530236,21.341433573477424,27.74221434087112,-0.0064040044032467325,0
regression,chronic_365,clinical_threshold,MLP,1004,183,0.3169,27.73,0.4958342709763376,0.4958342709763376,20.874225367383136,29.344359963913284,-0.12600260013847864,0
regression,chronic_365,clinical_threshold,MLP,1005,183,0.3169,27.73,0.5134354355701494,0.5134354355701494,21.64040417234796,28.030104406883886,-0.027399952500704927,0
regression,chronic_365,clinical_threshold,MLP,1006,183,0.3169,27.73,0.4003970706126881,0.4003970706126881,22.76938651345115,31.72107727799255,-0.31578813646872295,0
regression,chronic_365,clinical_threshold,MLP,1007,183,0.3169,27.73,0.47963253580630316,0.47963253580630316,22.52003994643333,30.076289936888983,-0.18287440880053896,0
regression,chronic_365,clinical_threshold,MLP,1008,183,0.3169,27.73,0.48390326009264967,0.48390326009264967,21.243179147057518,28.625641556447913,-0.07152070698671298,0
regression,chronic_365,clinical_threshold,MLP,1009,183,0.3169,27.73,0.4125323866075038,0.4125323866075038,22.42415145435453,33.14206380471393,-0.43631338805325304,0
regression,chronic_365,clinical_threshold,MLP,1010,183,0.3169,27.73,0.5148057695921647,0.5148057695921647,21.034390058867967,27.230691852985988,0.030366834540493715,0
regression,chronic_365,clinical_threshold,MLP,1011,183,0.3169,27.73,0.5164709441545642,0.5164709441545642,22.364343651144832,29.827059418407906,-0.16335159388365916,0
regression,chronic_365,clinical_threshold,MLP,1012,183,0.3169,27.73,0.5497786951747113,0.5497786951747113,20.13453368709176,26.342930048187323,0.09255927151043264,0
regression,chronic_365,clinical_threshold,MLP,1013,183,0.3169,27.73,0.5431098878683202,0.5431098878683202,20.064012893871148,25.82396552786837,0.12796086175793853,0
regression,chronic_365,clinical_threshold,MLP,1014,183,0.3169,27.73,0.568746493992541,0.568746493992541,19.976545332190295,25.097350799213565,0.17634398827698394,0
regression,chronic_365,clinical_threshold,MLP,1015,183,0.3169,27.73,0.5395644279691103,0.5395644279691103,21.263295883759735,27.697119211093874,-0.0031348325398743437,0
regression,chronic_365,clinical_threshold,MLP,1016,183,0.3169,27.73,0.470636290379255,0.470636290379255,22.323729258880125,29.83234294025033,-0.16376377919966956,0
regression,chronic_365,clinical_threshold,MLP,1017,183,0.3169,27.73,0.5056406330384449,0.5056406330384449,22.529128093912785,30.386560166537297,-0.20740561103096455,0
regression,chronic_365,clinical_threshold,MLP,1018,183,0.3169,27.73,0.5273861098197463,0.5273861098197463,20.775642436954616,27.579854087937154,0.00534140715926934,0
regression,chronic_365,clinical_threshold,MLP,1019,183,0.3169,27.73,0.52404861137518,0.52404861137518,21.721468150303146,29.857105284603616,-0.16569654589513716,0
regression,chronic_180,clinical_threshold,Ridge,1000,225,0.32,28.076,0.6141009708117456,0.6141009708117456,18.344497584416995,23.8315519439206,0.27626051211241165,0
regression,chronic_180,clinical_threshold,Ridge,1001,225,0.32,28.076,0.5844362602575182,0.5844362602575182,19.504823846451277,25.022575509845836,0.20211254745709528,0
regression,chronic_180,clinical_threshold,Ridge,1002,225,0.32,28.076,0.5994354186219256,0.5994354186219256,18.6763365492908,24.185855203470265,0.25458090179958814,0
regression,chronic_180,clinical_threshold,Ridge,1003,225,0.32,28.076,0.6301732044757523,0.6301732044757523,18.081460152977783,23.06677362419905,0.3219662288303101,0
regression,chronic_180,clinical_threshold,Ridge,1004,225,0.32,28.076,0.5851201434029323,0.5851201434029323,18.993041516650162,25.03144972022616,0.2015465084675816,0
regression,chronic_180,clinical_threshold,Ridge,1005,225,0.32,28.076,0.5870883164625218,0.5870883164625218,19.259074494621398,24.46050374349495,0.2375551909560455,0
regression,chronic_180,clinical_threshold,Ridge,1006,225,0.32,28.076,0.587972957341492,0.587972957341492,18.818886588424874,24.784445710147935,0.21722663502447204,0
regression,chronic_180,clinical_threshold,Ridge,1007,225,0.32,28.076,0.5718252874979962,0.5718252874979962,19.216307140452585,25.610265253580764,0.16419344716295192,0
regression,chronic_180,clinical_threshold,Ridge,1008,225,0.32,28.076,0.6025356381422069,0.6025356381422069,18.34873113984032,24.132222384477206,0.25788321218139076,0
regression,chronic_180,clinical_threshold,Ridge,1009,225,0.32,28.076,0.5933156537329896,0.5933156537329896,18.911236833278988,24.915942314402617,0.20889841988231117,0
regression,chronic_180,clinical_threshold,Ridge,1010,225,0.32,28.076,0.5980820486922471,0.5980820486922471,18.557343992675708,24.11769565099135,0.25877639871622515,0
regression,chronic_180,clinical_threshold,Ridge,1011,225,0.32,28.076,0.5949832998425847,0.5949832998425847,18.703068253799383,24.68135473163049,0.22372498835865262,0
regression,chronic_180,clinical_threshold,Ridge,1012,225,0.32,28.076,0.5686290082671521,0.5686290082671521,19.28959758668399,25.691944863498655,0.158853618175697,0
regression,chronic_180,clinical_threshold,Ridge,1013,225,0.32,28.076,0.5801013146526535,0.5801013146526535,19.02369928975482,25.07656522522743,0.19866572484211453,0
regression,chronic_180,clinical_threshold,Ridge,1014,225,0.32,28.076,0.5643624940815739,0.5643624940815739,19.431954781739158,26.176530453966407,0.1268240121715497,0
regression,chronic_180,clinical_threshold,Ridge,1015,225,0.32,28.076,0.5638545131251913,0.5638545131251913,19.482033833264577,25.42281602831867,0.17638370971043416,0
regression,chronic_180,clinical_threshold,Ridge,1016,225,0.32,28.076,0.5427804412633997,0.5427804412633997,20.17686569265251,27.68782897837709,0.023088041199171738,0
regression,chronic_180,clinical_threshold,Ridge,1017,225,0.32,28.076,0.6131512096230095,0.6131512096230095,18.497805538727658,23.578285674459416,0.2915616398137465,0
regression,chronic_180,clinical_threshold,Ridge,1018,225,0.32,28.076,0.5594572772876574,0.5594572772876574,19.59464357516003,25.852174387682343,0.14832917119396416,0
regression,chronic_180,clinical_threshold,Ridge,1019,225,0.32,28.076,0.620507327600492,0.620507327600492,18.872130522389707,23.899101406721265,0.27215188339602203,0
regression,chronic_180,clinical_threshold,ElasticNet,1000,225,0.32,28.076,0.681947986845694,0.681947986845694,16.800388944297715,20.489333581683468,0.46502524957629876,0
regression,chronic_180,clinical_threshold,ElasticNet,1001,225,0.32,28.076,0.6777646520708863,0.6777646520708863,16.919216858447996,20.59744396398902,0.4593648498365117,0
regression,chronic_180,clinical_threshold,ElasticNet,1002,225,0.32,28.076,0.6539277466194144,0.6539277466194144,17.312284619214477,21.199951991865426,0.4272733746139974,0
regression,chronic_180,clinical_threshold,ElasticNet,1003,225,0.32,28.076,0.6802996089120514,0.6802996089120514,16.79482831151877,20.53180719315554,0.46280498595968844,0
regression,chronic_180,clinical_threshold,ElasticNet,1004,225,0.32,28.076,0.6818591243101056,0.6818591243101056,16.583876035980435,20.492483453245907,0.46486075117780135,0
regression,chronic_180,clinical_threshold,ElasticNet,1005,225,0.32,28.076,0.6834434049043544,0.6834434049043544,16.669040629825357,20.45064770260859,0.4670435124356054,0
regression,chronic_180,clinical_threshold,ElasticNet,1006,225,0.32,28.076,0.6680128612740681,0.6680128612740681,17.09857941968753,20.847685241135977,0.44614854447943275,0
regression,chronic_180,clinical_threshold,ElasticNet,1007,225,0.32,28.076,0.6472494824820624,0.6472494824820624,17.31373275526943,21.46908235394073,0.41263970894788615,0
regression,chronic_180,clinical_threshold,ElasticNet,1008,225,0.32,28.076,0.6801400620152234,0.6801400620152234,16.826067154085564,20.5368898028222,0.4625389898403661,0
regression,chronic_180,clinical_threshold,ElasticNet,1009,225,0.32,28.076,0.6584548382515009,0.6584548382515009,17.33799076598751,21.100225072872654,0.4326490397278021,0
regression,chronic_180,clinical_threshold,ElasticNet,1010,225,0.32,28.076,0.6683805117097182,0.6683805117097182,16.940418066628006,20.838618609031062,0.4466301783292568,0
regression,chronic_180,clinical_threshold,ElasticNet,1011,225,0.32,28.076,0.6796335964454366,0.6796335964454366,16.7931833700705,20.55268597915049,0.46171188369229976,0
regression,chronic_180,clinical_threshold,ElasticNet,1012,225,0.32,28.076,0.6573515904746451,0.6573515904746451,17.15235418820875,21.126273619125694,0.4312473684258661,0
regression,chronic_180,clinical_threshold,ElasticNet,1013,225,0.32,28.076,0.6595377356798515,0.6595377356798515,17.060111390069803,21.066238152532396,0.4344752744996373,0
regression,chronic_180,clinical_threshold,ElasticNet,1014,225,0.32,28.076,0.6661082273266974,0.6661082273266974,16.892124408792128,20.90060449649325,0.4433332097881789,0
regression,chronic_180,clinical_threshold,ElasticNet,1015,225,0.32,28.076,0.6810080139557462,0.6810080139557462,16.588870779751662,20.516209866764203,0.4636208540751281,0
regression,chronic_180,clinical_threshold,ElasticNet,1016,225,0.32,28.076,0.6725954172981601,0.6725954172981601,16.874309591924593,20.731475842839657,0.45230590515399993,0
regression,chronic_180,clinical_threshold,ElasticNet,1017,225,0.32,28.076,0.6674366735209583,0.6674366735209583,17.07402134858426,20.86223365117405,0.4453752721020172,0
regression,chronic_180,clinical_threshold,ElasticNet,1018,225,0.32,28.076,0.6615589695945779,0.6615589695945779,17.115032045907995,21.016521435070192,0.4371414226376622,0
regression,chronic_180,clinical_threshold,ElasticNet,1019,225,0.32,28.076,0.6922229468456735,0.6922229468456735,16.490389658014497,20.219640736428197,0.4790158774053873,0
regression,chronic_180,clinical_threshold,SVR_rbf,1000,225,0.32,28.076,0.6268523597761411,0.6268523597761411,20.18202581024289,24.238236698577673,0.25134856211799694,0
regression,chronic_180,clinical_threshold,SVR_rbf,1001,225,0.32,28.076,0.626393002091962,0.626393002091962,20.247875381455742,24.331099622756494,0.24560102026134933,0
regression,chronic_180,clinical_threshold,SVR_rbf,1002,225,0.32,28.076,0.6363845482632273,0.6363845482632273,20.132394794216363,24.198407015774205,0.2538069958632325,0
regression,chronic_180,clinical_threshold,SVR_rbf,1003,225,0.32,28.076,0.6301610224747101,0.6301610224747101,20.15982234160547,24.240810512184552,0.2511895578481733,0
regression,chronic_180,clinical_threshold,SVR_rbf,1004,225,0.32,28.076,0.6262795491524896,0.6262795491524896,20.213438014114484,24.241624546738677,0.25113926515610996,0
regression,chronic_180,clinical_threshold,SVR_rbf,1005,225,0.32,28.076,0.6346850984688623,0.6346850984688623,20.116736345970715,24.160798401616308,0.25612462587102247,0
regression,chronic_180,clinical_threshold,SVR_rbf,1006,225,0.32,28.076,0.6126204841681556,0.6126204841681556,20.324388738914823,24.3646187089134,0.24352103352775223,0
regression,chronic_180,clinical_threshold,SVR_rbf,1007,225,0.32,28.076,0.6096025425222636,0.6096025425222636,20.361744158581722,24.295763228091115,0.24779067734982663,0
regression,chronic_180,clinical_threshold,SVR_rbf,1008,225,0.32,28.076,0.6340602485948797,0.6340602485948797,20.166144860864684,24.2131156752615,0.2528995944418614,0
regression,chronic_180,clinical_threshold,SVR_rbf,1009,225,0.32,28.076,0.6213896597921347,0.6213896597921347,20.24817241386389,24.309084727712293,0.24696557024983823,0
regression,chronic_180,clinical_threshold,SVR_rbf,1010,225,0.32,28.076,0.6232229731304342,0.6232229731304342,20.201707705296233,24.26025092342423,0.24998802870431813,0
regression,chronic_180,clinical_threshold,SVR_rbf,1011,225,0.32,28.076,0.6241886824103161,0.6241886824103161,20.24438254699825,24.2533952094873,0.2504118611716337,0
regression,chronic_180,clinical_threshold,SVR_rbf,1012,225,0.32,28.076,0.6247428406923137,0.6247428406923137,20.25740043354465,24.334044405152905,0.2454184000505153,0
regression,chronic_180,clinical_threshold,SVR_rbf,1013,225,0.32,28.076,0.6242710681051208,0.6242710681051208,20.212032353392157,24.2911563766204,0.24807591128572437,0
regression,chronic_180,clinical_threshold,SVR_rbf,1014,225,0.32,28.076,0.631834541608021,0.631834541608021,20.13811234834103,24.20150998909287,0.2536156142210926,0
regression,chronic_180,clinical_threshold,SVR_rbf,1015,225,0.32,28.076,0.6362495818557072,0.6362495818557072,20.132823383817353,24.219456647786004,0.25250823931680977,0
regression,chronic_180,clinical_threshold,SVR_rbf,1016,225,0.32,28.076,0.6159868334481371,0.6159868334481371,20.321991627650544,24.308866444322806,0.24697909393216222,0
regression,chronic_180,clinical_threshold,SVR_rbf,1017,225,0.32,28.076,0.6254829468210925,0.6254829468210925,20.17370245021899,24.219715218663485,0.2524922785432032,0
regression,chronic_180,clinical_threshold,SVR_rbf,1018,225,0.32,28.076,0.6288835790739256,0.6288835790739256,20.179612111881113,24.225003276049993,0.25216582588096303,0
regression,chronic_180,clinical_threshold,SVR_rbf,1019,225,0.32,28.076,0.637351795562629,0.637351795562629,20.127019417414786,24.220315429529517,0.25245522874206694,0
regression,chronic_180,clinical_threshold,RandomForest,1000,225,0.32,28.076,0.7028247541827504,0.7028247541827504,15.680549155555571,19.929519607540534,0.49385927922844763,0
regression,chronic_180,clinical_threshold,RandomForest,1001,225,0.32,28.076,0.7037783268456784,0.7037783268456784,15.72257742222222,19.913653358215875,0.49466485391289117,0
regression,chronic_180,clinical_threshold,RandomForest,1002,225,0.32,28.076,0.6940722606608475,0.6940722606608475,15.981737777777788,20.16822870895839,0.4816618984452131,0
regression,chronic_180,clinical_threshold,RandomForest,1003,225,0.32,28.076,0.7200174135421723,0.7200174135421723,15.375205155555555,19.441288228664135,0.5183542898911551,0
regression,chronic_180,clinical_threshold,RandomForest,1004,225,0.32,28.076,0.7156439627812914,0.7156439627812914,15.23663413333334,19.568923133709788,0.512009381128097,0
regression,chronic_180,clinical_threshold,RandomForest,1005,225,0.32,28.076,0.7086286930916795,0.7086286930916795,15.495074311111118,19.76736010876867,0.5020623485789258,0
regression,chronic_180,clinical_threshold,RandomForest,1006,225,0.32,28.076,0.7139265856976902,0.7139265856976902,15.541159111111122,19.61912298031096,0.5095025007040762,0
regression,chronic_180,clinical_threshold,RandomForest,1007,225,0.32,28.076,0.7056514299841963,0.7056514299841963,15.701139911111115,19.881973217775297,0.49627142543221225,0
regression,chronic_180,clinical_threshold,RandomForest,1008,225,0.32,28.076,0.7159146607114553,0.7159146607114553,15.570460977777788,19.560336216397104,0.5124375514160138,0
regression,chronic_180,clinical_threshold,RandomForest,1009,225,0.32,28.076,0.7047877605118272,0.7047877605118272,15.62752657777778,19.87990877413471,0.4963760292611158,0
regression,chronic_180,clinical_threshold,RandomForest,1010,225,0.32,28.076,0.704404904130359,0.704404904130359,15.588246577777786,19.88837350339594,0.49594705866603095,0
regression,chronic_180,clinical_threshold,RandomForest,1011,225,0.32,28.076,0.7094938487325672,0.7094938487325672,15.41354044444445,19.74434136853298,0.5032213524924942,0
regression,chronic_180,clinical_threshold,RandomForest,1012,225,0.32,28.076,0.6889116990019777,0.6889116990019777,15.986809955555568,20.34778153199122,0.47239153996349137,0
regression,chronic_180,clinical_threshold,RandomForest,1013,225,0.32,28.076,0.6944452122192016,0.6944452122192016,15.998131200000007,20.16401352580172,0.48187854233044325,0
regression,chronic_180,clinical_threshold,RandomForest,1014,225,0.32,28.076,0.7092958695823521,0.7092958695823521,15.489127644444451,19.747983153585327,0.5030380769031761,0
regression,chronic_180,clinical_threshold,RandomForest,1015,225,0.32,28.076,0.6980432359919464,0.6980432359919464,15.548151822222232,20.06840460134377,0.4867803039540337,0
regression,chronic_180,clinical_threshold,RandomForest,1016,225,0.32,28.076,0.7178316515833808,0.7178316515833808,15.36098471111112,19.50365419432155,0.5152591781278331,0
regression,chronic_180,clinical_threshold,RandomForest,1017,225,0.32,28.076,0.7180767942002608,0.7180767942002608,15.346052977777788,19.49841332159558,0.5155196548159504,0
regression,chronic_180,clinical_threshold,RandomForest,1018,225,0.32,28.076,0.7039601171807551,0.7039601171807551,15.821721422222229,19.897150607904177,0.4955020648542543,0
regression,chronic_180,clinical_threshold,RandomForest,1019,225,0.32,28.076,0.7331288217453071,0.7331288217453071,14.98080302222223,19.059821987102396,0.5370700289694175,0
regression,chronic_180,clinical_threshold,XGBoost,1000,225,0.32,28.076,0.671289348404584,0.671289348404584,16.2235364139133,20.95062240307996,0.44066566743328894,0
regression,chronic_180,clinical_threshold,XGBoost,1001,225,0.32,28.076,0.698020853483826,0.698020853483826,15.72769345228407,20.210057417415292,0.47950961257375646,0
regression,chronic_180,clinical_threshold,XGBoost,1002,225,0.32,28.076,0.6853450333489496,0.6853450333489496,16.23925246480306,20.49127517169578,0.46492385527351865,0
regression,chronic_180,clinical_threshold,XGBoost,1003,225,0.32,28.076,0.7070953254632152,0.7070953254632152,15.373807764350042,19.88009558741285,0.4963665640177839,0
regression,chronic_180,clinical_threshold,XGBoost,1004,225,0.32,28.076,0.7043090535000789,0.7043090535000789,15.3031627855089,19.982474037770217,0.49116598785629095,0
regression,chronic_180,clinical_threshold,XGBoost,1005,225,0.32,28.076,0.7036426353518989,0.7036426353518989,15.418908417256672,20.00211153120409,0.4901653975978356,0
regression,chronic_180,clinical_threshold,XGBoost,1006,225,0.32,28.076,0.7046756650843345,0.7046756650843345,15.668579986233183,20.01032079125184,0.489746819418831,0
regression,chronic_180,clinical_threshold,XGBoost,1007,225,0.32,28.076,0.6866496441685037,0.6866496441685037,16.177107153659396,20.633450485803138,0.4574730222852208,0
regression,chronic_180,clinical_threshold,XGBoost,1008,225,0.32,28.076,0.6664623667945053,0.6664623667945053,16.4924823799981,21.13065349614892,0.4310115175748822,0
regression,chronic_180,clinical_threshold,XGBoost,1009,225,0.32,28.076,0.6857939719549553,0.6857939719549553,16.032843207126195,20.617397691424724,0.45831686429802876,0
regression,chronic_180,clinical_threshold,XGBoost,1010,225,0.32,28.076,0.6790120357672698,0.6790120357672698,16.094060800849068,20.733895892307608,0.4521780296303627,0
regression,chronic_180,clinical_threshold,XGBoost,1011,225,0.32,28.076,0.7072197270975052,0.7072197270975052,15.505510433281792,19.899147460258312,0.4954007982497657,0
regression,chronic_180,clinical_threshold,XGBoost,1012,225,0.32,28.076,0.6833435196438582,0.6833435196438582,16.039206139119468,20.660089505134366,0.45607124839335333,0
regression,chronic_180,clinical_threshold,XGBoost,1013,225,0.32,28.076,0.6724803102760973,0.6724803102760973,16.297559337700736,20.926235759987033,0.4419670462458273,0
regression,chronic_180,clinical_threshold,XGBoost,1014,225,0.32,28.076,0.6766391518240116,0.6766391518240116,16.328398098076715,20.740348961884102,0.451836976175334,0
regression,chronic_180,clinical_threshold,XGBoost,1015,225,0.32,28.076,0.6920548580466217,0.6920548580466217,15.620370822143554,20.37454322522506,0.4710027909300164,0
regression,chronic_180,clinical_threshold,XGBoost,1016,225,0.32,28.076,0.6958506990584391,0.6958506990584391,15.721095450168185,20.277164640314112,0.4760473112252206,0
regression,chronic_180,clinical_threshold,XGBoost,1017,225,0.32,28.076,0.7104288956173985,0.7104288956173985,15.402467842610676,19.83282205727818,0.4987589290611223,0
regression,chronic_180,clinical_threshold,XGBoost,1018,225,0.32,28.076,0.6826889844785032,0.6826889844785032,16.2859156507704,20.654243740722237,0.4563790137100099,0
regression,chronic_180,clinical_threshold,XGBoost,1019,225,0.32,28.076,0.7133383320776313,0.7133383320776313,15.381052747599282,19.692266444366975,0.5058383651081018,0
regression,chronic_180,clinical_threshold,LightGBM,1000,225,0.32,28.076,0.6558420482039273,0.6558420482039273,16.424828084547578,21.48210938377676,0.4119266946401273,0
regression,chronic_180,clinical_threshold,LightGBM,1001,225,0.32,28.076,0.6820922355363039,0.6820922355363039,16.199132443696676,20.867836855338012,0.44507730852166305,0
regression,chronic_180,clinical_threshold,LightGBM,1002,225,0.32,28.076,0.6740334332286555,0.6740334332286555,16.50385586752224,20.871845810085432,0.4448640738040033,0
regression,chronic_180,clinical_threshold,LightGBM,1003,225,0.32,28.076,0.7026840167560392,0.7026840167560392,15.695727757787443,20.11495424957703,0.4843966661877859,0
regression,chronic_180,clinical_threshold,LightGBM,1004,225,0.32,28.076,0.6879745420071768,0.6879745420071768,15.506880368907227,20.578011900815643,0.46038446186032833,0
regression,chronic_180,clinical_threshold,LightGBM,1005,225,0.32,28.076,0.6901389271278644,0.6901389271278644,15.963726559496434,20.60576477323128,0.45892795770537875,0
regression,chronic_180,clinical_threshold,LightGBM,1006,225,0.32,28.076,0.6920892660772477,0.6920892660772477,16.154207837102096,20.460759715869994,0.4665163315331661,0
regression,chronic_180,clinical_threshold,LightGBM,1007,225,0.32,28.076,0.6816544151259838,0.6816544151259838,16.05881424766362,20.882733131565363,0.4442847748104187,0
regression,chronic_180,clinical_threshold,LightGBM,1008,225,0.32,28.076,0.6616453565351811,0.6616453565351811,16.647910971339815,21.28540264678295,0.42264709091166985,0
regression,chronic_180,clinical_threshold,LightGBM,1009,225,0.32,28.076,0.6512614657843786,0.6512614657843786,16.47927560367237,21.686342174844466,0.4006917855668801,0
regression,chronic_180,clinical_threshold,LightGBM,1010,225,0.32,28.076,0.6669100612643983,0.6669100612643983,16.47931888738947,21.124344403458565,0.4313512387446914,0
regression,chronic_180,clinical_threshold,LightGBM,1011,225,0.32,28.076,0.6759187424455608,0.6759187424455608,16.369016963108628,20.892620860301527,0.4437584009666232,0
regression,chronic_180,clinical_threshold,LightGBM,1012,225,0.32,28.076,0.6575749474330361,0.6575749474330361,16.74270265752168,21.481949877750985,0.4119354275709476,0
regression,chronic_180,clinical_threshold,LightGBM,1013,225,0.32,28.076,0.6540058849562466,0.6540058849562466,17.10094285340826,21.657365882460958,0.4022922517279953,0
regression,chronic_180,clinical_threshold,LightGBM,1014,225,0.32,28.076,0.6693815975723625,0.6693815975723625,16.50882446620117,21.093614392377194,0.43300448507383615,0
regression,chronic_180,clinical_threshold,LightGBM,1015,225,0.32,28.076,0.6641570298192436,0.6641570298192436,16.296689479636488,21.32525698042316,0.42048302029669626,0
regression,chronic_180,clinical_threshold,LightGBM,1016,225,0.32,28.076,0.6826901293134313,0.6826901293134313,16.35006934836372,20.719870467397758,0.4529189262976058,0
regression,chronic_180,clinical_threshold,LightGBM,1017,225,0.32,28.076,0.6954372069947371,0.6954372069947371,15.742546338680986,20.39839359958188,0.4697635812051889,0
regression,chronic_180,clinical_threshold,LightGBM,1018,225,0.32,28.076,0.6577175751109964,0.6577175751109964,16.817326680248893,21.465767184735462,0.4128210905624238,0
regression,chronic_180,clinical_threshold,LightGBM,1019,225,0.32,28.076,0.6967556275382322,0.6967556275382322,15.655712891704482,20.27162191412504,0.47633371511083167,0
regression,chronic_180,clinical_threshold,MLP,1000,225,0.32,28.076,0.47529366424772557,0.47529366424772557,22.712882114550982,30.85405127630162,-0.21311511073834155,0
regression,chronic_180,clinical_threshold,MLP,1001,225,0.32,28.076,0.48599181020119153,0.48599181020119153,22.954635414700242,32.27085052196791,-0.32708408799233335,0
regression,chronic_180,clinical_threshold,MLP,1002,225,0.32,28.076,0.4889742206519459,0.4889742206519459,22.865005769366746,30.380262875232017,-0.1761444765121818,0
regression,chronic_180,clinical_threshold,MLP,1003,225,0.32,28.076,0.4941716777585289,0.4941716777585289,22.980331648741906,31.96560333526139,-0.30209727615256776,0
regression,chronic_180,clinical_threshold,MLP,1004,225,0.32,28.076,0.4167857983551668,0.4167857983551668,23.790751618683515,34.23057256884579,-0.49315861951746065,0
regression,chronic_180,clinical_threshold,MLP,1005,225,0.32,28.076,0.5239437664085125,0.5239437664085125,20.93399860327085,28.4220113550965,-0.029407281154090636,0
regression,chronic_180,clinical_threshold,MLP,1006,225,0.32,28.076,0.5081636266335309,0.5081636266335309,22.30294431079558,30.36089441950522,-0.17464528996673523,0
regression,chronic_180,clinical_threshold,MLP,1007,225,0.32,28.076,0.47026331607821725,0.47026331607821725,22.69912913598343,30.64625883182524,-0.196830226476584,0
regression,chronic_180,clinical_threshold,MLP,1008,225,0.32,28.076,0.4788257319279074,0.4788257319279074,21.65449383343941,29.180975530400108,-0.08511865890351578,0
regression,chronic_180,clinical_threshold,MLP,1009,225,0.32,28.076,0.5302044063107172,0.5302044063107172,19.577836533213837,27.16701360672255,0.05949432794670395,0
regression,chronic_180,clinical_threshold,MLP,1010,225,0.32,28.076,0.5103441181981595,0.5103441181981595,20.670923210853505,28.80871043689996,-0.05760928598397563,0
regression,chronic_180,clinical_threshold,MLP,1011,225,0.32,28.076,0.5349982866384493,0.5349982866384493,21.110548417910397,28.91085451664011,-0.06512229426625393,0
regression,chronic_180,clinical_threshold,MLP,1012,225,0.32,28.076,0.4950628558907806,0.4950628558907806,21.764727640318323,28.893019389701685,-0.06380855019778786,0
regression,chronic_180,clinical_threshold,MLP,1013,225,0.32,28.076,0.548251434711548,0.548251434711548,19.412081856080892,26.922548483214268,0.07634464175965816,0
regression,chronic_180,clinical_threshold,MLP,1014,225,0.32,28.076,0.5566317211549072,0.5566317211549072,20.40855696443663,26.666298135518346,0.09384377314028713,0
regression,chronic_180,clinical_threshold,MLP,1015,225,0.32,28.076,0.4523282992914774,0.4523282992914774,22.12109702960985,32.54434844809891,-0.34967368662925624,0
regression,chronic_180,clinical_threshold,MLP,1016,225,0.32,28.076,0.35991558306254723,0.35991558306254723,24.523111397263655,39.45958851744806,-0.9841875614975943,0
regression,chronic_180,clinical_threshold,MLP,1017,225,0.32,28.076,0.48413752036270613,0.48413752036270613,23.570985307994274,32.263021017440416,-0.3264402158752717,0
regression,chronic_180,clinical_threshold,MLP,1018,225,0.32,28.076,0.43758130434466197,0.43758130434466197,22.708711509484694,32.75364102687147,-0.3670889985422201,0
regression,chronic_180,clinical_threshold,MLP,1019,225,0.32,28.076,0.49279800823442577,0.49279800823442577,22.76127245087588,32.07056010283957,-0.3106620001051772,0
regression,aq_le90,target_defined,Ridge,1000,170,0.4235,24.433,0.25445963432721663,0.25445963432721663,23.04215693654307,33.33229139767559,-0.8722142873714687,0
regression,aq_le90,target_defined,Ridge,1001,170,0.4235,24.433,0.2123422177295944,0.2123422177295944,23.046541401128653,30.515769750667292,-0.5691840105230046,0
regression,aq_le90,target_defined,Ridge,1002,170,0.4235,24.433,0.21399867945475923,0.21399867945475923,24.590160291543008,33.5242613299172,-0.8938415924569587,0
regression,aq_le90,target_defined,Ridge,1003,170,0.4235,24.433,0.1631446036836326,0.1631446036836326,23.673210788563726,34.38094065114716,-0.9918687804527846,0
regression,aq_le90,target_defined,Ridge,1004,170,0.4235,24.433,0.2439105585322644,0.2439105585322644,24.259822490777776,32.767451235873054,-0.8092998158802476,0
regression,aq_le90,target_defined,Ridge,1005,170,0.4235,24.433,0.22049247393292884,0.22049247393292884,23.98381138699727,32.27763187968925,-0.7556120129670953,0
regression,aq_le90,target_defined,Ridge,1006,170,0.4235,24.433,0.23919991220994116,0.23919991220994116,22.575946784588663,33.358772769565455,-0.8751902902238375,0
regression,aq_le90,target_defined,Ridge,1007,170,0.4235,24.433,0.23311846311466325,0.23311846311466325,22.763765999620496,35.390693339205015,-1.110587479075067,0
regression,aq_le90,target_defined,Ridge,1008,170,0.4235,24.433,0.3063283539352889,0.3063283539352889,22.338616733502352,29.409481292305507,-0.45747107630019235,0
regression,aq_le90,target_defined,Ridge,1009,170,0.4235,24.433,0.3410333552448557,0.3410333552448557,22.0207019447955,29.05785483961081,-0.422827711907227,0
regression,aq_le90,target_defined,Ridge,1010,170,0.4235,24.433,0.2844990881896146,0.2844990881896146,21.855845279540052,30.979455465120882,-0.6172336715090359,0
regression,aq_le90,target_defined,Ridge,1011,170,0.4235,24.433,0.23415271676474894,0.23415271676474894,22.859172642827005,31.060134864113596,-0.6256681219569331,0
regression,aq_le90,target_defined,Ridge,1012,170,0.4235,24.433,0.24243388979679154,0.24243388979679154,22.53757774176009,31.2564000455363,-0.6462778267930387,0
regression,aq_le90,target_defined,Ridge,1013,170,0.4235,24.433,0.30370736257921316,0.30370736257921316,23.28419175058305,29.210259573090266,-0.43779195089522704,0
regression,aq_le90,target_defined,Ridge,1014,170,0.4235,24.433,0.21312215535645948,0.21312215535645948,24.126685226622165,34.27103698138969,-0.9791545387939511,0
regression,aq_le90,target_defined,Ridge,1015,170,0.4235,24.433,0.19799489144200072,0.19799489144200072,25.07397104688293,34.87362681588141,-1.0493656240005071,0
regression,aq_le90,target_defined,Ridge,1016,170,0.4235,24.433,0.24779194301736873,0.24779194301736873,23.142696671642977,33.146515101341116,-0.8514030103697372,0
regression,aq_le90,target_defined,Ridge,1017,170,0.4235,24.433,0.3105773976940699,0.3105773976940699,21.334468886927457,29.131653842507347,-0.43006407583015704,0
regression,aq_le90,target_defined,Ridge,1018,170,0.4235,24.433,0.21972945687856987,0.21972945687856987,23.489440089532657,31.831109467231816,-0.7073744089238707,0
regression,aq_le90,target_defined,Ridge,1019,170,0.4235,24.433,0.2810904767677133,0.2810904767677133,23.417129146406907,30.525225420974124,-0.5701566214445972,0
regression,aq_le90,target_defined,ElasticNet,1000,170,0.4235,24.433,0.4162326315777661,0.4162326315777661,18.27482343070585,22.556982598907133,0.1425926059040229,0
regression,aq_le90,target_defined,ElasticNet,1001,170,0.4235,24.433,0.44819358529213926,0.44819358529213926,18.350444596719854,21.955109486575786,0.1877374507284123,0
regression,aq_le90,target_defined,ElasticNet,1002,170,0.4235,24.433,0.44100198127596923,0.44100198127596923,18.40837956099297,22.10920345129972,0.1762955586352769,0
regression,aq_le90,target_defined,ElasticNet,1003,170,0.4235,24.433,0.42212550758613493,0.42212550758613493,18.435917320767572,22.35107989698422,0.15817418897436974,0
regression,aq_le90,target_defined,ElasticNet,1004,170,0.4235,24.433,0.475860582308934,0.475860582308934,18.20277836562874,21.506634065446953,0.2205825823571418,0
regression,aq_le90,target_defined,ElasticNet,1005,170,0.4235,24.433,0.4590119574501621,0.4590119574501621,18.229130282907466,21.79470544670145,0.1995628751756614,0
regression,aq_le90,target_defined,ElasticNet,1006,170,0.4235,24.433,0.3925239313649274,0.3925239313649274,18.697834815333618,23.037127914940687,0.1057027754233495,0
regression,aq_le90,target_defined,ElasticNet,1007,170,0.4235,24.433,0.5035299769426417,0.5035299769426417,17.771635443862433,21.090991003705444,0.25041793238982724,0
regression,aq_le90,target_defined,ElasticNet,1008,170,0.4235,24.433,0.4634167053152553,0.4634167053152553,18.130108867865108,21.737068161669704,0.20379087628690484,0
regression,aq_le90,target_defined,ElasticNet,1009,170,0.4235,24.433,0.5197187320242711,0.5197187320242711,17.84022719310046,20.82190069870817,0.26942306444331376,0
regression,aq_le90,target_defined,ElasticNet,1010,170,0.4235,24.433,0.46716163539067357,0.46716163539067357,18.116314648990322,21.662624301097996,0.20923516006749732,0
regression,aq_le90,target_defined,ElasticNet,1011,170,0.4235,24.433,0.45318776883001033,0.45318776883001033,18.135225046367047,21.862209502812,0.1945968590308188,0
regression,aq_le90,target_defined,ElasticNet,1012,170,0.4235,24.433,0.4700571691703368,0.4700571691703368,18.20978921207346,21.59383869844959,0.21424903812315044,0
regression,aq_le90,target_defined,ElasticNet,1013,170,0.4235,24.433,0.4572720417813918,0.4572720417813918,18.169695560612425,21.80874043047086,0.1985316394691491,0
regression,aq_le90,target_defined,ElasticNet,1014,170,0.4235,24.433,0.43633791610308176,0.43633791610308176,18.42081476281331,22.256055514172473,0.1653169251198905,0
regression,aq_le90,target_defined,ElasticNet,1015,170,0.4235,24.433,0.3765825410008584,0.3765825410008584,18.94329984209424,23.34444857719911,0.08168335732367271,0
regression,aq_le90,target_defined,ElasticNet,1016,170,0.4235,24.433,0.40324494858860044,0.40324494858860044,18.672917062044572,22.72613317533738,0.12968531794951565,0
regression,aq_le90,target_defined,ElasticNet,1017,170,0.4235,24.433,0.4603911310609072,0.4603911310609072,18.236006893606532,21.779081869915505,0.2007100536542351,0
regression,aq_le90,target_defined,ElasticNet,1018,170,0.4235,24.433,0.40640649733513595,0.40640649733513595,18.797997515024115,22.76210247816631,0.12692819376412412,0
regression,aq_le90,target_defined,ElasticNet,1019,170,0.4235,24.433,0.40792639954507853,0.40792639954507853,18.917057730994593,22.622668604652183,0.13759178912432235,0
regression,aq_le90,target_defined,SVR_rbf,1000,170,0.4235,24.433,0.4748516489265717,0.4748516489265717,19.821600597561,22.726711124351915,0.1296410513860119,0
regression,aq_le90,target_defined,SVR_rbf,1001,170,0.4235,24.433,0.49038844553765926,0.49038844553765926,19.786122646956024,22.61466540297878,0.1382018679876993,0
regression,aq_le90,target_defined,SVR_rbf,1002,170,0.4235,24.433,0.4994246726256588,0.4994246726256588,19.707919659775467,22.704590002273886,0.13133456051787984,0
regression,aq_le90,target_defined,SVR_rbf,1003,170,0.4235,24.433,0.5000264251593036,0.5000264251593036,19.677521770228076,22.699448477953986,0.1317279398991268,0
regression,aq_le90,target_defined,SVR_rbf,1004,170,0.4235,24.433,0.4974000423550079,0.4974000423550079,19.739977073163416,22.677537334226106,0.13340336843227318,0
regression,aq_le90,target_defined,SVR_rbf,1005,170,0.4235,24.433,0.4952749922339971,0.4952749922339971,19.73913134069924,22.714100144650285,0.13060670221673665,0
regression,aq_le90,target_defined,SVR_rbf,1006,170,0.4235,24.433,0.4915979962183327,0.4915979962183327,19.807037480872022,22.726585316664885,0.12965068740791963,0
regression,aq_le90,target_defined,SVR_rbf,1007,170,0.4235,24.433,0.484422854518978,0.484422854518978,19.80387330572362,22.745017059457755,0.12823837142033467,0
regression,aq_le90,target_defined,SVR_rbf,1008,170,0.4235,24.433,0.5006008011542584,0.5006008011542584,19.68304322051878,22.653159574884715,0.13526550443411145,0
regression,aq_le90,target_defined,SVR_rbf,1009,170,0.4235,24.433,0.49389631732366374,0.49389631732366374,19.71560323990066,22.63204569228787,0.13687670519534045,0
regression,aq_le90,target_defined,SVR_rbf,1010,170,0.4235,24.433,0.46130648161943977,0.46130648161943977,19.895670122797146,22.774850728371533,0.12594996649866097,0
regression,aq_le90,target_defined,SVR_rbf,1011,170,0.4235,24.433,0.47726261703702655,0.47726261703702655,19.762982080642367,22.697799057027975,0.1318541186540363,0
regression,aq_le90,target_defined,SVR_rbf,1012,170,0.4235,24.433,0.4680989501436484,0.4680989501436484,19.83024833572546,22.780742480584653,0.12549768232072267,0
regression,aq_le90,target_defined,SVR_rbf,1013,170,0.4235,24.433,0.4822901758713163,0.4822901758713163,19.75906284280972,22.66799704976105,0.13413235758158204,0
regression,aq_le90,target_defined,SVR_rbf,1014,170,0.4235,24.433,0.4982390692565724,0.4982390692565724,19.686057071439492,22.63574633824744,0.1365944174236221,0
regression,aq_le90,target_defined,SVR_rbf,1015,170,0.4235,24.433,0.49101414371057234,0.49101414371057234,19.692560574760748,22.69790728503038,0.13184583962061103,0
regression,aq_le90,target_defined,SVR_rbf,1016,170,0.4235,24.433,0.5027750112228939,0.5027750112228939,19.719954001160215,22.650829535239136,0.13544338355328933,0
regression,aq_le90,target_defined,SVR_rbf,1017,170,0.4235,24.433,0.48979874839877857,0.48979874839877857,19.73543289871626,22.742105910444838,0.12846151177576337,0
regression,aq_le90,target_defined,SVR_rbf,1018,170,0.4235,24.433,0.4889534278755441,0.4889534278755441,19.797848219335417,22.738697902636666,0.12872270020175702,0
regression,aq_le90,target_defined,SVR_rbf,1019,170,0.4235,24.433,0.47396306207677497,0.47396306207677497,19.76409829472462,22.775004775929304,0.12593814242745194,0
regression,aq_le90,target_defined,RandomForest,1000,170,0.4235,24.433,0.5560041038613281,0.5560041038613281,16.692857647058823,20.25231172479289,0.3088466421265623,0
regression,aq_le90,target_defined,RandomForest,1001,170,0.4235,24.433,0.5002852818345878,0.5002852818345878,17.498844705882355,21.213893389897333,0.24165648125826344,0
regression,aq_le90,target_defined,RandomForest,1002,170,0.4235,24.433,0.5216724328720148,0.5216724328720148,17.312095764705877,20.83031865917822,0.2688322239605436,0
regression,aq_le90,target_defined,RandomForest,1003,170,0.4235,24.433,0.5214544176231855,0.5214544176231855,17.232712000000003,20.849320988242226,0.2674976089489779,0
regression,aq_le90,target_defined,RandomForest,1004,170,0.4235,24.433,0.5638660886793911,0.5638660886793911,16.842431058823525,20.130436835783122,0.3171400938986536,0
regression,aq_le90,target_defined,RandomForest,1005,170,0.4235,24.433,0.5319984474970966,0.5319984474970966,17.45640211764706,20.68172102536082,0.2792269053529911,0
regression,aq_le90,target_defined,RandomForest,1006,170,0.4235,24.433,0.5312556104589226,0.5312556104589226,17.058628235294112,20.6670945339603,0.280246032685301,0
regression,aq_le90,target_defined,RandomForest,1007,170,0.4235,24.433,0.5483168138680183,0.5483168138680183,17.055064235294118,20.389736555989494,0.29943498677931224,0
regression,aq_le90,target_defined,RandomForest,1008,170,0.4235,24.433,0.5618805796704671,0.5618805796704671,16.711362823529406,20.15592305944761,0.3154099240727064,0
regression,aq_le90,target_defined,RandomForest,1009,170,0.4235,24.433,0.5515377254146114,0.5515377254146114,16.93195035294117,20.35378449365349,0.3019033415585748,0
regression,aq_le90,target_defined,RandomForest,1010,170,0.4235,24.433,0.5238721901753616,0.5238721901753616,17.132040705882353,20.797195655920426,0.27115568503785303,0
regression,aq_le90,target_defined,RandomForest,1011,170,0.4235,24.433,0.5703911433151098,0.5703911433151098,16.56574188235293,20.01054650206987,0.3252496557724963,0
regression,aq_le90,target_defined,RandomForest,1012,170,0.4235,24.433,0.5378581213086966,0.5378581213086966,17.212075058823526,20.583521239696235,0.2860553242329098,0
regression,aq_le90,target_defined,RandomForest,1013,170,0.4235,24.433,0.5689913366610793,0.5689913366610793,16.42438211764706,20.033529870407705,0.32369877942117575,0
regression,aq_le90,target_defined,RandomForest,1014,170,0.4235,24.433,0.5276638723116225,0.5276638723116225,16.96291435294118,20.735550261176787,0.27547004620767224,0
regression,aq_le90,target_defined,RandomForest,1015,170,0.4235,24.433,0.5230964565342924,0.5230964565342924,17.22256329411765,20.844781288336616,0.26781656216668703,0
regression,aq_le90,target_defined,RandomForest,1016,170,0.4235,24.433,0.5392739532456918,0.5392739532456918,17.157141411764705,20.52699470628057,0.2899712143364642,0
regression,aq_le90,target_defined,RandomForest,1017,170,0.4235,24.433,0.5499241377641063,0.5499241377641063,16.917470352941173,20.359514275585724,0.301510244674568,0
regression,aq_le90,target_defined,RandomForest,1018,170,0.4235,24.433,0.5138423358408273,0.5138423358408273,17.40854470588235,20.97264423730124,0.25880651168838065,0
regression,aq_le90,target_defined,RandomForest,1019,170,0.4235,24.433,0.5117697881686313,0.5117697881686313,17.427741411764707,21.00774620885746,0.2563233602930032,0
regression,aq_le90,target_defined,XGBoost,1000,170,0.4235,24.433,0.539547081645171,0.539547081645171,16.790770633473116,20.70607900448248,0.27752811881265493,0
regression,aq_le90,target_defined,XGBoost,1001,170,0.4235,24.433,0.46586616643041456,0.46586616643041456,17.976782402262973,22.237259970798604,0.1667261323737187,0
regression,aq_le90,target_defined,XGBoost,1002,170,0.4235,24.433,0.4586014976200227,0.4586014976200227,18.136722846984863,22.222051038631037,0.16786555979380025,0
regression,aq_le90,target_defined,XGBoost,1003,170,0.4235,24.433,0.5261243666969565,0.5261243666969565,16.91905707819322,21.024986259192968,0.2551022599071018,0
regression,aq_le90,target_defined,XGBoost,1004,170,0.4235,24.433,0.5244420646332195,0.5244420646332195,17.23404111705107,21.145894879250896,0.24651024235733598,0
regression,aq_le90,target_defined,XGBoost,1005,170,0.4235,24.433,0.537113353274928,0.537113353274928,17.37867225602094,20.810464463635675,0.27022536921153284,0
regression,aq_le90,target_defined,XGBoost,1006,170,0.4235,24.433,0.5009669696575778,0.5009669696575778,17.512512572344612,21.41779677417991,0.22700835076097525,0
regression,aq_le90,target_defined,XGBoost,1007,170,0.4235,24.433,0.5249311659973078,0.5249311659973078,17.417291750739604,21.146961274448596,0.24643424291399196,0
regression,aq_le90,target_defined,XGBoost,1008,170,0.4235,24.433,0.5350418903167545,0.5350418903167545,16.922234713161693,20.828373600870112,0.2689687650843222,0
regression,aq_le90,target_defined,XGBoost,1009,170,0.4235,24.433,0.48861920935663405,0.48861920935663405,17.78072211164587,21.7616519088311,0.2019888970843271,0
regression,aq_le90,target_defined,XGBoost,1010,170,0.4235,24.433,0.4801615236965156,0.4801615236965156,17.565228634553797,21.794688361695222,0.1995641301105292,0
regression,aq_le90,target_defined,XGBoost,1011,170,0.4235,24.433,0.544403364747134,0.544403364747134,16.916104094112622,20.645284355265613,0.28176435733552774,0
regression,aq_le90,target_defined,XGBoost,1012,170,0.4235,24.433,0.47986004826586837,0.47986004826586837,17.64917569059484,22.013563319291446,0.18340651673896569,0
regression,aq_le90,target_defined,XGBoost,1013,170,0.4235,24.433,0.5461985672067312,0.5461985672067312,16.407746211332437,20.592970371268827,0.2853996827074742,0
regression,aq_le90,target_defined,XGBoost,1014,170,0.4235,24.433,0.49484403002790883,0.49484403002790883,17.503003761740292,21.545296597813245,0.2177777420222231,0
regression,aq_le90,target_defined,XGBoost,1015,170,0.4235,24.433,0.4952084528286777,0.4952084528286777,17.595056039697983,21.649281389615467,0.2102089899861419,0
regression,aq_le90,target_defined,XGBoost,1016,170,0.4235,24.433,0.5217579809771654,0.5217579809771654,17.100589031443878,21.11062186726903,0.24902190586732598,0
regression,aq_le90,target_defined,XGBoost,1017,170,0.4235,24.433,0.5309536402628908,0.5309536402628908,17.071335166033574,20.945780358427466,0.2607040864190907,0
regression,aq_le90,target_defined,XGBoost,1018,170,0.4235,24.433,0.4814250354506031,0.4814250354506031,18.22193684589162,21.971410626372446,0.1865308322084872,0
regression,aq_le90,target_defined,XGBoost,1019,170,0.4235,24.433,0.45807928493566746,0.45807928493566746,18.168492330214555,22.392351485047893,0.15506243192033575,0
regression,aq_le90,target_defined,LightGBM,1000,170,0.4235,24.433,0.5139672815772042,0.5139672815772042,16.97541025943177,21.447703672424733,0.22484809840777698,0
regression,aq_le90,target_defined,LightGBM,1001,170,0.4235,24.433,0.42317154628294823,0.42317154628294823,18.878814851494084,23.364936936114976,0.08007072060979947,0
regression,aq_le90,target_defined,LightGBM,1002,170,0.4235,24.433,0.47180561583753855,0.47180561583753855,17.870781210320835,22.393921515272442,0.15494394288832536,0
regression,aq_le90,target_defined,LightGBM,1003,170,0.4235,24.433,0.548451992346594,0.548451992346594,16.879005940249552,20.84707267636774,0.26765558100259224,0
regression,aq_le90,target_defined,LightGBM,1004,170,0.4235,24.433,0.5115292509572592,0.5115292509572592,17.59365499896569,21.584983480282947,0.2148933487173873,0
regression,aq_le90,target_defined,LightGBM,1005,170,0.4235,24.433,0.5032910416833395,0.5032910416833395,17.566925196350727,21.513943130307347,0.22005271975966956,0
regression,aq_le90,target_defined,LightGBM,1006,170,0.4235,24.433,0.4772697966320471,0.4772697966320471,17.531528000572646,22.040513520160005,0.18140585656553687,0
regression,aq_le90,target_defined,LightGBM,1007,170,0.4235,24.433,0.4823516249800864,0.4823516249800864,17.73404082158023,22.09330464551669,0.17747979019792026,0
regression,aq_le90,target_defined,LightGBM,1008,170,0.4235,24.433,0.5296733258229057,0.5296733258229057,17.105501196044653,21.120938223583845,0.2482877493232878,0
regression,aq_le90,target_defined,LightGBM,1009,170,0.4235,24.433,0.49460652273800837,0.49460652273800837,17.814320902586257,21.977262809052192,0.18609743225481878,0
regression,aq_le90,target_defined,LightGBM,1010,170,0.4235,24.433,0.47424839804093416,0.47424839804093416,17.644081333506268,22.310884322774694,0.1611992996750603,0
regression,aq_le90,target_defined,LightGBM,1011,170,0.4235,24.433,0.5468436494780032,0.5468436494780032,16.7570466247278,20.662115647755602,0.28059278112983865,0
regression,aq_le90,target_defined,LightGBM,1012,170,0.4235,24.433,0.4563983731169077,0.4563983731169077,18.088477863410613,22.79934306998019,0.12406902833449585,0
regression,aq_le90,target_defined,LightGBM,1013,170,0.4235,24.433,0.5620449831613115,0.5620449831613115,16.270344339031794,20.471238394834877,0.2938231975964648,0
regression,aq_le90,target_defined,LightGBM,1014,170,0.4235,24.433,0.49441542306456604,0.49441542306456604,17.258215043047397,21.919080229640286,0.1904011772181572,0
regression,aq_le90,target_defined,LightGBM,1015,170,0.4235,24.433,0.45660477489346973,0.45660477489346973,18.125454433725157,22.717902136159655,0.13031563168748905,0
regression,aq_le90,target_defined,LightGBM,1016,170,0.4235,24.433,0.4919385878182094,0.4919385878182094,17.751431434285234,21.92315299567598,0.19010028750122465,0
regression,aq_le90,target_defined,LightGBM,1017,170,0.4235,24.433,0.5240466922837518,0.5240466922837518,17.15394012050299,21.249588027448155,0.23910234660592156,0
regression,aq_le90,target_defined,LightGBM,1018,170,0.4235,24.433,0.43200992790278325,0.43200992790278325,19.21425169604362,23.388111526347025,0.07824494579147157,0
regression,aq_le90,target_defined,LightGBM,1019,170,0.4235,24.433,0.4650865250540405,0.4650865250540405,18.298838759113817,22.6025659599129,0.13912379080304438,0
regression,aq_le90,target_defined,MLP,1000,170,0.4235,24.433,0.1886284289065481,0.1886284289065481,24.279842445829164,36.66481844770357,-1.265292531317113,0
regression,aq_le90,target_defined,MLP,1001,170,0.4235,24.433,0.17871001111644896,0.17871001111644896,23.844380473170116,35.81145447878188,-1.1610714993456517,0
regression,aq_le90,target_defined,MLP,1002,170,0.4235,24.433,0.2924694877223102,0.2924694877223102,23.058919714765242,30.77305232438844,-0.5957555588529275,0
regression,aq_le90,target_defined,MLP,1003,170,0.4235,24.433,0.11260759837202004,0.11260759837202004,24.08421097875858,37.342822533152955,-1.349846517640589,0
regression,aq_le90,target_defined,MLP,1004,170,0.4235,24.433,0.1663040257524127,0.1663040257524127,23.35655569997036,40.627059699472085,-1.781352285455934,0
regression,aq_le90,target_defined,MLP,1005,170,0.4235,24.433,0.28761421360104666,0.28761421360104666,22.14981960003853,31.18318120757148,-0.6385739730476541,0
regression,aq_le90,target_defined,MLP,1006,170,0.4235,24.433,0.16016367893762942,0.16016367893762942,25.154293822685126,39.41402563324238,-1.61774178168913,0
regression,aq_le90,target_defined,MLP,1007,170,0.4235,24.433,0.18300877345813904,0.18300877345813904,23.67765509360656,42.377059439322146,-2.0261249100470664,0
regression,aq_le90,target_defined,MLP,1008,170,0.4235,24.433,0.25397845398049346,0.25397845398049346,23.119676062470994,31.17800955311077,-0.6380305111325315,0
regression,aq_le90,target_defined,MLP,1009,170,0.4235,24.433,0.2896877588154615,0.2896877588154615,21.90272876142535,31.887726467700045,-0.7134535175756409,0
regression,aq_le90,target_defined,MLP,1010,170,0.4235,24.433,0.1864503437029759,0.1864503437029759,24.425254477128725,39.48580442809909,-1.627285056841382,0
regression,aq_le90,target_defined,MLP,1011,170,0.4235,24.433,0.32607659390107696,0.32607659390107696,20.91563839464342,30.70877629255637,-0.5890963743392605,0
regression,aq_le90,target_defined,MLP,1012,170,0.4235,24.433,0.2472495934949881,0.2472495934949881,21.857426053341054,32.68363294186132,-0.8000553701441018,0
regression,aq_le90,target_defined,MLP,1013,170,0.4235,24.433,0.40350445309357036,0.40350445309357036,20.418109521340877,26.454189502343667,-0.17927240435641778,0
regression,aq_le90,target_defined,MLP,1014,170,0.4235,24.433,0.31536463290079547,0.31536463290079547,21.785246107991277,28.76773986570374,-0.3945583849847485,0
regression,aq_le90,target_defined,MLP,1015,170,0.4235,24.433,0.1647560778444131,0.1647560778444131,23.686752518620217,36.78576962546686,-1.2802628344468485,0
regression,aq_le90,target_defined,MLP,1016,170,0.4235,24.433,0.17238884151788178,0.17238884151788178,23.072500959122557,39.62662465037415,-1.6460581121757967,0
regression,aq_le90,target_defined,MLP,1017,170,0.4235,24.433,0.3018726255323437,0.3018726255323437,21.35039175245209,29.997935998869032,-0.516379707042818,0
regression,aq_le90,target_defined,MLP,1018,170,0.4235,24.433,0.22800946667637428,0.22800946667637428,23.80413310622776,32.32966521982005,-0.7612768639871821,0
regression,aq_le90,target_defined,MLP,1019,170,0.4235,24.433,0.2421072184472654,0.2421072184472654,24.283712277772366,33.82003852027519,-0.9274069081867098,0
regression,teghipco_idlist,exact_persons,Ridge,1000,172,0.314,28.542,0.5209282783985476,0.5209282783985476,19.29403320036965,27.797534911020303,0.04594533789708721,0
regression,teghipco_idlist,exact_persons,Ridge,1001,172,0.314,28.542,0.35749908871615477,0.35749908871615477,23.1231368464444,37.870115120103144,-0.7707365025909758,0
regression,teghipco_idlist,exact_persons,Ridge,1002,172,0.314,28.542,0.5087172995266932,0.5087172995266932,19.222203486680037,29.650719450283287,-0.08550333153488832,0
regression,teghipco_idlist,exact_persons,Ridge,1003,172,0.314,28.542,0.4717844026630577,0.4717844026630577,20.495426888951055,30.87974444909934,-0.17735676788546284,0
regression,teghipco_idlist,exact_persons,Ridge,1004,172,0.314,28.542,0.5378476695605798,0.5378476695605798,19.021176160056605,27.765075813052363,0.048172130550936165,0
regression,teghipco_idlist,exact_persons,Ridge,1005,172,0.314,28.542,0.5209151117157541,0.5209151117157541,19.43905926652939,28.628010604502627,-0.011912657404758331,0
regression,teghipco_idlist,exact_persons,Ridge,1006,172,0.314,28.542,0.444359341667165,0.444359341667165,19.75896390098994,32.245163747982964,-0.2837778047266031,0
regression,teghipco_idlist,exact_persons,Ridge,1007,172,0.314,28.542,0.45149209408658453,0.45149209408658453,20.85368942778117,31.58239289785613,-0.23154632757241944,0
regression,teghipco_idlist,exact_persons,Ridge,1008,172,0.314,28.542,0.4948904576503651,0.4948904576503651,19.661437937273607,30.040312806727176,-0.11421651336871386,0
regression,teghipco_idlist,exact_persons,Ridge,1009,172,0.314,28.542,0.46681222561360336,0.46681222561360336,18.87194523657065,30.079069849451194,-0.11709342043841175,0
regression,teghipco_idlist,exact_persons,Ridge,1010,172,0.314,28.542,0.4482976201246875,0.4482976201246875,20.42117984976598,30.54214006090643,-0.1517537057919669,0
regression,teghipco_idlist,exact_persons,Ridge,1011,172,0.314,28.542,0.36222832830881535,0.36222832830881535,21.541898191726347,34.784722231407514,-0.4939558693980164,0
regression,teghipco_idlist,exact_persons,Ridge,1012,172,0.314,28.542,0.48846619469770736,0.48846619469770736,21.370039712665836,31.690473421011006,-0.2399898884014755,0
regression,teghipco_idlist,exact_persons,Ridge,1013,172,0.314,28.542,0.456805847386058,0.456805847386058,20.26688112036483,31.726176801352135,-0.24278547740781176,0
regression,teghipco_idlist,exact_persons,Ridge,1014,172,0.314,28.542,0.46673408673517025,0.46673408673517025,21.38382645657176,30.93937503193612,-0.18190824704557773,0
regression,teghipco_idlist,exact_persons,Ridge,1015,172,0.314,28.542,0.5657671810406655,0.5657671810406655,19.1657174522587,26.28834069977409,0.14672889562452307,0
regression,teghipco_idlist,exact_persons,Ridge,1016,172,0.314,28.542,0.4317830994539563,0.4317830994539563,20.360494285116555,33.216716892235084,-0.3623042121498321,0
regression,teghipco_idlist,exact_persons,Ridge,1017,172,0.314,28.542,0.4292073769558191,0.4292073769558191,19.896481165608172,30.845577976110214,-0.17475286846208848,0
regression,teghipco_idlist,exact_persons,Ridge,1018,172,0.314,28.542,0.4260162169219508,0.4260162169219508,20.485980277297564,32.273237545060596,-0.2860141839212418,0
regression,teghipco_idlist,exact_persons,Ridge,1019,172,0.314,28.542,0.40758293817157754,0.40758293817157754,21.489514196769655,32.30647463256246,-0.2886643906663595,0
regression,teghipco_idlist,exact_persons,ElasticNet,1000,172,0.314,28.542,0.6899680336456686,0.6899680336456686,16.419849534369586,20.611692624261124,0.4754486559906712,0
regression,teghipco_idlist,exact_persons,ElasticNet,1001,172,0.314,28.542,0.6525984604127008,0.6525984604127008,16.827112235642968,21.658231459285165,0.42082918291803906,0
regression,teghipco_idlist,exact_persons,ElasticNet,1002,172,0.314,28.542,0.669257219434156,0.669257219434156,16.52626575346072,21.253627443460534,0.4422663901660706,0
regression,teghipco_idlist,exact_persons,ElasticNet,1003,172,0.314,28.542,0.6801831141617156,0.6801831141617156,16.320549925918442,20.883638369498943,0.46151573446679817,0
regression,teghipco_idlist,exact_persons,ElasticNet,1004,172,0.314,28.542,0.6743751419083076,0.6743751419083076,16.55055321461166,21.116188386238374,0.449456366039792,0
regression,teghipco_idlist,exact_persons,ElasticNet,1005,172,0.314,28.542,0.6999019161366423,0.6999019161366423,16.10544297176605,20.339417771067698,0.48921548455315766,0
regression,teghipco_idlist,exact_persons,ElasticNet,1006,172,0.314,28.542,0.6719960212368632,0.6719960212368632,16.436256197482383,21.242674319518677,0.44284110158832746,0
regression,teghipco_idlist,exact_persons,ElasticNet,1007,172,0.314,28.542,0.674825325969624,0.674825325969624,16.53433907373203,21.05528247410034,0.4526276774471987,0
regression,teghipco_idlist,exact_persons,ElasticNet,1008,172,0.314,28.542,0.6868136118278703,0.6868136118278703,16.414296376396756,20.69738883347262,0.4710777865026474,0
regression,teghipco_idlist,exact_persons,ElasticNet,1009,172,0.314,28.542,0.6727288055063934,0.6727288055063934,16.619379521151203,21.092587747772342,0.4506863153159273,0
regression,teghipco_idlist,exact_persons,ElasticNet,1010,172,0.314,28.542,0.6518949660843707,0.6518949660843707,17.092926527833786,21.72191124716826,0.4174184063250268,0
regression,teghipco_idlist,exact_persons,ElasticNet,1011,172,0.314,28.542,0.6232159519462106,0.6232159519462106,17.00757695972037,22.45867666008464,0.3772280913264875,0
regression,teghipco_idlist,exact_persons,ElasticNet,1012,172,0.314,28.542,0.6396249647273403,0.6396249647273403,16.96518379540707,22.127170470995786,0.3954775233728576,0
regression,teghipco_idlist,exact_persons,ElasticNet,1013,172,0.314,28.542,0.6461950918261314,0.6461950918261314,17.009261762521973,21.905747130527008,0.4075157232644152,0
regression,teghipco_idlist,exact_persons,ElasticNet,1014,172,0.314,28.542,0.6825710082329025,0.6825710082329025,16.373730256989152,20.816102494043154,0.46499292572794193,0
regression,teghipco_idlist,exact_persons,ElasticNet,1015,172,0.314,28.542,0.6700891012525179,0.6700891012525179,16.6420419126258,21.17059684321837,0.4466156241924423,0
regression,teghipco_idlist,exact_persons,ElasticNet,1016,172,0.314,28.542,0.6810525245235854,0.6810525245235854,16.133851819901643,20.869642165625805,0.4622372763620747,0
regression,teghipco_idlist,exact_persons,ElasticNet,1017,172,0.314,28.542,0.6542936111609359,0.6542936111609359,16.883114262624165,21.601309418719225,0.4238695292359933,0
regression,teghipco_idlist,exact_persons,ElasticNet,1018,172,0.314,28.542,0.6752373131267038,0.6752373131267038,16.470357855274006,21.01433860807606,0.45475443575157004,0
regression,teghipco_idlist,exact_persons,ElasticNet,1019,172,0.314,28.542,0.6680694112546839,0.6680694112546839,16.588802240922416,21.204922020487615,0.4448196979059168,0
regression,teghipco_idlist,exact_persons,SVR_rbf,1000,172,0.314,28.542,0.6735892939704011,0.6735892939704011,20.445335969122976,24.495980988882398,0.2591157507474431,0
regression,teghipco_idlist,exact_persons,SVR_rbf,1001,172,0.314,28.542,0.6368373811796513,0.6368373811796513,20.691484189392042,24.656564124494196,0.24937019446897035,0
regression,teghipco_idlist,exact_persons,SVR_rbf,1002,172,0.314,28.542,0.6521886997128454,0.6521886997128454,20.670930443040486,24.654883988946413,0.2494724890826452,0
regression,teghipco_idlist,exact_persons,SVR_rbf,1003,172,0.314,28.542,0.6680837768437845,0.6680837768437845,20.482346151552402,24.519724714198183,0.25767879031874397,0
regression,teghipco_idlist,exact_persons,SVR_rbf,1004,172,0.314,28.542,0.6589723026845119,0.6589723026845119,20.611032989341282,24.610446450573313,0.2521755266561385,0
regression,teghipco_idlist,exact_persons,SVR_rbf,1005,172,0.314,28.542,0.6662404170862657,0.6662404170862657,20.48005084620647,24.533369101497065,0.2568524077806098,0
regression,teghipco_idlist,exact_persons,SVR_rbf,1006,172,0.314,28.542,0.6507755661052353,0.6507755661052353,20.642711195741583,24.643730737395753,0.2501513751608474,0
regression,teghipco_idlist,exact_persons,SVR_rbf,1007,172,0.314,28.542,0.6570401506089527,0.6570401506089527,20.546021426879918,24.58210078642309,0.2538971836768076,0
regression,teghipco_idlist,exact_persons,SVR_rbf,1008,172,0.314,28.542,0.6553866777713759,0.6553866777713759,20.504277918349263,24.572175169169334,0.254499576122437,0
regression,teghipco_idlist,exact_persons,SVR_rbf,1009,172,0.314,28.542,0.6559685181712743,0.6559685181712743,20.632469231836392,24.54938145152461,0.2558820214799339,0
regression,teghipco_idlist,exact_persons,SVR_rbf,1010,172,0.314,28.542,0.6605138491428517,0.6605138491428517,20.51641063884902,24.546266836955454,0.2560708240923727,0
regression,teghipco_idlist,exact_persons,SVR_rbf,1011,172,0.314,28.542,0.6520125244494831,0.6520125244494831,20.633933375582952,24.72845814588327,0.24498641478216854,0
regression,teghipco_idlist,exact_persons,SVR_rbf,1012,172,0.314,28.542,0.6573481877434904,0.6573481877434904,20.597417838253772,24.63597294896143,0.25062340201717115,0
regression,teghipco_idlist,exact_persons,SVR_rbf,1013,172,0.314,28.542,0.6590450551810536,0.6590450551810536,20.56438792973041,24.661349960936597,0.24907877186026284,0
regression,teghipco_idlist,exact_persons,SVR_rbf,1014,172,0.314,28.542,0.6632519207733278,0.6632519207733278,20.491152736181935,24.602426796379117,0.2526628251320676,0
regression,teghipco_idlist,exact_persons,SVR_rbf,1015,172,0.314,28.542,0.6589459682126031,0.6589459682126031,20.557511888762715,24.627447718766984,0.2511419528883484,0
regression,teghipco_idlist,exact_persons,SVR_rbf,1016,172,0.314,28.542,0.6624380122516917,0.6624380122516917,20.53059359721475,24.550493112046706,0.2558146287180283,0
regression,teghipco_idlist,exact_persons,SVR_rbf,1017,172,0.314,28.542,0.6581270513590073,0.6581270513590073,20.503506677308255,24.58799743868995,0.25353919665451274,0
regression,teghipco_idlist,exact_persons,SVR_rbf,1018,172,0.314,28.542,0.6607774771851971,0.6607774771851971,20.561867645945583,24.611774583754467,0.2520948099329665,0
regression,teghipco_idlist,exact_persons,SVR_rbf,1019,172,0.314,28.542,0.6631702970751119,0.6631702970751119,20.503036107387057,24.567510437389853,0.2547825978255238,0
regression,teghipco_idlist,exact_persons,RandomForest,1000,172,0.314,28.542,0.7559064508416591,0.7559064508416591,14.45657046511628,18.650489394992192,0.5705217704969757,0
regression,teghipco_idlist,exact_persons,RandomForest,1001,172,0.314,28.542,0.7515060681362375,0.7515060681362375,14.653763023255827,18.78436092377615,0.5643341308520371,0
regression,teghipco_idlist,exact_persons,RandomForest,1002,172,0.314,28.542,0.7586201022941315,0.7586201022941315,14.570233953488378,18.552901334517323,0.5750044728130567,0
regression,teghipco_idlist,exact_persons,RandomForest,1003,172,0.314,28.542,0.7471241750928669,0.7471241750928669,14.646680465116285,18.92149601493104,0.5579497600257379,0
regression,teghipco_idlist,exact_persons,RandomForest,1004,172,0.314,28.542,0.7628934542894757,0.7628934542894757,14.338707906976753,18.40048503979301,0.5819586592871691,0
regression,teghipco_idlist,exact_persons,RandomForest,1005,172,0.314,28.542,0.7542443029160953,0.7542443029160953,14.484073488372106,18.689571017319842,0.5687199634164185,0
regression,teghipco_idlist,exact_persons,RandomForest,1006,172,0.314,28.542,0.7508695560755017,0.7508695560755017,14.69413000000001,18.797412931480878,0.5637284898269961,0
regression,teghipco_idlist,exact_persons,RandomForest,1007,172,0.314,28.542,0.7714199823223798,0.7714199823223798,14.2022423255814,18.122963812944164,0.5944735965470179,0
regression,teghipco_idlist,exact_persons,RandomForest,1008,172,0.314,28.542,0.7650438918007229,0.7650438918007229,14.311711395348826,18.34083365606714,0.5846647101262427,0
regression,teghipco_idlist,exact_persons,RandomForest,1009,172,0.314,28.542,0.7578028119173121,0.7578028119173121,14.317360000000003,18.577937132045935,0.5738566975081605,0
regression,teghipco_idlist,exact_persons,RandomForest,1010,172,0.314,28.542,0.7474241273488884,0.7474241273488884,14.59166790697675,18.907881049082942,0.558585685811908,0
regression,teghipco_idlist,exact_persons,RandomForest,1011,172,0.314,28.542,0.7270549044756671,0.7270549044756671,15.051168139534884,19.54828630754898,0.5281781254253409,0
regression,teghipco_idlist,exact_persons,RandomForest,1012,172,0.314,28.542,0.7250107615448633,0.7250107615448633,15.304494418604659,19.601430730181466,0.5256092265412762,0
regression,teghipco_idlist,exact_persons,RandomForest,1013,172,0.314,28.542,0.7558572635476924,0.7558572635476924,14.520199302325588,18.646551883325102,0.5707030951788928,0
regression,teghipco_idlist,exact_persons,RandomForest,1014,172,0.314,28.542,0.7694939796190619,0.7694939796190619,14.297327674418602,18.23486475477919,0.589450258919425,0
regression,teghipco_idlist,exact_persons,RandomForest,1015,172,0.314,28.542,0.7672101948925425,0.7672101948925425,14.337691627906981,18.270699878081317,0.5878350501544481,0
regression,teghipco_idlist,exact_persons,RandomForest,1016,172,0.314,28.542,0.7401996004718362,0.7401996004718362,14.73603511627907,19.144989234849472,0.5474454429780924,0
regression,teghipco_idlist,exact_persons,RandomForest,1017,172,0.314,28.542,0.7397176931710279,0.7397176931710279,14.689148372093028,19.15310423981474,0.5470617122001259,0
regression,teghipco_idlist,exact_persons,RandomForest,1018,172,0.314,28.542,0.7627483886363006,0.7627483886363006,14.12545209302326,18.41105855175443,0.5814780811837629,0
regression,teghipco_idlist,exact_persons,RandomForest,1019,172,0.314,28.542,0.7316400425682641,0.7316400425682641,15.255252558139539,19.403083208772966,0.535161403018648,0
regression,teghipco_idlist,exact_persons,XGBoost,1000,172,0.314,28.542,0.7523928422864528,0.7523928422864528,14.267053140152333,18.806723237729365,0.5632962146744085,0
regression,teghipco_idlist,exact_persons,XGBoost,1001,172,0.314,28.542,0.7520923547043243,0.7520923547043243,14.27024905360022,18.78391096673145,0.5643550023184564,0
regression,teghipco_idlist,exact_persons,XGBoost,1002,172,0.314,28.542,0.730435796495621,0.730435796495621,14.630608946334485,19.527556243575336,0.5291782858888099,0
regression,teghipco_idlist,exact_persons,XGBoost,1003,172,0.314,28.542,0.7484724948376573,0.7484724948376573,14.257542201640993,18.935670649667994,0.5572872069522463,0
regression,teghipco_idlist,exact_persons,XGBoost,1004,172,0.314,28.542,0.7539897350447499,0.7539897350447499,13.934814202064693,18.76656917946049,0.5651590282177976,0
regression,teghipco_idlist,exact_persons,XGBoost,1005,172,0.314,28.542,0.7509059631244828,0.7509059631244828,14.20949205753415,18.866542204814657,0.5605137294636158,0
regression,teghipco_idlist,exact_persons,XGBoost,1006,172,0.314,28.542,0.7297796274560585,0.7297796274560585,14.871181872390041,19.53148032036588,0.5289890429369426,0
regression,teghipco_idlist,exact_persons,XGBoost,1007,172,0.314,28.542,0.788824050223051,0.788824050223051,13.065358042827873,17.495900194091046,0.622050935579888,0
regression,teghipco_idlist,exact_persons,XGBoost,1008,172,0.314,28.542,0.7614605912489438,0.7614605912489438,13.98864771111067,18.46834787601315,0.5788694161824024,0
regression,teghipco_idlist,exact_persons,XGBoost,1009,172,0.314,28.542,0.7283593840579528,0.7283593840579528,14.531979966274527,19.645207549945347,0.5234879008073461,0
regression,teghipco_idlist,exact_persons,XGBoost,1010,172,0.314,28.542,0.7529676791295874,0.7529676791295874,14.518619705466337,18.756126488188634,0.5656428296605096,0
regression,teghipco_idlist,exact_persons,XGBoost,1011,172,0.314,28.542,0.7369321364898396,0.7369321364898396,14.667927599618602,19.28366815055908,0.5408654362417122,0
regression,teghipco_idlist,exact_persons,XGBoost,1012,172,0.314,28.542,0.7324165868455035,0.7324165868455035,15.033376448209896,19.43854529844686,0.533460723649495,0
regression,teghipco_idlist,exact_persons,XGBoost,1013,172,0.314,28.542,0.7629100255661035,0.7629100255661035,13.989548083904179,18.425766150204076,0.5808091450727937,0
regression,teghipco_idlist,exact_persons,XGBoost,1014,172,0.314,28.542,0.758653499659167,0.758653499659167,13.920228566236275,18.561249146753262,0.5746219363079297,0
regression,teghipco_idlist,exact_persons,XGBoost,1015,172,0.314,28.542,0.7586577247699375,0.7586577247699375,14.019500526827436,18.565691495122547,0.5744182965997182,0
regression,teghipco_idlist,exact_persons,XGBoost,1016,172,0.314,28.542,0.7513366646954942,0.7513366646954942,14.039351039265478,18.80069941528233,0.5635759236630196,0
regression,teghipco_idlist,exact_persons,XGBoost,1017,172,0.314,28.542,0.7499731554143139,0.7499731554143139,14.09483172793721,18.897545221519298,0.559068144447076,0
regression,teghipco_idlist,exact_persons,XGBoost,1018,172,0.314,28.542,0.7605875567262637,0.7605875567262637,13.83227906515432,18.547682827496498,0.5752435222413175,0
regression,teghipco_idlist,exact_persons,XGBoost,1019,172,0.314,28.542,0.7435107802402884,0.7435107802402884,14.665115637668345,19.081054870712375,0.550462992430993,0
regression,teghipco_idlist,exact_persons,LightGBM,1000,172,0.314,28.542,0.7431969769839091,0.7431969769839091,14.692169480170607,19.15186869454455,0.5471201473970273,0
regression,teghipco_idlist,exact_persons,LightGBM,1001,172,0.314,28.542,0.7405039821418435,0.7405039821418435,14.567391461251049,19.201565312239246,0.5447667689244393,0
regression,teghipco_idlist,exact_persons,LightGBM,1002,172,0.314,28.542,0.7405959295049303,0.7405959295049303,14.558380056841436,19.302464669442916,0.5399699284484982,0
regression,teghipco_idlist,exact_persons,LightGBM,1003,172,0.314,28.542,0.7479804950143711,0.7479804950143711,14.376698223028322,19.012742238568716,0.5536760312544711,0
regression,teghipco_idlist,exact_persons,LightGBM,1004,172,0.314,28.542,0.7452869591811405,0.7452869591811405,14.527085984927806,19.122195532871515,0.5485224091657452,0
regression,teghipco_idlist,exact_persons,LightGBM,1005,172,0.314,28.542,0.760255142796534,0.760255142796534,14.152381462008487,18.54799745152113,0.5752291118454509,0
regression,teghipco_idlist,exact_persons,LightGBM,1006,172,0.314,28.542,0.7413563718554131,0.7413563718554131,14.829317124775248,19.175375130222072,0.5460077625602083,0
regression,teghipco_idlist,exact_persons,LightGBM,1007,172,0.314,28.542,0.7920624213361127,0.7920624213361127,13.031499929824609,17.415498768502022,0.6255166413611697,0
regression,teghipco_idlist,exact_persons,LightGBM,1008,172,0.314,28.542,0.7430364603825295,0.7430364603825295,14.352528275044754,19.114509973569376,0.5488852503983221,0
regression,teghipco_idlist,exact_persons,LightGBM,1009,172,0.314,28.542,0.7347270895212185,0.7347270895212185,14.496382553731353,19.466376700418863,0.5321238193428943,0
regression,teghipco_idlist,exact_persons,LightGBM,1010,172,0.314,28.542,0.7493527514537073,0.7493527514537073,14.365727900036095,18.945506939808162,0.5568271458758193,0
regression,teghipco_idlist,exact_persons,LightGBM,1011,172,0.314,28.542,0.7217075803988238,0.7217075803988238,15.172351669555235,19.870321343401375,0.512504657739214,0
regression,teghipco_idlist,exact_persons,LightGBM,1012,172,0.314,28.542,0.7029179254363003,0.7029179254363003,15.610140265253428,20.444503138544302,0.4839238247904293,0
regression,teghipco_idlist,exact_persons,LightGBM,1013,172,0.314,28.542,0.7523894289695061,0.7523894289695061,14.246354440229267,18.814146366803637,0.562951407311016,0
regression,teghipco_idlist,exact_persons,LightGBM,1014,172,0.314,28.542,0.7736153848339817,0.7736153848339817,13.401129629510539,18.062197399254792,0.5971885026087909,0
regression,teghipco_idlist,exact_persons,LightGBM,1015,172,0.314,28.542,0.751076506982059,0.751076506982059,13.981020811539333,18.866071136170653,0.560535675786867,0
regression,teghipco_idlist,exact_persons,LightGBM,1016,172,0.314,28.542,0.7606370161930623,0.7606370161930623,13.861926434609988,18.508169972484225,0.5770513452640353,0
regression,teghipco_idlist,exact_persons,LightGBM,1017,172,0.314,28.542,0.7266097847301825,0.7266097847301825,15.093132639480187,19.766386089257235,0.5175911822644177,0
regression,teghipco_idlist,exact_persons,LightGBM,1018,172,0.314,28.542,0.739848039230873,0.739848039230873,14.742908609686907,19.26657100871378,0.5416792242406051,0
regression,teghipco_idlist,exact_persons,LightGBM,1019,172,0.314,28.542,0.7519826465177234,0.7519826465177234,14.312851729722233,18.87265590251608,0.5602288525089336,0
regression,teghipco_idlist,exact_persons,MLP,1000,172,0.314,28.542,0.4843059249963962,0.4843059249963962,21.207524173691386,31.17243304578916,-0.19978130659010795,0
regression,teghipco_idlist,exact_persons,MLP,1001,172,0.314,28.542,0.31968871178387137,0.31968871178387137,23.79626165448963,39.23794341729666,-0.9009608056611951,0
regression,teghipco_idlist,exact_persons,MLP,1002,172,0.314,28.542,0.48218401038117364,0.48218401038117364,20.617599348492245,29.96562144844852,-0.10868269056677238,0
regression,teghipco_idlist,exact_persons,MLP,1003,172,0.314,28.542,0.47798990550131626,0.47798990550131626,20.77425456262292,32.417773186091985,-0.2975588022366422,0
regression,teghipco_idlist,exact_persons,MLP,1004,172,0.314,28.542,0.47495410345751193,0.47495410345751193,19.6070703077753,29.423261731178968,-0.06891290279083462,0
regression,teghipco_idlist,exact_persons,MLP,1005,172,0.314,28.542,0.5486177442665384,0.5486177442665384,19.605479682714247,27.190024297059537,0.08719106861428016,0
regression,teghipco_idlist,exact_persons,MLP,1006,172,0.314,28.542,0.44137974748699016,0.44137974748699016,20.29861485055707,31.634480953895274,-0.2356119950402895,0
regression,teghipco_idlist,exact_persons,MLP,1007,172,0.314,28.542,0.43699007762297776,0.43699007762297776,21.025601679893533,33.40937201688927,-0.3781526176737404,0
regression,teghipco_idlist,exact_persons,MLP,1008,172,0.314,28.542,0.48109596708263513,0.48109596708263513,19.24121858825742,30.801130536159327,-0.1713697489910153,0
regression,teghipco_idlist,exact_persons,MLP,1009,172,0.314,28.542,0.49755039420807834,0.49755039420807834,18.081000040386428,28.429987121040977,0.002037975560839844,0
regression,teghipco_idlist,exact_persons,MLP,1010,172,0.314,28.542,0.45194477784245946,0.45194477784245946,18.997908713054564,31.095665641786873,-0.19387925299280684,0
regression,teghipco_idlist,exact_persons,MLP,1011,172,0.314,28.542,0.37216915130036765,0.37216915130036765,20.652552407092656,35.84068539958752,-0.5860369542422195,0
regression,teghipco_idlist,exact_persons,MLP,1012,172,0.314,28.542,0.5059354741515896,0.5059354741515896,19.45721009358762,26.8117902197271,0.11241017517169294,0
regression,teghipco_idlist,exact_persons,MLP,1013,172,0.314,28.542,0.4526099441021292,0.4526099441021292,20.9835760417557,30.549492085789886,-0.15230826687064392,0
regression,teghipco_idlist,exact_persons,MLP,1014,172,0.314,28.542,0.483284959391227,0.483284959391227,21.11886321795214,31.178775676706394,-0.2002695934155181,0
regression,teghipco_idlist,exact_persons,MLP,1015,172,0.314,28.542,0.574231017505324,0.574231017505324,19.081328413224377,26.29144079675626,0.14652763688574877,0
regression,teghipco_idlist,exact_persons,MLP,1016,172,0.314,28.542,0.4140031709654027,0.4140031709654027,20.35865840088179,32.93929465695964,-0.33964361916000074,0
regression,teghipco_idlist,exact_persons,MLP,1017,172,0.314,28.542,0.5362850587160224,0.5362850587160224,19.609229494939175,27.836653751564434,0.04325820947540204,0
regression,teghipco_idlist,exact_persons,MLP,1018,172,0.314,28.542,0.5376589620274873,0.5376589620274873,20.051022412643544,27.815752597501145,0.04469440941261049,0
regression,teghipco_idlist,exact_persons,MLP,1019,172,0.314,28.542,0.399640690316456,0.399640690316456,21.444340856382336,33.706648916461155,-0.4027873616535802,0
